ISO-10303-21;
HEADER;
FILE_DESCRIPTION(('KiCad electronic assembly'),'2;1');
FILE_NAME('Display Unit.step','2026-03-12T15:00:01',('Pcbnew'),('Kicad')
  ,'Open CASCADE STEP processor 7.8','KiCad to STEP converter','Unknown'
  );
FILE_SCHEMA(('AUTOMOTIVE_DESIGN { 1 0 10303 214 1 1 1 1 }'));
ENDSEC;
DATA;
#1 = APPLICATION_PROTOCOL_DEFINITION('international standard',
  'automotive_design',2000,#2);
#2 = APPLICATION_CONTEXT(
  'core data for automotive mechanical design processes');
#3 = SHAPE_DEFINITION_REPRESENTATION(#4,#10);
#4 = PRODUCT_DEFINITION_SHAPE('','',#5);
#5 = PRODUCT_DEFINITION('design','',#6,#9);
#6 = PRODUCT_DEFINITION_FORMATION('','',#7);
#7 = PRODUCT('Display Unit 1','Display Unit 1','',(#8));
#8 = PRODUCT_CONTEXT('',#2,'mechanical');
#9 = PRODUCT_DEFINITION_CONTEXT('part definition',#2,'design');
#10 = SHAPE_REPRESENTATION('',(#11,#15,#19,#23,#27,#31),#35);
#11 = AXIS2_PLACEMENT_3D('',#12,#13,#14);
#12 = CARTESIAN_POINT('',(0.,0.,0.));
#13 = DIRECTION('',(0.,0.,1.));
#14 = DIRECTION('',(1.,0.,-0.));
#15 = AXIS2_PLACEMENT_3D('',#16,#17,#18);
#16 = CARTESIAN_POINT('',(132.,-65.5,1.595));
#17 = DIRECTION('',(0.,0.,1.));
#18 = DIRECTION('',(1.,0.,0.));
#19 = AXIS2_PLACEMENT_3D('',#20,#21,#22);
#20 = CARTESIAN_POINT('',(133.5,-76.,1.595));
#21 = DIRECTION('',(0.,0.,1.));
#22 = DIRECTION('',(1.,0.,0.));
#23 = AXIS2_PLACEMENT_3D('',#24,#25,#26);
#24 = CARTESIAN_POINT('',(123.,-66.,1.595));
#25 = DIRECTION('',(0.,0.,1.));
#26 = DIRECTION('',(1.,0.,0.));
#27 = AXIS2_PLACEMENT_3D('',#28,#29,#30);
#28 = CARTESIAN_POINT('',(133.5,-81.5,-8.5E-02));
#29 = DIRECTION('',(1.499759782662E-32,1.224646799147E-16,-1.));
#30 = DIRECTION('',(-1.,1.224646799147E-16,0.));
#31 = AXIS2_PLACEMENT_3D('',#32,#33,#34);
#32 = CARTESIAN_POINT('',(0.,0.,0.));
#33 = DIRECTION('',(0.,0.,1.));
#34 = DIRECTION('',(1.,0.,-0.));
#35 = ( GEOMETRIC_REPRESENTATION_CONTEXT(3) 
GLOBAL_UNCERTAINTY_ASSIGNED_CONTEXT((#39)) GLOBAL_UNIT_ASSIGNED_CONTEXT(
(#36,#37,#38)) REPRESENTATION_CONTEXT('Context #1',
  '3D Context with UNIT and UNCERTAINTY') );
#36 = ( LENGTH_UNIT() NAMED_UNIT(*) SI_UNIT(.MILLI.,.METRE.) );
#37 = ( NAMED_UNIT(*) PLANE_ANGLE_UNIT() SI_UNIT($,.RADIAN.) );
#38 = ( NAMED_UNIT(*) SI_UNIT($,.STERADIAN.) SOLID_ANGLE_UNIT() );
#39 = UNCERTAINTY_MEASURE_WITH_UNIT(LENGTH_MEASURE(1.E-07),#36,
  'distance_accuracy_value','confusion accuracy');
#40 = PRODUCT_RELATED_PRODUCT_CATEGORY('part',$,(#7));
#41 = SHAPE_DEFINITION_REPRESENTATION(#42,#48);
#42 = PRODUCT_DEFINITION_SHAPE('','',#43);
#43 = PRODUCT_DEFINITION('design','',#44,#47);
#44 = PRODUCT_DEFINITION_FORMATION('','',#45);
#45 = PRODUCT('LED_WS2812B_PLCC4_5.0x5.0mm_P3.2mm',
  'LED_WS2812B_PLCC4_5.0x5.0mm_P3.2mm','',(#46));
#46 = PRODUCT_CONTEXT('',#2,'mechanical');
#47 = PRODUCT_DEFINITION_CONTEXT('part definition',#2,'design');
#48 = ADVANCED_BREP_SHAPE_REPRESENTATION('',(#11,#49),#2316);
#49 = MANIFOLD_SOLID_BREP('',#50);
#50 = CLOSED_SHELL('',(#51,#110,#135,#168,#193,#218,#243,#260,#285,#316,
    #356,#487,#611,#628,#637,#648,#816,#847,#878,#909,#994,#1018,#1096,
    #1127,#1212,#1236,#1314,#1345,#1376,#1407,#1492,#1516,#1594,#1625,
    #1710,#1734,#1812,#1829,#1846,#1863,#1880,#1897,#1914,#1931,#1953,
    #1965,#1977,#1994,#2006,#2023,#2045,#2057,#2074,#2086,#2098,#2115,
    #2132,#2149,#2171,#2183,#2200,#2212,#2224,#2241,#2263,#2275,#2292,
    #2304));
#51 = ADVANCED_FACE('',(#52,#63),#105,.T.);
#52 = FACE_BOUND('',#53,.T.);
#53 = EDGE_LOOP('',(#54));
#54 = ORIENTED_EDGE('',*,*,#55,.T.);
#55 = EDGE_CURVE('',#56,#56,#58,.T.);
#56 = VERTEX_POINT('',#57);
#57 = CARTESIAN_POINT('',(-1.966666666667,2.408472038323E-16,1.6));
#58 = CIRCLE('',#59,1.966666666667);
#59 = AXIS2_PLACEMENT_3D('',#60,#61,#62);
#60 = CARTESIAN_POINT('',(0.,0.,1.6));
#61 = DIRECTION('',(0.,0.,-1.));
#62 = DIRECTION('',(-1.,1.224646799147E-16,0.));
#63 = FACE_BOUND('',#64,.T.);
#64 = EDGE_LOOP('',(#65,#75,#83,#91,#99));
#65 = ORIENTED_EDGE('',*,*,#66,.T.);
#66 = EDGE_CURVE('',#67,#69,#71,.T.);
#67 = VERTEX_POINT('',#68);
#68 = CARTESIAN_POINT('',(1.433400076889,-2.425,1.6));
#69 = VERTEX_POINT('',#70);
#70 = CARTESIAN_POINT('',(2.425,-1.433400076889,1.6));
#71 = LINE('',#72,#73);
#72 = CARTESIAN_POINT('',(1.411433085478,-2.446966991411,1.6));
#73 = VECTOR('',#74,1.);
#74 = DIRECTION('',(0.707106781187,0.707106781187,0.));
#75 = ORIENTED_EDGE('',*,*,#76,.T.);
#76 = EDGE_CURVE('',#69,#77,#79,.T.);
#77 = VERTEX_POINT('',#78);
#78 = CARTESIAN_POINT('',(2.425,2.425,1.6));
#79 = LINE('',#80,#81);
#80 = CARTESIAN_POINT('',(2.425,-1.464466094067,1.6));
#81 = VECTOR('',#82,1.);
#82 = DIRECTION('',(1.224646799147E-16,1.,0.));
#83 = ORIENTED_EDGE('',*,*,#84,.T.);
#84 = EDGE_CURVE('',#77,#85,#87,.T.);
#85 = VERTEX_POINT('',#86);
#86 = CARTESIAN_POINT('',(-2.425,2.425,1.6));
#87 = LINE('',#88,#89);
#88 = CARTESIAN_POINT('',(2.5,2.425,1.6));
#89 = VECTOR('',#90,1.);
#90 = DIRECTION('',(-1.,1.224646799147E-16,0.));
#91 = ORIENTED_EDGE('',*,*,#92,.T.);
#92 = EDGE_CURVE('',#85,#93,#95,.T.);
#93 = VERTEX_POINT('',#94);
#94 = CARTESIAN_POINT('',(-2.425,-2.425,1.6));
#95 = LINE('',#96,#97);
#96 = CARTESIAN_POINT('',(-2.425,2.5,1.6));
#97 = VECTOR('',#98,1.);
#98 = DIRECTION('',(-1.224646799147E-16,-1.,0.));
#99 = ORIENTED_EDGE('',*,*,#100,.T.);
#100 = EDGE_CURVE('',#93,#67,#101,.T.);
#101 = LINE('',#102,#103);
#102 = CARTESIAN_POINT('',(-2.5,-2.425,1.6));
#103 = VECTOR('',#104,1.);
#104 = DIRECTION('',(1.,-1.224646799147E-16,0.));
#105 = PLANE('',#106);
#106 = AXIS2_PLACEMENT_3D('',#107,#108,#109);
#107 = CARTESIAN_POINT('',(0.,0.,1.6));
#108 = DIRECTION('',(0.,0.,1.));
#109 = DIRECTION('',(-1.,1.224646799147E-16,0.));
#110 = ADVANCED_FACE('',(#111),#130,.F.);
#111 = FACE_BOUND('',#112,.F.);
#112 = EDGE_LOOP('',(#113,#121,#122,#123));
#113 = ORIENTED_EDGE('',*,*,#114,.F.);
#114 = EDGE_CURVE('',#56,#115,#117,.T.);
#115 = VERTEX_POINT('',#116);
#116 = CARTESIAN_POINT('',(-1.666666666667,2.041077998579E-16,1.3));
#117 = LINE('',#118,#119);
#118 = CARTESIAN_POINT('',(-1.666666666667,2.041077998579E-16,1.3));
#119 = VECTOR('',#120,1.);
#120 = DIRECTION('',(0.707106781187,-8.659560562349E-17,-0.707106781187)
  );
#121 = ORIENTED_EDGE('',*,*,#55,.T.);
#122 = ORIENTED_EDGE('',*,*,#114,.T.);
#123 = ORIENTED_EDGE('',*,*,#124,.F.);
#124 = EDGE_CURVE('',#115,#115,#125,.T.);
#125 = CIRCLE('',#126,1.666666666667);
#126 = AXIS2_PLACEMENT_3D('',#127,#128,#129);
#127 = CARTESIAN_POINT('',(0.,0.,1.3));
#128 = DIRECTION('',(0.,0.,-1.));
#129 = DIRECTION('',(-1.,1.224646799147E-16,0.));
#130 = CONICAL_SURFACE('',#131,1.666666666667,0.785398163397);
#131 = AXIS2_PLACEMENT_3D('',#132,#133,#134);
#132 = CARTESIAN_POINT('',(0.,0.,1.3));
#133 = DIRECTION('',(0.,0.,1.));
#134 = DIRECTION('',(-1.,1.224646799147E-16,0.));
#135 = ADVANCED_FACE('',(#136),#163,.T.);
#136 = FACE_BOUND('',#137,.T.);
#137 = EDGE_LOOP('',(#138,#147,#155,#162));
#138 = ORIENTED_EDGE('',*,*,#139,.T.);
#139 = EDGE_CURVE('',#67,#140,#142,.T.);
#140 = VERTEX_POINT('',#141);
#141 = CARTESIAN_POINT('',(1.464466094067,-2.5,1.525));
#142 = ELLIPSE('',#143,8.117941502193E-02,7.5E-02);
#143 = AXIS2_PLACEMENT_3D('',#144,#145,#146);
#144 = CARTESIAN_POINT('',(1.433400076889,-2.425,1.525));
#145 = DIRECTION('',(0.923879532511,0.382683432365,-0.));
#146 = DIRECTION('',(-0.382683432365,0.923879532511,0.));
#147 = ORIENTED_EDGE('',*,*,#148,.T.);
#148 = EDGE_CURVE('',#140,#149,#151,.T.);
#149 = VERTEX_POINT('',#150);
#150 = CARTESIAN_POINT('',(2.5,-1.464466094067,1.525));
#151 = LINE('',#152,#153);
#152 = CARTESIAN_POINT('',(1.464466094067,-2.5,1.525));
#153 = VECTOR('',#154,1.);
#154 = DIRECTION('',(0.707106781187,0.707106781187,0.));
#155 = ORIENTED_EDGE('',*,*,#156,.F.);
#156 = EDGE_CURVE('',#69,#149,#157,.T.);
#157 = ELLIPSE('',#158,8.117941502193E-02,7.5E-02);
#158 = AXIS2_PLACEMENT_3D('',#159,#160,#161);
#159 = CARTESIAN_POINT('',(2.425,-1.433400076889,1.525));
#160 = DIRECTION('',(0.382683432365,0.923879532511,0.));
#161 = DIRECTION('',(0.923879532511,-0.382683432365,0.));
#162 = ORIENTED_EDGE('',*,*,#66,.F.);
#163 = CYLINDRICAL_SURFACE('',#164,7.5E-02);
#164 = AXIS2_PLACEMENT_3D('',#165,#166,#167);
#165 = CARTESIAN_POINT('',(1.411433085478,-2.446966991411,1.525));
#166 = DIRECTION('',(0.707106781187,0.707106781187,0.));
#167 = DIRECTION('',(0.,-0.,1.));
#168 = ADVANCED_FACE('',(#169),#188,.T.);
#169 = FACE_BOUND('',#170,.T.);
#170 = EDGE_LOOP('',(#171,#180,#186,#187));
#171 = ORIENTED_EDGE('',*,*,#172,.F.);
#172 = EDGE_CURVE('',#173,#93,#175,.T.);
#173 = VERTEX_POINT('',#174);
#174 = CARTESIAN_POINT('',(-2.5,-2.5,1.525));
#175 = ELLIPSE('',#176,0.106066017178,7.5E-02);
#176 = AXIS2_PLACEMENT_3D('',#177,#178,#179);
#177 = CARTESIAN_POINT('',(-2.425,-2.425,1.525));
#178 = DIRECTION('',(-0.707106781187,0.707106781187,0.));
#179 = DIRECTION('',(-0.707106781187,-0.707106781187,0.));
#180 = ORIENTED_EDGE('',*,*,#181,.T.);
#181 = EDGE_CURVE('',#173,#140,#182,.T.);
#182 = LINE('',#183,#184);
#183 = CARTESIAN_POINT('',(-2.5,-2.5,1.525));
#184 = VECTOR('',#185,1.);
#185 = DIRECTION('',(1.,-1.224646799147E-16,0.));
#186 = ORIENTED_EDGE('',*,*,#139,.F.);
#187 = ORIENTED_EDGE('',*,*,#100,.F.);
#188 = CYLINDRICAL_SURFACE('',#189,7.5E-02);
#189 = AXIS2_PLACEMENT_3D('',#190,#191,#192);
#190 = CARTESIAN_POINT('',(-2.5,-2.425,1.525));
#191 = DIRECTION('',(1.,-1.224646799147E-16,0.));
#192 = DIRECTION('',(0.,0.,1.));
#193 = ADVANCED_FACE('',(#194),#213,.T.);
#194 = FACE_BOUND('',#195,.T.);
#195 = EDGE_LOOP('',(#196,#204,#211,#212));
#196 = ORIENTED_EDGE('',*,*,#197,.T.);
#197 = EDGE_CURVE('',#149,#198,#200,.T.);
#198 = VERTEX_POINT('',#199);
#199 = CARTESIAN_POINT('',(2.5,2.5,1.525));
#200 = LINE('',#201,#202);
#201 = CARTESIAN_POINT('',(2.5,-1.464466094067,1.525));
#202 = VECTOR('',#203,1.);
#203 = DIRECTION('',(1.224646799147E-16,1.,0.));
#204 = ORIENTED_EDGE('',*,*,#205,.T.);
#205 = EDGE_CURVE('',#198,#77,#206,.T.);
#206 = ELLIPSE('',#207,0.106066017178,7.5E-02);
#207 = AXIS2_PLACEMENT_3D('',#208,#209,#210);
#208 = CARTESIAN_POINT('',(2.425,2.425,1.525));
#209 = DIRECTION('',(0.707106781187,-0.707106781187,-0.));
#210 = DIRECTION('',(-0.707106781187,-0.707106781187,0.));
#211 = ORIENTED_EDGE('',*,*,#76,.F.);
#212 = ORIENTED_EDGE('',*,*,#156,.T.);
#213 = CYLINDRICAL_SURFACE('',#214,7.5E-02);
#214 = AXIS2_PLACEMENT_3D('',#215,#216,#217);
#215 = CARTESIAN_POINT('',(2.425,-1.464466094067,1.525));
#216 = DIRECTION('',(1.224646799147E-16,1.,0.));
#217 = DIRECTION('',(1.,-1.224646799147E-16,0.));
#218 = ADVANCED_FACE('',(#219),#238,.T.);
#219 = FACE_BOUND('',#220,.T.);
#220 = EDGE_LOOP('',(#221,#229,#230,#231));
#221 = ORIENTED_EDGE('',*,*,#222,.T.);
#222 = EDGE_CURVE('',#223,#173,#225,.T.);
#223 = VERTEX_POINT('',#224);
#224 = CARTESIAN_POINT('',(-2.5,2.5,1.525));
#225 = LINE('',#226,#227);
#226 = CARTESIAN_POINT('',(-2.5,2.5,1.525));
#227 = VECTOR('',#228,1.);
#228 = DIRECTION('',(-1.224646799147E-16,-1.,0.));
#229 = ORIENTED_EDGE('',*,*,#172,.T.);
#230 = ORIENTED_EDGE('',*,*,#92,.F.);
#231 = ORIENTED_EDGE('',*,*,#232,.F.);
#232 = EDGE_CURVE('',#223,#85,#233,.T.);
#233 = ELLIPSE('',#234,0.106066017178,7.5E-02);
#234 = AXIS2_PLACEMENT_3D('',#235,#236,#237);
#235 = CARTESIAN_POINT('',(-2.425,2.425,1.525));
#236 = DIRECTION('',(0.707106781187,0.707106781187,-0.));
#237 = DIRECTION('',(-0.707106781187,0.707106781187,0.));
#238 = CYLINDRICAL_SURFACE('',#239,7.5E-02);
#239 = AXIS2_PLACEMENT_3D('',#240,#241,#242);
#240 = CARTESIAN_POINT('',(-2.425,2.5,1.525));
#241 = DIRECTION('',(-1.224646799147E-16,-1.,0.));
#242 = DIRECTION('',(-1.,1.224646799147E-16,0.));
#243 = ADVANCED_FACE('',(#244),#255,.T.);
#244 = FACE_BOUND('',#245,.T.);
#245 = EDGE_LOOP('',(#246,#252,#253,#254));
#246 = ORIENTED_EDGE('',*,*,#247,.T.);
#247 = EDGE_CURVE('',#198,#223,#248,.T.);
#248 = LINE('',#249,#250);
#249 = CARTESIAN_POINT('',(2.5,2.5,1.525));
#250 = VECTOR('',#251,1.);
#251 = DIRECTION('',(-1.,1.224646799147E-16,0.));
#252 = ORIENTED_EDGE('',*,*,#232,.T.);
#253 = ORIENTED_EDGE('',*,*,#84,.F.);
#254 = ORIENTED_EDGE('',*,*,#205,.F.);
#255 = CYLINDRICAL_SURFACE('',#256,7.5E-02);
#256 = AXIS2_PLACEMENT_3D('',#257,#258,#259);
#257 = CARTESIAN_POINT('',(2.5,2.425,1.525));
#258 = DIRECTION('',(-1.,1.224646799147E-16,0.));
#259 = DIRECTION('',(1.224646799147E-16,1.,0.));
#260 = ADVANCED_FACE('',(#261),#280,.F.);
#261 = FACE_BOUND('',#262,.F.);
#262 = EDGE_LOOP('',(#263,#271,#272,#273));
#263 = ORIENTED_EDGE('',*,*,#264,.T.);
#264 = EDGE_CURVE('',#265,#115,#267,.T.);
#265 = VERTEX_POINT('',#266);
#266 = CARTESIAN_POINT('',(-1.666666666667,2.041077998579E-16,1.225));
#267 = LINE('',#268,#269);
#268 = CARTESIAN_POINT('',(-1.666666666667,2.041077998579E-16,0.85));
#269 = VECTOR('',#270,1.);
#270 = DIRECTION('',(0.,0.,1.));
#271 = ORIENTED_EDGE('',*,*,#124,.T.);
#272 = ORIENTED_EDGE('',*,*,#264,.F.);
#273 = ORIENTED_EDGE('',*,*,#274,.T.);
#274 = EDGE_CURVE('',#265,#265,#275,.T.);
#275 = CIRCLE('',#276,1.666666666667);
#276 = AXIS2_PLACEMENT_3D('',#277,#278,#279);
#277 = CARTESIAN_POINT('',(0.,0.,1.225));
#278 = DIRECTION('',(0.,0.,1.));
#279 = DIRECTION('',(-1.,1.224646799147E-16,0.));
#280 = CYLINDRICAL_SURFACE('',#281,1.666666666667);
#281 = AXIS2_PLACEMENT_3D('',#282,#283,#284);
#282 = CARTESIAN_POINT('',(0.,0.,0.85));
#283 = DIRECTION('',(0.,0.,-1.));
#284 = DIRECTION('',(-1.,1.224646799147E-16,0.));
#285 = ADVANCED_FACE('',(#286),#311,.T.);
#286 = FACE_BOUND('',#287,.T.);
#287 = EDGE_LOOP('',(#288,#296,#304,#310));
#288 = ORIENTED_EDGE('',*,*,#289,.T.);
#289 = EDGE_CURVE('',#140,#290,#292,.T.);
#290 = VERTEX_POINT('',#291);
#291 = CARTESIAN_POINT('',(1.464466094067,-2.5,1.3));
#292 = LINE('',#293,#294);
#293 = CARTESIAN_POINT('',(1.464466094067,-2.5,0.7));
#294 = VECTOR('',#295,1.);
#295 = DIRECTION('',(0.,0.,-1.));
#296 = ORIENTED_EDGE('',*,*,#297,.F.);
#297 = EDGE_CURVE('',#298,#290,#300,.T.);
#298 = VERTEX_POINT('',#299);
#299 = CARTESIAN_POINT('',(2.5,-1.464466094067,1.3));
#300 = LINE('',#301,#302);
#301 = CARTESIAN_POINT('',(3.75,-0.214466094067,1.3));
#302 = VECTOR('',#303,1.);
#303 = DIRECTION('',(-0.707106781187,-0.707106781187,0.));
#304 = ORIENTED_EDGE('',*,*,#305,.T.);
#305 = EDGE_CURVE('',#298,#149,#306,.T.);
#306 = LINE('',#307,#308);
#307 = CARTESIAN_POINT('',(2.5,-1.464466094067,0.7));
#308 = VECTOR('',#309,1.);
#309 = DIRECTION('',(0.,0.,1.));
#310 = ORIENTED_EDGE('',*,*,#148,.F.);
#311 = PLANE('',#312);
#312 = AXIS2_PLACEMENT_3D('',#313,#314,#315);
#313 = CARTESIAN_POINT('',(3.75,-0.214466094067,1.3));
#314 = DIRECTION('',(0.707106781187,-0.707106781187,0.));
#315 = DIRECTION('',(-0.707106781187,-0.707106781187,0.));
#316 = ADVANCED_FACE('',(#317),#351,.F.);
#317 = FACE_BOUND('',#318,.F.);
#318 = EDGE_LOOP('',(#319,#320,#328,#336,#344,#350));
#319 = ORIENTED_EDGE('',*,*,#289,.T.);
#320 = ORIENTED_EDGE('',*,*,#321,.T.);
#321 = EDGE_CURVE('',#290,#322,#324,.T.);
#322 = VERTEX_POINT('',#323);
#323 = CARTESIAN_POINT('',(2.5,-2.5,1.3));
#324 = LINE('',#325,#326);
#325 = CARTESIAN_POINT('',(0.625,-2.5,1.3));
#326 = VECTOR('',#327,1.);
#327 = DIRECTION('',(1.,-1.224646799147E-16,0.));
#328 = ORIENTED_EDGE('',*,*,#329,.F.);
#329 = EDGE_CURVE('',#330,#322,#332,.T.);
#330 = VERTEX_POINT('',#331);
#331 = CARTESIAN_POINT('',(2.5,-2.5,0.1));
#332 = LINE('',#333,#334);
#333 = CARTESIAN_POINT('',(2.5,-2.5,0.1));
#334 = VECTOR('',#335,1.);
#335 = DIRECTION('',(0.,0.,1.));
#336 = ORIENTED_EDGE('',*,*,#337,.F.);
#337 = EDGE_CURVE('',#338,#330,#340,.T.);
#338 = VERTEX_POINT('',#339);
#339 = CARTESIAN_POINT('',(-2.5,-2.5,0.1));
#340 = LINE('',#341,#342);
#341 = CARTESIAN_POINT('',(-2.5,-2.5,0.1));
#342 = VECTOR('',#343,1.);
#343 = DIRECTION('',(1.,-1.224646799147E-16,0.));
#344 = ORIENTED_EDGE('',*,*,#345,.T.);
#345 = EDGE_CURVE('',#338,#173,#346,.T.);
#346 = LINE('',#347,#348);
#347 = CARTESIAN_POINT('',(-2.5,-2.5,0.1));
#348 = VECTOR('',#349,1.);
#349 = DIRECTION('',(0.,0.,1.));
#350 = ORIENTED_EDGE('',*,*,#181,.T.);
#351 = PLANE('',#352);
#352 = AXIS2_PLACEMENT_3D('',#353,#354,#355);
#353 = CARTESIAN_POINT('',(-2.5,-2.5,0.1));
#354 = DIRECTION('',(1.224646799147E-16,1.,0.));
#355 = DIRECTION('',(1.,-1.224646799147E-16,0.));
#356 = ADVANCED_FACE('',(#357,#414,#448),#482,.F.);
#357 = FACE_BOUND('',#358,.F.);
#358 = EDGE_LOOP('',(#359,#367,#375,#383,#391,#399,#405,#406,#412,#413)
  );
#359 = ORIENTED_EDGE('',*,*,#360,.F.);
#360 = EDGE_CURVE('',#361,#198,#363,.T.);
#361 = VERTEX_POINT('',#362);
#362 = CARTESIAN_POINT('',(2.5,2.5,0.1));
#363 = LINE('',#364,#365);
#364 = CARTESIAN_POINT('',(2.5,2.5,0.1));
#365 = VECTOR('',#366,1.);
#366 = DIRECTION('',(0.,0.,1.));
#367 = ORIENTED_EDGE('',*,*,#368,.F.);
#368 = EDGE_CURVE('',#369,#361,#371,.T.);
#369 = VERTEX_POINT('',#370);
#370 = CARTESIAN_POINT('',(2.5,2.1,0.1));
#371 = LINE('',#372,#373);
#372 = CARTESIAN_POINT('',(2.5,-2.5,0.1));
#373 = VECTOR('',#374,1.);
#374 = DIRECTION('',(1.224646799147E-16,1.,0.));
#375 = ORIENTED_EDGE('',*,*,#376,.F.);
#376 = EDGE_CURVE('',#377,#369,#379,.T.);
#377 = VERTEX_POINT('',#378);
#378 = CARTESIAN_POINT('',(2.5,1.2,0.1));
#379 = LINE('',#380,#381);
#380 = CARTESIAN_POINT('',(2.5,-2.5,0.1));
#381 = VECTOR('',#382,1.);
#382 = DIRECTION('',(1.224646799147E-16,1.,0.));
#383 = ORIENTED_EDGE('',*,*,#384,.F.);
#384 = EDGE_CURVE('',#385,#377,#387,.T.);
#385 = VERTEX_POINT('',#386);
#386 = CARTESIAN_POINT('',(2.5,-1.2,0.1));
#387 = LINE('',#388,#389);
#388 = CARTESIAN_POINT('',(2.5,-2.5,0.1));
#389 = VECTOR('',#390,1.);
#390 = DIRECTION('',(1.224646799147E-16,1.,0.));
#391 = ORIENTED_EDGE('',*,*,#392,.F.);
#392 = EDGE_CURVE('',#393,#385,#395,.T.);
#393 = VERTEX_POINT('',#394);
#394 = CARTESIAN_POINT('',(2.5,-2.1,0.1));
#395 = LINE('',#396,#397);
#396 = CARTESIAN_POINT('',(2.5,-2.5,0.1));
#397 = VECTOR('',#398,1.);
#398 = DIRECTION('',(1.224646799147E-16,1.,0.));
#399 = ORIENTED_EDGE('',*,*,#400,.F.);
#400 = EDGE_CURVE('',#330,#393,#401,.T.);
#401 = LINE('',#402,#403);
#402 = CARTESIAN_POINT('',(2.5,-2.5,0.1));
#403 = VECTOR('',#404,1.);
#404 = DIRECTION('',(1.224646799147E-16,1.,0.));
#405 = ORIENTED_EDGE('',*,*,#329,.T.);
#406 = ORIENTED_EDGE('',*,*,#407,.T.);
#407 = EDGE_CURVE('',#322,#298,#408,.T.);
#408 = LINE('',#409,#410);
#409 = CARTESIAN_POINT('',(2.5,-3.125,1.3));
#410 = VECTOR('',#411,1.);
#411 = DIRECTION('',(1.224646799147E-16,1.,0.));
#412 = ORIENTED_EDGE('',*,*,#305,.T.);
#413 = ORIENTED_EDGE('',*,*,#197,.T.);
#414 = FACE_BOUND('',#415,.F.);
#415 = EDGE_LOOP('',(#416,#426,#434,#442));
#416 = ORIENTED_EDGE('',*,*,#417,.T.);
#417 = EDGE_CURVE('',#418,#420,#422,.T.);
#418 = VERTEX_POINT('',#419);
#419 = CARTESIAN_POINT('',(2.5,1.2,0.9));
#420 = VERTEX_POINT('',#421);
#421 = CARTESIAN_POINT('',(2.5,2.1,0.9));
#422 = LINE('',#423,#424);
#423 = CARTESIAN_POINT('',(2.5,-0.425,0.9));
#424 = VECTOR('',#425,1.);
#425 = DIRECTION('',(1.224646799147E-16,1.,-1.556307025767E-32));
#426 = ORIENTED_EDGE('',*,*,#427,.T.);
#427 = EDGE_CURVE('',#420,#428,#430,.T.);
#428 = VERTEX_POINT('',#429);
#429 = CARTESIAN_POINT('',(2.5,2.1,1.));
#430 = LINE('',#431,#432);
#431 = CARTESIAN_POINT('',(2.5,2.1,5.E-02));
#432 = VECTOR('',#433,1.);
#433 = DIRECTION('',(0.,0.,1.));
#434 = ORIENTED_EDGE('',*,*,#435,.F.);
#435 = EDGE_CURVE('',#436,#428,#438,.T.);
#436 = VERTEX_POINT('',#437);
#437 = CARTESIAN_POINT('',(2.5,1.2,1.));
#438 = LINE('',#439,#440);
#439 = CARTESIAN_POINT('',(2.5,-0.425,1.));
#440 = VECTOR('',#441,1.);
#441 = DIRECTION('',(1.224646799147E-16,1.,0.));
#442 = ORIENTED_EDGE('',*,*,#443,.T.);
#443 = EDGE_CURVE('',#436,#418,#444,.T.);
#444 = LINE('',#445,#446);
#445 = CARTESIAN_POINT('',(2.5,1.2,5.E-02));
#446 = VECTOR('',#447,1.);
#447 = DIRECTION('',(-0.,0.,-1.));
#448 = FACE_BOUND('',#449,.F.);
#449 = EDGE_LOOP('',(#450,#460,#468,#476));
#450 = ORIENTED_EDGE('',*,*,#451,.F.);
#451 = EDGE_CURVE('',#452,#454,#456,.T.);
#452 = VERTEX_POINT('',#453);
#453 = CARTESIAN_POINT('',(2.5,-2.1,1.));
#454 = VERTEX_POINT('',#455);
#455 = CARTESIAN_POINT('',(2.5,-1.2,1.));
#456 = LINE('',#457,#458);
#457 = CARTESIAN_POINT('',(2.5,-2.075,1.));
#458 = VECTOR('',#459,1.);
#459 = DIRECTION('',(1.224646799147E-16,1.,0.));
#460 = ORIENTED_EDGE('',*,*,#461,.T.);
#461 = EDGE_CURVE('',#452,#462,#464,.T.);
#462 = VERTEX_POINT('',#463);
#463 = CARTESIAN_POINT('',(2.5,-2.1,0.9));
#464 = LINE('',#465,#466);
#465 = CARTESIAN_POINT('',(2.5,-2.1,5.E-02));
#466 = VECTOR('',#467,1.);
#467 = DIRECTION('',(-0.,0.,-1.));
#468 = ORIENTED_EDGE('',*,*,#469,.T.);
#469 = EDGE_CURVE('',#462,#470,#472,.T.);
#470 = VERTEX_POINT('',#471);
#471 = CARTESIAN_POINT('',(2.5,-1.2,0.9));
#472 = LINE('',#473,#474);
#473 = CARTESIAN_POINT('',(2.5,-2.075,0.9));
#474 = VECTOR('',#475,1.);
#475 = DIRECTION('',(1.224646799147E-16,1.,-3.890767564419E-33));
#476 = ORIENTED_EDGE('',*,*,#477,.T.);
#477 = EDGE_CURVE('',#470,#454,#478,.T.);
#478 = LINE('',#479,#480);
#479 = CARTESIAN_POINT('',(2.5,-1.2,5.E-02));
#480 = VECTOR('',#481,1.);
#481 = DIRECTION('',(0.,0.,1.));
#482 = PLANE('',#483);
#483 = AXIS2_PLACEMENT_3D('',#484,#485,#486);
#484 = CARTESIAN_POINT('',(2.5,-2.5,0.1));
#485 = DIRECTION('',(-1.,1.224646799147E-16,0.));
#486 = DIRECTION('',(1.224646799147E-16,1.,0.));
#487 = ADVANCED_FACE('',(#488,#538,#572),#606,.F.);
#488 = FACE_BOUND('',#489,.F.);
#489 = EDGE_LOOP('',(#490,#498,#499,#500,#508,#516,#524,#532));
#490 = ORIENTED_EDGE('',*,*,#491,.T.);
#491 = EDGE_CURVE('',#492,#223,#494,.T.);
#492 = VERTEX_POINT('',#493);
#493 = CARTESIAN_POINT('',(-2.5,2.5,0.1));
#494 = LINE('',#495,#496);
#495 = CARTESIAN_POINT('',(-2.5,2.5,0.1));
#496 = VECTOR('',#497,1.);
#497 = DIRECTION('',(0.,0.,1.));
#498 = ORIENTED_EDGE('',*,*,#222,.T.);
#499 = ORIENTED_EDGE('',*,*,#345,.F.);
#500 = ORIENTED_EDGE('',*,*,#501,.F.);
#501 = EDGE_CURVE('',#502,#338,#504,.T.);
#502 = VERTEX_POINT('',#503);
#503 = CARTESIAN_POINT('',(-2.5,-2.1,0.1));
#504 = LINE('',#505,#506);
#505 = CARTESIAN_POINT('',(-2.5,2.5,0.1));
#506 = VECTOR('',#507,1.);
#507 = DIRECTION('',(-1.224646799147E-16,-1.,0.));
#508 = ORIENTED_EDGE('',*,*,#509,.F.);
#509 = EDGE_CURVE('',#510,#502,#512,.T.);
#510 = VERTEX_POINT('',#511);
#511 = CARTESIAN_POINT('',(-2.5,-1.2,0.1));
#512 = LINE('',#513,#514);
#513 = CARTESIAN_POINT('',(-2.5,2.5,0.1));
#514 = VECTOR('',#515,1.);
#515 = DIRECTION('',(-1.224646799147E-16,-1.,0.));
#516 = ORIENTED_EDGE('',*,*,#517,.F.);
#517 = EDGE_CURVE('',#518,#510,#520,.T.);
#518 = VERTEX_POINT('',#519);
#519 = CARTESIAN_POINT('',(-2.5,1.2,0.1));
#520 = LINE('',#521,#522);
#521 = CARTESIAN_POINT('',(-2.5,2.5,0.1));
#522 = VECTOR('',#523,1.);
#523 = DIRECTION('',(-1.224646799147E-16,-1.,0.));
#524 = ORIENTED_EDGE('',*,*,#525,.F.);
#525 = EDGE_CURVE('',#526,#518,#528,.T.);
#526 = VERTEX_POINT('',#527);
#527 = CARTESIAN_POINT('',(-2.5,2.1,0.1));
#528 = LINE('',#529,#530);
#529 = CARTESIAN_POINT('',(-2.5,2.5,0.1));
#530 = VECTOR('',#531,1.);
#531 = DIRECTION('',(-1.224646799147E-16,-1.,0.));
#532 = ORIENTED_EDGE('',*,*,#533,.F.);
#533 = EDGE_CURVE('',#492,#526,#534,.T.);
#534 = LINE('',#535,#536);
#535 = CARTESIAN_POINT('',(-2.5,2.5,0.1));
#536 = VECTOR('',#537,1.);
#537 = DIRECTION('',(-1.224646799147E-16,-1.,0.));
#538 = FACE_BOUND('',#539,.F.);
#539 = EDGE_LOOP('',(#540,#550,#558,#566));
#540 = ORIENTED_EDGE('',*,*,#541,.F.);
#541 = EDGE_CURVE('',#542,#544,#546,.T.);
#542 = VERTEX_POINT('',#543);
#543 = CARTESIAN_POINT('',(-2.5,-1.2,1.));
#544 = VERTEX_POINT('',#545);
#545 = CARTESIAN_POINT('',(-2.5,-2.1,1.));
#546 = LINE('',#547,#548);
#547 = CARTESIAN_POINT('',(-2.5,0.425,1.));
#548 = VECTOR('',#549,1.);
#549 = DIRECTION('',(-1.224646799147E-16,-1.,0.));
#550 = ORIENTED_EDGE('',*,*,#551,.T.);
#551 = EDGE_CURVE('',#542,#552,#554,.T.);
#552 = VERTEX_POINT('',#553);
#553 = CARTESIAN_POINT('',(-2.5,-1.2,0.9));
#554 = LINE('',#555,#556);
#555 = CARTESIAN_POINT('',(-2.5,-1.2,5.E-02));
#556 = VECTOR('',#557,1.);
#557 = DIRECTION('',(-0.,0.,-1.));
#558 = ORIENTED_EDGE('',*,*,#559,.T.);
#559 = EDGE_CURVE('',#552,#560,#562,.T.);
#560 = VERTEX_POINT('',#561);
#561 = CARTESIAN_POINT('',(-2.5,-2.1,0.9));
#562 = LINE('',#563,#564);
#563 = CARTESIAN_POINT('',(-2.5,0.425,0.9));
#564 = VECTOR('',#565,1.);
#565 = DIRECTION('',(-1.224646799147E-16,-1.,3.890767564419E-33));
#566 = ORIENTED_EDGE('',*,*,#567,.T.);
#567 = EDGE_CURVE('',#560,#544,#568,.T.);
#568 = LINE('',#569,#570);
#569 = CARTESIAN_POINT('',(-2.5,-2.1,5.E-02));
#570 = VECTOR('',#571,1.);
#571 = DIRECTION('',(0.,0.,1.));
#572 = FACE_BOUND('',#573,.F.);
#573 = EDGE_LOOP('',(#574,#584,#592,#600));
#574 = ORIENTED_EDGE('',*,*,#575,.F.);
#575 = EDGE_CURVE('',#576,#578,#580,.T.);
#576 = VERTEX_POINT('',#577);
#577 = CARTESIAN_POINT('',(-2.5,2.1,1.));
#578 = VERTEX_POINT('',#579);
#579 = CARTESIAN_POINT('',(-2.5,1.2,1.));
#580 = LINE('',#581,#582);
#581 = CARTESIAN_POINT('',(-2.5,2.075,1.));
#582 = VECTOR('',#583,1.);
#583 = DIRECTION('',(-1.224646799147E-16,-1.,0.));
#584 = ORIENTED_EDGE('',*,*,#585,.T.);
#585 = EDGE_CURVE('',#576,#586,#588,.T.);
#586 = VERTEX_POINT('',#587);
#587 = CARTESIAN_POINT('',(-2.5,2.1,0.9));
#588 = LINE('',#589,#590);
#589 = CARTESIAN_POINT('',(-2.5,2.1,5.E-02));
#590 = VECTOR('',#591,1.);
#591 = DIRECTION('',(-0.,0.,-1.));
#592 = ORIENTED_EDGE('',*,*,#593,.T.);
#593 = EDGE_CURVE('',#586,#594,#596,.T.);
#594 = VERTEX_POINT('',#595);
#595 = CARTESIAN_POINT('',(-2.5,1.2,0.9));
#596 = LINE('',#597,#598);
#597 = CARTESIAN_POINT('',(-2.5,2.075,0.9));
#598 = VECTOR('',#599,1.);
#599 = DIRECTION('',(-1.224646799147E-16,-1.,1.556307025767E-32));
#600 = ORIENTED_EDGE('',*,*,#601,.T.);
#601 = EDGE_CURVE('',#594,#578,#602,.T.);
#602 = LINE('',#603,#604);
#603 = CARTESIAN_POINT('',(-2.5,1.2,5.E-02));
#604 = VECTOR('',#605,1.);
#605 = DIRECTION('',(0.,0.,1.));
#606 = PLANE('',#607);
#607 = AXIS2_PLACEMENT_3D('',#608,#609,#610);
#608 = CARTESIAN_POINT('',(-2.5,2.5,0.1));
#609 = DIRECTION('',(1.,-1.224646799147E-16,0.));
#610 = DIRECTION('',(-1.224646799147E-16,-1.,0.));
#611 = ADVANCED_FACE('',(#612),#623,.F.);
#612 = FACE_BOUND('',#613,.F.);
#613 = EDGE_LOOP('',(#614,#615,#616,#617));
#614 = ORIENTED_EDGE('',*,*,#360,.T.);
#615 = ORIENTED_EDGE('',*,*,#247,.T.);
#616 = ORIENTED_EDGE('',*,*,#491,.F.);
#617 = ORIENTED_EDGE('',*,*,#618,.F.);
#618 = EDGE_CURVE('',#361,#492,#619,.T.);
#619 = LINE('',#620,#621);
#620 = CARTESIAN_POINT('',(2.5,2.5,0.1));
#621 = VECTOR('',#622,1.);
#622 = DIRECTION('',(-1.,1.224646799147E-16,0.));
#623 = PLANE('',#624);
#624 = AXIS2_PLACEMENT_3D('',#625,#626,#627);
#625 = CARTESIAN_POINT('',(2.5,2.5,0.1));
#626 = DIRECTION('',(-1.224646799147E-16,-1.,0.));
#627 = DIRECTION('',(-1.,1.224646799147E-16,0.));
#628 = ADVANCED_FACE('',(#629),#632,.T.);
#629 = FACE_BOUND('',#630,.T.);
#630 = EDGE_LOOP('',(#631));
#631 = ORIENTED_EDGE('',*,*,#274,.T.);
#632 = PLANE('',#633);
#633 = AXIS2_PLACEMENT_3D('',#634,#635,#636);
#634 = CARTESIAN_POINT('',(1.538370149107E-16,-1.370800865949E-16,1.225)
  );
#635 = DIRECTION('',(0.,0.,1.));
#636 = DIRECTION('',(-1.,1.224646799147E-16,0.));
#637 = ADVANCED_FACE('',(#638),#643,.T.);
#638 = FACE_BOUND('',#639,.T.);
#639 = EDGE_LOOP('',(#640,#641,#642));
#640 = ORIENTED_EDGE('',*,*,#407,.T.);
#641 = ORIENTED_EDGE('',*,*,#297,.T.);
#642 = ORIENTED_EDGE('',*,*,#321,.T.);
#643 = PLANE('',#644);
#644 = AXIS2_PLACEMENT_3D('',#645,#646,#647);
#645 = CARTESIAN_POINT('',(3.75,-3.75,1.3));
#646 = DIRECTION('',(0.,0.,1.));
#647 = DIRECTION('',(-0.707106781187,-0.707106781187,0.));
#648 = ADVANCED_FACE('',(#649),#811,.F.);
#649 = FACE_BOUND('',#650,.F.);
#650 = EDGE_LOOP('',(#651,#652,#653,#654,#662,#670,#678,#686,#692,#693,
    #701,#709,#717,#725,#731,#732,#733,#734,#742,#750,#758,#766,#772,
    #773,#781,#789,#797,#805));
#651 = ORIENTED_EDGE('',*,*,#368,.T.);
#652 = ORIENTED_EDGE('',*,*,#618,.T.);
#653 = ORIENTED_EDGE('',*,*,#533,.T.);
#654 = ORIENTED_EDGE('',*,*,#655,.F.);
#655 = EDGE_CURVE('',#656,#526,#658,.T.);
#656 = VERTEX_POINT('',#657);
#657 = CARTESIAN_POINT('',(-1.95,2.1,0.1));
#658 = LINE('',#659,#660);
#659 = CARTESIAN_POINT('',(-2.025,2.1,0.1));
#660 = VECTOR('',#661,1.);
#661 = DIRECTION('',(-1.,1.224646799147E-16,-4.996063166392E-32));
#662 = ORIENTED_EDGE('',*,*,#663,.T.);
#663 = EDGE_CURVE('',#656,#664,#666,.T.);
#664 = VERTEX_POINT('',#665);
#665 = CARTESIAN_POINT('',(-1.8,2.1,0.1));
#666 = LINE('',#667,#668);
#667 = CARTESIAN_POINT('',(-0.9,2.1,0.1));
#668 = VECTOR('',#669,1.);
#669 = DIRECTION('',(1.,-1.224646799147E-16,0.));
#670 = ORIENTED_EDGE('',*,*,#671,.T.);
#671 = EDGE_CURVE('',#664,#672,#674,.T.);
#672 = VERTEX_POINT('',#673);
#673 = CARTESIAN_POINT('',(-1.8,1.2,0.1));
#674 = LINE('',#675,#676);
#675 = CARTESIAN_POINT('',(-1.8,0.6,0.1));
#676 = VECTOR('',#677,1.);
#677 = DIRECTION('',(-1.224646799147E-16,-1.,0.));
#678 = ORIENTED_EDGE('',*,*,#679,.T.);
#679 = EDGE_CURVE('',#672,#680,#682,.T.);
#680 = VERTEX_POINT('',#681);
#681 = CARTESIAN_POINT('',(-1.95,1.2,0.1));
#682 = LINE('',#683,#684);
#683 = CARTESIAN_POINT('',(-1.35,1.2,0.1));
#684 = VECTOR('',#685,1.);
#685 = DIRECTION('',(-1.,1.224646799147E-16,0.));
#686 = ORIENTED_EDGE('',*,*,#687,.F.);
#687 = EDGE_CURVE('',#518,#680,#688,.T.);
#688 = LINE('',#689,#690);
#689 = CARTESIAN_POINT('',(-2.475,1.2,0.1));
#690 = VECTOR('',#691,1.);
#691 = DIRECTION('',(1.,-1.224646799147E-16,4.996063166392E-32));
#692 = ORIENTED_EDGE('',*,*,#517,.T.);
#693 = ORIENTED_EDGE('',*,*,#694,.F.);
#694 = EDGE_CURVE('',#695,#510,#697,.T.);
#695 = VERTEX_POINT('',#696);
#696 = CARTESIAN_POINT('',(-1.95,-1.2,0.1));
#697 = LINE('',#698,#699);
#698 = CARTESIAN_POINT('',(-2.025,-1.2,0.1));
#699 = VECTOR('',#700,1.);
#700 = DIRECTION('',(-1.,1.224646799147E-16,-4.996063166392E-32));
#701 = ORIENTED_EDGE('',*,*,#702,.T.);
#702 = EDGE_CURVE('',#695,#703,#705,.T.);
#703 = VERTEX_POINT('',#704);
#704 = CARTESIAN_POINT('',(-1.8,-1.2,0.1));
#705 = LINE('',#706,#707);
#706 = CARTESIAN_POINT('',(-0.9,-1.2,0.1));
#707 = VECTOR('',#708,1.);
#708 = DIRECTION('',(1.,-1.224646799147E-16,0.));
#709 = ORIENTED_EDGE('',*,*,#710,.T.);
#710 = EDGE_CURVE('',#703,#711,#713,.T.);
#711 = VERTEX_POINT('',#712);
#712 = CARTESIAN_POINT('',(-1.8,-2.1,0.1));
#713 = LINE('',#714,#715);
#714 = CARTESIAN_POINT('',(-1.8,-1.05,0.1));
#715 = VECTOR('',#716,1.);
#716 = DIRECTION('',(-1.224646799147E-16,-1.,0.));
#717 = ORIENTED_EDGE('',*,*,#718,.T.);
#718 = EDGE_CURVE('',#711,#719,#721,.T.);
#719 = VERTEX_POINT('',#720);
#720 = CARTESIAN_POINT('',(-1.95,-2.1,0.1));
#721 = LINE('',#722,#723);
#722 = CARTESIAN_POINT('',(-1.35,-2.1,0.1));
#723 = VECTOR('',#724,1.);
#724 = DIRECTION('',(-1.,1.224646799147E-16,0.));
#725 = ORIENTED_EDGE('',*,*,#726,.F.);
#726 = EDGE_CURVE('',#502,#719,#727,.T.);
#727 = LINE('',#728,#729);
#728 = CARTESIAN_POINT('',(-2.475,-2.1,0.1));
#729 = VECTOR('',#730,1.);
#730 = DIRECTION('',(1.,-1.224646799147E-16,4.996063166392E-32));
#731 = ORIENTED_EDGE('',*,*,#501,.T.);
#732 = ORIENTED_EDGE('',*,*,#337,.T.);
#733 = ORIENTED_EDGE('',*,*,#400,.T.);
#734 = ORIENTED_EDGE('',*,*,#735,.F.);
#735 = EDGE_CURVE('',#736,#393,#738,.T.);
#736 = VERTEX_POINT('',#737);
#737 = CARTESIAN_POINT('',(1.95,-2.1,0.1));
#738 = LINE('',#739,#740);
#739 = CARTESIAN_POINT('',(2.025,-2.1,0.1));
#740 = VECTOR('',#741,1.);
#741 = DIRECTION('',(1.,-1.224646799147E-16,-4.996063166392E-32));
#742 = ORIENTED_EDGE('',*,*,#743,.T.);
#743 = EDGE_CURVE('',#736,#744,#746,.T.);
#744 = VERTEX_POINT('',#745);
#745 = CARTESIAN_POINT('',(1.8,-2.1,0.1));
#746 = LINE('',#747,#748);
#747 = CARTESIAN_POINT('',(0.9,-2.1,0.1));
#748 = VECTOR('',#749,1.);
#749 = DIRECTION('',(-1.,1.224646799147E-16,0.));
#750 = ORIENTED_EDGE('',*,*,#751,.T.);
#751 = EDGE_CURVE('',#744,#752,#754,.T.);
#752 = VERTEX_POINT('',#753);
#753 = CARTESIAN_POINT('',(1.8,-1.2,0.1));
#754 = LINE('',#755,#756);
#755 = CARTESIAN_POINT('',(1.8,-0.6,0.1));
#756 = VECTOR('',#757,1.);
#757 = DIRECTION('',(1.224646799147E-16,1.,0.));
#758 = ORIENTED_EDGE('',*,*,#759,.T.);
#759 = EDGE_CURVE('',#752,#760,#762,.T.);
#760 = VERTEX_POINT('',#761);
#761 = CARTESIAN_POINT('',(1.95,-1.2,0.1));
#762 = LINE('',#763,#764);
#763 = CARTESIAN_POINT('',(1.35,-1.2,0.1));
#764 = VECTOR('',#765,1.);
#765 = DIRECTION('',(1.,-1.224646799147E-16,0.));
#766 = ORIENTED_EDGE('',*,*,#767,.F.);
#767 = EDGE_CURVE('',#385,#760,#768,.T.);
#768 = LINE('',#769,#770);
#769 = CARTESIAN_POINT('',(2.475,-1.2,0.1));
#770 = VECTOR('',#771,1.);
#771 = DIRECTION('',(-1.,1.224646799147E-16,4.996063166392E-32));
#772 = ORIENTED_EDGE('',*,*,#384,.T.);
#773 = ORIENTED_EDGE('',*,*,#774,.F.);
#774 = EDGE_CURVE('',#775,#377,#777,.T.);
#775 = VERTEX_POINT('',#776);
#776 = CARTESIAN_POINT('',(1.95,1.2,0.1));
#777 = LINE('',#778,#779);
#778 = CARTESIAN_POINT('',(2.025,1.2,0.1));
#779 = VECTOR('',#780,1.);
#780 = DIRECTION('',(1.,-1.224646799147E-16,-4.996063166392E-32));
#781 = ORIENTED_EDGE('',*,*,#782,.T.);
#782 = EDGE_CURVE('',#775,#783,#785,.T.);
#783 = VERTEX_POINT('',#784);
#784 = CARTESIAN_POINT('',(1.8,1.2,0.1));
#785 = LINE('',#786,#787);
#786 = CARTESIAN_POINT('',(0.9,1.2,0.1));
#787 = VECTOR('',#788,1.);
#788 = DIRECTION('',(-1.,1.224646799147E-16,0.));
#789 = ORIENTED_EDGE('',*,*,#790,.T.);
#790 = EDGE_CURVE('',#783,#791,#793,.T.);
#791 = VERTEX_POINT('',#792);
#792 = CARTESIAN_POINT('',(1.8,2.1,0.1));
#793 = LINE('',#794,#795);
#794 = CARTESIAN_POINT('',(1.8,1.05,0.1));
#795 = VECTOR('',#796,1.);
#796 = DIRECTION('',(1.224646799147E-16,1.,0.));
#797 = ORIENTED_EDGE('',*,*,#798,.T.);
#798 = EDGE_CURVE('',#791,#799,#801,.T.);
#799 = VERTEX_POINT('',#800);
#800 = CARTESIAN_POINT('',(1.95,2.1,0.1));
#801 = LINE('',#802,#803);
#802 = CARTESIAN_POINT('',(1.35,2.1,0.1));
#803 = VECTOR('',#804,1.);
#804 = DIRECTION('',(1.,-1.224646799147E-16,0.));
#805 = ORIENTED_EDGE('',*,*,#806,.F.);
#806 = EDGE_CURVE('',#369,#799,#807,.T.);
#807 = LINE('',#808,#809);
#808 = CARTESIAN_POINT('',(2.475,2.1,0.1));
#809 = VECTOR('',#810,1.);
#810 = DIRECTION('',(-1.,1.224646799147E-16,4.996063166392E-32));
#811 = PLANE('',#812);
#812 = AXIS2_PLACEMENT_3D('',#813,#814,#815);
#813 = CARTESIAN_POINT('',(0.,0.,0.1));
#814 = DIRECTION('',(0.,0.,1.));
#815 = DIRECTION('',(-1.,1.224646799147E-16,0.));
#816 = ADVANCED_FACE('',(#817),#842,.T.);
#817 = FACE_BOUND('',#818,.T.);
#818 = EDGE_LOOP('',(#819,#829,#835,#836));
#819 = ORIENTED_EDGE('',*,*,#820,.T.);
#820 = EDGE_CURVE('',#821,#823,#825,.T.);
#821 = VERTEX_POINT('',#822);
#822 = CARTESIAN_POINT('',(2.55,1.2,0.1));
#823 = VERTEX_POINT('',#824);
#824 = CARTESIAN_POINT('',(2.55,2.1,0.1));
#825 = LINE('',#826,#827);
#826 = CARTESIAN_POINT('',(2.55,1.1,0.1));
#827 = VECTOR('',#828,1.);
#828 = DIRECTION('',(1.224646799147E-16,1.,0.));
#829 = ORIENTED_EDGE('',*,*,#830,.T.);
#830 = EDGE_CURVE('',#823,#369,#831,.T.);
#831 = LINE('',#832,#833);
#832 = CARTESIAN_POINT('',(2.475,2.1,0.1));
#833 = VECTOR('',#834,1.);
#834 = DIRECTION('',(-1.,1.224646799147E-16,4.996063166392E-32));
#835 = ORIENTED_EDGE('',*,*,#376,.F.);
#836 = ORIENTED_EDGE('',*,*,#837,.T.);
#837 = EDGE_CURVE('',#377,#821,#838,.T.);
#838 = LINE('',#839,#840);
#839 = CARTESIAN_POINT('',(2.025,1.2,0.1));
#840 = VECTOR('',#841,1.);
#841 = DIRECTION('',(1.,-1.224646799147E-16,-4.996063166392E-32));
#842 = PLANE('',#843);
#843 = AXIS2_PLACEMENT_3D('',#844,#845,#846);
#844 = CARTESIAN_POINT('',(2.25,1.65,0.1));
#845 = DIRECTION('',(4.996063166392E-32,1.556307025767E-32,1.));
#846 = DIRECTION('',(-1.,1.224646799147E-16,4.996063166392E-32));
#847 = ADVANCED_FACE('',(#848),#873,.T.);
#848 = FACE_BOUND('',#849,.T.);
#849 = EDGE_LOOP('',(#850,#860,#866,#867));
#850 = ORIENTED_EDGE('',*,*,#851,.T.);
#851 = EDGE_CURVE('',#852,#854,#856,.T.);
#852 = VERTEX_POINT('',#853);
#853 = CARTESIAN_POINT('',(2.55,-2.1,0.1));
#854 = VERTEX_POINT('',#855);
#855 = CARTESIAN_POINT('',(2.55,-1.2,0.1));
#856 = LINE('',#857,#858);
#857 = CARTESIAN_POINT('',(2.55,-2.2,0.1));
#858 = VECTOR('',#859,1.);
#859 = DIRECTION('',(1.224646799147E-16,1.,0.));
#860 = ORIENTED_EDGE('',*,*,#861,.T.);
#861 = EDGE_CURVE('',#854,#385,#862,.T.);
#862 = LINE('',#863,#864);
#863 = CARTESIAN_POINT('',(2.475,-1.2,0.1));
#864 = VECTOR('',#865,1.);
#865 = DIRECTION('',(-1.,1.224646799147E-16,4.996063166392E-32));
#866 = ORIENTED_EDGE('',*,*,#392,.F.);
#867 = ORIENTED_EDGE('',*,*,#868,.T.);
#868 = EDGE_CURVE('',#393,#852,#869,.T.);
#869 = LINE('',#870,#871);
#870 = CARTESIAN_POINT('',(2.025,-2.1,0.1));
#871 = VECTOR('',#872,1.);
#872 = DIRECTION('',(1.,-1.224646799147E-16,-4.996063166392E-32));
#873 = PLANE('',#874);
#874 = AXIS2_PLACEMENT_3D('',#875,#876,#877);
#875 = CARTESIAN_POINT('',(2.25,-1.65,0.1));
#876 = DIRECTION('',(4.996063166392E-32,3.890767564419E-33,1.));
#877 = DIRECTION('',(-1.,1.224646799147E-16,4.996063166392E-32));
#878 = ADVANCED_FACE('',(#879),#904,.F.);
#879 = FACE_BOUND('',#880,.F.);
#880 = EDGE_LOOP('',(#881,#891,#897,#898));
#881 = ORIENTED_EDGE('',*,*,#882,.T.);
#882 = EDGE_CURVE('',#883,#885,#887,.T.);
#883 = VERTEX_POINT('',#884);
#884 = CARTESIAN_POINT('',(2.55,1.2,0.9));
#885 = VERTEX_POINT('',#886);
#886 = CARTESIAN_POINT('',(2.55,2.1,0.9));
#887 = LINE('',#888,#889);
#888 = CARTESIAN_POINT('',(2.55,1.1,0.9));
#889 = VECTOR('',#890,1.);
#890 = DIRECTION('',(1.224646799147E-16,1.,0.));
#891 = ORIENTED_EDGE('',*,*,#892,.T.);
#892 = EDGE_CURVE('',#885,#420,#893,.T.);
#893 = LINE('',#894,#895);
#894 = CARTESIAN_POINT('',(2.475,2.1,0.9));
#895 = VECTOR('',#896,1.);
#896 = DIRECTION('',(-1.,1.224646799147E-16,4.996063166392E-32));
#897 = ORIENTED_EDGE('',*,*,#417,.F.);
#898 = ORIENTED_EDGE('',*,*,#899,.T.);
#899 = EDGE_CURVE('',#418,#883,#900,.T.);
#900 = LINE('',#901,#902);
#901 = CARTESIAN_POINT('',(2.025,1.2,0.9));
#902 = VECTOR('',#903,1.);
#903 = DIRECTION('',(1.,-1.224646799147E-16,-4.996063166392E-32));
#904 = PLANE('',#905);
#905 = AXIS2_PLACEMENT_3D('',#906,#907,#908);
#906 = CARTESIAN_POINT('',(2.25,1.65,0.9));
#907 = DIRECTION('',(4.996063166392E-32,1.556307025767E-32,1.));
#908 = DIRECTION('',(-1.,1.224646799147E-16,4.996063166392E-32));
#909 = ADVANCED_FACE('',(#910),#989,.F.);
#910 = FACE_BOUND('',#911,.F.);
#911 = EDGE_LOOP('',(#912,#922,#931,#939,#945,#946,#947,#948,#957,#965,
    #972,#973,#974,#982));
#912 = ORIENTED_EDGE('',*,*,#913,.F.);
#913 = EDGE_CURVE('',#914,#916,#918,.T.);
#914 = VERTEX_POINT('',#915);
#915 = CARTESIAN_POINT('',(2.7,1.2,5.E-02));
#916 = VERTEX_POINT('',#917);
#917 = CARTESIAN_POINT('',(2.7,1.2,0.95));
#918 = LINE('',#919,#920);
#919 = CARTESIAN_POINT('',(2.7,1.2,0.));
#920 = VECTOR('',#921,1.);
#921 = DIRECTION('',(0.,0.,1.));
#922 = ORIENTED_EDGE('',*,*,#923,.T.);
#923 = EDGE_CURVE('',#914,#924,#926,.T.);
#924 = VERTEX_POINT('',#925);
#925 = CARTESIAN_POINT('',(2.65,1.2,-6.938893903907E-18));
#926 = CIRCLE('',#927,5.E-02);
#927 = AXIS2_PLACEMENT_3D('',#928,#929,#930);
#928 = CARTESIAN_POINT('',(2.65,1.2,5.E-02));
#929 = DIRECTION('',(1.224646799147E-16,1.,0.));
#930 = DIRECTION('',(0.,0.,-1.));
#931 = ORIENTED_EDGE('',*,*,#932,.F.);
#932 = EDGE_CURVE('',#933,#924,#935,.T.);
#933 = VERTEX_POINT('',#934);
#934 = CARTESIAN_POINT('',(1.8,1.2,0.));
#935 = LINE('',#936,#937);
#936 = CARTESIAN_POINT('',(1.8,1.2,0.));
#937 = VECTOR('',#938,1.);
#938 = DIRECTION('',(1.,-1.224646799147E-16,0.));
#939 = ORIENTED_EDGE('',*,*,#940,.T.);
#940 = EDGE_CURVE('',#933,#783,#941,.T.);
#941 = LINE('',#942,#943);
#942 = CARTESIAN_POINT('',(1.8,1.2,0.));
#943 = VECTOR('',#944,1.);
#944 = DIRECTION('',(0.,0.,1.));
#945 = ORIENTED_EDGE('',*,*,#782,.F.);
#946 = ORIENTED_EDGE('',*,*,#774,.T.);
#947 = ORIENTED_EDGE('',*,*,#837,.T.);
#948 = ORIENTED_EDGE('',*,*,#949,.F.);
#949 = EDGE_CURVE('',#950,#821,#952,.T.);
#950 = VERTEX_POINT('',#951);
#951 = CARTESIAN_POINT('',(2.6,1.2,0.15));
#952 = CIRCLE('',#953,5.E-02);
#953 = AXIS2_PLACEMENT_3D('',#954,#955,#956);
#954 = CARTESIAN_POINT('',(2.55,1.2,0.15));
#955 = DIRECTION('',(1.224646799147E-16,1.,0.));
#956 = DIRECTION('',(1.,-1.224646799147E-16,0.));
#957 = ORIENTED_EDGE('',*,*,#958,.T.);
#958 = EDGE_CURVE('',#950,#959,#961,.T.);
#959 = VERTEX_POINT('',#960);
#960 = CARTESIAN_POINT('',(2.6,1.2,0.85));
#961 = LINE('',#962,#963);
#962 = CARTESIAN_POINT('',(2.6,1.2,5.E-02));
#963 = VECTOR('',#964,1.);
#964 = DIRECTION('',(0.,0.,1.));
#965 = ORIENTED_EDGE('',*,*,#966,.F.);
#966 = EDGE_CURVE('',#883,#959,#967,.T.);
#967 = CIRCLE('',#968,5.E-02);
#968 = AXIS2_PLACEMENT_3D('',#969,#970,#971);
#969 = CARTESIAN_POINT('',(2.55,1.2,0.85));
#970 = DIRECTION('',(1.224646799147E-16,1.,0.));
#971 = DIRECTION('',(1.,-1.224646799147E-16,0.));
#972 = ORIENTED_EDGE('',*,*,#899,.F.);
#973 = ORIENTED_EDGE('',*,*,#443,.F.);
#974 = ORIENTED_EDGE('',*,*,#975,.T.);
#975 = EDGE_CURVE('',#436,#976,#978,.T.);
#976 = VERTEX_POINT('',#977);
#977 = CARTESIAN_POINT('',(2.65,1.2,1.));
#978 = LINE('',#979,#980);
#979 = CARTESIAN_POINT('',(1.8,1.2,1.));
#980 = VECTOR('',#981,1.);
#981 = DIRECTION('',(1.,-1.224646799147E-16,0.));
#982 = ORIENTED_EDGE('',*,*,#983,.F.);
#983 = EDGE_CURVE('',#916,#976,#984,.T.);
#984 = CIRCLE('',#985,5.E-02);
#985 = AXIS2_PLACEMENT_3D('',#986,#987,#988);
#986 = CARTESIAN_POINT('',(2.65,1.2,0.95));
#987 = DIRECTION('',(-1.224646799147E-16,-1.,0.));
#988 = DIRECTION('',(-0.,0.,-1.));
#989 = PLANE('',#990);
#990 = AXIS2_PLACEMENT_3D('',#991,#992,#993);
#991 = CARTESIAN_POINT('',(1.8,1.2,0.));
#992 = DIRECTION('',(1.224646799147E-16,1.,0.));
#993 = DIRECTION('',(1.,-1.224646799147E-16,0.));
#994 = ADVANCED_FACE('',(#995),#1013,.T.);
#995 = FACE_BOUND('',#996,.T.);
#996 = EDGE_LOOP('',(#997,#1005,#1011,#1012));
#997 = ORIENTED_EDGE('',*,*,#998,.T.);
#998 = EDGE_CURVE('',#976,#999,#1001,.T.);
#999 = VERTEX_POINT('',#1000);
#1000 = CARTESIAN_POINT('',(2.65,2.1,1.));
#1001 = LINE('',#1002,#1003);
#1002 = CARTESIAN_POINT('',(2.65,1.2,1.));
#1003 = VECTOR('',#1004,1.);
#1004 = DIRECTION('',(1.224646799147E-16,1.,0.));
#1005 = ORIENTED_EDGE('',*,*,#1006,.T.);
#1006 = EDGE_CURVE('',#999,#428,#1007,.T.);
#1007 = LINE('',#1008,#1009);
#1008 = CARTESIAN_POINT('',(2.7,2.1,1.));
#1009 = VECTOR('',#1010,1.);
#1010 = DIRECTION('',(-1.,1.224646799147E-16,0.));
#1011 = ORIENTED_EDGE('',*,*,#435,.F.);
#1012 = ORIENTED_EDGE('',*,*,#975,.T.);
#1013 = PLANE('',#1014);
#1014 = AXIS2_PLACEMENT_3D('',#1015,#1016,#1017);
#1015 = CARTESIAN_POINT('',(2.25,1.65,1.));
#1016 = DIRECTION('',(0.,0.,1.));
#1017 = DIRECTION('',(-1.,1.224646799147E-16,0.));
#1018 = ADVANCED_FACE('',(#1019),#1091,.F.);
#1019 = FACE_BOUND('',#1020,.F.);
#1020 = EDGE_LOOP('',(#1021,#1032,#1040,#1047,#1048,#1049,#1050,#1059,
    #1067,#1074,#1075,#1076,#1077,#1085));
#1021 = ORIENTED_EDGE('',*,*,#1022,.F.);
#1022 = EDGE_CURVE('',#1023,#1025,#1027,.T.);
#1023 = VERTEX_POINT('',#1024);
#1024 = CARTESIAN_POINT('',(2.7,2.1,5.E-02));
#1025 = VERTEX_POINT('',#1026);
#1026 = CARTESIAN_POINT('',(2.65,2.1,-6.938893903907E-18));
#1027 = CIRCLE('',#1028,5.E-02);
#1028 = AXIS2_PLACEMENT_3D('',#1029,#1030,#1031);
#1029 = CARTESIAN_POINT('',(2.65,2.1,5.E-02));
#1030 = DIRECTION('',(1.224646799147E-16,1.,0.));
#1031 = DIRECTION('',(0.,0.,-1.));
#1032 = ORIENTED_EDGE('',*,*,#1033,.T.);
#1033 = EDGE_CURVE('',#1023,#1034,#1036,.T.);
#1034 = VERTEX_POINT('',#1035);
#1035 = CARTESIAN_POINT('',(2.7,2.1,0.95));
#1036 = LINE('',#1037,#1038);
#1037 = CARTESIAN_POINT('',(2.7,2.1,0.));
#1038 = VECTOR('',#1039,1.);
#1039 = DIRECTION('',(0.,0.,1.));
#1040 = ORIENTED_EDGE('',*,*,#1041,.T.);
#1041 = EDGE_CURVE('',#1034,#999,#1042,.T.);
#1042 = CIRCLE('',#1043,5.E-02);
#1043 = AXIS2_PLACEMENT_3D('',#1044,#1045,#1046);
#1044 = CARTESIAN_POINT('',(2.65,2.1,0.95));
#1045 = DIRECTION('',(-1.224646799147E-16,-1.,0.));
#1046 = DIRECTION('',(-0.,0.,-1.));
#1047 = ORIENTED_EDGE('',*,*,#1006,.T.);
#1048 = ORIENTED_EDGE('',*,*,#427,.F.);
#1049 = ORIENTED_EDGE('',*,*,#892,.F.);
#1050 = ORIENTED_EDGE('',*,*,#1051,.T.);
#1051 = EDGE_CURVE('',#885,#1052,#1054,.T.);
#1052 = VERTEX_POINT('',#1053);
#1053 = CARTESIAN_POINT('',(2.6,2.1,0.85));
#1054 = CIRCLE('',#1055,5.E-02);
#1055 = AXIS2_PLACEMENT_3D('',#1056,#1057,#1058);
#1056 = CARTESIAN_POINT('',(2.55,2.1,0.85));
#1057 = DIRECTION('',(1.224646799147E-16,1.,0.));
#1058 = DIRECTION('',(1.,-1.224646799147E-16,0.));
#1059 = ORIENTED_EDGE('',*,*,#1060,.T.);
#1060 = EDGE_CURVE('',#1052,#1061,#1063,.T.);
#1061 = VERTEX_POINT('',#1062);
#1062 = CARTESIAN_POINT('',(2.6,2.1,0.15));
#1063 = LINE('',#1064,#1065);
#1064 = CARTESIAN_POINT('',(2.6,2.1,5.E-02));
#1065 = VECTOR('',#1066,1.);
#1066 = DIRECTION('',(0.,-0.,-1.));
#1067 = ORIENTED_EDGE('',*,*,#1068,.T.);
#1068 = EDGE_CURVE('',#1061,#823,#1069,.T.);
#1069 = CIRCLE('',#1070,5.E-02);
#1070 = AXIS2_PLACEMENT_3D('',#1071,#1072,#1073);
#1071 = CARTESIAN_POINT('',(2.55,2.1,0.15));
#1072 = DIRECTION('',(1.224646799147E-16,1.,0.));
#1073 = DIRECTION('',(1.,-1.224646799147E-16,0.));
#1074 = ORIENTED_EDGE('',*,*,#830,.T.);
#1075 = ORIENTED_EDGE('',*,*,#806,.T.);
#1076 = ORIENTED_EDGE('',*,*,#798,.F.);
#1077 = ORIENTED_EDGE('',*,*,#1078,.F.);
#1078 = EDGE_CURVE('',#1079,#791,#1081,.T.);
#1079 = VERTEX_POINT('',#1080);
#1080 = CARTESIAN_POINT('',(1.8,2.1,0.));
#1081 = LINE('',#1082,#1083);
#1082 = CARTESIAN_POINT('',(1.8,2.1,0.));
#1083 = VECTOR('',#1084,1.);
#1084 = DIRECTION('',(0.,0.,1.));
#1085 = ORIENTED_EDGE('',*,*,#1086,.F.);
#1086 = EDGE_CURVE('',#1025,#1079,#1087,.T.);
#1087 = LINE('',#1088,#1089);
#1088 = CARTESIAN_POINT('',(2.7,2.1,0.));
#1089 = VECTOR('',#1090,1.);
#1090 = DIRECTION('',(-1.,1.224646799147E-16,0.));
#1091 = PLANE('',#1092);
#1092 = AXIS2_PLACEMENT_3D('',#1093,#1094,#1095);
#1093 = CARTESIAN_POINT('',(2.7,2.1,0.));
#1094 = DIRECTION('',(-1.224646799147E-16,-1.,0.));
#1095 = DIRECTION('',(-1.,1.224646799147E-16,0.));
#1096 = ADVANCED_FACE('',(#1097),#1122,.T.);
#1097 = FACE_BOUND('',#1098,.T.);
#1098 = EDGE_LOOP('',(#1099,#1109,#1115,#1116));
#1099 = ORIENTED_EDGE('',*,*,#1100,.T.);
#1100 = EDGE_CURVE('',#1101,#1103,#1105,.T.);
#1101 = VERTEX_POINT('',#1102);
#1102 = CARTESIAN_POINT('',(2.65,-2.1,1.));
#1103 = VERTEX_POINT('',#1104);
#1104 = CARTESIAN_POINT('',(2.65,-1.2,1.));
#1105 = LINE('',#1106,#1107);
#1106 = CARTESIAN_POINT('',(2.65,-2.1,1.));
#1107 = VECTOR('',#1108,1.);
#1108 = DIRECTION('',(1.224646799147E-16,1.,0.));
#1109 = ORIENTED_EDGE('',*,*,#1110,.T.);
#1110 = EDGE_CURVE('',#1103,#454,#1111,.T.);
#1111 = LINE('',#1112,#1113);
#1112 = CARTESIAN_POINT('',(2.7,-1.2,1.));
#1113 = VECTOR('',#1114,1.);
#1114 = DIRECTION('',(-1.,1.224646799147E-16,0.));
#1115 = ORIENTED_EDGE('',*,*,#451,.F.);
#1116 = ORIENTED_EDGE('',*,*,#1117,.T.);
#1117 = EDGE_CURVE('',#452,#1101,#1118,.T.);
#1118 = LINE('',#1119,#1120);
#1119 = CARTESIAN_POINT('',(1.8,-2.1,1.));
#1120 = VECTOR('',#1121,1.);
#1121 = DIRECTION('',(1.,-1.224646799147E-16,0.));
#1122 = PLANE('',#1123);
#1123 = AXIS2_PLACEMENT_3D('',#1124,#1125,#1126);
#1124 = CARTESIAN_POINT('',(2.25,-1.65,1.));
#1125 = DIRECTION('',(0.,0.,1.));
#1126 = DIRECTION('',(-1.,1.224646799147E-16,0.));
#1127 = ADVANCED_FACE('',(#1128),#1207,.F.);
#1128 = FACE_BOUND('',#1129,.F.);
#1129 = EDGE_LOOP('',(#1130,#1141,#1149,#1156,#1157,#1158,#1166,#1175,
    #1183,#1190,#1191,#1192,#1193,#1201));
#1130 = ORIENTED_EDGE('',*,*,#1131,.F.);
#1131 = EDGE_CURVE('',#1132,#1134,#1136,.T.);
#1132 = VERTEX_POINT('',#1133);
#1133 = CARTESIAN_POINT('',(2.7,-1.2,5.E-02));
#1134 = VERTEX_POINT('',#1135);
#1135 = CARTESIAN_POINT('',(2.65,-1.2,-6.938893903907E-18));
#1136 = CIRCLE('',#1137,5.E-02);
#1137 = AXIS2_PLACEMENT_3D('',#1138,#1139,#1140);
#1138 = CARTESIAN_POINT('',(2.65,-1.2,5.E-02));
#1139 = DIRECTION('',(1.224646799147E-16,1.,0.));
#1140 = DIRECTION('',(0.,0.,-1.));
#1141 = ORIENTED_EDGE('',*,*,#1142,.T.);
#1142 = EDGE_CURVE('',#1132,#1143,#1145,.T.);
#1143 = VERTEX_POINT('',#1144);
#1144 = CARTESIAN_POINT('',(2.7,-1.2,0.95));
#1145 = LINE('',#1146,#1147);
#1146 = CARTESIAN_POINT('',(2.7,-1.2,0.));
#1147 = VECTOR('',#1148,1.);
#1148 = DIRECTION('',(0.,0.,1.));
#1149 = ORIENTED_EDGE('',*,*,#1150,.T.);
#1150 = EDGE_CURVE('',#1143,#1103,#1151,.T.);
#1151 = CIRCLE('',#1152,5.E-02);
#1152 = AXIS2_PLACEMENT_3D('',#1153,#1154,#1155);
#1153 = CARTESIAN_POINT('',(2.65,-1.2,0.95));
#1154 = DIRECTION('',(-1.224646799147E-16,-1.,0.));
#1155 = DIRECTION('',(-0.,0.,-1.));
#1156 = ORIENTED_EDGE('',*,*,#1110,.T.);
#1157 = ORIENTED_EDGE('',*,*,#477,.F.);
#1158 = ORIENTED_EDGE('',*,*,#1159,.F.);
#1159 = EDGE_CURVE('',#1160,#470,#1162,.T.);
#1160 = VERTEX_POINT('',#1161);
#1161 = CARTESIAN_POINT('',(2.55,-1.2,0.9));
#1162 = LINE('',#1163,#1164);
#1163 = CARTESIAN_POINT('',(2.475,-1.2,0.9));
#1164 = VECTOR('',#1165,1.);
#1165 = DIRECTION('',(-1.,1.224646799147E-16,4.996063166392E-32));
#1166 = ORIENTED_EDGE('',*,*,#1167,.T.);
#1167 = EDGE_CURVE('',#1160,#1168,#1170,.T.);
#1168 = VERTEX_POINT('',#1169);
#1169 = CARTESIAN_POINT('',(2.6,-1.2,0.85));
#1170 = CIRCLE('',#1171,5.E-02);
#1171 = AXIS2_PLACEMENT_3D('',#1172,#1173,#1174);
#1172 = CARTESIAN_POINT('',(2.55,-1.2,0.85));
#1173 = DIRECTION('',(1.224646799147E-16,1.,0.));
#1174 = DIRECTION('',(1.,-1.224646799147E-16,0.));
#1175 = ORIENTED_EDGE('',*,*,#1176,.T.);
#1176 = EDGE_CURVE('',#1168,#1177,#1179,.T.);
#1177 = VERTEX_POINT('',#1178);
#1178 = CARTESIAN_POINT('',(2.6,-1.2,0.15));
#1179 = LINE('',#1180,#1181);
#1180 = CARTESIAN_POINT('',(2.6,-1.2,5.E-02));
#1181 = VECTOR('',#1182,1.);
#1182 = DIRECTION('',(0.,-0.,-1.));
#1183 = ORIENTED_EDGE('',*,*,#1184,.T.);
#1184 = EDGE_CURVE('',#1177,#854,#1185,.T.);
#1185 = CIRCLE('',#1186,5.E-02);
#1186 = AXIS2_PLACEMENT_3D('',#1187,#1188,#1189);
#1187 = CARTESIAN_POINT('',(2.55,-1.2,0.15));
#1188 = DIRECTION('',(1.224646799147E-16,1.,0.));
#1189 = DIRECTION('',(1.,-1.224646799147E-16,0.));
#1190 = ORIENTED_EDGE('',*,*,#861,.T.);
#1191 = ORIENTED_EDGE('',*,*,#767,.T.);
#1192 = ORIENTED_EDGE('',*,*,#759,.F.);
#1193 = ORIENTED_EDGE('',*,*,#1194,.F.);
#1194 = EDGE_CURVE('',#1195,#752,#1197,.T.);
#1195 = VERTEX_POINT('',#1196);
#1196 = CARTESIAN_POINT('',(1.8,-1.2,0.));
#1197 = LINE('',#1198,#1199);
#1198 = CARTESIAN_POINT('',(1.8,-1.2,0.));
#1199 = VECTOR('',#1200,1.);
#1200 = DIRECTION('',(0.,0.,1.));
#1201 = ORIENTED_EDGE('',*,*,#1202,.F.);
#1202 = EDGE_CURVE('',#1134,#1195,#1203,.T.);
#1203 = LINE('',#1204,#1205);
#1204 = CARTESIAN_POINT('',(2.7,-1.2,0.));
#1205 = VECTOR('',#1206,1.);
#1206 = DIRECTION('',(-1.,1.224646799147E-16,0.));
#1207 = PLANE('',#1208);
#1208 = AXIS2_PLACEMENT_3D('',#1209,#1210,#1211);
#1209 = CARTESIAN_POINT('',(2.7,-1.2,0.));
#1210 = DIRECTION('',(-1.224646799147E-16,-1.,0.));
#1211 = DIRECTION('',(-1.,1.224646799147E-16,0.));
#1212 = ADVANCED_FACE('',(#1213),#1231,.F.);
#1213 = FACE_BOUND('',#1214,.F.);
#1214 = EDGE_LOOP('',(#1215,#1223,#1224,#1225));
#1215 = ORIENTED_EDGE('',*,*,#1216,.T.);
#1216 = EDGE_CURVE('',#1217,#1160,#1219,.T.);
#1217 = VERTEX_POINT('',#1218);
#1218 = CARTESIAN_POINT('',(2.55,-2.1,0.9));
#1219 = LINE('',#1220,#1221);
#1220 = CARTESIAN_POINT('',(2.55,-2.2,0.9));
#1221 = VECTOR('',#1222,1.);
#1222 = DIRECTION('',(1.224646799147E-16,1.,0.));
#1223 = ORIENTED_EDGE('',*,*,#1159,.T.);
#1224 = ORIENTED_EDGE('',*,*,#469,.F.);
#1225 = ORIENTED_EDGE('',*,*,#1226,.T.);
#1226 = EDGE_CURVE('',#462,#1217,#1227,.T.);
#1227 = LINE('',#1228,#1229);
#1228 = CARTESIAN_POINT('',(2.025,-2.1,0.9));
#1229 = VECTOR('',#1230,1.);
#1230 = DIRECTION('',(1.,-1.224646799147E-16,-4.996063166392E-32));
#1231 = PLANE('',#1232);
#1232 = AXIS2_PLACEMENT_3D('',#1233,#1234,#1235);
#1233 = CARTESIAN_POINT('',(2.25,-1.65,0.9));
#1234 = DIRECTION('',(4.996063166392E-32,3.890767564419E-33,1.));
#1235 = DIRECTION('',(-1.,1.224646799147E-16,4.996063166392E-32));
#1236 = ADVANCED_FACE('',(#1237),#1309,.F.);
#1237 = FACE_BOUND('',#1238,.F.);
#1238 = EDGE_LOOP('',(#1239,#1249,#1258,#1266,#1272,#1273,#1274,#1275,
    #1284,#1292,#1299,#1300,#1301,#1302));
#1239 = ORIENTED_EDGE('',*,*,#1240,.F.);
#1240 = EDGE_CURVE('',#1241,#1243,#1245,.T.);
#1241 = VERTEX_POINT('',#1242);
#1242 = CARTESIAN_POINT('',(2.7,-2.1,5.E-02));
#1243 = VERTEX_POINT('',#1244);
#1244 = CARTESIAN_POINT('',(2.7,-2.1,0.95));
#1245 = LINE('',#1246,#1247);
#1246 = CARTESIAN_POINT('',(2.7,-2.1,0.));
#1247 = VECTOR('',#1248,1.);
#1248 = DIRECTION('',(0.,0.,1.));
#1249 = ORIENTED_EDGE('',*,*,#1250,.T.);
#1250 = EDGE_CURVE('',#1241,#1251,#1253,.T.);
#1251 = VERTEX_POINT('',#1252);
#1252 = CARTESIAN_POINT('',(2.65,-2.1,-6.938893903907E-18));
#1253 = CIRCLE('',#1254,5.E-02);
#1254 = AXIS2_PLACEMENT_3D('',#1255,#1256,#1257);
#1255 = CARTESIAN_POINT('',(2.65,-2.1,5.E-02));
#1256 = DIRECTION('',(1.224646799147E-16,1.,0.));
#1257 = DIRECTION('',(0.,0.,-1.));
#1258 = ORIENTED_EDGE('',*,*,#1259,.F.);
#1259 = EDGE_CURVE('',#1260,#1251,#1262,.T.);
#1260 = VERTEX_POINT('',#1261);
#1261 = CARTESIAN_POINT('',(1.8,-2.1,0.));
#1262 = LINE('',#1263,#1264);
#1263 = CARTESIAN_POINT('',(1.8,-2.1,0.));
#1264 = VECTOR('',#1265,1.);
#1265 = DIRECTION('',(1.,-1.224646799147E-16,0.));
#1266 = ORIENTED_EDGE('',*,*,#1267,.T.);
#1267 = EDGE_CURVE('',#1260,#744,#1268,.T.);
#1268 = LINE('',#1269,#1270);
#1269 = CARTESIAN_POINT('',(1.8,-2.1,0.));
#1270 = VECTOR('',#1271,1.);
#1271 = DIRECTION('',(0.,0.,1.));
#1272 = ORIENTED_EDGE('',*,*,#743,.F.);
#1273 = ORIENTED_EDGE('',*,*,#735,.T.);
#1274 = ORIENTED_EDGE('',*,*,#868,.T.);
#1275 = ORIENTED_EDGE('',*,*,#1276,.F.);
#1276 = EDGE_CURVE('',#1277,#852,#1279,.T.);
#1277 = VERTEX_POINT('',#1278);
#1278 = CARTESIAN_POINT('',(2.6,-2.1,0.15));
#1279 = CIRCLE('',#1280,5.E-02);
#1280 = AXIS2_PLACEMENT_3D('',#1281,#1282,#1283);
#1281 = CARTESIAN_POINT('',(2.55,-2.1,0.15));
#1282 = DIRECTION('',(1.224646799147E-16,1.,0.));
#1283 = DIRECTION('',(1.,-1.224646799147E-16,0.));
#1284 = ORIENTED_EDGE('',*,*,#1285,.T.);
#1285 = EDGE_CURVE('',#1277,#1286,#1288,.T.);
#1286 = VERTEX_POINT('',#1287);
#1287 = CARTESIAN_POINT('',(2.6,-2.1,0.85));
#1288 = LINE('',#1289,#1290);
#1289 = CARTESIAN_POINT('',(2.6,-2.1,5.E-02));
#1290 = VECTOR('',#1291,1.);
#1291 = DIRECTION('',(0.,0.,1.));
#1292 = ORIENTED_EDGE('',*,*,#1293,.F.);
#1293 = EDGE_CURVE('',#1217,#1286,#1294,.T.);
#1294 = CIRCLE('',#1295,5.E-02);
#1295 = AXIS2_PLACEMENT_3D('',#1296,#1297,#1298);
#1296 = CARTESIAN_POINT('',(2.55,-2.1,0.85));
#1297 = DIRECTION('',(1.224646799147E-16,1.,0.));
#1298 = DIRECTION('',(1.,-1.224646799147E-16,0.));
#1299 = ORIENTED_EDGE('',*,*,#1226,.F.);
#1300 = ORIENTED_EDGE('',*,*,#461,.F.);
#1301 = ORIENTED_EDGE('',*,*,#1117,.T.);
#1302 = ORIENTED_EDGE('',*,*,#1303,.F.);
#1303 = EDGE_CURVE('',#1243,#1101,#1304,.T.);
#1304 = CIRCLE('',#1305,5.E-02);
#1305 = AXIS2_PLACEMENT_3D('',#1306,#1307,#1308);
#1306 = CARTESIAN_POINT('',(2.65,-2.1,0.95));
#1307 = DIRECTION('',(-1.224646799147E-16,-1.,0.));
#1308 = DIRECTION('',(-0.,0.,-1.));
#1309 = PLANE('',#1310);
#1310 = AXIS2_PLACEMENT_3D('',#1311,#1312,#1313);
#1311 = CARTESIAN_POINT('',(1.8,-2.1,0.));
#1312 = DIRECTION('',(1.224646799147E-16,1.,0.));
#1313 = DIRECTION('',(1.,-1.224646799147E-16,0.));
#1314 = ADVANCED_FACE('',(#1315),#1340,.T.);
#1315 = FACE_BOUND('',#1316,.T.);
#1316 = EDGE_LOOP('',(#1317,#1318,#1326,#1334));
#1317 = ORIENTED_EDGE('',*,*,#525,.F.);
#1318 = ORIENTED_EDGE('',*,*,#1319,.T.);
#1319 = EDGE_CURVE('',#526,#1320,#1322,.T.);
#1320 = VERTEX_POINT('',#1321);
#1321 = CARTESIAN_POINT('',(-2.55,2.1,0.1));
#1322 = LINE('',#1323,#1324);
#1323 = CARTESIAN_POINT('',(-2.025,2.1,0.1));
#1324 = VECTOR('',#1325,1.);
#1325 = DIRECTION('',(-1.,1.224646799147E-16,-4.996063166392E-32));
#1326 = ORIENTED_EDGE('',*,*,#1327,.T.);
#1327 = EDGE_CURVE('',#1320,#1328,#1330,.T.);
#1328 = VERTEX_POINT('',#1329);
#1329 = CARTESIAN_POINT('',(-2.55,1.2,0.1));
#1330 = LINE('',#1331,#1332);
#1331 = CARTESIAN_POINT('',(-2.55,2.2,0.1));
#1332 = VECTOR('',#1333,1.);
#1333 = DIRECTION('',(-1.224646799147E-16,-1.,0.));
#1334 = ORIENTED_EDGE('',*,*,#1335,.T.);
#1335 = EDGE_CURVE('',#1328,#518,#1336,.T.);
#1336 = LINE('',#1337,#1338);
#1337 = CARTESIAN_POINT('',(-2.475,1.2,0.1));
#1338 = VECTOR('',#1339,1.);
#1339 = DIRECTION('',(1.,-1.224646799147E-16,4.996063166392E-32));
#1340 = PLANE('',#1341);
#1341 = AXIS2_PLACEMENT_3D('',#1342,#1343,#1344);
#1342 = CARTESIAN_POINT('',(-2.25,1.65,0.1));
#1343 = DIRECTION('',(-4.996063166392E-32,1.556307025767E-32,1.));
#1344 = DIRECTION('',(-1.,1.224646799147E-16,-4.996063166392E-32));
#1345 = ADVANCED_FACE('',(#1346),#1371,.T.);
#1346 = FACE_BOUND('',#1347,.T.);
#1347 = EDGE_LOOP('',(#1348,#1349,#1357,#1365));
#1348 = ORIENTED_EDGE('',*,*,#509,.F.);
#1349 = ORIENTED_EDGE('',*,*,#1350,.T.);
#1350 = EDGE_CURVE('',#510,#1351,#1353,.T.);
#1351 = VERTEX_POINT('',#1352);
#1352 = CARTESIAN_POINT('',(-2.55,-1.2,0.1));
#1353 = LINE('',#1354,#1355);
#1354 = CARTESIAN_POINT('',(-2.025,-1.2,0.1));
#1355 = VECTOR('',#1356,1.);
#1356 = DIRECTION('',(-1.,1.224646799147E-16,-4.996063166392E-32));
#1357 = ORIENTED_EDGE('',*,*,#1358,.T.);
#1358 = EDGE_CURVE('',#1351,#1359,#1361,.T.);
#1359 = VERTEX_POINT('',#1360);
#1360 = CARTESIAN_POINT('',(-2.55,-2.1,0.1));
#1361 = LINE('',#1362,#1363);
#1362 = CARTESIAN_POINT('',(-2.55,-1.1,0.1));
#1363 = VECTOR('',#1364,1.);
#1364 = DIRECTION('',(-1.224646799147E-16,-1.,0.));
#1365 = ORIENTED_EDGE('',*,*,#1366,.T.);
#1366 = EDGE_CURVE('',#1359,#502,#1367,.T.);
#1367 = LINE('',#1368,#1369);
#1368 = CARTESIAN_POINT('',(-2.475,-2.1,0.1));
#1369 = VECTOR('',#1370,1.);
#1370 = DIRECTION('',(1.,-1.224646799147E-16,4.996063166392E-32));
#1371 = PLANE('',#1372);
#1372 = AXIS2_PLACEMENT_3D('',#1373,#1374,#1375);
#1373 = CARTESIAN_POINT('',(-2.25,-1.65,0.1));
#1374 = DIRECTION('',(-4.996063166392E-32,3.890767564419E-33,1.));
#1375 = DIRECTION('',(-1.,1.224646799147E-16,-4.996063166392E-32));
#1376 = ADVANCED_FACE('',(#1377),#1402,.T.);
#1377 = FACE_BOUND('',#1378,.T.);
#1378 = EDGE_LOOP('',(#1379,#1380,#1388,#1396));
#1379 = ORIENTED_EDGE('',*,*,#541,.F.);
#1380 = ORIENTED_EDGE('',*,*,#1381,.T.);
#1381 = EDGE_CURVE('',#542,#1382,#1384,.T.);
#1382 = VERTEX_POINT('',#1383);
#1383 = CARTESIAN_POINT('',(-2.65,-1.2,1.));
#1384 = LINE('',#1385,#1386);
#1385 = CARTESIAN_POINT('',(-1.8,-1.2,1.));
#1386 = VECTOR('',#1387,1.);
#1387 = DIRECTION('',(-1.,1.224646799147E-16,0.));
#1388 = ORIENTED_EDGE('',*,*,#1389,.T.);
#1389 = EDGE_CURVE('',#1382,#1390,#1392,.T.);
#1390 = VERTEX_POINT('',#1391);
#1391 = CARTESIAN_POINT('',(-2.65,-2.1,1.));
#1392 = LINE('',#1393,#1394);
#1393 = CARTESIAN_POINT('',(-2.65,-1.2,1.));
#1394 = VECTOR('',#1395,1.);
#1395 = DIRECTION('',(-1.224646799147E-16,-1.,0.));
#1396 = ORIENTED_EDGE('',*,*,#1397,.T.);
#1397 = EDGE_CURVE('',#1390,#544,#1398,.T.);
#1398 = LINE('',#1399,#1400);
#1399 = CARTESIAN_POINT('',(-2.7,-2.1,1.));
#1400 = VECTOR('',#1401,1.);
#1401 = DIRECTION('',(1.,-1.224646799147E-16,0.));
#1402 = PLANE('',#1403);
#1403 = AXIS2_PLACEMENT_3D('',#1404,#1405,#1406);
#1404 = CARTESIAN_POINT('',(-2.25,-1.65,1.));
#1405 = DIRECTION('',(0.,0.,1.));
#1406 = DIRECTION('',(-1.,1.224646799147E-16,0.));
#1407 = ADVANCED_FACE('',(#1408),#1487,.F.);
#1408 = FACE_BOUND('',#1409,.F.);
#1409 = EDGE_LOOP('',(#1410,#1421,#1429,#1436,#1437,#1438,#1446,#1455,
    #1463,#1470,#1471,#1472,#1473,#1481));
#1410 = ORIENTED_EDGE('',*,*,#1411,.F.);
#1411 = EDGE_CURVE('',#1412,#1414,#1416,.T.);
#1412 = VERTEX_POINT('',#1413);
#1413 = CARTESIAN_POINT('',(-2.7,-2.1,5.E-02));
#1414 = VERTEX_POINT('',#1415);
#1415 = CARTESIAN_POINT('',(-2.65,-2.1,-6.938893903907E-18));
#1416 = CIRCLE('',#1417,5.E-02);
#1417 = AXIS2_PLACEMENT_3D('',#1418,#1419,#1420);
#1418 = CARTESIAN_POINT('',(-2.65,-2.1,5.E-02));
#1419 = DIRECTION('',(-1.224646799147E-16,-1.,0.));
#1420 = DIRECTION('',(0.,0.,1.));
#1421 = ORIENTED_EDGE('',*,*,#1422,.T.);
#1422 = EDGE_CURVE('',#1412,#1423,#1425,.T.);
#1423 = VERTEX_POINT('',#1424);
#1424 = CARTESIAN_POINT('',(-2.7,-2.1,0.95));
#1425 = LINE('',#1426,#1427);
#1426 = CARTESIAN_POINT('',(-2.7,-2.1,0.));
#1427 = VECTOR('',#1428,1.);
#1428 = DIRECTION('',(0.,0.,1.));
#1429 = ORIENTED_EDGE('',*,*,#1430,.F.);
#1430 = EDGE_CURVE('',#1390,#1423,#1431,.T.);
#1431 = CIRCLE('',#1432,5.E-02);
#1432 = AXIS2_PLACEMENT_3D('',#1433,#1434,#1435);
#1433 = CARTESIAN_POINT('',(-2.65,-2.1,0.95));
#1434 = DIRECTION('',(-1.224646799147E-16,-1.,0.));
#1435 = DIRECTION('',(0.,0.,1.));
#1436 = ORIENTED_EDGE('',*,*,#1397,.T.);
#1437 = ORIENTED_EDGE('',*,*,#567,.F.);
#1438 = ORIENTED_EDGE('',*,*,#1439,.F.);
#1439 = EDGE_CURVE('',#1440,#560,#1442,.T.);
#1440 = VERTEX_POINT('',#1441);
#1441 = CARTESIAN_POINT('',(-2.55,-2.1,0.9));
#1442 = LINE('',#1443,#1444);
#1443 = CARTESIAN_POINT('',(-2.475,-2.1,0.9));
#1444 = VECTOR('',#1445,1.);
#1445 = DIRECTION('',(1.,-1.224646799147E-16,4.996063166392E-32));
#1446 = ORIENTED_EDGE('',*,*,#1447,.T.);
#1447 = EDGE_CURVE('',#1440,#1448,#1450,.T.);
#1448 = VERTEX_POINT('',#1449);
#1449 = CARTESIAN_POINT('',(-2.6,-2.1,0.85));
#1450 = CIRCLE('',#1451,5.E-02);
#1451 = AXIS2_PLACEMENT_3D('',#1452,#1453,#1454);
#1452 = CARTESIAN_POINT('',(-2.55,-2.1,0.85));
#1453 = DIRECTION('',(-1.224646799147E-16,-1.,0.));
#1454 = DIRECTION('',(-1.,1.224646799147E-16,0.));
#1455 = ORIENTED_EDGE('',*,*,#1456,.T.);
#1456 = EDGE_CURVE('',#1448,#1457,#1459,.T.);
#1457 = VERTEX_POINT('',#1458);
#1458 = CARTESIAN_POINT('',(-2.6,-2.1,0.15));
#1459 = LINE('',#1460,#1461);
#1460 = CARTESIAN_POINT('',(-2.6,-2.1,5.E-02));
#1461 = VECTOR('',#1462,1.);
#1462 = DIRECTION('',(0.,0.,-1.));
#1463 = ORIENTED_EDGE('',*,*,#1464,.T.);
#1464 = EDGE_CURVE('',#1457,#1359,#1465,.T.);
#1465 = CIRCLE('',#1466,5.E-02);
#1466 = AXIS2_PLACEMENT_3D('',#1467,#1468,#1469);
#1467 = CARTESIAN_POINT('',(-2.55,-2.1,0.15));
#1468 = DIRECTION('',(-1.224646799147E-16,-1.,0.));
#1469 = DIRECTION('',(4.996063166392E-32,-6.118412765058E-48,-1.));
#1470 = ORIENTED_EDGE('',*,*,#1366,.T.);
#1471 = ORIENTED_EDGE('',*,*,#726,.T.);
#1472 = ORIENTED_EDGE('',*,*,#718,.F.);
#1473 = ORIENTED_EDGE('',*,*,#1474,.F.);
#1474 = EDGE_CURVE('',#1475,#711,#1477,.T.);
#1475 = VERTEX_POINT('',#1476);
#1476 = CARTESIAN_POINT('',(-1.8,-2.1,0.));
#1477 = LINE('',#1478,#1479);
#1478 = CARTESIAN_POINT('',(-1.8,-2.1,0.));
#1479 = VECTOR('',#1480,1.);
#1480 = DIRECTION('',(0.,0.,1.));
#1481 = ORIENTED_EDGE('',*,*,#1482,.F.);
#1482 = EDGE_CURVE('',#1414,#1475,#1483,.T.);
#1483 = LINE('',#1484,#1485);
#1484 = CARTESIAN_POINT('',(-2.7,-2.1,0.));
#1485 = VECTOR('',#1486,1.);
#1486 = DIRECTION('',(1.,-1.224646799147E-16,0.));
#1487 = PLANE('',#1488);
#1488 = AXIS2_PLACEMENT_3D('',#1489,#1490,#1491);
#1489 = CARTESIAN_POINT('',(-2.7,-2.1,0.));
#1490 = DIRECTION('',(1.224646799147E-16,1.,0.));
#1491 = DIRECTION('',(1.,-1.224646799147E-16,0.));
#1492 = ADVANCED_FACE('',(#1493),#1511,.F.);
#1493 = FACE_BOUND('',#1494,.F.);
#1494 = EDGE_LOOP('',(#1495,#1496,#1504,#1510));
#1495 = ORIENTED_EDGE('',*,*,#559,.F.);
#1496 = ORIENTED_EDGE('',*,*,#1497,.T.);
#1497 = EDGE_CURVE('',#552,#1498,#1500,.T.);
#1498 = VERTEX_POINT('',#1499);
#1499 = CARTESIAN_POINT('',(-2.55,-1.2,0.9));
#1500 = LINE('',#1501,#1502);
#1501 = CARTESIAN_POINT('',(-2.025,-1.2,0.9));
#1502 = VECTOR('',#1503,1.);
#1503 = DIRECTION('',(-1.,1.224646799147E-16,-4.996063166392E-32));
#1504 = ORIENTED_EDGE('',*,*,#1505,.T.);
#1505 = EDGE_CURVE('',#1498,#1440,#1506,.T.);
#1506 = LINE('',#1507,#1508);
#1507 = CARTESIAN_POINT('',(-2.55,-1.1,0.9));
#1508 = VECTOR('',#1509,1.);
#1509 = DIRECTION('',(-1.224646799147E-16,-1.,0.));
#1510 = ORIENTED_EDGE('',*,*,#1439,.T.);
#1511 = PLANE('',#1512);
#1512 = AXIS2_PLACEMENT_3D('',#1513,#1514,#1515);
#1513 = CARTESIAN_POINT('',(-2.25,-1.65,0.9));
#1514 = DIRECTION('',(-4.996063166392E-32,3.890767564419E-33,1.));
#1515 = DIRECTION('',(-1.,1.224646799147E-16,-4.996063166392E-32));
#1516 = ADVANCED_FACE('',(#1517),#1589,.F.);
#1517 = FACE_BOUND('',#1518,.F.);
#1518 = EDGE_LOOP('',(#1519,#1529,#1538,#1546,#1552,#1553,#1554,#1555,
    #1564,#1572,#1579,#1580,#1581,#1582));
#1519 = ORIENTED_EDGE('',*,*,#1520,.F.);
#1520 = EDGE_CURVE('',#1521,#1523,#1525,.T.);
#1521 = VERTEX_POINT('',#1522);
#1522 = CARTESIAN_POINT('',(-2.7,-1.2,5.E-02));
#1523 = VERTEX_POINT('',#1524);
#1524 = CARTESIAN_POINT('',(-2.7,-1.2,0.95));
#1525 = LINE('',#1526,#1527);
#1526 = CARTESIAN_POINT('',(-2.7,-1.2,0.));
#1527 = VECTOR('',#1528,1.);
#1528 = DIRECTION('',(0.,0.,1.));
#1529 = ORIENTED_EDGE('',*,*,#1530,.T.);
#1530 = EDGE_CURVE('',#1521,#1531,#1533,.T.);
#1531 = VERTEX_POINT('',#1532);
#1532 = CARTESIAN_POINT('',(-2.65,-1.2,-6.938893903907E-18));
#1533 = CIRCLE('',#1534,5.E-02);
#1534 = AXIS2_PLACEMENT_3D('',#1535,#1536,#1537);
#1535 = CARTESIAN_POINT('',(-2.65,-1.2,5.E-02));
#1536 = DIRECTION('',(-1.224646799147E-16,-1.,0.));
#1537 = DIRECTION('',(0.,0.,1.));
#1538 = ORIENTED_EDGE('',*,*,#1539,.F.);
#1539 = EDGE_CURVE('',#1540,#1531,#1542,.T.);
#1540 = VERTEX_POINT('',#1541);
#1541 = CARTESIAN_POINT('',(-1.8,-1.2,0.));
#1542 = LINE('',#1543,#1544);
#1543 = CARTESIAN_POINT('',(-1.8,-1.2,0.));
#1544 = VECTOR('',#1545,1.);
#1545 = DIRECTION('',(-1.,1.224646799147E-16,0.));
#1546 = ORIENTED_EDGE('',*,*,#1547,.T.);
#1547 = EDGE_CURVE('',#1540,#703,#1548,.T.);
#1548 = LINE('',#1549,#1550);
#1549 = CARTESIAN_POINT('',(-1.8,-1.2,0.));
#1550 = VECTOR('',#1551,1.);
#1551 = DIRECTION('',(0.,0.,1.));
#1552 = ORIENTED_EDGE('',*,*,#702,.F.);
#1553 = ORIENTED_EDGE('',*,*,#694,.T.);
#1554 = ORIENTED_EDGE('',*,*,#1350,.T.);
#1555 = ORIENTED_EDGE('',*,*,#1556,.F.);
#1556 = EDGE_CURVE('',#1557,#1351,#1559,.T.);
#1557 = VERTEX_POINT('',#1558);
#1558 = CARTESIAN_POINT('',(-2.6,-1.2,0.15));
#1559 = CIRCLE('',#1560,5.E-02);
#1560 = AXIS2_PLACEMENT_3D('',#1561,#1562,#1563);
#1561 = CARTESIAN_POINT('',(-2.55,-1.2,0.15));
#1562 = DIRECTION('',(-1.224646799147E-16,-1.,0.));
#1563 = DIRECTION('',(4.996063166392E-32,-6.118412765058E-48,-1.));
#1564 = ORIENTED_EDGE('',*,*,#1565,.T.);
#1565 = EDGE_CURVE('',#1557,#1566,#1568,.T.);
#1566 = VERTEX_POINT('',#1567);
#1567 = CARTESIAN_POINT('',(-2.6,-1.2,0.85));
#1568 = LINE('',#1569,#1570);
#1569 = CARTESIAN_POINT('',(-2.6,-1.2,5.E-02));
#1570 = VECTOR('',#1571,1.);
#1571 = DIRECTION('',(0.,0.,1.));
#1572 = ORIENTED_EDGE('',*,*,#1573,.F.);
#1573 = EDGE_CURVE('',#1498,#1566,#1574,.T.);
#1574 = CIRCLE('',#1575,5.E-02);
#1575 = AXIS2_PLACEMENT_3D('',#1576,#1577,#1578);
#1576 = CARTESIAN_POINT('',(-2.55,-1.2,0.85));
#1577 = DIRECTION('',(-1.224646799147E-16,-1.,0.));
#1578 = DIRECTION('',(-1.,1.224646799147E-16,0.));
#1579 = ORIENTED_EDGE('',*,*,#1497,.F.);
#1580 = ORIENTED_EDGE('',*,*,#551,.F.);
#1581 = ORIENTED_EDGE('',*,*,#1381,.T.);
#1582 = ORIENTED_EDGE('',*,*,#1583,.T.);
#1583 = EDGE_CURVE('',#1382,#1523,#1584,.T.);
#1584 = CIRCLE('',#1585,5.E-02);
#1585 = AXIS2_PLACEMENT_3D('',#1586,#1587,#1588);
#1586 = CARTESIAN_POINT('',(-2.65,-1.2,0.95));
#1587 = DIRECTION('',(-1.224646799147E-16,-1.,0.));
#1588 = DIRECTION('',(0.,0.,1.));
#1589 = PLANE('',#1590);
#1590 = AXIS2_PLACEMENT_3D('',#1591,#1592,#1593);
#1591 = CARTESIAN_POINT('',(-1.8,-1.2,0.));
#1592 = DIRECTION('',(-1.224646799147E-16,-1.,0.));
#1593 = DIRECTION('',(-1.,1.224646799147E-16,0.));
#1594 = ADVANCED_FACE('',(#1595),#1620,.T.);
#1595 = FACE_BOUND('',#1596,.T.);
#1596 = EDGE_LOOP('',(#1597,#1598,#1606,#1614));
#1597 = ORIENTED_EDGE('',*,*,#575,.F.);
#1598 = ORIENTED_EDGE('',*,*,#1599,.T.);
#1599 = EDGE_CURVE('',#576,#1600,#1602,.T.);
#1600 = VERTEX_POINT('',#1601);
#1601 = CARTESIAN_POINT('',(-2.65,2.1,1.));
#1602 = LINE('',#1603,#1604);
#1603 = CARTESIAN_POINT('',(-1.8,2.1,1.));
#1604 = VECTOR('',#1605,1.);
#1605 = DIRECTION('',(-1.,1.224646799147E-16,0.));
#1606 = ORIENTED_EDGE('',*,*,#1607,.T.);
#1607 = EDGE_CURVE('',#1600,#1608,#1610,.T.);
#1608 = VERTEX_POINT('',#1609);
#1609 = CARTESIAN_POINT('',(-2.65,1.2,1.));
#1610 = LINE('',#1611,#1612);
#1611 = CARTESIAN_POINT('',(-2.65,2.1,1.));
#1612 = VECTOR('',#1613,1.);
#1613 = DIRECTION('',(-1.224646799147E-16,-1.,0.));
#1614 = ORIENTED_EDGE('',*,*,#1615,.T.);
#1615 = EDGE_CURVE('',#1608,#578,#1616,.T.);
#1616 = LINE('',#1617,#1618);
#1617 = CARTESIAN_POINT('',(-2.7,1.2,1.));
#1618 = VECTOR('',#1619,1.);
#1619 = DIRECTION('',(1.,-1.224646799147E-16,0.));
#1620 = PLANE('',#1621);
#1621 = AXIS2_PLACEMENT_3D('',#1622,#1623,#1624);
#1622 = CARTESIAN_POINT('',(-2.25,1.65,1.));
#1623 = DIRECTION('',(0.,0.,1.));
#1624 = DIRECTION('',(-1.,1.224646799147E-16,0.));
#1625 = ADVANCED_FACE('',(#1626),#1705,.F.);
#1626 = FACE_BOUND('',#1627,.F.);
#1627 = EDGE_LOOP('',(#1628,#1639,#1647,#1654,#1655,#1656,#1664,#1673,
    #1681,#1688,#1689,#1690,#1691,#1699));
#1628 = ORIENTED_EDGE('',*,*,#1629,.F.);
#1629 = EDGE_CURVE('',#1630,#1632,#1634,.T.);
#1630 = VERTEX_POINT('',#1631);
#1631 = CARTESIAN_POINT('',(-2.7,1.2,5.E-02));
#1632 = VERTEX_POINT('',#1633);
#1633 = CARTESIAN_POINT('',(-2.65,1.2,-6.938893903907E-18));
#1634 = CIRCLE('',#1635,5.E-02);
#1635 = AXIS2_PLACEMENT_3D('',#1636,#1637,#1638);
#1636 = CARTESIAN_POINT('',(-2.65,1.2,5.E-02));
#1637 = DIRECTION('',(-1.224646799147E-16,-1.,0.));
#1638 = DIRECTION('',(0.,0.,1.));
#1639 = ORIENTED_EDGE('',*,*,#1640,.T.);
#1640 = EDGE_CURVE('',#1630,#1641,#1643,.T.);
#1641 = VERTEX_POINT('',#1642);
#1642 = CARTESIAN_POINT('',(-2.7,1.2,0.95));
#1643 = LINE('',#1644,#1645);
#1644 = CARTESIAN_POINT('',(-2.7,1.2,0.));
#1645 = VECTOR('',#1646,1.);
#1646 = DIRECTION('',(0.,0.,1.));
#1647 = ORIENTED_EDGE('',*,*,#1648,.F.);
#1648 = EDGE_CURVE('',#1608,#1641,#1649,.T.);
#1649 = CIRCLE('',#1650,5.E-02);
#1650 = AXIS2_PLACEMENT_3D('',#1651,#1652,#1653);
#1651 = CARTESIAN_POINT('',(-2.65,1.2,0.95));
#1652 = DIRECTION('',(-1.224646799147E-16,-1.,0.));
#1653 = DIRECTION('',(0.,0.,1.));
#1654 = ORIENTED_EDGE('',*,*,#1615,.T.);
#1655 = ORIENTED_EDGE('',*,*,#601,.F.);
#1656 = ORIENTED_EDGE('',*,*,#1657,.F.);
#1657 = EDGE_CURVE('',#1658,#594,#1660,.T.);
#1658 = VERTEX_POINT('',#1659);
#1659 = CARTESIAN_POINT('',(-2.55,1.2,0.9));
#1660 = LINE('',#1661,#1662);
#1661 = CARTESIAN_POINT('',(-2.475,1.2,0.9));
#1662 = VECTOR('',#1663,1.);
#1663 = DIRECTION('',(1.,-1.224646799147E-16,4.996063166392E-32));
#1664 = ORIENTED_EDGE('',*,*,#1665,.T.);
#1665 = EDGE_CURVE('',#1658,#1666,#1668,.T.);
#1666 = VERTEX_POINT('',#1667);
#1667 = CARTESIAN_POINT('',(-2.6,1.2,0.85));
#1668 = CIRCLE('',#1669,5.E-02);
#1669 = AXIS2_PLACEMENT_3D('',#1670,#1671,#1672);
#1670 = CARTESIAN_POINT('',(-2.55,1.2,0.85));
#1671 = DIRECTION('',(-1.224646799147E-16,-1.,0.));
#1672 = DIRECTION('',(-1.,1.224646799147E-16,0.));
#1673 = ORIENTED_EDGE('',*,*,#1674,.T.);
#1674 = EDGE_CURVE('',#1666,#1675,#1677,.T.);
#1675 = VERTEX_POINT('',#1676);
#1676 = CARTESIAN_POINT('',(-2.6,1.2,0.15));
#1677 = LINE('',#1678,#1679);
#1678 = CARTESIAN_POINT('',(-2.6,1.2,5.E-02));
#1679 = VECTOR('',#1680,1.);
#1680 = DIRECTION('',(0.,0.,-1.));
#1681 = ORIENTED_EDGE('',*,*,#1682,.T.);
#1682 = EDGE_CURVE('',#1675,#1328,#1683,.T.);
#1683 = CIRCLE('',#1684,5.E-02);
#1684 = AXIS2_PLACEMENT_3D('',#1685,#1686,#1687);
#1685 = CARTESIAN_POINT('',(-2.55,1.2,0.15));
#1686 = DIRECTION('',(-1.224646799147E-16,-1.,0.));
#1687 = DIRECTION('',(4.996063166392E-32,-6.118412765058E-48,-1.));
#1688 = ORIENTED_EDGE('',*,*,#1335,.T.);
#1689 = ORIENTED_EDGE('',*,*,#687,.T.);
#1690 = ORIENTED_EDGE('',*,*,#679,.F.);
#1691 = ORIENTED_EDGE('',*,*,#1692,.F.);
#1692 = EDGE_CURVE('',#1693,#672,#1695,.T.);
#1693 = VERTEX_POINT('',#1694);
#1694 = CARTESIAN_POINT('',(-1.8,1.2,0.));
#1695 = LINE('',#1696,#1697);
#1696 = CARTESIAN_POINT('',(-1.8,1.2,0.));
#1697 = VECTOR('',#1698,1.);
#1698 = DIRECTION('',(0.,0.,1.));
#1699 = ORIENTED_EDGE('',*,*,#1700,.F.);
#1700 = EDGE_CURVE('',#1632,#1693,#1701,.T.);
#1701 = LINE('',#1702,#1703);
#1702 = CARTESIAN_POINT('',(-2.7,1.2,0.));
#1703 = VECTOR('',#1704,1.);
#1704 = DIRECTION('',(1.,-1.224646799147E-16,0.));
#1705 = PLANE('',#1706);
#1706 = AXIS2_PLACEMENT_3D('',#1707,#1708,#1709);
#1707 = CARTESIAN_POINT('',(-2.7,1.2,0.));
#1708 = DIRECTION('',(1.224646799147E-16,1.,0.));
#1709 = DIRECTION('',(1.,-1.224646799147E-16,0.));
#1710 = ADVANCED_FACE('',(#1711),#1729,.F.);
#1711 = FACE_BOUND('',#1712,.F.);
#1712 = EDGE_LOOP('',(#1713,#1714,#1722,#1728));
#1713 = ORIENTED_EDGE('',*,*,#593,.F.);
#1714 = ORIENTED_EDGE('',*,*,#1715,.T.);
#1715 = EDGE_CURVE('',#586,#1716,#1718,.T.);
#1716 = VERTEX_POINT('',#1717);
#1717 = CARTESIAN_POINT('',(-2.55,2.1,0.9));
#1718 = LINE('',#1719,#1720);
#1719 = CARTESIAN_POINT('',(-2.025,2.1,0.9));
#1720 = VECTOR('',#1721,1.);
#1721 = DIRECTION('',(-1.,1.224646799147E-16,-4.996063166392E-32));
#1722 = ORIENTED_EDGE('',*,*,#1723,.T.);
#1723 = EDGE_CURVE('',#1716,#1658,#1724,.T.);
#1724 = LINE('',#1725,#1726);
#1725 = CARTESIAN_POINT('',(-2.55,2.2,0.9));
#1726 = VECTOR('',#1727,1.);
#1727 = DIRECTION('',(-1.224646799147E-16,-1.,0.));
#1728 = ORIENTED_EDGE('',*,*,#1657,.T.);
#1729 = PLANE('',#1730);
#1730 = AXIS2_PLACEMENT_3D('',#1731,#1732,#1733);
#1731 = CARTESIAN_POINT('',(-2.25,1.65,0.9));
#1732 = DIRECTION('',(-4.996063166392E-32,1.556307025767E-32,1.));
#1733 = DIRECTION('',(-1.,1.224646799147E-16,-4.996063166392E-32));
#1734 = ADVANCED_FACE('',(#1735),#1807,.F.);
#1735 = FACE_BOUND('',#1736,.F.);
#1736 = EDGE_LOOP('',(#1737,#1747,#1756,#1764,#1770,#1771,#1772,#1773,
    #1782,#1790,#1797,#1798,#1799,#1800));
#1737 = ORIENTED_EDGE('',*,*,#1738,.F.);
#1738 = EDGE_CURVE('',#1739,#1741,#1743,.T.);
#1739 = VERTEX_POINT('',#1740);
#1740 = CARTESIAN_POINT('',(-2.7,2.1,5.E-02));
#1741 = VERTEX_POINT('',#1742);
#1742 = CARTESIAN_POINT('',(-2.7,2.1,0.95));
#1743 = LINE('',#1744,#1745);
#1744 = CARTESIAN_POINT('',(-2.7,2.1,0.));
#1745 = VECTOR('',#1746,1.);
#1746 = DIRECTION('',(0.,0.,1.));
#1747 = ORIENTED_EDGE('',*,*,#1748,.T.);
#1748 = EDGE_CURVE('',#1739,#1749,#1751,.T.);
#1749 = VERTEX_POINT('',#1750);
#1750 = CARTESIAN_POINT('',(-2.65,2.1,-6.938893903907E-18));
#1751 = CIRCLE('',#1752,5.E-02);
#1752 = AXIS2_PLACEMENT_3D('',#1753,#1754,#1755);
#1753 = CARTESIAN_POINT('',(-2.65,2.1,5.E-02));
#1754 = DIRECTION('',(-1.224646799147E-16,-1.,0.));
#1755 = DIRECTION('',(0.,0.,1.));
#1756 = ORIENTED_EDGE('',*,*,#1757,.F.);
#1757 = EDGE_CURVE('',#1758,#1749,#1760,.T.);
#1758 = VERTEX_POINT('',#1759);
#1759 = CARTESIAN_POINT('',(-1.8,2.1,0.));
#1760 = LINE('',#1761,#1762);
#1761 = CARTESIAN_POINT('',(-1.8,2.1,0.));
#1762 = VECTOR('',#1763,1.);
#1763 = DIRECTION('',(-1.,1.224646799147E-16,0.));
#1764 = ORIENTED_EDGE('',*,*,#1765,.T.);
#1765 = EDGE_CURVE('',#1758,#664,#1766,.T.);
#1766 = LINE('',#1767,#1768);
#1767 = CARTESIAN_POINT('',(-1.8,2.1,0.));
#1768 = VECTOR('',#1769,1.);
#1769 = DIRECTION('',(0.,0.,1.));
#1770 = ORIENTED_EDGE('',*,*,#663,.F.);
#1771 = ORIENTED_EDGE('',*,*,#655,.T.);
#1772 = ORIENTED_EDGE('',*,*,#1319,.T.);
#1773 = ORIENTED_EDGE('',*,*,#1774,.F.);
#1774 = EDGE_CURVE('',#1775,#1320,#1777,.T.);
#1775 = VERTEX_POINT('',#1776);
#1776 = CARTESIAN_POINT('',(-2.6,2.1,0.15));
#1777 = CIRCLE('',#1778,5.E-02);
#1778 = AXIS2_PLACEMENT_3D('',#1779,#1780,#1781);
#1779 = CARTESIAN_POINT('',(-2.55,2.1,0.15));
#1780 = DIRECTION('',(-1.224646799147E-16,-1.,0.));
#1781 = DIRECTION('',(4.996063166392E-32,-6.118412765058E-48,-1.));
#1782 = ORIENTED_EDGE('',*,*,#1783,.T.);
#1783 = EDGE_CURVE('',#1775,#1784,#1786,.T.);
#1784 = VERTEX_POINT('',#1785);
#1785 = CARTESIAN_POINT('',(-2.6,2.1,0.85));
#1786 = LINE('',#1787,#1788);
#1787 = CARTESIAN_POINT('',(-2.6,2.1,5.E-02));
#1788 = VECTOR('',#1789,1.);
#1789 = DIRECTION('',(0.,0.,1.));
#1790 = ORIENTED_EDGE('',*,*,#1791,.F.);
#1791 = EDGE_CURVE('',#1716,#1784,#1792,.T.);
#1792 = CIRCLE('',#1793,5.E-02);
#1793 = AXIS2_PLACEMENT_3D('',#1794,#1795,#1796);
#1794 = CARTESIAN_POINT('',(-2.55,2.1,0.85));
#1795 = DIRECTION('',(-1.224646799147E-16,-1.,0.));
#1796 = DIRECTION('',(-1.,1.224646799147E-16,0.));
#1797 = ORIENTED_EDGE('',*,*,#1715,.F.);
#1798 = ORIENTED_EDGE('',*,*,#585,.F.);
#1799 = ORIENTED_EDGE('',*,*,#1599,.T.);
#1800 = ORIENTED_EDGE('',*,*,#1801,.T.);
#1801 = EDGE_CURVE('',#1600,#1741,#1802,.T.);
#1802 = CIRCLE('',#1803,5.E-02);
#1803 = AXIS2_PLACEMENT_3D('',#1804,#1805,#1806);
#1804 = CARTESIAN_POINT('',(-2.65,2.1,0.95));
#1805 = DIRECTION('',(-1.224646799147E-16,-1.,0.));
#1806 = DIRECTION('',(0.,0.,1.));
#1807 = PLANE('',#1808);
#1808 = AXIS2_PLACEMENT_3D('',#1809,#1810,#1811);
#1809 = CARTESIAN_POINT('',(-1.8,2.1,0.));
#1810 = DIRECTION('',(-1.224646799147E-16,-1.,0.));
#1811 = DIRECTION('',(-1.,1.224646799147E-16,0.));
#1812 = ADVANCED_FACE('',(#1813),#1824,.F.);
#1813 = FACE_BOUND('',#1814,.F.);
#1814 = EDGE_LOOP('',(#1815,#1821,#1822,#1823));
#1815 = ORIENTED_EDGE('',*,*,#1816,.F.);
#1816 = EDGE_CURVE('',#1079,#933,#1817,.T.);
#1817 = LINE('',#1818,#1819);
#1818 = CARTESIAN_POINT('',(1.8,2.1,0.));
#1819 = VECTOR('',#1820,1.);
#1820 = DIRECTION('',(-1.224646799147E-16,-1.,0.));
#1821 = ORIENTED_EDGE('',*,*,#1078,.T.);
#1822 = ORIENTED_EDGE('',*,*,#790,.F.);
#1823 = ORIENTED_EDGE('',*,*,#940,.F.);
#1824 = PLANE('',#1825);
#1825 = AXIS2_PLACEMENT_3D('',#1826,#1827,#1828);
#1826 = CARTESIAN_POINT('',(1.8,2.1,0.));
#1827 = DIRECTION('',(1.,-1.224646799147E-16,0.));
#1828 = DIRECTION('',(-1.224646799147E-16,-1.,0.));
#1829 = ADVANCED_FACE('',(#1830),#1841,.F.);
#1830 = FACE_BOUND('',#1831,.F.);
#1831 = EDGE_LOOP('',(#1832,#1838,#1839,#1840));
#1832 = ORIENTED_EDGE('',*,*,#1833,.F.);
#1833 = EDGE_CURVE('',#1195,#1260,#1834,.T.);
#1834 = LINE('',#1835,#1836);
#1835 = CARTESIAN_POINT('',(1.8,-1.2,0.));
#1836 = VECTOR('',#1837,1.);
#1837 = DIRECTION('',(-1.224646799147E-16,-1.,0.));
#1838 = ORIENTED_EDGE('',*,*,#1194,.T.);
#1839 = ORIENTED_EDGE('',*,*,#751,.F.);
#1840 = ORIENTED_EDGE('',*,*,#1267,.F.);
#1841 = PLANE('',#1842);
#1842 = AXIS2_PLACEMENT_3D('',#1843,#1844,#1845);
#1843 = CARTESIAN_POINT('',(1.8,-1.2,0.));
#1844 = DIRECTION('',(1.,-1.224646799147E-16,0.));
#1845 = DIRECTION('',(-1.224646799147E-16,-1.,0.));
#1846 = ADVANCED_FACE('',(#1847),#1858,.F.);
#1847 = FACE_BOUND('',#1848,.F.);
#1848 = EDGE_LOOP('',(#1849,#1855,#1856,#1857));
#1849 = ORIENTED_EDGE('',*,*,#1850,.F.);
#1850 = EDGE_CURVE('',#1475,#1540,#1851,.T.);
#1851 = LINE('',#1852,#1853);
#1852 = CARTESIAN_POINT('',(-1.8,-2.1,0.));
#1853 = VECTOR('',#1854,1.);
#1854 = DIRECTION('',(1.224646799147E-16,1.,0.));
#1855 = ORIENTED_EDGE('',*,*,#1474,.T.);
#1856 = ORIENTED_EDGE('',*,*,#710,.F.);
#1857 = ORIENTED_EDGE('',*,*,#1547,.F.);
#1858 = PLANE('',#1859);
#1859 = AXIS2_PLACEMENT_3D('',#1860,#1861,#1862);
#1860 = CARTESIAN_POINT('',(-1.8,-2.1,0.));
#1861 = DIRECTION('',(-1.,1.224646799147E-16,0.));
#1862 = DIRECTION('',(1.224646799147E-16,1.,0.));
#1863 = ADVANCED_FACE('',(#1864),#1875,.F.);
#1864 = FACE_BOUND('',#1865,.F.);
#1865 = EDGE_LOOP('',(#1866,#1872,#1873,#1874));
#1866 = ORIENTED_EDGE('',*,*,#1867,.F.);
#1867 = EDGE_CURVE('',#1693,#1758,#1868,.T.);
#1868 = LINE('',#1869,#1870);
#1869 = CARTESIAN_POINT('',(-1.8,1.2,0.));
#1870 = VECTOR('',#1871,1.);
#1871 = DIRECTION('',(1.224646799147E-16,1.,0.));
#1872 = ORIENTED_EDGE('',*,*,#1692,.T.);
#1873 = ORIENTED_EDGE('',*,*,#671,.F.);
#1874 = ORIENTED_EDGE('',*,*,#1765,.F.);
#1875 = PLANE('',#1876);
#1876 = AXIS2_PLACEMENT_3D('',#1877,#1878,#1879);
#1877 = CARTESIAN_POINT('',(-1.8,1.2,0.));
#1878 = DIRECTION('',(-1.,1.224646799147E-16,0.));
#1879 = DIRECTION('',(1.224646799147E-16,1.,0.));
#1880 = ADVANCED_FACE('',(#1881),#1892,.F.);
#1881 = FACE_BOUND('',#1882,.F.);
#1882 = EDGE_LOOP('',(#1883,#1884,#1885,#1886));
#1883 = ORIENTED_EDGE('',*,*,#949,.T.);
#1884 = ORIENTED_EDGE('',*,*,#820,.T.);
#1885 = ORIENTED_EDGE('',*,*,#1068,.F.);
#1886 = ORIENTED_EDGE('',*,*,#1887,.F.);
#1887 = EDGE_CURVE('',#950,#1061,#1888,.T.);
#1888 = LINE('',#1889,#1890);
#1889 = CARTESIAN_POINT('',(2.6,1.1,0.15));
#1890 = VECTOR('',#1891,1.);
#1891 = DIRECTION('',(1.224646799147E-16,1.,0.));
#1892 = CYLINDRICAL_SURFACE('',#1893,5.E-02);
#1893 = AXIS2_PLACEMENT_3D('',#1894,#1895,#1896);
#1894 = CARTESIAN_POINT('',(2.55,1.1,0.15));
#1895 = DIRECTION('',(1.224646799147E-16,1.,0.));
#1896 = DIRECTION('',(1.,-1.224646799147E-16,0.));
#1897 = ADVANCED_FACE('',(#1898),#1909,.F.);
#1898 = FACE_BOUND('',#1899,.F.);
#1899 = EDGE_LOOP('',(#1900,#1901,#1902,#1903));
#1900 = ORIENTED_EDGE('',*,*,#1276,.T.);
#1901 = ORIENTED_EDGE('',*,*,#851,.T.);
#1902 = ORIENTED_EDGE('',*,*,#1184,.F.);
#1903 = ORIENTED_EDGE('',*,*,#1904,.F.);
#1904 = EDGE_CURVE('',#1277,#1177,#1905,.T.);
#1905 = LINE('',#1906,#1907);
#1906 = CARTESIAN_POINT('',(2.6,-2.2,0.15));
#1907 = VECTOR('',#1908,1.);
#1908 = DIRECTION('',(1.224646799147E-16,1.,0.));
#1909 = CYLINDRICAL_SURFACE('',#1910,5.E-02);
#1910 = AXIS2_PLACEMENT_3D('',#1911,#1912,#1913);
#1911 = CARTESIAN_POINT('',(2.55,-2.2,0.15));
#1912 = DIRECTION('',(1.224646799147E-16,1.,0.));
#1913 = DIRECTION('',(1.,-1.224646799147E-16,0.));
#1914 = ADVANCED_FACE('',(#1915),#1926,.F.);
#1915 = FACE_BOUND('',#1916,.F.);
#1916 = EDGE_LOOP('',(#1917,#1923,#1924,#1925));
#1917 = ORIENTED_EDGE('',*,*,#1918,.T.);
#1918 = EDGE_CURVE('',#959,#1052,#1919,.T.);
#1919 = LINE('',#1920,#1921);
#1920 = CARTESIAN_POINT('',(2.6,1.1,0.85));
#1921 = VECTOR('',#1922,1.);
#1922 = DIRECTION('',(1.224646799147E-16,1.,0.));
#1923 = ORIENTED_EDGE('',*,*,#1051,.F.);
#1924 = ORIENTED_EDGE('',*,*,#882,.F.);
#1925 = ORIENTED_EDGE('',*,*,#966,.T.);
#1926 = CYLINDRICAL_SURFACE('',#1927,5.E-02);
#1927 = AXIS2_PLACEMENT_3D('',#1928,#1929,#1930);
#1928 = CARTESIAN_POINT('',(2.55,1.1,0.85));
#1929 = DIRECTION('',(1.224646799147E-16,1.,0.));
#1930 = DIRECTION('',(1.,-1.224646799147E-16,0.));
#1931 = ADVANCED_FACE('',(#1932),#1948,.F.);
#1932 = FACE_BOUND('',#1933,.F.);
#1933 = EDGE_LOOP('',(#1934,#1935,#1941,#1942));
#1934 = ORIENTED_EDGE('',*,*,#913,.T.);
#1935 = ORIENTED_EDGE('',*,*,#1936,.T.);
#1936 = EDGE_CURVE('',#916,#1034,#1937,.T.);
#1937 = LINE('',#1938,#1939);
#1938 = CARTESIAN_POINT('',(2.7,1.2,0.95));
#1939 = VECTOR('',#1940,1.);
#1940 = DIRECTION('',(1.224646799147E-16,1.,0.));
#1941 = ORIENTED_EDGE('',*,*,#1033,.F.);
#1942 = ORIENTED_EDGE('',*,*,#1943,.F.);
#1943 = EDGE_CURVE('',#914,#1023,#1944,.T.);
#1944 = LINE('',#1945,#1946);
#1945 = CARTESIAN_POINT('',(2.7,1.2,5.E-02));
#1946 = VECTOR('',#1947,1.);
#1947 = DIRECTION('',(1.224646799147E-16,1.,0.));
#1948 = PLANE('',#1949);
#1949 = AXIS2_PLACEMENT_3D('',#1950,#1951,#1952);
#1950 = CARTESIAN_POINT('',(2.7,1.2,0.));
#1951 = DIRECTION('',(-1.,1.224646799147E-16,0.));
#1952 = DIRECTION('',(1.224646799147E-16,1.,0.));
#1953 = ADVANCED_FACE('',(#1954),#1960,.T.);
#1954 = FACE_BOUND('',#1955,.T.);
#1955 = EDGE_LOOP('',(#1956,#1957,#1958,#1959));
#1956 = ORIENTED_EDGE('',*,*,#1936,.T.);
#1957 = ORIENTED_EDGE('',*,*,#1041,.T.);
#1958 = ORIENTED_EDGE('',*,*,#998,.F.);
#1959 = ORIENTED_EDGE('',*,*,#983,.F.);
#1960 = CYLINDRICAL_SURFACE('',#1961,5.E-02);
#1961 = AXIS2_PLACEMENT_3D('',#1962,#1963,#1964);
#1962 = CARTESIAN_POINT('',(2.65,1.2,0.95));
#1963 = DIRECTION('',(1.224646799147E-16,1.,0.));
#1964 = DIRECTION('',(1.,-1.224646799147E-16,0.));
#1965 = ADVANCED_FACE('',(#1966),#1972,.T.);
#1966 = FACE_BOUND('',#1967,.T.);
#1967 = EDGE_LOOP('',(#1968,#1969,#1970,#1971));
#1968 = ORIENTED_EDGE('',*,*,#1887,.F.);
#1969 = ORIENTED_EDGE('',*,*,#958,.T.);
#1970 = ORIENTED_EDGE('',*,*,#1918,.T.);
#1971 = ORIENTED_EDGE('',*,*,#1060,.T.);
#1972 = PLANE('',#1973);
#1973 = AXIS2_PLACEMENT_3D('',#1974,#1975,#1976);
#1974 = CARTESIAN_POINT('',(2.6,1.1,0.1));
#1975 = DIRECTION('',(-1.,1.224646799147E-16,0.));
#1976 = DIRECTION('',(1.224646799147E-16,1.,0.));
#1977 = ADVANCED_FACE('',(#1978),#1989,.F.);
#1978 = FACE_BOUND('',#1979,.F.);
#1979 = EDGE_LOOP('',(#1980,#1981,#1982,#1983));
#1980 = ORIENTED_EDGE('',*,*,#1086,.T.);
#1981 = ORIENTED_EDGE('',*,*,#1816,.T.);
#1982 = ORIENTED_EDGE('',*,*,#932,.T.);
#1983 = ORIENTED_EDGE('',*,*,#1984,.T.);
#1984 = EDGE_CURVE('',#924,#1025,#1985,.T.);
#1985 = LINE('',#1986,#1987);
#1986 = CARTESIAN_POINT('',(2.65,1.2,-6.938893903907E-18));
#1987 = VECTOR('',#1988,1.);
#1988 = DIRECTION('',(1.224646799147E-16,1.,0.));
#1989 = PLANE('',#1990);
#1990 = AXIS2_PLACEMENT_3D('',#1991,#1992,#1993);
#1991 = CARTESIAN_POINT('',(2.25,1.65,0.));
#1992 = DIRECTION('',(0.,0.,1.));
#1993 = DIRECTION('',(-1.,1.224646799147E-16,0.));
#1994 = ADVANCED_FACE('',(#1995),#2001,.T.);
#1995 = FACE_BOUND('',#1996,.T.);
#1996 = EDGE_LOOP('',(#1997,#1998,#1999,#2000));
#1997 = ORIENTED_EDGE('',*,*,#923,.T.);
#1998 = ORIENTED_EDGE('',*,*,#1984,.T.);
#1999 = ORIENTED_EDGE('',*,*,#1022,.F.);
#2000 = ORIENTED_EDGE('',*,*,#1943,.F.);
#2001 = CYLINDRICAL_SURFACE('',#2002,5.E-02);
#2002 = AXIS2_PLACEMENT_3D('',#2003,#2004,#2005);
#2003 = CARTESIAN_POINT('',(2.65,1.2,5.E-02));
#2004 = DIRECTION('',(1.224646799147E-16,1.,0.));
#2005 = DIRECTION('',(1.,-1.224646799147E-16,0.));
#2006 = ADVANCED_FACE('',(#2007),#2018,.T.);
#2007 = FACE_BOUND('',#2008,.T.);
#2008 = EDGE_LOOP('',(#2009,#2015,#2016,#2017));
#2009 = ORIENTED_EDGE('',*,*,#2010,.T.);
#2010 = EDGE_CURVE('',#1243,#1143,#2011,.T.);
#2011 = LINE('',#2012,#2013);
#2012 = CARTESIAN_POINT('',(2.7,-2.1,0.95));
#2013 = VECTOR('',#2014,1.);
#2014 = DIRECTION('',(1.224646799147E-16,1.,0.));
#2015 = ORIENTED_EDGE('',*,*,#1150,.T.);
#2016 = ORIENTED_EDGE('',*,*,#1100,.F.);
#2017 = ORIENTED_EDGE('',*,*,#1303,.F.);
#2018 = CYLINDRICAL_SURFACE('',#2019,5.E-02);
#2019 = AXIS2_PLACEMENT_3D('',#2020,#2021,#2022);
#2020 = CARTESIAN_POINT('',(2.65,-2.1,0.95));
#2021 = DIRECTION('',(1.224646799147E-16,1.,0.));
#2022 = DIRECTION('',(1.,-1.224646799147E-16,0.));
#2023 = ADVANCED_FACE('',(#2024),#2040,.T.);
#2024 = FACE_BOUND('',#2025,.T.);
#2025 = EDGE_LOOP('',(#2026,#2027,#2033,#2034));
#2026 = ORIENTED_EDGE('',*,*,#1250,.T.);
#2027 = ORIENTED_EDGE('',*,*,#2028,.T.);
#2028 = EDGE_CURVE('',#1251,#1134,#2029,.T.);
#2029 = LINE('',#2030,#2031);
#2030 = CARTESIAN_POINT('',(2.65,-2.1,-6.938893903907E-18));
#2031 = VECTOR('',#2032,1.);
#2032 = DIRECTION('',(1.224646799147E-16,1.,0.));
#2033 = ORIENTED_EDGE('',*,*,#1131,.F.);
#2034 = ORIENTED_EDGE('',*,*,#2035,.F.);
#2035 = EDGE_CURVE('',#1241,#1132,#2036,.T.);
#2036 = LINE('',#2037,#2038);
#2037 = CARTESIAN_POINT('',(2.7,-2.1,5.E-02));
#2038 = VECTOR('',#2039,1.);
#2039 = DIRECTION('',(1.224646799147E-16,1.,0.));
#2040 = CYLINDRICAL_SURFACE('',#2041,5.E-02);
#2041 = AXIS2_PLACEMENT_3D('',#2042,#2043,#2044);
#2042 = CARTESIAN_POINT('',(2.65,-2.1,5.E-02));
#2043 = DIRECTION('',(1.224646799147E-16,1.,0.));
#2044 = DIRECTION('',(1.,-1.224646799147E-16,0.));
#2045 = ADVANCED_FACE('',(#2046),#2052,.F.);
#2046 = FACE_BOUND('',#2047,.F.);
#2047 = EDGE_LOOP('',(#2048,#2049,#2050,#2051));
#2048 = ORIENTED_EDGE('',*,*,#1202,.T.);
#2049 = ORIENTED_EDGE('',*,*,#1833,.T.);
#2050 = ORIENTED_EDGE('',*,*,#1259,.T.);
#2051 = ORIENTED_EDGE('',*,*,#2028,.T.);
#2052 = PLANE('',#2053);
#2053 = AXIS2_PLACEMENT_3D('',#2054,#2055,#2056);
#2054 = CARTESIAN_POINT('',(2.25,-1.65,0.));
#2055 = DIRECTION('',(0.,0.,1.));
#2056 = DIRECTION('',(-1.,1.224646799147E-16,0.));
#2057 = ADVANCED_FACE('',(#2058),#2069,.T.);
#2058 = FACE_BOUND('',#2059,.T.);
#2059 = EDGE_LOOP('',(#2060,#2061,#2062,#2068));
#2060 = ORIENTED_EDGE('',*,*,#1904,.F.);
#2061 = ORIENTED_EDGE('',*,*,#1285,.T.);
#2062 = ORIENTED_EDGE('',*,*,#2063,.T.);
#2063 = EDGE_CURVE('',#1286,#1168,#2064,.T.);
#2064 = LINE('',#2065,#2066);
#2065 = CARTESIAN_POINT('',(2.6,-2.2,0.85));
#2066 = VECTOR('',#2067,1.);
#2067 = DIRECTION('',(1.224646799147E-16,1.,0.));
#2068 = ORIENTED_EDGE('',*,*,#1176,.T.);
#2069 = PLANE('',#2070);
#2070 = AXIS2_PLACEMENT_3D('',#2071,#2072,#2073);
#2071 = CARTESIAN_POINT('',(2.6,-2.2,0.1));
#2072 = DIRECTION('',(-1.,1.224646799147E-16,0.));
#2073 = DIRECTION('',(1.224646799147E-16,1.,0.));
#2074 = ADVANCED_FACE('',(#2075),#2081,.F.);
#2075 = FACE_BOUND('',#2076,.F.);
#2076 = EDGE_LOOP('',(#2077,#2078,#2079,#2080));
#2077 = ORIENTED_EDGE('',*,*,#2063,.T.);
#2078 = ORIENTED_EDGE('',*,*,#1167,.F.);
#2079 = ORIENTED_EDGE('',*,*,#1216,.F.);
#2080 = ORIENTED_EDGE('',*,*,#1293,.T.);
#2081 = CYLINDRICAL_SURFACE('',#2082,5.E-02);
#2082 = AXIS2_PLACEMENT_3D('',#2083,#2084,#2085);
#2083 = CARTESIAN_POINT('',(2.55,-2.2,0.85));
#2084 = DIRECTION('',(1.224646799147E-16,1.,0.));
#2085 = DIRECTION('',(1.,-1.224646799147E-16,0.));
#2086 = ADVANCED_FACE('',(#2087),#2093,.F.);
#2087 = FACE_BOUND('',#2088,.F.);
#2088 = EDGE_LOOP('',(#2089,#2090,#2091,#2092));
#2089 = ORIENTED_EDGE('',*,*,#1240,.T.);
#2090 = ORIENTED_EDGE('',*,*,#2010,.T.);
#2091 = ORIENTED_EDGE('',*,*,#1142,.F.);
#2092 = ORIENTED_EDGE('',*,*,#2035,.F.);
#2093 = PLANE('',#2094);
#2094 = AXIS2_PLACEMENT_3D('',#2095,#2096,#2097);
#2095 = CARTESIAN_POINT('',(2.7,-2.1,0.));
#2096 = DIRECTION('',(-1.,1.224646799147E-16,0.));
#2097 = DIRECTION('',(1.224646799147E-16,1.,0.));
#2098 = ADVANCED_FACE('',(#2099),#2110,.F.);
#2099 = FACE_BOUND('',#2100,.F.);
#2100 = EDGE_LOOP('',(#2101,#2102,#2108,#2109));
#2101 = ORIENTED_EDGE('',*,*,#1682,.F.);
#2102 = ORIENTED_EDGE('',*,*,#2103,.F.);
#2103 = EDGE_CURVE('',#1775,#1675,#2104,.T.);
#2104 = LINE('',#2105,#2106);
#2105 = CARTESIAN_POINT('',(-2.6,2.2,0.15));
#2106 = VECTOR('',#2107,1.);
#2107 = DIRECTION('',(-1.224646799147E-16,-1.,0.));
#2108 = ORIENTED_EDGE('',*,*,#1774,.T.);
#2109 = ORIENTED_EDGE('',*,*,#1327,.T.);
#2110 = CYLINDRICAL_SURFACE('',#2111,5.E-02);
#2111 = AXIS2_PLACEMENT_3D('',#2112,#2113,#2114);
#2112 = CARTESIAN_POINT('',(-2.55,2.2,0.15));
#2113 = DIRECTION('',(-1.224646799147E-16,-1.,0.));
#2114 = DIRECTION('',(4.996063166392E-32,-6.118412765058E-48,-1.));
#2115 = ADVANCED_FACE('',(#2116),#2127,.F.);
#2116 = FACE_BOUND('',#2117,.F.);
#2117 = EDGE_LOOP('',(#2118,#2119,#2125,#2126));
#2118 = ORIENTED_EDGE('',*,*,#1464,.F.);
#2119 = ORIENTED_EDGE('',*,*,#2120,.F.);
#2120 = EDGE_CURVE('',#1557,#1457,#2121,.T.);
#2121 = LINE('',#2122,#2123);
#2122 = CARTESIAN_POINT('',(-2.6,-1.1,0.15));
#2123 = VECTOR('',#2124,1.);
#2124 = DIRECTION('',(-1.224646799147E-16,-1.,0.));
#2125 = ORIENTED_EDGE('',*,*,#1556,.T.);
#2126 = ORIENTED_EDGE('',*,*,#1358,.T.);
#2127 = CYLINDRICAL_SURFACE('',#2128,5.E-02);
#2128 = AXIS2_PLACEMENT_3D('',#2129,#2130,#2131);
#2129 = CARTESIAN_POINT('',(-2.55,-1.1,0.15));
#2130 = DIRECTION('',(-1.224646799147E-16,-1.,0.));
#2131 = DIRECTION('',(4.996063166392E-32,-6.118412765058E-48,-1.));
#2132 = ADVANCED_FACE('',(#2133),#2144,.T.);
#2133 = FACE_BOUND('',#2134,.T.);
#2134 = EDGE_LOOP('',(#2135,#2136,#2142,#2143));
#2135 = ORIENTED_EDGE('',*,*,#1583,.T.);
#2136 = ORIENTED_EDGE('',*,*,#2137,.T.);
#2137 = EDGE_CURVE('',#1523,#1423,#2138,.T.);
#2138 = LINE('',#2139,#2140);
#2139 = CARTESIAN_POINT('',(-2.7,-1.2,0.95));
#2140 = VECTOR('',#2141,1.);
#2141 = DIRECTION('',(-1.224646799147E-16,-1.,0.));
#2142 = ORIENTED_EDGE('',*,*,#1430,.F.);
#2143 = ORIENTED_EDGE('',*,*,#1389,.F.);
#2144 = CYLINDRICAL_SURFACE('',#2145,5.E-02);
#2145 = AXIS2_PLACEMENT_3D('',#2146,#2147,#2148);
#2146 = CARTESIAN_POINT('',(-2.65,-1.2,0.95));
#2147 = DIRECTION('',(-1.224646799147E-16,-1.,0.));
#2148 = DIRECTION('',(0.,0.,1.));
#2149 = ADVANCED_FACE('',(#2150),#2166,.T.);
#2150 = FACE_BOUND('',#2151,.T.);
#2151 = EDGE_LOOP('',(#2152,#2153,#2159,#2160));
#2152 = ORIENTED_EDGE('',*,*,#1530,.T.);
#2153 = ORIENTED_EDGE('',*,*,#2154,.T.);
#2154 = EDGE_CURVE('',#1531,#1414,#2155,.T.);
#2155 = LINE('',#2156,#2157);
#2156 = CARTESIAN_POINT('',(-2.65,-1.2,-6.938893903907E-18));
#2157 = VECTOR('',#2158,1.);
#2158 = DIRECTION('',(-1.224646799147E-16,-1.,0.));
#2159 = ORIENTED_EDGE('',*,*,#1411,.F.);
#2160 = ORIENTED_EDGE('',*,*,#2161,.F.);
#2161 = EDGE_CURVE('',#1521,#1412,#2162,.T.);
#2162 = LINE('',#2163,#2164);
#2163 = CARTESIAN_POINT('',(-2.7,-1.2,5.E-02));
#2164 = VECTOR('',#2165,1.);
#2165 = DIRECTION('',(-1.224646799147E-16,-1.,0.));
#2166 = CYLINDRICAL_SURFACE('',#2167,5.E-02);
#2167 = AXIS2_PLACEMENT_3D('',#2168,#2169,#2170);
#2168 = CARTESIAN_POINT('',(-2.65,-1.2,5.E-02));
#2169 = DIRECTION('',(-1.224646799147E-16,-1.,0.));
#2170 = DIRECTION('',(-1.,1.224646799147E-16,0.));
#2171 = ADVANCED_FACE('',(#2172),#2178,.F.);
#2172 = FACE_BOUND('',#2173,.F.);
#2173 = EDGE_LOOP('',(#2174,#2175,#2176,#2177));
#2174 = ORIENTED_EDGE('',*,*,#1539,.T.);
#2175 = ORIENTED_EDGE('',*,*,#2154,.T.);
#2176 = ORIENTED_EDGE('',*,*,#1482,.T.);
#2177 = ORIENTED_EDGE('',*,*,#1850,.T.);
#2178 = PLANE('',#2179);
#2179 = AXIS2_PLACEMENT_3D('',#2180,#2181,#2182);
#2180 = CARTESIAN_POINT('',(-2.25,-1.65,0.));
#2181 = DIRECTION('',(0.,0.,1.));
#2182 = DIRECTION('',(-1.,1.224646799147E-16,0.));
#2183 = ADVANCED_FACE('',(#2184),#2195,.T.);
#2184 = FACE_BOUND('',#2185,.T.);
#2185 = EDGE_LOOP('',(#2186,#2187,#2188,#2194));
#2186 = ORIENTED_EDGE('',*,*,#2120,.F.);
#2187 = ORIENTED_EDGE('',*,*,#1565,.T.);
#2188 = ORIENTED_EDGE('',*,*,#2189,.T.);
#2189 = EDGE_CURVE('',#1566,#1448,#2190,.T.);
#2190 = LINE('',#2191,#2192);
#2191 = CARTESIAN_POINT('',(-2.6,-1.1,0.85));
#2192 = VECTOR('',#2193,1.);
#2193 = DIRECTION('',(-1.224646799147E-16,-1.,0.));
#2194 = ORIENTED_EDGE('',*,*,#1456,.T.);
#2195 = PLANE('',#2196);
#2196 = AXIS2_PLACEMENT_3D('',#2197,#2198,#2199);
#2197 = CARTESIAN_POINT('',(-2.6,-1.1,0.1));
#2198 = DIRECTION('',(1.,-1.224646799147E-16,0.));
#2199 = DIRECTION('',(-1.224646799147E-16,-1.,0.));
#2200 = ADVANCED_FACE('',(#2201),#2207,.F.);
#2201 = FACE_BOUND('',#2202,.F.);
#2202 = EDGE_LOOP('',(#2203,#2204,#2205,#2206));
#2203 = ORIENTED_EDGE('',*,*,#2189,.T.);
#2204 = ORIENTED_EDGE('',*,*,#1447,.F.);
#2205 = ORIENTED_EDGE('',*,*,#1505,.F.);
#2206 = ORIENTED_EDGE('',*,*,#1573,.T.);
#2207 = CYLINDRICAL_SURFACE('',#2208,5.E-02);
#2208 = AXIS2_PLACEMENT_3D('',#2209,#2210,#2211);
#2209 = CARTESIAN_POINT('',(-2.55,-1.1,0.85));
#2210 = DIRECTION('',(-1.224646799147E-16,-1.,0.));
#2211 = DIRECTION('',(-1.,1.224646799147E-16,0.));
#2212 = ADVANCED_FACE('',(#2213),#2219,.F.);
#2213 = FACE_BOUND('',#2214,.F.);
#2214 = EDGE_LOOP('',(#2215,#2216,#2217,#2218));
#2215 = ORIENTED_EDGE('',*,*,#1520,.T.);
#2216 = ORIENTED_EDGE('',*,*,#2137,.T.);
#2217 = ORIENTED_EDGE('',*,*,#1422,.F.);
#2218 = ORIENTED_EDGE('',*,*,#2161,.F.);
#2219 = PLANE('',#2220);
#2220 = AXIS2_PLACEMENT_3D('',#2221,#2222,#2223);
#2221 = CARTESIAN_POINT('',(-2.7,-1.2,0.));
#2222 = DIRECTION('',(1.,-1.224646799147E-16,0.));
#2223 = DIRECTION('',(-1.224646799147E-16,-1.,0.));
#2224 = ADVANCED_FACE('',(#2225),#2236,.T.);
#2225 = FACE_BOUND('',#2226,.T.);
#2226 = EDGE_LOOP('',(#2227,#2228,#2234,#2235));
#2227 = ORIENTED_EDGE('',*,*,#1801,.T.);
#2228 = ORIENTED_EDGE('',*,*,#2229,.T.);
#2229 = EDGE_CURVE('',#1741,#1641,#2230,.T.);
#2230 = LINE('',#2231,#2232);
#2231 = CARTESIAN_POINT('',(-2.7,2.1,0.95));
#2232 = VECTOR('',#2233,1.);
#2233 = DIRECTION('',(-1.224646799147E-16,-1.,0.));
#2234 = ORIENTED_EDGE('',*,*,#1648,.F.);
#2235 = ORIENTED_EDGE('',*,*,#1607,.F.);
#2236 = CYLINDRICAL_SURFACE('',#2237,5.E-02);
#2237 = AXIS2_PLACEMENT_3D('',#2238,#2239,#2240);
#2238 = CARTESIAN_POINT('',(-2.65,2.1,0.95));
#2239 = DIRECTION('',(-1.224646799147E-16,-1.,0.));
#2240 = DIRECTION('',(0.,0.,1.));
#2241 = ADVANCED_FACE('',(#2242),#2258,.T.);
#2242 = FACE_BOUND('',#2243,.T.);
#2243 = EDGE_LOOP('',(#2244,#2245,#2251,#2252));
#2244 = ORIENTED_EDGE('',*,*,#1748,.T.);
#2245 = ORIENTED_EDGE('',*,*,#2246,.T.);
#2246 = EDGE_CURVE('',#1749,#1632,#2247,.T.);
#2247 = LINE('',#2248,#2249);
#2248 = CARTESIAN_POINT('',(-2.65,2.1,-6.938893903907E-18));
#2249 = VECTOR('',#2250,1.);
#2250 = DIRECTION('',(-1.224646799147E-16,-1.,0.));
#2251 = ORIENTED_EDGE('',*,*,#1629,.F.);
#2252 = ORIENTED_EDGE('',*,*,#2253,.F.);
#2253 = EDGE_CURVE('',#1739,#1630,#2254,.T.);
#2254 = LINE('',#2255,#2256);
#2255 = CARTESIAN_POINT('',(-2.7,2.1,5.E-02));
#2256 = VECTOR('',#2257,1.);
#2257 = DIRECTION('',(-1.224646799147E-16,-1.,0.));
#2258 = CYLINDRICAL_SURFACE('',#2259,5.E-02);
#2259 = AXIS2_PLACEMENT_3D('',#2260,#2261,#2262);
#2260 = CARTESIAN_POINT('',(-2.65,2.1,5.E-02));
#2261 = DIRECTION('',(-1.224646799147E-16,-1.,0.));
#2262 = DIRECTION('',(-1.,1.224646799147E-16,0.));
#2263 = ADVANCED_FACE('',(#2264),#2270,.F.);
#2264 = FACE_BOUND('',#2265,.F.);
#2265 = EDGE_LOOP('',(#2266,#2267,#2268,#2269));
#2266 = ORIENTED_EDGE('',*,*,#1757,.T.);
#2267 = ORIENTED_EDGE('',*,*,#2246,.T.);
#2268 = ORIENTED_EDGE('',*,*,#1700,.T.);
#2269 = ORIENTED_EDGE('',*,*,#1867,.T.);
#2270 = PLANE('',#2271);
#2271 = AXIS2_PLACEMENT_3D('',#2272,#2273,#2274);
#2272 = CARTESIAN_POINT('',(-2.25,1.65,0.));
#2273 = DIRECTION('',(0.,0.,1.));
#2274 = DIRECTION('',(-1.,1.224646799147E-16,0.));
#2275 = ADVANCED_FACE('',(#2276),#2287,.T.);
#2276 = FACE_BOUND('',#2277,.T.);
#2277 = EDGE_LOOP('',(#2278,#2279,#2280,#2286));
#2278 = ORIENTED_EDGE('',*,*,#2103,.F.);
#2279 = ORIENTED_EDGE('',*,*,#1783,.T.);
#2280 = ORIENTED_EDGE('',*,*,#2281,.T.);
#2281 = EDGE_CURVE('',#1784,#1666,#2282,.T.);
#2282 = LINE('',#2283,#2284);
#2283 = CARTESIAN_POINT('',(-2.6,2.2,0.85));
#2284 = VECTOR('',#2285,1.);
#2285 = DIRECTION('',(-1.224646799147E-16,-1.,0.));
#2286 = ORIENTED_EDGE('',*,*,#1674,.T.);
#2287 = PLANE('',#2288);
#2288 = AXIS2_PLACEMENT_3D('',#2289,#2290,#2291);
#2289 = CARTESIAN_POINT('',(-2.6,2.2,0.1));
#2290 = DIRECTION('',(1.,-1.224646799147E-16,0.));
#2291 = DIRECTION('',(-1.224646799147E-16,-1.,0.));
#2292 = ADVANCED_FACE('',(#2293),#2299,.F.);
#2293 = FACE_BOUND('',#2294,.F.);
#2294 = EDGE_LOOP('',(#2295,#2296,#2297,#2298));
#2295 = ORIENTED_EDGE('',*,*,#2281,.T.);
#2296 = ORIENTED_EDGE('',*,*,#1665,.F.);
#2297 = ORIENTED_EDGE('',*,*,#1723,.F.);
#2298 = ORIENTED_EDGE('',*,*,#1791,.T.);
#2299 = CYLINDRICAL_SURFACE('',#2300,5.E-02);
#2300 = AXIS2_PLACEMENT_3D('',#2301,#2302,#2303);
#2301 = CARTESIAN_POINT('',(-2.55,2.2,0.85));
#2302 = DIRECTION('',(-1.224646799147E-16,-1.,0.));
#2303 = DIRECTION('',(-1.,1.224646799147E-16,0.));
#2304 = ADVANCED_FACE('',(#2305),#2311,.F.);
#2305 = FACE_BOUND('',#2306,.F.);
#2306 = EDGE_LOOP('',(#2307,#2308,#2309,#2310));
#2307 = ORIENTED_EDGE('',*,*,#1738,.T.);
#2308 = ORIENTED_EDGE('',*,*,#2229,.T.);
#2309 = ORIENTED_EDGE('',*,*,#1640,.F.);
#2310 = ORIENTED_EDGE('',*,*,#2253,.F.);
#2311 = PLANE('',#2312);
#2312 = AXIS2_PLACEMENT_3D('',#2313,#2314,#2315);
#2313 = CARTESIAN_POINT('',(-2.7,2.1,0.));
#2314 = DIRECTION('',(1.,-1.224646799147E-16,0.));
#2315 = DIRECTION('',(-1.224646799147E-16,-1.,0.));
#2316 = ( GEOMETRIC_REPRESENTATION_CONTEXT(3) 
GLOBAL_UNCERTAINTY_ASSIGNED_CONTEXT((#2320)) 
GLOBAL_UNIT_ASSIGNED_CONTEXT((#2317,#2318,#2319)) REPRESENTATION_CONTEXT
('Context #1','3D Context with UNIT and UNCERTAINTY') );
#2317 = ( LENGTH_UNIT() NAMED_UNIT(*) SI_UNIT(.MILLI.,.METRE.) );
#2318 = ( NAMED_UNIT(*) PLANE_ANGLE_UNIT() SI_UNIT($,.RADIAN.) );
#2319 = ( NAMED_UNIT(*) SI_UNIT($,.STERADIAN.) SOLID_ANGLE_UNIT() );
#2320 = UNCERTAINTY_MEASURE_WITH_UNIT(LENGTH_MEASURE(1.E-07),#2317,
  'distance_accuracy_value','confusion accuracy');
#2321 = CONTEXT_DEPENDENT_SHAPE_REPRESENTATION(#2322,#2324);
#2322 = ( REPRESENTATION_RELATIONSHIP('','',#48,#10) 
REPRESENTATION_RELATIONSHIP_WITH_TRANSFORMATION(#2323) 
SHAPE_REPRESENTATION_RELATIONSHIP() );
#2323 = ITEM_DEFINED_TRANSFORMATION('','',#11,#15);
#2324 = PRODUCT_DEFINITION_SHAPE('Placement','Placement of an item',
  #2325);
#2325 = NEXT_ASSEMBLY_USAGE_OCCURRENCE('1','D1','',#5,#43,$);
#2326 = PRODUCT_RELATED_PRODUCT_CATEGORY('part',$,(#45));
#2327 = SHAPE_DEFINITION_REPRESENTATION(#2328,#2334);
#2328 = PRODUCT_DEFINITION_SHAPE('','',#2329);
#2329 = PRODUCT_DEFINITION('design','',#2330,#2333);
#2330 = PRODUCT_DEFINITION_FORMATION('','',#2331);
#2331 = PRODUCT('R_0805_2012Metric','R_0805_2012Metric','',(#2332));
#2332 = PRODUCT_CONTEXT('',#2,'mechanical');
#2333 = PRODUCT_DEFINITION_CONTEXT('part definition',#2,'design');
#2334 = ADVANCED_BREP_SHAPE_REPRESENTATION('',(#11,#2335),#3125);
#2335 = MANIFOLD_SOLID_BREP('',#2336);
#2336 = CLOSED_SHELL('',(#2337,#2377,#2460,#2485,#2510,#2577,#2594,#2611
    ,#2660,#2677,#2694,#2743,#2760,#2829,#2860,#2884,#2953,#2977,#2994,
    #3011,#3028,#3045,#3062,#3079,#3096,#3113));
#2337 = ADVANCED_FACE('',(#2338),#2372,.F.);
#2338 = FACE_BOUND('',#2339,.F.);
#2339 = EDGE_LOOP('',(#2340,#2350,#2358,#2366));
#2340 = ORIENTED_EDGE('',*,*,#2341,.F.);
#2341 = EDGE_CURVE('',#2342,#2344,#2346,.T.);
#2342 = VERTEX_POINT('',#2343);
#2343 = CARTESIAN_POINT('',(-1.,-0.6,4.5E-02));
#2344 = VERTEX_POINT('',#2345);
#2345 = CARTESIAN_POINT('',(-1.,-0.6,0.405));
#2346 = LINE('',#2347,#2348);
#2347 = CARTESIAN_POINT('',(-1.,-0.6,0.));
#2348 = VECTOR('',#2349,1.);
#2349 = DIRECTION('',(0.,0.,1.));
#2350 = ORIENTED_EDGE('',*,*,#2351,.T.);
#2351 = EDGE_CURVE('',#2342,#2352,#2354,.T.);
#2352 = VERTEX_POINT('',#2353);
#2353 = CARTESIAN_POINT('',(-1.,0.6,4.5E-02));
#2354 = LINE('',#2355,#2356);
#2355 = CARTESIAN_POINT('',(-1.,-0.6,4.5E-02));
#2356 = VECTOR('',#2357,1.);
#2357 = DIRECTION('',(0.,1.,0.));
#2358 = ORIENTED_EDGE('',*,*,#2359,.T.);
#2359 = EDGE_CURVE('',#2352,#2360,#2362,.T.);
#2360 = VERTEX_POINT('',#2361);
#2361 = CARTESIAN_POINT('',(-1.,0.6,0.405));
#2362 = LINE('',#2363,#2364);
#2363 = CARTESIAN_POINT('',(-1.,0.6,0.));
#2364 = VECTOR('',#2365,1.);
#2365 = DIRECTION('',(0.,0.,1.));
#2366 = ORIENTED_EDGE('',*,*,#2367,.F.);
#2367 = EDGE_CURVE('',#2344,#2360,#2368,.T.);
#2368 = LINE('',#2369,#2370);
#2369 = CARTESIAN_POINT('',(-1.,-0.6,0.405));
#2370 = VECTOR('',#2371,1.);
#2371 = DIRECTION('',(0.,1.,0.));
#2372 = PLANE('',#2373);
#2373 = AXIS2_PLACEMENT_3D('',#2374,#2375,#2376);
#2374 = CARTESIAN_POINT('',(-1.,-0.6,0.));
#2375 = DIRECTION('',(1.,0.,0.));
#2376 = DIRECTION('',(0.,0.,1.));
#2377 = ADVANCED_FACE('',(#2378),#2455,.F.);
#2378 = FACE_BOUND('',#2379,.F.);
#2379 = EDGE_LOOP('',(#2380,#2390,#2397,#2398,#2407,#2415,#2424,#2432,
    #2440,#2448));
#2380 = ORIENTED_EDGE('',*,*,#2381,.F.);
#2381 = EDGE_CURVE('',#2382,#2384,#2386,.T.);
#2382 = VERTEX_POINT('',#2383);
#2383 = CARTESIAN_POINT('',(-0.955,-0.6,-2.775557561563E-17));
#2384 = VERTEX_POINT('',#2385);
#2385 = CARTESIAN_POINT('',(-0.745,-0.6,-2.775557561563E-17));
#2386 = LINE('',#2387,#2388);
#2387 = CARTESIAN_POINT('',(-1.,-0.6,0.));
#2388 = VECTOR('',#2389,1.);
#2389 = DIRECTION('',(1.,0.,0.));
#2390 = ORIENTED_EDGE('',*,*,#2391,.F.);
#2391 = EDGE_CURVE('',#2342,#2382,#2392,.T.);
#2392 = CIRCLE('',#2393,4.5E-02);
#2393 = AXIS2_PLACEMENT_3D('',#2394,#2395,#2396);
#2394 = CARTESIAN_POINT('',(-0.955,-0.6,4.5E-02));
#2395 = DIRECTION('',(0.,-1.,0.));
#2396 = DIRECTION('',(0.,0.,1.));
#2397 = ORIENTED_EDGE('',*,*,#2341,.T.);
#2398 = ORIENTED_EDGE('',*,*,#2399,.T.);
#2399 = EDGE_CURVE('',#2344,#2400,#2402,.T.);
#2400 = VERTEX_POINT('',#2401);
#2401 = CARTESIAN_POINT('',(-0.955,-0.6,0.45));
#2402 = CIRCLE('',#2403,4.5E-02);
#2403 = AXIS2_PLACEMENT_3D('',#2404,#2405,#2406);
#2404 = CARTESIAN_POINT('',(-0.955,-0.6,0.405));
#2405 = DIRECTION('',(0.,1.,0.));
#2406 = DIRECTION('',(0.,-0.,1.));
#2407 = ORIENTED_EDGE('',*,*,#2408,.T.);
#2408 = EDGE_CURVE('',#2400,#2409,#2411,.T.);
#2409 = VERTEX_POINT('',#2410);
#2410 = CARTESIAN_POINT('',(-0.745,-0.6,0.45));
#2411 = LINE('',#2412,#2413);
#2412 = CARTESIAN_POINT('',(-1.,-0.6,0.45));
#2413 = VECTOR('',#2414,1.);
#2414 = DIRECTION('',(1.,0.,0.));
#2415 = ORIENTED_EDGE('',*,*,#2416,.F.);
#2416 = EDGE_CURVE('',#2417,#2409,#2419,.T.);
#2417 = VERTEX_POINT('',#2418);
#2418 = CARTESIAN_POINT('',(-0.7,-0.6,0.405));
#2419 = CIRCLE('',#2420,4.5E-02);
#2420 = AXIS2_PLACEMENT_3D('',#2421,#2422,#2423);
#2421 = CARTESIAN_POINT('',(-0.745,-0.6,0.405));
#2422 = DIRECTION('',(0.,-1.,0.));
#2423 = DIRECTION('',(0.,0.,1.));
#2424 = ORIENTED_EDGE('',*,*,#2425,.F.);
#2425 = EDGE_CURVE('',#2426,#2417,#2428,.T.);
#2426 = VERTEX_POINT('',#2427);
#2427 = CARTESIAN_POINT('',(-0.955,-0.6,0.405));
#2428 = LINE('',#2429,#2430);
#2429 = CARTESIAN_POINT('',(-0.955,-0.6,0.405));
#2430 = VECTOR('',#2431,1.);
#2431 = DIRECTION('',(1.,0.,0.));
#2432 = ORIENTED_EDGE('',*,*,#2433,.F.);
#2433 = EDGE_CURVE('',#2434,#2426,#2436,.T.);
#2434 = VERTEX_POINT('',#2435);
#2435 = CARTESIAN_POINT('',(-0.955,-0.6,4.5E-02));
#2436 = LINE('',#2437,#2438);
#2437 = CARTESIAN_POINT('',(-0.955,-0.6,4.5E-02));
#2438 = VECTOR('',#2439,1.);
#2439 = DIRECTION('',(0.,0.,1.));
#2440 = ORIENTED_EDGE('',*,*,#2441,.T.);
#2441 = EDGE_CURVE('',#2434,#2442,#2444,.T.);
#2442 = VERTEX_POINT('',#2443);
#2443 = CARTESIAN_POINT('',(-0.7,-0.6,4.5E-02));
#2444 = LINE('',#2445,#2446);
#2445 = CARTESIAN_POINT('',(-0.955,-0.6,4.5E-02));
#2446 = VECTOR('',#2447,1.);
#2447 = DIRECTION('',(1.,0.,0.));
#2448 = ORIENTED_EDGE('',*,*,#2449,.T.);
#2449 = EDGE_CURVE('',#2442,#2384,#2450,.T.);
#2450 = CIRCLE('',#2451,4.5E-02);
#2451 = AXIS2_PLACEMENT_3D('',#2452,#2453,#2454);
#2452 = CARTESIAN_POINT('',(-0.745,-0.6,4.5E-02));
#2453 = DIRECTION('',(0.,1.,0.));
#2454 = DIRECTION('',(0.,-0.,1.));
#2455 = PLANE('',#2456);
#2456 = AXIS2_PLACEMENT_3D('',#2457,#2458,#2459);
#2457 = CARTESIAN_POINT('',(-1.,-0.6,0.));
#2458 = DIRECTION('',(0.,1.,0.));
#2459 = DIRECTION('',(0.,-0.,1.));
#2460 = ADVANCED_FACE('',(#2461),#2480,.T.);
#2461 = FACE_BOUND('',#2462,.T.);
#2462 = EDGE_LOOP('',(#2463,#2464,#2473,#2479));
#2463 = ORIENTED_EDGE('',*,*,#2351,.T.);
#2464 = ORIENTED_EDGE('',*,*,#2465,.T.);
#2465 = EDGE_CURVE('',#2352,#2466,#2468,.T.);
#2466 = VERTEX_POINT('',#2467);
#2467 = CARTESIAN_POINT('',(-0.955,0.6,-2.775557561563E-17));
#2468 = CIRCLE('',#2469,4.5E-02);
#2469 = AXIS2_PLACEMENT_3D('',#2470,#2471,#2472);
#2470 = CARTESIAN_POINT('',(-0.955,0.6,4.5E-02));
#2471 = DIRECTION('',(0.,-1.,0.));
#2472 = DIRECTION('',(0.,0.,1.));
#2473 = ORIENTED_EDGE('',*,*,#2474,.F.);
#2474 = EDGE_CURVE('',#2382,#2466,#2475,.T.);
#2475 = LINE('',#2476,#2477);
#2476 = CARTESIAN_POINT('',(-0.955,-0.6,-2.775557561563E-17));
#2477 = VECTOR('',#2478,1.);
#2478 = DIRECTION('',(0.,1.,0.));
#2479 = ORIENTED_EDGE('',*,*,#2391,.F.);
#2480 = CYLINDRICAL_SURFACE('',#2481,4.5E-02);
#2481 = AXIS2_PLACEMENT_3D('',#2482,#2483,#2484);
#2482 = CARTESIAN_POINT('',(-0.955,-0.6,4.5E-02));
#2483 = DIRECTION('',(0.,1.,0.));
#2484 = DIRECTION('',(-1.,0.,0.));
#2485 = ADVANCED_FACE('',(#2486),#2505,.T.);
#2486 = FACE_BOUND('',#2487,.T.);
#2487 = EDGE_LOOP('',(#2488,#2489,#2497,#2504));
#2488 = ORIENTED_EDGE('',*,*,#2399,.T.);
#2489 = ORIENTED_EDGE('',*,*,#2490,.T.);
#2490 = EDGE_CURVE('',#2400,#2491,#2493,.T.);
#2491 = VERTEX_POINT('',#2492);
#2492 = CARTESIAN_POINT('',(-0.955,0.6,0.45));
#2493 = LINE('',#2494,#2495);
#2494 = CARTESIAN_POINT('',(-0.955,-0.6,0.45));
#2495 = VECTOR('',#2496,1.);
#2496 = DIRECTION('',(0.,1.,0.));
#2497 = ORIENTED_EDGE('',*,*,#2498,.F.);
#2498 = EDGE_CURVE('',#2360,#2491,#2499,.T.);
#2499 = CIRCLE('',#2500,4.5E-02);
#2500 = AXIS2_PLACEMENT_3D('',#2501,#2502,#2503);
#2501 = CARTESIAN_POINT('',(-0.955,0.6,0.405));
#2502 = DIRECTION('',(0.,1.,0.));
#2503 = DIRECTION('',(0.,-0.,1.));
#2504 = ORIENTED_EDGE('',*,*,#2367,.F.);
#2505 = CYLINDRICAL_SURFACE('',#2506,4.5E-02);
#2506 = AXIS2_PLACEMENT_3D('',#2507,#2508,#2509);
#2507 = CARTESIAN_POINT('',(-0.955,-0.6,0.405));
#2508 = DIRECTION('',(0.,1.,0.));
#2509 = DIRECTION('',(-1.,0.,0.));
#2510 = ADVANCED_FACE('',(#2511),#2572,.T.);
#2511 = FACE_BOUND('',#2512,.T.);
#2512 = EDGE_LOOP('',(#2513,#2521,#2522,#2523,#2524,#2532,#2541,#2549,
    #2557,#2565));
#2513 = ORIENTED_EDGE('',*,*,#2514,.F.);
#2514 = EDGE_CURVE('',#2466,#2515,#2517,.T.);
#2515 = VERTEX_POINT('',#2516);
#2516 = CARTESIAN_POINT('',(-0.745,0.6,-2.775557561563E-17));
#2517 = LINE('',#2518,#2519);
#2518 = CARTESIAN_POINT('',(-1.,0.6,0.));
#2519 = VECTOR('',#2520,1.);
#2520 = DIRECTION('',(1.,0.,0.));
#2521 = ORIENTED_EDGE('',*,*,#2465,.F.);
#2522 = ORIENTED_EDGE('',*,*,#2359,.T.);
#2523 = ORIENTED_EDGE('',*,*,#2498,.T.);
#2524 = ORIENTED_EDGE('',*,*,#2525,.T.);
#2525 = EDGE_CURVE('',#2491,#2526,#2528,.T.);
#2526 = VERTEX_POINT('',#2527);
#2527 = CARTESIAN_POINT('',(-0.745,0.6,0.45));
#2528 = LINE('',#2529,#2530);
#2529 = CARTESIAN_POINT('',(-1.,0.6,0.45));
#2530 = VECTOR('',#2531,1.);
#2531 = DIRECTION('',(1.,0.,0.));
#2532 = ORIENTED_EDGE('',*,*,#2533,.F.);
#2533 = EDGE_CURVE('',#2534,#2526,#2536,.T.);
#2534 = VERTEX_POINT('',#2535);
#2535 = CARTESIAN_POINT('',(-0.7,0.6,0.405));
#2536 = CIRCLE('',#2537,4.5E-02);
#2537 = AXIS2_PLACEMENT_3D('',#2538,#2539,#2540);
#2538 = CARTESIAN_POINT('',(-0.745,0.6,0.405));
#2539 = DIRECTION('',(0.,-1.,0.));
#2540 = DIRECTION('',(0.,0.,1.));
#2541 = ORIENTED_EDGE('',*,*,#2542,.F.);
#2542 = EDGE_CURVE('',#2543,#2534,#2545,.T.);
#2543 = VERTEX_POINT('',#2544);
#2544 = CARTESIAN_POINT('',(-0.955,0.6,0.405));
#2545 = LINE('',#2546,#2547);
#2546 = CARTESIAN_POINT('',(-0.955,0.6,0.405));
#2547 = VECTOR('',#2548,1.);
#2548 = DIRECTION('',(1.,0.,0.));
#2549 = ORIENTED_EDGE('',*,*,#2550,.F.);
#2550 = EDGE_CURVE('',#2551,#2543,#2553,.T.);
#2551 = VERTEX_POINT('',#2552);
#2552 = CARTESIAN_POINT('',(-0.955,0.6,4.5E-02));
#2553 = LINE('',#2554,#2555);
#2554 = CARTESIAN_POINT('',(-0.955,0.6,4.5E-02));
#2555 = VECTOR('',#2556,1.);
#2556 = DIRECTION('',(0.,0.,1.));
#2557 = ORIENTED_EDGE('',*,*,#2558,.T.);
#2558 = EDGE_CURVE('',#2551,#2559,#2561,.T.);
#2559 = VERTEX_POINT('',#2560);
#2560 = CARTESIAN_POINT('',(-0.7,0.6,4.5E-02));
#2561 = LINE('',#2562,#2563);
#2562 = CARTESIAN_POINT('',(-0.955,0.6,4.5E-02));
#2563 = VECTOR('',#2564,1.);
#2564 = DIRECTION('',(1.,0.,0.));
#2565 = ORIENTED_EDGE('',*,*,#2566,.T.);
#2566 = EDGE_CURVE('',#2559,#2515,#2567,.T.);
#2567 = CIRCLE('',#2568,4.5E-02);
#2568 = AXIS2_PLACEMENT_3D('',#2569,#2570,#2571);
#2569 = CARTESIAN_POINT('',(-0.745,0.6,4.5E-02));
#2570 = DIRECTION('',(0.,1.,0.));
#2571 = DIRECTION('',(0.,-0.,1.));
#2572 = PLANE('',#2573);
#2573 = AXIS2_PLACEMENT_3D('',#2574,#2575,#2576);
#2574 = CARTESIAN_POINT('',(-1.,0.6,0.));
#2575 = DIRECTION('',(0.,1.,0.));
#2576 = DIRECTION('',(0.,-0.,1.));
#2577 = ADVANCED_FACE('',(#2578),#2589,.F.);
#2578 = FACE_BOUND('',#2579,.F.);
#2579 = EDGE_LOOP('',(#2580,#2581,#2582,#2583));
#2580 = ORIENTED_EDGE('',*,*,#2514,.F.);
#2581 = ORIENTED_EDGE('',*,*,#2474,.F.);
#2582 = ORIENTED_EDGE('',*,*,#2381,.T.);
#2583 = ORIENTED_EDGE('',*,*,#2584,.T.);
#2584 = EDGE_CURVE('',#2384,#2515,#2585,.T.);
#2585 = LINE('',#2586,#2587);
#2586 = CARTESIAN_POINT('',(-0.745,-0.6,-2.775557561563E-17));
#2587 = VECTOR('',#2588,1.);
#2588 = DIRECTION('',(0.,1.,0.));
#2589 = PLANE('',#2590);
#2590 = AXIS2_PLACEMENT_3D('',#2591,#2592,#2593);
#2591 = CARTESIAN_POINT('',(-1.,-0.6,0.));
#2592 = DIRECTION('',(0.,0.,1.));
#2593 = DIRECTION('',(1.,0.,-0.));
#2594 = ADVANCED_FACE('',(#2595),#2606,.T.);
#2595 = FACE_BOUND('',#2596,.T.);
#2596 = EDGE_LOOP('',(#2597,#2598,#2599,#2600));
#2597 = ORIENTED_EDGE('',*,*,#2449,.T.);
#2598 = ORIENTED_EDGE('',*,*,#2584,.T.);
#2599 = ORIENTED_EDGE('',*,*,#2566,.F.);
#2600 = ORIENTED_EDGE('',*,*,#2601,.F.);
#2601 = EDGE_CURVE('',#2442,#2559,#2602,.T.);
#2602 = LINE('',#2603,#2604);
#2603 = CARTESIAN_POINT('',(-0.7,-0.6,4.5E-02));
#2604 = VECTOR('',#2605,1.);
#2605 = DIRECTION('',(0.,1.,0.));
#2606 = CYLINDRICAL_SURFACE('',#2607,4.5E-02);
#2607 = AXIS2_PLACEMENT_3D('',#2608,#2609,#2610);
#2608 = CARTESIAN_POINT('',(-0.745,-0.6,4.5E-02));
#2609 = DIRECTION('',(0.,1.,0.));
#2610 = DIRECTION('',(1.,0.,0.));
#2611 = ADVANCED_FACE('',(#2612),#2655,.F.);
#2612 = FACE_BOUND('',#2613,.F.);
#2613 = EDGE_LOOP('',(#2614,#2615,#2616,#2617,#2625,#2633,#2641,#2649));
#2614 = ORIENTED_EDGE('',*,*,#2441,.F.);
#2615 = ORIENTED_EDGE('',*,*,#2433,.T.);
#2616 = ORIENTED_EDGE('',*,*,#2425,.T.);
#2617 = ORIENTED_EDGE('',*,*,#2618,.T.);
#2618 = EDGE_CURVE('',#2417,#2619,#2621,.T.);
#2619 = VERTEX_POINT('',#2620);
#2620 = CARTESIAN_POINT('',(0.7,-0.6,0.405));
#2621 = LINE('',#2622,#2623);
#2622 = CARTESIAN_POINT('',(-0.7,-0.6,0.405));
#2623 = VECTOR('',#2624,1.);
#2624 = DIRECTION('',(1.,0.,0.));
#2625 = ORIENTED_EDGE('',*,*,#2626,.T.);
#2626 = EDGE_CURVE('',#2619,#2627,#2629,.T.);
#2627 = VERTEX_POINT('',#2628);
#2628 = CARTESIAN_POINT('',(0.955,-0.6,0.405));
#2629 = LINE('',#2630,#2631);
#2630 = CARTESIAN_POINT('',(-0.955,-0.6,0.405));
#2631 = VECTOR('',#2632,1.);
#2632 = DIRECTION('',(1.,0.,0.));
#2633 = ORIENTED_EDGE('',*,*,#2634,.F.);
#2634 = EDGE_CURVE('',#2635,#2627,#2637,.T.);
#2635 = VERTEX_POINT('',#2636);
#2636 = CARTESIAN_POINT('',(0.955,-0.6,4.5E-02));
#2637 = LINE('',#2638,#2639);
#2638 = CARTESIAN_POINT('',(0.955,-0.6,4.5E-02));
#2639 = VECTOR('',#2640,1.);
#2640 = DIRECTION('',(0.,0.,1.));
#2641 = ORIENTED_EDGE('',*,*,#2642,.F.);
#2642 = EDGE_CURVE('',#2643,#2635,#2645,.T.);
#2643 = VERTEX_POINT('',#2644);
#2644 = CARTESIAN_POINT('',(0.7,-0.6,4.5E-02));
#2645 = LINE('',#2646,#2647);
#2646 = CARTESIAN_POINT('',(-0.955,-0.6,4.5E-02));
#2647 = VECTOR('',#2648,1.);
#2648 = DIRECTION('',(1.,0.,0.));
#2649 = ORIENTED_EDGE('',*,*,#2650,.F.);
#2650 = EDGE_CURVE('',#2442,#2643,#2651,.T.);
#2651 = LINE('',#2652,#2653);
#2652 = CARTESIAN_POINT('',(-0.955,-0.6,4.5E-02));
#2653 = VECTOR('',#2654,1.);
#2654 = DIRECTION('',(1.,0.,0.));
#2655 = PLANE('',#2656);
#2656 = AXIS2_PLACEMENT_3D('',#2657,#2658,#2659);
#2657 = CARTESIAN_POINT('',(-0.955,-0.6,4.5E-02));
#2658 = DIRECTION('',(0.,1.,0.));
#2659 = DIRECTION('',(0.,-0.,1.));
#2660 = ADVANCED_FACE('',(#2661),#2672,.T.);
#2661 = FACE_BOUND('',#2662,.T.);
#2662 = EDGE_LOOP('',(#2663,#2664,#2665,#2666));
#2663 = ORIENTED_EDGE('',*,*,#2525,.F.);
#2664 = ORIENTED_EDGE('',*,*,#2490,.F.);
#2665 = ORIENTED_EDGE('',*,*,#2408,.T.);
#2666 = ORIENTED_EDGE('',*,*,#2667,.T.);
#2667 = EDGE_CURVE('',#2409,#2526,#2668,.T.);
#2668 = LINE('',#2669,#2670);
#2669 = CARTESIAN_POINT('',(-0.745,-0.6,0.45));
#2670 = VECTOR('',#2671,1.);
#2671 = DIRECTION('',(0.,1.,0.));
#2672 = PLANE('',#2673);
#2673 = AXIS2_PLACEMENT_3D('',#2674,#2675,#2676);
#2674 = CARTESIAN_POINT('',(-1.,-0.6,0.45));
#2675 = DIRECTION('',(0.,0.,1.));
#2676 = DIRECTION('',(1.,0.,-0.));
#2677 = ADVANCED_FACE('',(#2678),#2689,.T.);
#2678 = FACE_BOUND('',#2679,.T.);
#2679 = EDGE_LOOP('',(#2680,#2686,#2687,#2688));
#2680 = ORIENTED_EDGE('',*,*,#2681,.T.);
#2681 = EDGE_CURVE('',#2417,#2534,#2682,.T.);
#2682 = LINE('',#2683,#2684);
#2683 = CARTESIAN_POINT('',(-0.7,-0.6,0.405));
#2684 = VECTOR('',#2685,1.);
#2685 = DIRECTION('',(0.,1.,0.));
#2686 = ORIENTED_EDGE('',*,*,#2533,.T.);
#2687 = ORIENTED_EDGE('',*,*,#2667,.F.);
#2688 = ORIENTED_EDGE('',*,*,#2416,.F.);
#2689 = CYLINDRICAL_SURFACE('',#2690,4.5E-02);
#2690 = AXIS2_PLACEMENT_3D('',#2691,#2692,#2693);
#2691 = CARTESIAN_POINT('',(-0.745,-0.6,0.405));
#2692 = DIRECTION('',(0.,1.,0.));
#2693 = DIRECTION('',(1.,0.,0.));
#2694 = ADVANCED_FACE('',(#2695),#2738,.T.);
#2695 = FACE_BOUND('',#2696,.T.);
#2696 = EDGE_LOOP('',(#2697,#2698,#2699,#2700,#2708,#2716,#2724,#2732));
#2697 = ORIENTED_EDGE('',*,*,#2558,.F.);
#2698 = ORIENTED_EDGE('',*,*,#2550,.T.);
#2699 = ORIENTED_EDGE('',*,*,#2542,.T.);
#2700 = ORIENTED_EDGE('',*,*,#2701,.T.);
#2701 = EDGE_CURVE('',#2534,#2702,#2704,.T.);
#2702 = VERTEX_POINT('',#2703);
#2703 = CARTESIAN_POINT('',(0.7,0.6,0.405));
#2704 = LINE('',#2705,#2706);
#2705 = CARTESIAN_POINT('',(-0.7,0.6,0.405));
#2706 = VECTOR('',#2707,1.);
#2707 = DIRECTION('',(1.,0.,0.));
#2708 = ORIENTED_EDGE('',*,*,#2709,.T.);
#2709 = EDGE_CURVE('',#2702,#2710,#2712,.T.);
#2710 = VERTEX_POINT('',#2711);
#2711 = CARTESIAN_POINT('',(0.955,0.6,0.405));
#2712 = LINE('',#2713,#2714);
#2713 = CARTESIAN_POINT('',(-0.955,0.6,0.405));
#2714 = VECTOR('',#2715,1.);
#2715 = DIRECTION('',(1.,0.,0.));
#2716 = ORIENTED_EDGE('',*,*,#2717,.F.);
#2717 = EDGE_CURVE('',#2718,#2710,#2720,.T.);
#2718 = VERTEX_POINT('',#2719);
#2719 = CARTESIAN_POINT('',(0.955,0.6,4.5E-02));
#2720 = LINE('',#2721,#2722);
#2721 = CARTESIAN_POINT('',(0.955,0.6,4.5E-02));
#2722 = VECTOR('',#2723,1.);
#2723 = DIRECTION('',(0.,0.,1.));
#2724 = ORIENTED_EDGE('',*,*,#2725,.F.);
#2725 = EDGE_CURVE('',#2726,#2718,#2728,.T.);
#2726 = VERTEX_POINT('',#2727);
#2727 = CARTESIAN_POINT('',(0.7,0.6,4.5E-02));
#2728 = LINE('',#2729,#2730);
#2729 = CARTESIAN_POINT('',(-0.955,0.6,4.5E-02));
#2730 = VECTOR('',#2731,1.);
#2731 = DIRECTION('',(1.,0.,0.));
#2732 = ORIENTED_EDGE('',*,*,#2733,.F.);
#2733 = EDGE_CURVE('',#2559,#2726,#2734,.T.);
#2734 = LINE('',#2735,#2736);
#2735 = CARTESIAN_POINT('',(-0.955,0.6,4.5E-02));
#2736 = VECTOR('',#2737,1.);
#2737 = DIRECTION('',(1.,0.,0.));
#2738 = PLANE('',#2739);
#2739 = AXIS2_PLACEMENT_3D('',#2740,#2741,#2742);
#2740 = CARTESIAN_POINT('',(-0.955,0.6,4.5E-02));
#2741 = DIRECTION('',(0.,1.,0.));
#2742 = DIRECTION('',(0.,-0.,1.));
#2743 = ADVANCED_FACE('',(#2744),#2755,.F.);
#2744 = FACE_BOUND('',#2745,.F.);
#2745 = EDGE_LOOP('',(#2746,#2747,#2748,#2754));
#2746 = ORIENTED_EDGE('',*,*,#2601,.F.);
#2747 = ORIENTED_EDGE('',*,*,#2650,.T.);
#2748 = ORIENTED_EDGE('',*,*,#2749,.T.);
#2749 = EDGE_CURVE('',#2643,#2726,#2750,.T.);
#2750 = LINE('',#2751,#2752);
#2751 = CARTESIAN_POINT('',(0.7,-0.6,4.5E-02));
#2752 = VECTOR('',#2753,1.);
#2753 = DIRECTION('',(0.,1.,0.));
#2754 = ORIENTED_EDGE('',*,*,#2733,.F.);
#2755 = PLANE('',#2756);
#2756 = AXIS2_PLACEMENT_3D('',#2757,#2758,#2759);
#2757 = CARTESIAN_POINT('',(-0.955,-0.6,4.5E-02));
#2758 = DIRECTION('',(0.,0.,1.));
#2759 = DIRECTION('',(1.,0.,-0.));
#2760 = ADVANCED_FACE('',(#2761),#2824,.F.);
#2761 = FACE_BOUND('',#2762,.F.);
#2762 = EDGE_LOOP('',(#2763,#2773,#2780,#2781,#2782,#2783,#2792,#2800,
    #2809,#2817));
#2763 = ORIENTED_EDGE('',*,*,#2764,.F.);
#2764 = EDGE_CURVE('',#2765,#2767,#2769,.T.);
#2765 = VERTEX_POINT('',#2766);
#2766 = CARTESIAN_POINT('',(0.745,-0.6,-2.775557561563E-17));
#2767 = VERTEX_POINT('',#2768);
#2768 = CARTESIAN_POINT('',(0.955,-0.6,-2.775557561563E-17));
#2769 = LINE('',#2770,#2771);
#2770 = CARTESIAN_POINT('',(0.7,-0.6,0.));
#2771 = VECTOR('',#2772,1.);
#2772 = DIRECTION('',(1.,0.,0.));
#2773 = ORIENTED_EDGE('',*,*,#2774,.F.);
#2774 = EDGE_CURVE('',#2643,#2765,#2775,.T.);
#2775 = CIRCLE('',#2776,4.5E-02);
#2776 = AXIS2_PLACEMENT_3D('',#2777,#2778,#2779);
#2777 = CARTESIAN_POINT('',(0.745,-0.6,4.5E-02));
#2778 = DIRECTION('',(0.,-1.,0.));
#2779 = DIRECTION('',(0.,0.,1.));
#2780 = ORIENTED_EDGE('',*,*,#2642,.T.);
#2781 = ORIENTED_EDGE('',*,*,#2634,.T.);
#2782 = ORIENTED_EDGE('',*,*,#2626,.F.);
#2783 = ORIENTED_EDGE('',*,*,#2784,.T.);
#2784 = EDGE_CURVE('',#2619,#2785,#2787,.T.);
#2785 = VERTEX_POINT('',#2786);
#2786 = CARTESIAN_POINT('',(0.745,-0.6,0.45));
#2787 = CIRCLE('',#2788,4.5E-02);
#2788 = AXIS2_PLACEMENT_3D('',#2789,#2790,#2791);
#2789 = CARTESIAN_POINT('',(0.745,-0.6,0.405));
#2790 = DIRECTION('',(0.,1.,0.));
#2791 = DIRECTION('',(0.,-0.,1.));
#2792 = ORIENTED_EDGE('',*,*,#2793,.T.);
#2793 = EDGE_CURVE('',#2785,#2794,#2796,.T.);
#2794 = VERTEX_POINT('',#2795);
#2795 = CARTESIAN_POINT('',(0.955,-0.6,0.45));
#2796 = LINE('',#2797,#2798);
#2797 = CARTESIAN_POINT('',(0.7,-0.6,0.45));
#2798 = VECTOR('',#2799,1.);
#2799 = DIRECTION('',(1.,0.,0.));
#2800 = ORIENTED_EDGE('',*,*,#2801,.F.);
#2801 = EDGE_CURVE('',#2802,#2794,#2804,.T.);
#2802 = VERTEX_POINT('',#2803);
#2803 = CARTESIAN_POINT('',(1.,-0.6,0.405));
#2804 = CIRCLE('',#2805,4.5E-02);
#2805 = AXIS2_PLACEMENT_3D('',#2806,#2807,#2808);
#2806 = CARTESIAN_POINT('',(0.955,-0.6,0.405));
#2807 = DIRECTION('',(0.,-1.,0.));
#2808 = DIRECTION('',(0.,0.,1.));
#2809 = ORIENTED_EDGE('',*,*,#2810,.F.);
#2810 = EDGE_CURVE('',#2811,#2802,#2813,.T.);
#2811 = VERTEX_POINT('',#2812);
#2812 = CARTESIAN_POINT('',(1.,-0.6,4.5E-02));
#2813 = LINE('',#2814,#2815);
#2814 = CARTESIAN_POINT('',(1.,-0.6,0.));
#2815 = VECTOR('',#2816,1.);
#2816 = DIRECTION('',(0.,0.,1.));
#2817 = ORIENTED_EDGE('',*,*,#2818,.T.);
#2818 = EDGE_CURVE('',#2811,#2767,#2819,.T.);
#2819 = CIRCLE('',#2820,4.5E-02);
#2820 = AXIS2_PLACEMENT_3D('',#2821,#2822,#2823);
#2821 = CARTESIAN_POINT('',(0.955,-0.6,4.5E-02));
#2822 = DIRECTION('',(0.,1.,0.));
#2823 = DIRECTION('',(0.,-0.,1.));
#2824 = PLANE('',#2825);
#2825 = AXIS2_PLACEMENT_3D('',#2826,#2827,#2828);
#2826 = CARTESIAN_POINT('',(0.7,-0.6,0.));
#2827 = DIRECTION('',(0.,1.,0.));
#2828 = DIRECTION('',(0.,-0.,1.));
#2829 = ADVANCED_FACE('',(#2830),#2855,.F.);
#2830 = FACE_BOUND('',#2831,.F.);
#2831 = EDGE_LOOP('',(#2832,#2833,#2841,#2849));
#2832 = ORIENTED_EDGE('',*,*,#2618,.F.);
#2833 = ORIENTED_EDGE('',*,*,#2834,.T.);
#2834 = EDGE_CURVE('',#2417,#2835,#2837,.T.);
#2835 = VERTEX_POINT('',#2836);
#2836 = CARTESIAN_POINT('',(-0.7,-0.6,0.45));
#2837 = LINE('',#2838,#2839);
#2838 = CARTESIAN_POINT('',(-0.7,-0.6,0.405));
#2839 = VECTOR('',#2840,1.);
#2840 = DIRECTION('',(0.,0.,1.));
#2841 = ORIENTED_EDGE('',*,*,#2842,.T.);
#2842 = EDGE_CURVE('',#2835,#2843,#2845,.T.);
#2843 = VERTEX_POINT('',#2844);
#2844 = CARTESIAN_POINT('',(0.7,-0.6,0.45));
#2845 = LINE('',#2846,#2847);
#2846 = CARTESIAN_POINT('',(-0.7,-0.6,0.45));
#2847 = VECTOR('',#2848,1.);
#2848 = DIRECTION('',(1.,0.,0.));
#2849 = ORIENTED_EDGE('',*,*,#2850,.F.);
#2850 = EDGE_CURVE('',#2619,#2843,#2851,.T.);
#2851 = LINE('',#2852,#2853);
#2852 = CARTESIAN_POINT('',(0.7,-0.6,0.405));
#2853 = VECTOR('',#2854,1.);
#2854 = DIRECTION('',(0.,0.,1.));
#2855 = PLANE('',#2856);
#2856 = AXIS2_PLACEMENT_3D('',#2857,#2858,#2859);
#2857 = CARTESIAN_POINT('',(-0.7,-0.6,0.405));
#2858 = DIRECTION('',(0.,1.,0.));
#2859 = DIRECTION('',(0.,-0.,1.));
#2860 = ADVANCED_FACE('',(#2861),#2879,.F.);
#2861 = FACE_BOUND('',#2862,.F.);
#2862 = EDGE_LOOP('',(#2863,#2864,#2865,#2873));
#2863 = ORIENTED_EDGE('',*,*,#2834,.F.);
#2864 = ORIENTED_EDGE('',*,*,#2681,.T.);
#2865 = ORIENTED_EDGE('',*,*,#2866,.T.);
#2866 = EDGE_CURVE('',#2534,#2867,#2869,.T.);
#2867 = VERTEX_POINT('',#2868);
#2868 = CARTESIAN_POINT('',(-0.7,0.6,0.45));
#2869 = LINE('',#2870,#2871);
#2870 = CARTESIAN_POINT('',(-0.7,0.6,0.405));
#2871 = VECTOR('',#2872,1.);
#2872 = DIRECTION('',(0.,0.,1.));
#2873 = ORIENTED_EDGE('',*,*,#2874,.F.);
#2874 = EDGE_CURVE('',#2835,#2867,#2875,.T.);
#2875 = LINE('',#2876,#2877);
#2876 = CARTESIAN_POINT('',(-0.7,-0.6,0.45));
#2877 = VECTOR('',#2878,1.);
#2878 = DIRECTION('',(0.,1.,0.));
#2879 = PLANE('',#2880);
#2880 = AXIS2_PLACEMENT_3D('',#2881,#2882,#2883);
#2881 = CARTESIAN_POINT('',(-0.7,-0.6,0.405));
#2882 = DIRECTION('',(1.,0.,0.));
#2883 = DIRECTION('',(0.,0.,1.));
#2884 = ADVANCED_FACE('',(#2885),#2948,.T.);
#2885 = FACE_BOUND('',#2886,.T.);
#2886 = EDGE_LOOP('',(#2887,#2897,#2904,#2905,#2906,#2907,#2916,#2924,
    #2933,#2941));
#2887 = ORIENTED_EDGE('',*,*,#2888,.F.);
#2888 = EDGE_CURVE('',#2889,#2891,#2893,.T.);
#2889 = VERTEX_POINT('',#2890);
#2890 = CARTESIAN_POINT('',(0.745,0.6,-2.775557561563E-17));
#2891 = VERTEX_POINT('',#2892);
#2892 = CARTESIAN_POINT('',(0.955,0.6,-2.775557561563E-17));
#2893 = LINE('',#2894,#2895);
#2894 = CARTESIAN_POINT('',(0.7,0.6,0.));
#2895 = VECTOR('',#2896,1.);
#2896 = DIRECTION('',(1.,0.,0.));
#2897 = ORIENTED_EDGE('',*,*,#2898,.F.);
#2898 = EDGE_CURVE('',#2726,#2889,#2899,.T.);
#2899 = CIRCLE('',#2900,4.5E-02);
#2900 = AXIS2_PLACEMENT_3D('',#2901,#2902,#2903);
#2901 = CARTESIAN_POINT('',(0.745,0.6,4.5E-02));
#2902 = DIRECTION('',(0.,-1.,0.));
#2903 = DIRECTION('',(0.,0.,1.));
#2904 = ORIENTED_EDGE('',*,*,#2725,.T.);
#2905 = ORIENTED_EDGE('',*,*,#2717,.T.);
#2906 = ORIENTED_EDGE('',*,*,#2709,.F.);
#2907 = ORIENTED_EDGE('',*,*,#2908,.T.);
#2908 = EDGE_CURVE('',#2702,#2909,#2911,.T.);
#2909 = VERTEX_POINT('',#2910);
#2910 = CARTESIAN_POINT('',(0.745,0.6,0.45));
#2911 = CIRCLE('',#2912,4.5E-02);
#2912 = AXIS2_PLACEMENT_3D('',#2913,#2914,#2915);
#2913 = CARTESIAN_POINT('',(0.745,0.6,0.405));
#2914 = DIRECTION('',(0.,1.,0.));
#2915 = DIRECTION('',(0.,-0.,1.));
#2916 = ORIENTED_EDGE('',*,*,#2917,.T.);
#2917 = EDGE_CURVE('',#2909,#2918,#2920,.T.);
#2918 = VERTEX_POINT('',#2919);
#2919 = CARTESIAN_POINT('',(0.955,0.6,0.45));
#2920 = LINE('',#2921,#2922);
#2921 = CARTESIAN_POINT('',(0.7,0.6,0.45));
#2922 = VECTOR('',#2923,1.);
#2923 = DIRECTION('',(1.,0.,0.));
#2924 = ORIENTED_EDGE('',*,*,#2925,.F.);
#2925 = EDGE_CURVE('',#2926,#2918,#2928,.T.);
#2926 = VERTEX_POINT('',#2927);
#2927 = CARTESIAN_POINT('',(1.,0.6,0.405));
#2928 = CIRCLE('',#2929,4.5E-02);
#2929 = AXIS2_PLACEMENT_3D('',#2930,#2931,#2932);
#2930 = CARTESIAN_POINT('',(0.955,0.6,0.405));
#2931 = DIRECTION('',(0.,-1.,0.));
#2932 = DIRECTION('',(0.,0.,1.));
#2933 = ORIENTED_EDGE('',*,*,#2934,.F.);
#2934 = EDGE_CURVE('',#2935,#2926,#2937,.T.);
#2935 = VERTEX_POINT('',#2936);
#2936 = CARTESIAN_POINT('',(1.,0.6,4.5E-02));
#2937 = LINE('',#2938,#2939);
#2938 = CARTESIAN_POINT('',(1.,0.6,0.));
#2939 = VECTOR('',#2940,1.);
#2940 = DIRECTION('',(0.,0.,1.));
#2941 = ORIENTED_EDGE('',*,*,#2942,.T.);
#2942 = EDGE_CURVE('',#2935,#2891,#2943,.T.);
#2943 = CIRCLE('',#2944,4.5E-02);
#2944 = AXIS2_PLACEMENT_3D('',#2945,#2946,#2947);
#2945 = CARTESIAN_POINT('',(0.955,0.6,4.5E-02));
#2946 = DIRECTION('',(0.,1.,0.));
#2947 = DIRECTION('',(0.,-0.,1.));
#2948 = PLANE('',#2949);
#2949 = AXIS2_PLACEMENT_3D('',#2950,#2951,#2952);
#2950 = CARTESIAN_POINT('',(0.7,0.6,0.));
#2951 = DIRECTION('',(0.,1.,0.));
#2952 = DIRECTION('',(0.,-0.,1.));
#2953 = ADVANCED_FACE('',(#2954),#2972,.T.);
#2954 = FACE_BOUND('',#2955,.T.);
#2955 = EDGE_LOOP('',(#2956,#2957,#2958,#2966));
#2956 = ORIENTED_EDGE('',*,*,#2701,.F.);
#2957 = ORIENTED_EDGE('',*,*,#2866,.T.);
#2958 = ORIENTED_EDGE('',*,*,#2959,.T.);
#2959 = EDGE_CURVE('',#2867,#2960,#2962,.T.);
#2960 = VERTEX_POINT('',#2961);
#2961 = CARTESIAN_POINT('',(0.7,0.6,0.45));
#2962 = LINE('',#2963,#2964);
#2963 = CARTESIAN_POINT('',(-0.7,0.6,0.45));
#2964 = VECTOR('',#2965,1.);
#2965 = DIRECTION('',(1.,0.,0.));
#2966 = ORIENTED_EDGE('',*,*,#2967,.F.);
#2967 = EDGE_CURVE('',#2702,#2960,#2968,.T.);
#2968 = LINE('',#2969,#2970);
#2969 = CARTESIAN_POINT('',(0.7,0.6,0.405));
#2970 = VECTOR('',#2971,1.);
#2971 = DIRECTION('',(0.,0.,1.));
#2972 = PLANE('',#2973);
#2973 = AXIS2_PLACEMENT_3D('',#2974,#2975,#2976);
#2974 = CARTESIAN_POINT('',(-0.7,0.6,0.405));
#2975 = DIRECTION('',(0.,1.,0.));
#2976 = DIRECTION('',(0.,-0.,1.));
#2977 = ADVANCED_FACE('',(#2978),#2989,.T.);
#2978 = FACE_BOUND('',#2979,.T.);
#2979 = EDGE_LOOP('',(#2980,#2981,#2982,#2988));
#2980 = ORIENTED_EDGE('',*,*,#2749,.T.);
#2981 = ORIENTED_EDGE('',*,*,#2898,.T.);
#2982 = ORIENTED_EDGE('',*,*,#2983,.F.);
#2983 = EDGE_CURVE('',#2765,#2889,#2984,.T.);
#2984 = LINE('',#2985,#2986);
#2985 = CARTESIAN_POINT('',(0.745,-0.6,-2.775557561563E-17));
#2986 = VECTOR('',#2987,1.);
#2987 = DIRECTION('',(0.,1.,0.));
#2988 = ORIENTED_EDGE('',*,*,#2774,.F.);
#2989 = CYLINDRICAL_SURFACE('',#2990,4.5E-02);
#2990 = AXIS2_PLACEMENT_3D('',#2991,#2992,#2993);
#2991 = CARTESIAN_POINT('',(0.745,-0.6,4.5E-02));
#2992 = DIRECTION('',(0.,1.,0.));
#2993 = DIRECTION('',(-1.,0.,0.));
#2994 = ADVANCED_FACE('',(#2995),#3006,.F.);
#2995 = FACE_BOUND('',#2996,.F.);
#2996 = EDGE_LOOP('',(#2997,#2998,#2999,#3000));
#2997 = ORIENTED_EDGE('',*,*,#2888,.F.);
#2998 = ORIENTED_EDGE('',*,*,#2983,.F.);
#2999 = ORIENTED_EDGE('',*,*,#2764,.T.);
#3000 = ORIENTED_EDGE('',*,*,#3001,.T.);
#3001 = EDGE_CURVE('',#2767,#2891,#3002,.T.);
#3002 = LINE('',#3003,#3004);
#3003 = CARTESIAN_POINT('',(0.955,-0.6,-2.775557561563E-17));
#3004 = VECTOR('',#3005,1.);
#3005 = DIRECTION('',(0.,1.,0.));
#3006 = PLANE('',#3007);
#3007 = AXIS2_PLACEMENT_3D('',#3008,#3009,#3010);
#3008 = CARTESIAN_POINT('',(0.7,-0.6,0.));
#3009 = DIRECTION('',(0.,0.,1.));
#3010 = DIRECTION('',(1.,0.,-0.));
#3011 = ADVANCED_FACE('',(#3012),#3023,.T.);
#3012 = FACE_BOUND('',#3013,.T.);
#3013 = EDGE_LOOP('',(#3014,#3015,#3016,#3017));
#3014 = ORIENTED_EDGE('',*,*,#2818,.T.);
#3015 = ORIENTED_EDGE('',*,*,#3001,.T.);
#3016 = ORIENTED_EDGE('',*,*,#2942,.F.);
#3017 = ORIENTED_EDGE('',*,*,#3018,.F.);
#3018 = EDGE_CURVE('',#2811,#2935,#3019,.T.);
#3019 = LINE('',#3020,#3021);
#3020 = CARTESIAN_POINT('',(1.,-0.6,4.5E-02));
#3021 = VECTOR('',#3022,1.);
#3022 = DIRECTION('',(0.,1.,0.));
#3023 = CYLINDRICAL_SURFACE('',#3024,4.5E-02);
#3024 = AXIS2_PLACEMENT_3D('',#3025,#3026,#3027);
#3025 = CARTESIAN_POINT('',(0.955,-0.6,4.5E-02));
#3026 = DIRECTION('',(0.,1.,0.));
#3027 = DIRECTION('',(1.,0.,0.));
#3028 = ADVANCED_FACE('',(#3029),#3040,.T.);
#3029 = FACE_BOUND('',#3030,.T.);
#3030 = EDGE_LOOP('',(#3031,#3032,#3033,#3034));
#3031 = ORIENTED_EDGE('',*,*,#2810,.F.);
#3032 = ORIENTED_EDGE('',*,*,#3018,.T.);
#3033 = ORIENTED_EDGE('',*,*,#2934,.T.);
#3034 = ORIENTED_EDGE('',*,*,#3035,.F.);
#3035 = EDGE_CURVE('',#2802,#2926,#3036,.T.);
#3036 = LINE('',#3037,#3038);
#3037 = CARTESIAN_POINT('',(1.,-0.6,0.405));
#3038 = VECTOR('',#3039,1.);
#3039 = DIRECTION('',(0.,1.,0.));
#3040 = PLANE('',#3041);
#3041 = AXIS2_PLACEMENT_3D('',#3042,#3043,#3044);
#3042 = CARTESIAN_POINT('',(1.,-0.6,0.));
#3043 = DIRECTION('',(1.,0.,0.));
#3044 = DIRECTION('',(0.,0.,1.));
#3045 = ADVANCED_FACE('',(#3046),#3057,.T.);
#3046 = FACE_BOUND('',#3047,.T.);
#3047 = EDGE_LOOP('',(#3048,#3049,#3050,#3056));
#3048 = ORIENTED_EDGE('',*,*,#3035,.T.);
#3049 = ORIENTED_EDGE('',*,*,#2925,.T.);
#3050 = ORIENTED_EDGE('',*,*,#3051,.F.);
#3051 = EDGE_CURVE('',#2794,#2918,#3052,.T.);
#3052 = LINE('',#3053,#3054);
#3053 = CARTESIAN_POINT('',(0.955,-0.6,0.45));
#3054 = VECTOR('',#3055,1.);
#3055 = DIRECTION('',(0.,1.,0.));
#3056 = ORIENTED_EDGE('',*,*,#2801,.F.);
#3057 = CYLINDRICAL_SURFACE('',#3058,4.5E-02);
#3058 = AXIS2_PLACEMENT_3D('',#3059,#3060,#3061);
#3059 = CARTESIAN_POINT('',(0.955,-0.6,0.405));
#3060 = DIRECTION('',(0.,1.,0.));
#3061 = DIRECTION('',(1.,0.,0.));
#3062 = ADVANCED_FACE('',(#3063),#3074,.T.);
#3063 = FACE_BOUND('',#3064,.T.);
#3064 = EDGE_LOOP('',(#3065,#3066,#3072,#3073));
#3065 = ORIENTED_EDGE('',*,*,#2917,.F.);
#3066 = ORIENTED_EDGE('',*,*,#3067,.F.);
#3067 = EDGE_CURVE('',#2785,#2909,#3068,.T.);
#3068 = LINE('',#3069,#3070);
#3069 = CARTESIAN_POINT('',(0.745,-0.6,0.45));
#3070 = VECTOR('',#3071,1.);
#3071 = DIRECTION('',(0.,1.,0.));
#3072 = ORIENTED_EDGE('',*,*,#2793,.T.);
#3073 = ORIENTED_EDGE('',*,*,#3051,.T.);
#3074 = PLANE('',#3075);
#3075 = AXIS2_PLACEMENT_3D('',#3076,#3077,#3078);
#3076 = CARTESIAN_POINT('',(0.7,-0.6,0.45));
#3077 = DIRECTION('',(0.,0.,1.));
#3078 = DIRECTION('',(1.,0.,-0.));
#3079 = ADVANCED_FACE('',(#3080),#3091,.T.);
#3080 = FACE_BOUND('',#3081,.T.);
#3081 = EDGE_LOOP('',(#3082,#3083,#3084,#3085));
#3082 = ORIENTED_EDGE('',*,*,#2784,.T.);
#3083 = ORIENTED_EDGE('',*,*,#3067,.T.);
#3084 = ORIENTED_EDGE('',*,*,#2908,.F.);
#3085 = ORIENTED_EDGE('',*,*,#3086,.F.);
#3086 = EDGE_CURVE('',#2619,#2702,#3087,.T.);
#3087 = LINE('',#3088,#3089);
#3088 = CARTESIAN_POINT('',(0.7,-0.6,0.405));
#3089 = VECTOR('',#3090,1.);
#3090 = DIRECTION('',(0.,1.,0.));
#3091 = CYLINDRICAL_SURFACE('',#3092,4.5E-02);
#3092 = AXIS2_PLACEMENT_3D('',#3093,#3094,#3095);
#3093 = CARTESIAN_POINT('',(0.745,-0.6,0.405));
#3094 = DIRECTION('',(0.,1.,0.));
#3095 = DIRECTION('',(-1.,0.,0.));
#3096 = ADVANCED_FACE('',(#3097),#3108,.T.);
#3097 = FACE_BOUND('',#3098,.T.);
#3098 = EDGE_LOOP('',(#3099,#3100,#3101,#3102));
#3099 = ORIENTED_EDGE('',*,*,#2850,.F.);
#3100 = ORIENTED_EDGE('',*,*,#3086,.T.);
#3101 = ORIENTED_EDGE('',*,*,#2967,.T.);
#3102 = ORIENTED_EDGE('',*,*,#3103,.F.);
#3103 = EDGE_CURVE('',#2843,#2960,#3104,.T.);
#3104 = LINE('',#3105,#3106);
#3105 = CARTESIAN_POINT('',(0.7,-0.6,0.45));
#3106 = VECTOR('',#3107,1.);
#3107 = DIRECTION('',(0.,1.,0.));
#3108 = PLANE('',#3109);
#3109 = AXIS2_PLACEMENT_3D('',#3110,#3111,#3112);
#3110 = CARTESIAN_POINT('',(0.7,-0.6,0.405));
#3111 = DIRECTION('',(1.,0.,0.));
#3112 = DIRECTION('',(0.,0.,1.));
#3113 = ADVANCED_FACE('',(#3114),#3120,.T.);
#3114 = FACE_BOUND('',#3115,.T.);
#3115 = EDGE_LOOP('',(#3116,#3117,#3118,#3119));
#3116 = ORIENTED_EDGE('',*,*,#2874,.F.);
#3117 = ORIENTED_EDGE('',*,*,#2842,.T.);
#3118 = ORIENTED_EDGE('',*,*,#3103,.T.);
#3119 = ORIENTED_EDGE('',*,*,#2959,.F.);
#3120 = PLANE('',#3121);
#3121 = AXIS2_PLACEMENT_3D('',#3122,#3123,#3124);
#3122 = CARTESIAN_POINT('',(-0.7,-0.6,0.45));
#3123 = DIRECTION('',(0.,0.,1.));
#3124 = DIRECTION('',(1.,0.,-0.));
#3125 = ( GEOMETRIC_REPRESENTATION_CONTEXT(3) 
GLOBAL_UNCERTAINTY_ASSIGNED_CONTEXT((#3129)) 
GLOBAL_UNIT_ASSIGNED_CONTEXT((#3126,#3127,#3128)) REPRESENTATION_CONTEXT
('Context #1','3D Context with UNIT and UNCERTAINTY') );
#3126 = ( LENGTH_UNIT() NAMED_UNIT(*) SI_UNIT(.MILLI.,.METRE.) );
#3127 = ( NAMED_UNIT(*) PLANE_ANGLE_UNIT() SI_UNIT($,.RADIAN.) );
#3128 = ( NAMED_UNIT(*) SI_UNIT($,.STERADIAN.) SOLID_ANGLE_UNIT() );
#3129 = UNCERTAINTY_MEASURE_WITH_UNIT(LENGTH_MEASURE(1.E-07),#3126,
  'distance_accuracy_value','confusion accuracy');
#3130 = CONTEXT_DEPENDENT_SHAPE_REPRESENTATION(#3131,#3133);
#3131 = ( REPRESENTATION_RELATIONSHIP('','',#2334,#10) 
REPRESENTATION_RELATIONSHIP_WITH_TRANSFORMATION(#3132) 
SHAPE_REPRESENTATION_RELATIONSHIP() );
#3132 = ITEM_DEFINED_TRANSFORMATION('','',#11,#19);
#3133 = PRODUCT_DEFINITION_SHAPE('Placement','Placement of an item',
  #3134);
#3134 = NEXT_ASSEMBLY_USAGE_OCCURRENCE('2','R1','',#5,#2329,$);
#3135 = PRODUCT_RELATED_PRODUCT_CATEGORY('part',$,(#2331));
#3136 = SHAPE_DEFINITION_REPRESENTATION(#3137,#3143);
#3137 = PRODUCT_DEFINITION_SHAPE('','',#3138);
#3138 = PRODUCT_DEFINITION('design','',#3139,#3142);
#3139 = PRODUCT_DEFINITION_FORMATION('','',#3140);
#3140 = PRODUCT('C_0805_2012Metric','C_0805_2012Metric','',(#3141));
#3141 = PRODUCT_CONTEXT('',#2,'mechanical');
#3142 = PRODUCT_DEFINITION_CONTEXT('part definition',#2,'design');
#3143 = ADVANCED_BREP_SHAPE_REPRESENTATION('',(#11,#3144),#3998);
#3144 = MANIFOLD_SOLID_BREP('',#3145);
#3145 = CLOSED_SHELL('',(#3146,#3222,#3253,#3278,#3303,#3327,#3351,#3376
    ,#3401,#3418,#3504,#3536,#3560,#3585,#3609,#3634,#3658,#3683,#3700,
    #3786,#3817,#3842,#3867,#3891,#3915,#3940,#3965,#3982));
#3146 = ADVANCED_FACE('',(#3147),#3217,.F.);
#3147 = FACE_BOUND('',#3148,.F.);
#3148 = EDGE_LOOP('',(#3149,#3159,#3168,#3176,#3185,#3193,#3202,#3210));
#3149 = ORIENTED_EDGE('',*,*,#3150,.F.);
#3150 = EDGE_CURVE('',#3151,#3153,#3155,.T.);
#3151 = VERTEX_POINT('',#3152);
#3152 = CARTESIAN_POINT('',(-1.,-0.625,4.E-02));
#3153 = VERTEX_POINT('',#3154);
#3154 = CARTESIAN_POINT('',(-1.,-0.625,1.21));
#3155 = LINE('',#3156,#3157);
#3156 = CARTESIAN_POINT('',(-1.,-0.625,0.));
#3157 = VECTOR('',#3158,1.);
#3158 = DIRECTION('',(0.,0.,1.));
#3159 = ORIENTED_EDGE('',*,*,#3160,.T.);
#3160 = EDGE_CURVE('',#3151,#3161,#3163,.T.);
#3161 = VERTEX_POINT('',#3162);
#3162 = CARTESIAN_POINT('',(-1.,-0.585,0.));
#3163 = CIRCLE('',#3164,4.E-02);
#3164 = AXIS2_PLACEMENT_3D('',#3165,#3166,#3167);
#3165 = CARTESIAN_POINT('',(-1.,-0.585,4.E-02));
#3166 = DIRECTION('',(1.,0.,-0.));
#3167 = DIRECTION('',(0.,0.,1.));
#3168 = ORIENTED_EDGE('',*,*,#3169,.T.);
#3169 = EDGE_CURVE('',#3161,#3170,#3172,.T.);
#3170 = VERTEX_POINT('',#3171);
#3171 = CARTESIAN_POINT('',(-1.,0.585,0.));
#3172 = LINE('',#3173,#3174);
#3173 = CARTESIAN_POINT('',(-1.,-0.625,0.));
#3174 = VECTOR('',#3175,1.);
#3175 = DIRECTION('',(0.,1.,0.));
#3176 = ORIENTED_EDGE('',*,*,#3177,.F.);
#3177 = EDGE_CURVE('',#3178,#3170,#3180,.T.);
#3178 = VERTEX_POINT('',#3179);
#3179 = CARTESIAN_POINT('',(-1.,0.625,4.E-02));
#3180 = CIRCLE('',#3181,4.E-02);
#3181 = AXIS2_PLACEMENT_3D('',#3182,#3183,#3184);
#3182 = CARTESIAN_POINT('',(-1.,0.585,4.E-02));
#3183 = DIRECTION('',(-1.,0.,0.));
#3184 = DIRECTION('',(0.,0.,1.));
#3185 = ORIENTED_EDGE('',*,*,#3186,.T.);
#3186 = EDGE_CURVE('',#3178,#3187,#3189,.T.);
#3187 = VERTEX_POINT('',#3188);
#3188 = CARTESIAN_POINT('',(-1.,0.625,1.21));
#3189 = LINE('',#3190,#3191);
#3190 = CARTESIAN_POINT('',(-1.,0.625,0.));
#3191 = VECTOR('',#3192,1.);
#3192 = DIRECTION('',(0.,0.,1.));
#3193 = ORIENTED_EDGE('',*,*,#3194,.T.);
#3194 = EDGE_CURVE('',#3187,#3195,#3197,.T.);
#3195 = VERTEX_POINT('',#3196);
#3196 = CARTESIAN_POINT('',(-1.,0.585,1.25));
#3197 = CIRCLE('',#3198,4.E-02);
#3198 = AXIS2_PLACEMENT_3D('',#3199,#3200,#3201);
#3199 = CARTESIAN_POINT('',(-1.,0.585,1.21));
#3200 = DIRECTION('',(1.,0.,-0.));
#3201 = DIRECTION('',(0.,0.,1.));
#3202 = ORIENTED_EDGE('',*,*,#3203,.F.);
#3203 = EDGE_CURVE('',#3204,#3195,#3206,.T.);
#3204 = VERTEX_POINT('',#3205);
#3205 = CARTESIAN_POINT('',(-1.,-0.585,1.25));
#3206 = LINE('',#3207,#3208);
#3207 = CARTESIAN_POINT('',(-1.,-0.625,1.25));
#3208 = VECTOR('',#3209,1.);
#3209 = DIRECTION('',(0.,1.,0.));
#3210 = ORIENTED_EDGE('',*,*,#3211,.F.);
#3211 = EDGE_CURVE('',#3153,#3204,#3212,.T.);
#3212 = CIRCLE('',#3213,4.E-02);
#3213 = AXIS2_PLACEMENT_3D('',#3214,#3215,#3216);
#3214 = CARTESIAN_POINT('',(-1.,-0.585,1.21));
#3215 = DIRECTION('',(-1.,0.,0.));
#3216 = DIRECTION('',(0.,0.,1.));
#3217 = PLANE('',#3218);
#3218 = AXIS2_PLACEMENT_3D('',#3219,#3220,#3221);
#3219 = CARTESIAN_POINT('',(-1.,-0.625,0.));
#3220 = DIRECTION('',(1.,0.,0.));
#3221 = DIRECTION('',(0.,0.,1.));
#3222 = ADVANCED_FACE('',(#3223),#3248,.F.);
#3223 = FACE_BOUND('',#3224,.F.);
#3224 = EDGE_LOOP('',(#3225,#3235,#3241,#3242));
#3225 = ORIENTED_EDGE('',*,*,#3226,.F.);
#3226 = EDGE_CURVE('',#3227,#3229,#3231,.T.);
#3227 = VERTEX_POINT('',#3228);
#3228 = CARTESIAN_POINT('',(-0.6,-0.625,4.E-02));
#3229 = VERTEX_POINT('',#3230);
#3230 = CARTESIAN_POINT('',(-0.6,-0.625,1.21));
#3231 = LINE('',#3232,#3233);
#3232 = CARTESIAN_POINT('',(-0.6,-0.625,0.));
#3233 = VECTOR('',#3234,1.);
#3234 = DIRECTION('',(0.,0.,1.));
#3235 = ORIENTED_EDGE('',*,*,#3236,.F.);
#3236 = EDGE_CURVE('',#3151,#3227,#3237,.T.);
#3237 = LINE('',#3238,#3239);
#3238 = CARTESIAN_POINT('',(-1.,-0.625,4.E-02));
#3239 = VECTOR('',#3240,1.);
#3240 = DIRECTION('',(1.,0.,0.));
#3241 = ORIENTED_EDGE('',*,*,#3150,.T.);
#3242 = ORIENTED_EDGE('',*,*,#3243,.T.);
#3243 = EDGE_CURVE('',#3153,#3229,#3244,.T.);
#3244 = LINE('',#3245,#3246);
#3245 = CARTESIAN_POINT('',(-1.,-0.625,1.21));
#3246 = VECTOR('',#3247,1.);
#3247 = DIRECTION('',(1.,0.,0.));
#3248 = PLANE('',#3249);
#3249 = AXIS2_PLACEMENT_3D('',#3250,#3251,#3252);
#3250 = CARTESIAN_POINT('',(-1.,-0.625,0.));
#3251 = DIRECTION('',(0.,1.,0.));
#3252 = DIRECTION('',(0.,-0.,1.));
#3253 = ADVANCED_FACE('',(#3254),#3273,.T.);
#3254 = FACE_BOUND('',#3255,.T.);
#3255 = EDGE_LOOP('',(#3256,#3257,#3265,#3272));
#3256 = ORIENTED_EDGE('',*,*,#3160,.T.);
#3257 = ORIENTED_EDGE('',*,*,#3258,.T.);
#3258 = EDGE_CURVE('',#3161,#3259,#3261,.T.);
#3259 = VERTEX_POINT('',#3260);
#3260 = CARTESIAN_POINT('',(-0.6,-0.585,0.));
#3261 = LINE('',#3262,#3263);
#3262 = CARTESIAN_POINT('',(-1.,-0.585,0.));
#3263 = VECTOR('',#3264,1.);
#3264 = DIRECTION('',(1.,0.,0.));
#3265 = ORIENTED_EDGE('',*,*,#3266,.F.);
#3266 = EDGE_CURVE('',#3227,#3259,#3267,.T.);
#3267 = CIRCLE('',#3268,4.E-02);
#3268 = AXIS2_PLACEMENT_3D('',#3269,#3270,#3271);
#3269 = CARTESIAN_POINT('',(-0.6,-0.585,4.E-02));
#3270 = DIRECTION('',(1.,0.,-0.));
#3271 = DIRECTION('',(0.,0.,1.));
#3272 = ORIENTED_EDGE('',*,*,#3236,.F.);
#3273 = CYLINDRICAL_SURFACE('',#3274,4.E-02);
#3274 = AXIS2_PLACEMENT_3D('',#3275,#3276,#3277);
#3275 = CARTESIAN_POINT('',(-1.,-0.585,4.E-02));
#3276 = DIRECTION('',(1.,0.,0.));
#3277 = DIRECTION('',(0.,-1.,0.));
#3278 = ADVANCED_FACE('',(#3279),#3298,.T.);
#3279 = FACE_BOUND('',#3280,.T.);
#3280 = EDGE_LOOP('',(#3281,#3282,#3291,#3297));
#3281 = ORIENTED_EDGE('',*,*,#3243,.T.);
#3282 = ORIENTED_EDGE('',*,*,#3283,.T.);
#3283 = EDGE_CURVE('',#3229,#3284,#3286,.T.);
#3284 = VERTEX_POINT('',#3285);
#3285 = CARTESIAN_POINT('',(-0.6,-0.585,1.25));
#3286 = CIRCLE('',#3287,4.E-02);
#3287 = AXIS2_PLACEMENT_3D('',#3288,#3289,#3290);
#3288 = CARTESIAN_POINT('',(-0.6,-0.585,1.21));
#3289 = DIRECTION('',(-1.,0.,0.));
#3290 = DIRECTION('',(0.,0.,1.));
#3291 = ORIENTED_EDGE('',*,*,#3292,.F.);
#3292 = EDGE_CURVE('',#3204,#3284,#3293,.T.);
#3293 = LINE('',#3294,#3295);
#3294 = CARTESIAN_POINT('',(-1.,-0.585,1.25));
#3295 = VECTOR('',#3296,1.);
#3296 = DIRECTION('',(1.,0.,0.));
#3297 = ORIENTED_EDGE('',*,*,#3211,.F.);
#3298 = CYLINDRICAL_SURFACE('',#3299,4.E-02);
#3299 = AXIS2_PLACEMENT_3D('',#3300,#3301,#3302);
#3300 = CARTESIAN_POINT('',(-1.,-0.585,1.21));
#3301 = DIRECTION('',(1.,0.,0.));
#3302 = DIRECTION('',(0.,-1.,0.));
#3303 = ADVANCED_FACE('',(#3304),#3322,.F.);
#3304 = FACE_BOUND('',#3305,.F.);
#3305 = EDGE_LOOP('',(#3306,#3307,#3308,#3316));
#3306 = ORIENTED_EDGE('',*,*,#3169,.F.);
#3307 = ORIENTED_EDGE('',*,*,#3258,.T.);
#3308 = ORIENTED_EDGE('',*,*,#3309,.T.);
#3309 = EDGE_CURVE('',#3259,#3310,#3312,.T.);
#3310 = VERTEX_POINT('',#3311);
#3311 = CARTESIAN_POINT('',(-0.6,0.585,0.));
#3312 = LINE('',#3313,#3314);
#3313 = CARTESIAN_POINT('',(-0.6,-0.625,0.));
#3314 = VECTOR('',#3315,1.);
#3315 = DIRECTION('',(0.,1.,0.));
#3316 = ORIENTED_EDGE('',*,*,#3317,.F.);
#3317 = EDGE_CURVE('',#3170,#3310,#3318,.T.);
#3318 = LINE('',#3319,#3320);
#3319 = CARTESIAN_POINT('',(-1.,0.585,0.));
#3320 = VECTOR('',#3321,1.);
#3321 = DIRECTION('',(1.,0.,0.));
#3322 = PLANE('',#3323);
#3323 = AXIS2_PLACEMENT_3D('',#3324,#3325,#3326);
#3324 = CARTESIAN_POINT('',(-1.,-0.625,0.));
#3325 = DIRECTION('',(0.,0.,1.));
#3326 = DIRECTION('',(1.,0.,-0.));
#3327 = ADVANCED_FACE('',(#3328),#3346,.T.);
#3328 = FACE_BOUND('',#3329,.T.);
#3329 = EDGE_LOOP('',(#3330,#3331,#3332,#3340));
#3330 = ORIENTED_EDGE('',*,*,#3203,.F.);
#3331 = ORIENTED_EDGE('',*,*,#3292,.T.);
#3332 = ORIENTED_EDGE('',*,*,#3333,.T.);
#3333 = EDGE_CURVE('',#3284,#3334,#3336,.T.);
#3334 = VERTEX_POINT('',#3335);
#3335 = CARTESIAN_POINT('',(-0.6,0.585,1.25));
#3336 = LINE('',#3337,#3338);
#3337 = CARTESIAN_POINT('',(-0.6,-0.625,1.25));
#3338 = VECTOR('',#3339,1.);
#3339 = DIRECTION('',(0.,1.,0.));
#3340 = ORIENTED_EDGE('',*,*,#3341,.F.);
#3341 = EDGE_CURVE('',#3195,#3334,#3342,.T.);
#3342 = LINE('',#3343,#3344);
#3343 = CARTESIAN_POINT('',(-1.,0.585,1.25));
#3344 = VECTOR('',#3345,1.);
#3345 = DIRECTION('',(1.,0.,0.));
#3346 = PLANE('',#3347);
#3347 = AXIS2_PLACEMENT_3D('',#3348,#3349,#3350);
#3348 = CARTESIAN_POINT('',(-1.,-0.625,1.25));
#3349 = DIRECTION('',(0.,0.,1.));
#3350 = DIRECTION('',(1.,0.,-0.));
#3351 = ADVANCED_FACE('',(#3352),#3371,.T.);
#3352 = FACE_BOUND('',#3353,.T.);
#3353 = EDGE_LOOP('',(#3354,#3362,#3369,#3370));
#3354 = ORIENTED_EDGE('',*,*,#3355,.T.);
#3355 = EDGE_CURVE('',#3178,#3356,#3358,.T.);
#3356 = VERTEX_POINT('',#3357);
#3357 = CARTESIAN_POINT('',(-0.6,0.625,4.E-02));
#3358 = LINE('',#3359,#3360);
#3359 = CARTESIAN_POINT('',(-1.,0.625,4.E-02));
#3360 = VECTOR('',#3361,1.);
#3361 = DIRECTION('',(1.,0.,0.));
#3362 = ORIENTED_EDGE('',*,*,#3363,.T.);
#3363 = EDGE_CURVE('',#3356,#3310,#3364,.T.);
#3364 = CIRCLE('',#3365,4.E-02);
#3365 = AXIS2_PLACEMENT_3D('',#3366,#3367,#3368);
#3366 = CARTESIAN_POINT('',(-0.6,0.585,4.E-02));
#3367 = DIRECTION('',(-1.,0.,0.));
#3368 = DIRECTION('',(0.,0.,1.));
#3369 = ORIENTED_EDGE('',*,*,#3317,.F.);
#3370 = ORIENTED_EDGE('',*,*,#3177,.F.);
#3371 = CYLINDRICAL_SURFACE('',#3372,4.E-02);
#3372 = AXIS2_PLACEMENT_3D('',#3373,#3374,#3375);
#3373 = CARTESIAN_POINT('',(-1.,0.585,4.E-02));
#3374 = DIRECTION('',(1.,0.,0.));
#3375 = DIRECTION('',(-0.,1.,0.));
#3376 = ADVANCED_FACE('',(#3377),#3396,.T.);
#3377 = FACE_BOUND('',#3378,.T.);
#3378 = EDGE_LOOP('',(#3379,#3380,#3381,#3390));
#3379 = ORIENTED_EDGE('',*,*,#3194,.T.);
#3380 = ORIENTED_EDGE('',*,*,#3341,.T.);
#3381 = ORIENTED_EDGE('',*,*,#3382,.F.);
#3382 = EDGE_CURVE('',#3383,#3334,#3385,.T.);
#3383 = VERTEX_POINT('',#3384);
#3384 = CARTESIAN_POINT('',(-0.6,0.625,1.21));
#3385 = CIRCLE('',#3386,4.E-02);
#3386 = AXIS2_PLACEMENT_3D('',#3387,#3388,#3389);
#3387 = CARTESIAN_POINT('',(-0.6,0.585,1.21));
#3388 = DIRECTION('',(1.,0.,-0.));
#3389 = DIRECTION('',(0.,0.,1.));
#3390 = ORIENTED_EDGE('',*,*,#3391,.F.);
#3391 = EDGE_CURVE('',#3187,#3383,#3392,.T.);
#3392 = LINE('',#3393,#3394);
#3393 = CARTESIAN_POINT('',(-1.,0.625,1.21));
#3394 = VECTOR('',#3395,1.);
#3395 = DIRECTION('',(1.,0.,0.));
#3396 = CYLINDRICAL_SURFACE('',#3397,4.E-02);
#3397 = AXIS2_PLACEMENT_3D('',#3398,#3399,#3400);
#3398 = CARTESIAN_POINT('',(-1.,0.585,1.21));
#3399 = DIRECTION('',(1.,0.,0.));
#3400 = DIRECTION('',(-0.,1.,0.));
#3401 = ADVANCED_FACE('',(#3402),#3413,.T.);
#3402 = FACE_BOUND('',#3403,.T.);
#3403 = EDGE_LOOP('',(#3404,#3410,#3411,#3412));
#3404 = ORIENTED_EDGE('',*,*,#3405,.F.);
#3405 = EDGE_CURVE('',#3356,#3383,#3406,.T.);
#3406 = LINE('',#3407,#3408);
#3407 = CARTESIAN_POINT('',(-0.6,0.625,0.));
#3408 = VECTOR('',#3409,1.);
#3409 = DIRECTION('',(0.,0.,1.));
#3410 = ORIENTED_EDGE('',*,*,#3355,.F.);
#3411 = ORIENTED_EDGE('',*,*,#3186,.T.);
#3412 = ORIENTED_EDGE('',*,*,#3391,.T.);
#3413 = PLANE('',#3414);
#3414 = AXIS2_PLACEMENT_3D('',#3415,#3416,#3417);
#3415 = CARTESIAN_POINT('',(-1.,0.625,0.));
#3416 = DIRECTION('',(0.,1.,0.));
#3417 = DIRECTION('',(0.,-0.,1.));
#3418 = ADVANCED_FACE('',(#3419,#3429),#3499,.T.);
#3419 = FACE_BOUND('',#3420,.T.);
#3420 = EDGE_LOOP('',(#3421,#3422,#3423,#3424,#3425,#3426,#3427,#3428));
#3421 = ORIENTED_EDGE('',*,*,#3226,.F.);
#3422 = ORIENTED_EDGE('',*,*,#3266,.T.);
#3423 = ORIENTED_EDGE('',*,*,#3309,.T.);
#3424 = ORIENTED_EDGE('',*,*,#3363,.F.);
#3425 = ORIENTED_EDGE('',*,*,#3405,.T.);
#3426 = ORIENTED_EDGE('',*,*,#3382,.T.);
#3427 = ORIENTED_EDGE('',*,*,#3333,.F.);
#3428 = ORIENTED_EDGE('',*,*,#3283,.F.);
#3429 = FACE_BOUND('',#3430,.T.);
#3430 = EDGE_LOOP('',(#3431,#3442,#3450,#3459,#3467,#3476,#3484,#3493));
#3431 = ORIENTED_EDGE('',*,*,#3432,.F.);
#3432 = EDGE_CURVE('',#3433,#3435,#3437,.T.);
#3433 = VERTEX_POINT('',#3434);
#3434 = CARTESIAN_POINT('',(-0.6,-0.585,8.E-02));
#3435 = VERTEX_POINT('',#3436);
#3436 = CARTESIAN_POINT('',(-0.6,-0.545,4.E-02));
#3437 = CIRCLE('',#3438,4.E-02);
#3438 = AXIS2_PLACEMENT_3D('',#3439,#3440,#3441);
#3439 = CARTESIAN_POINT('',(-0.6,-0.545,8.E-02));
#3440 = DIRECTION('',(1.,0.,-0.));
#3441 = DIRECTION('',(0.,0.,1.));
#3442 = ORIENTED_EDGE('',*,*,#3443,.T.);
#3443 = EDGE_CURVE('',#3433,#3444,#3446,.T.);
#3444 = VERTEX_POINT('',#3445);
#3445 = CARTESIAN_POINT('',(-0.6,-0.585,1.17));
#3446 = LINE('',#3447,#3448);
#3447 = CARTESIAN_POINT('',(-0.6,-0.585,4.E-02));
#3448 = VECTOR('',#3449,1.);
#3449 = DIRECTION('',(0.,0.,1.));
#3450 = ORIENTED_EDGE('',*,*,#3451,.T.);
#3451 = EDGE_CURVE('',#3444,#3452,#3454,.T.);
#3452 = VERTEX_POINT('',#3453);
#3453 = CARTESIAN_POINT('',(-0.6,-0.545,1.21));
#3454 = CIRCLE('',#3455,4.E-02);
#3455 = AXIS2_PLACEMENT_3D('',#3456,#3457,#3458);
#3456 = CARTESIAN_POINT('',(-0.6,-0.545,1.17));
#3457 = DIRECTION('',(-1.,0.,0.));
#3458 = DIRECTION('',(0.,0.,1.));
#3459 = ORIENTED_EDGE('',*,*,#3460,.T.);
#3460 = EDGE_CURVE('',#3452,#3461,#3463,.T.);
#3461 = VERTEX_POINT('',#3462);
#3462 = CARTESIAN_POINT('',(-0.6,0.545,1.21));
#3463 = LINE('',#3464,#3465);
#3464 = CARTESIAN_POINT('',(-0.6,-0.585,1.21));
#3465 = VECTOR('',#3466,1.);
#3466 = DIRECTION('',(0.,1.,0.));
#3467 = ORIENTED_EDGE('',*,*,#3468,.F.);
#3468 = EDGE_CURVE('',#3469,#3461,#3471,.T.);
#3469 = VERTEX_POINT('',#3470);
#3470 = CARTESIAN_POINT('',(-0.6,0.585,1.17));
#3471 = CIRCLE('',#3472,4.E-02);
#3472 = AXIS2_PLACEMENT_3D('',#3473,#3474,#3475);
#3473 = CARTESIAN_POINT('',(-0.6,0.545,1.17));
#3474 = DIRECTION('',(1.,0.,-0.));
#3475 = DIRECTION('',(0.,0.,1.));
#3476 = ORIENTED_EDGE('',*,*,#3477,.F.);
#3477 = EDGE_CURVE('',#3478,#3469,#3480,.T.);
#3478 = VERTEX_POINT('',#3479);
#3479 = CARTESIAN_POINT('',(-0.6,0.585,8.E-02));
#3480 = LINE('',#3481,#3482);
#3481 = CARTESIAN_POINT('',(-0.6,0.585,4.E-02));
#3482 = VECTOR('',#3483,1.);
#3483 = DIRECTION('',(0.,0.,1.));
#3484 = ORIENTED_EDGE('',*,*,#3485,.T.);
#3485 = EDGE_CURVE('',#3478,#3486,#3488,.T.);
#3486 = VERTEX_POINT('',#3487);
#3487 = CARTESIAN_POINT('',(-0.6,0.545,4.E-02));
#3488 = CIRCLE('',#3489,4.E-02);
#3489 = AXIS2_PLACEMENT_3D('',#3490,#3491,#3492);
#3490 = CARTESIAN_POINT('',(-0.6,0.545,8.E-02));
#3491 = DIRECTION('',(-1.,0.,0.));
#3492 = DIRECTION('',(0.,0.,1.));
#3493 = ORIENTED_EDGE('',*,*,#3494,.F.);
#3494 = EDGE_CURVE('',#3435,#3486,#3495,.T.);
#3495 = LINE('',#3496,#3497);
#3496 = CARTESIAN_POINT('',(-0.6,-0.585,4.E-02));
#3497 = VECTOR('',#3498,1.);
#3498 = DIRECTION('',(0.,1.,0.));
#3499 = PLANE('',#3500);
#3500 = AXIS2_PLACEMENT_3D('',#3501,#3502,#3503);
#3501 = CARTESIAN_POINT('',(-0.6,-0.625,0.));
#3502 = DIRECTION('',(1.,0.,0.));
#3503 = DIRECTION('',(0.,0.,1.));
#3504 = ADVANCED_FACE('',(#3505),#3531,.T.);
#3505 = FACE_BOUND('',#3506,.T.);
#3506 = EDGE_LOOP('',(#3507,#3508,#3516,#3525));
#3507 = ORIENTED_EDGE('',*,*,#3432,.T.);
#3508 = ORIENTED_EDGE('',*,*,#3509,.T.);
#3509 = EDGE_CURVE('',#3435,#3510,#3512,.T.);
#3510 = VERTEX_POINT('',#3511);
#3511 = CARTESIAN_POINT('',(0.6,-0.545,4.E-02));
#3512 = LINE('',#3513,#3514);
#3513 = CARTESIAN_POINT('',(-0.6,-0.545,4.E-02));
#3514 = VECTOR('',#3515,1.);
#3515 = DIRECTION('',(1.,0.,0.));
#3516 = ORIENTED_EDGE('',*,*,#3517,.F.);
#3517 = EDGE_CURVE('',#3518,#3510,#3520,.T.);
#3518 = VERTEX_POINT('',#3519);
#3519 = CARTESIAN_POINT('',(0.6,-0.585,8.E-02));
#3520 = CIRCLE('',#3521,4.E-02);
#3521 = AXIS2_PLACEMENT_3D('',#3522,#3523,#3524);
#3522 = CARTESIAN_POINT('',(0.6,-0.545,8.E-02));
#3523 = DIRECTION('',(1.,0.,-0.));
#3524 = DIRECTION('',(0.,0.,1.));
#3525 = ORIENTED_EDGE('',*,*,#3526,.F.);
#3526 = EDGE_CURVE('',#3433,#3518,#3527,.T.);
#3527 = LINE('',#3528,#3529);
#3528 = CARTESIAN_POINT('',(-0.6,-0.585,8.E-02));
#3529 = VECTOR('',#3530,1.);
#3530 = DIRECTION('',(1.,0.,0.));
#3531 = CYLINDRICAL_SURFACE('',#3532,4.E-02);
#3532 = AXIS2_PLACEMENT_3D('',#3533,#3534,#3535);
#3533 = CARTESIAN_POINT('',(-0.6,-0.545,8.E-02));
#3534 = DIRECTION('',(1.,0.,0.));
#3535 = DIRECTION('',(0.,-1.,0.));
#3536 = ADVANCED_FACE('',(#3537),#3555,.F.);
#3537 = FACE_BOUND('',#3538,.F.);
#3538 = EDGE_LOOP('',(#3539,#3540,#3541,#3549));
#3539 = ORIENTED_EDGE('',*,*,#3494,.F.);
#3540 = ORIENTED_EDGE('',*,*,#3509,.T.);
#3541 = ORIENTED_EDGE('',*,*,#3542,.T.);
#3542 = EDGE_CURVE('',#3510,#3543,#3545,.T.);
#3543 = VERTEX_POINT('',#3544);
#3544 = CARTESIAN_POINT('',(0.6,0.545,4.E-02));
#3545 = LINE('',#3546,#3547);
#3546 = CARTESIAN_POINT('',(0.6,-0.585,4.E-02));
#3547 = VECTOR('',#3548,1.);
#3548 = DIRECTION('',(0.,1.,0.));
#3549 = ORIENTED_EDGE('',*,*,#3550,.F.);
#3550 = EDGE_CURVE('',#3486,#3543,#3551,.T.);
#3551 = LINE('',#3552,#3553);
#3552 = CARTESIAN_POINT('',(-0.6,0.545,4.E-02));
#3553 = VECTOR('',#3554,1.);
#3554 = DIRECTION('',(1.,0.,0.));
#3555 = PLANE('',#3556);
#3556 = AXIS2_PLACEMENT_3D('',#3557,#3558,#3559);
#3557 = CARTESIAN_POINT('',(-0.6,-0.585,4.E-02));
#3558 = DIRECTION('',(0.,0.,1.));
#3559 = DIRECTION('',(1.,0.,-0.));
#3560 = ADVANCED_FACE('',(#3561),#3580,.T.);
#3561 = FACE_BOUND('',#3562,.T.);
#3562 = EDGE_LOOP('',(#3563,#3571,#3578,#3579));
#3563 = ORIENTED_EDGE('',*,*,#3564,.T.);
#3564 = EDGE_CURVE('',#3478,#3565,#3567,.T.);
#3565 = VERTEX_POINT('',#3566);
#3566 = CARTESIAN_POINT('',(0.6,0.585,8.E-02));
#3567 = LINE('',#3568,#3569);
#3568 = CARTESIAN_POINT('',(-0.6,0.585,8.E-02));
#3569 = VECTOR('',#3570,1.);
#3570 = DIRECTION('',(1.,0.,0.));
#3571 = ORIENTED_EDGE('',*,*,#3572,.T.);
#3572 = EDGE_CURVE('',#3565,#3543,#3573,.T.);
#3573 = CIRCLE('',#3574,4.E-02);
#3574 = AXIS2_PLACEMENT_3D('',#3575,#3576,#3577);
#3575 = CARTESIAN_POINT('',(0.6,0.545,8.E-02));
#3576 = DIRECTION('',(-1.,0.,0.));
#3577 = DIRECTION('',(0.,0.,1.));
#3578 = ORIENTED_EDGE('',*,*,#3550,.F.);
#3579 = ORIENTED_EDGE('',*,*,#3485,.F.);
#3580 = CYLINDRICAL_SURFACE('',#3581,4.E-02);
#3581 = AXIS2_PLACEMENT_3D('',#3582,#3583,#3584);
#3582 = CARTESIAN_POINT('',(-0.6,0.545,8.E-02));
#3583 = DIRECTION('',(1.,0.,0.));
#3584 = DIRECTION('',(-0.,1.,0.));
#3585 = ADVANCED_FACE('',(#3586),#3604,.T.);
#3586 = FACE_BOUND('',#3587,.T.);
#3587 = EDGE_LOOP('',(#3588,#3596,#3597,#3598));
#3588 = ORIENTED_EDGE('',*,*,#3589,.F.);
#3589 = EDGE_CURVE('',#3565,#3590,#3592,.T.);
#3590 = VERTEX_POINT('',#3591);
#3591 = CARTESIAN_POINT('',(0.6,0.585,1.17));
#3592 = LINE('',#3593,#3594);
#3593 = CARTESIAN_POINT('',(0.6,0.585,4.E-02));
#3594 = VECTOR('',#3595,1.);
#3595 = DIRECTION('',(0.,0.,1.));
#3596 = ORIENTED_EDGE('',*,*,#3564,.F.);
#3597 = ORIENTED_EDGE('',*,*,#3477,.T.);
#3598 = ORIENTED_EDGE('',*,*,#3599,.T.);
#3599 = EDGE_CURVE('',#3469,#3590,#3600,.T.);
#3600 = LINE('',#3601,#3602);
#3601 = CARTESIAN_POINT('',(-0.6,0.585,1.17));
#3602 = VECTOR('',#3603,1.);
#3603 = DIRECTION('',(1.,0.,0.));
#3604 = PLANE('',#3605);
#3605 = AXIS2_PLACEMENT_3D('',#3606,#3607,#3608);
#3606 = CARTESIAN_POINT('',(-0.6,0.585,4.E-02));
#3607 = DIRECTION('',(0.,1.,0.));
#3608 = DIRECTION('',(0.,-0.,1.));
#3609 = ADVANCED_FACE('',(#3610),#3629,.T.);
#3610 = FACE_BOUND('',#3611,.T.);
#3611 = EDGE_LOOP('',(#3612,#3613,#3621,#3628));
#3612 = ORIENTED_EDGE('',*,*,#3468,.T.);
#3613 = ORIENTED_EDGE('',*,*,#3614,.T.);
#3614 = EDGE_CURVE('',#3461,#3615,#3617,.T.);
#3615 = VERTEX_POINT('',#3616);
#3616 = CARTESIAN_POINT('',(0.6,0.545,1.21));
#3617 = LINE('',#3618,#3619);
#3618 = CARTESIAN_POINT('',(-0.6,0.545,1.21));
#3619 = VECTOR('',#3620,1.);
#3620 = DIRECTION('',(1.,0.,0.));
#3621 = ORIENTED_EDGE('',*,*,#3622,.F.);
#3622 = EDGE_CURVE('',#3590,#3615,#3623,.T.);
#3623 = CIRCLE('',#3624,4.E-02);
#3624 = AXIS2_PLACEMENT_3D('',#3625,#3626,#3627);
#3625 = CARTESIAN_POINT('',(0.6,0.545,1.17));
#3626 = DIRECTION('',(1.,0.,-0.));
#3627 = DIRECTION('',(0.,0.,1.));
#3628 = ORIENTED_EDGE('',*,*,#3599,.F.);
#3629 = CYLINDRICAL_SURFACE('',#3630,4.E-02);
#3630 = AXIS2_PLACEMENT_3D('',#3631,#3632,#3633);
#3631 = CARTESIAN_POINT('',(-0.6,0.545,1.17));
#3632 = DIRECTION('',(1.,0.,0.));
#3633 = DIRECTION('',(-0.,1.,0.));
#3634 = ADVANCED_FACE('',(#3635),#3653,.T.);
#3635 = FACE_BOUND('',#3636,.T.);
#3636 = EDGE_LOOP('',(#3637,#3638,#3646,#3652));
#3637 = ORIENTED_EDGE('',*,*,#3460,.F.);
#3638 = ORIENTED_EDGE('',*,*,#3639,.T.);
#3639 = EDGE_CURVE('',#3452,#3640,#3642,.T.);
#3640 = VERTEX_POINT('',#3641);
#3641 = CARTESIAN_POINT('',(0.6,-0.545,1.21));
#3642 = LINE('',#3643,#3644);
#3643 = CARTESIAN_POINT('',(-0.6,-0.545,1.21));
#3644 = VECTOR('',#3645,1.);
#3645 = DIRECTION('',(1.,0.,0.));
#3646 = ORIENTED_EDGE('',*,*,#3647,.T.);
#3647 = EDGE_CURVE('',#3640,#3615,#3648,.T.);
#3648 = LINE('',#3649,#3650);
#3649 = CARTESIAN_POINT('',(0.6,-0.585,1.21));
#3650 = VECTOR('',#3651,1.);
#3651 = DIRECTION('',(0.,1.,0.));
#3652 = ORIENTED_EDGE('',*,*,#3614,.F.);
#3653 = PLANE('',#3654);
#3654 = AXIS2_PLACEMENT_3D('',#3655,#3656,#3657);
#3655 = CARTESIAN_POINT('',(-0.6,-0.585,1.21));
#3656 = DIRECTION('',(0.,0.,1.));
#3657 = DIRECTION('',(1.,0.,-0.));
#3658 = ADVANCED_FACE('',(#3659),#3678,.T.);
#3659 = FACE_BOUND('',#3660,.T.);
#3660 = EDGE_LOOP('',(#3661,#3669,#3676,#3677));
#3661 = ORIENTED_EDGE('',*,*,#3662,.T.);
#3662 = EDGE_CURVE('',#3444,#3663,#3665,.T.);
#3663 = VERTEX_POINT('',#3664);
#3664 = CARTESIAN_POINT('',(0.6,-0.585,1.17));
#3665 = LINE('',#3666,#3667);
#3666 = CARTESIAN_POINT('',(-0.6,-0.585,1.17));
#3667 = VECTOR('',#3668,1.);
#3668 = DIRECTION('',(1.,0.,0.));
#3669 = ORIENTED_EDGE('',*,*,#3670,.T.);
#3670 = EDGE_CURVE('',#3663,#3640,#3671,.T.);
#3671 = CIRCLE('',#3672,4.E-02);
#3672 = AXIS2_PLACEMENT_3D('',#3673,#3674,#3675);
#3673 = CARTESIAN_POINT('',(0.6,-0.545,1.17));
#3674 = DIRECTION('',(-1.,0.,0.));
#3675 = DIRECTION('',(0.,0.,1.));
#3676 = ORIENTED_EDGE('',*,*,#3639,.F.);
#3677 = ORIENTED_EDGE('',*,*,#3451,.F.);
#3678 = CYLINDRICAL_SURFACE('',#3679,4.E-02);
#3679 = AXIS2_PLACEMENT_3D('',#3680,#3681,#3682);
#3680 = CARTESIAN_POINT('',(-0.6,-0.545,1.17));
#3681 = DIRECTION('',(1.,0.,0.));
#3682 = DIRECTION('',(0.,-1.,0.));
#3683 = ADVANCED_FACE('',(#3684),#3695,.F.);
#3684 = FACE_BOUND('',#3685,.F.);
#3685 = EDGE_LOOP('',(#3686,#3692,#3693,#3694));
#3686 = ORIENTED_EDGE('',*,*,#3687,.F.);
#3687 = EDGE_CURVE('',#3518,#3663,#3688,.T.);
#3688 = LINE('',#3689,#3690);
#3689 = CARTESIAN_POINT('',(0.6,-0.585,4.E-02));
#3690 = VECTOR('',#3691,1.);
#3691 = DIRECTION('',(0.,0.,1.));
#3692 = ORIENTED_EDGE('',*,*,#3526,.F.);
#3693 = ORIENTED_EDGE('',*,*,#3443,.T.);
#3694 = ORIENTED_EDGE('',*,*,#3662,.T.);
#3695 = PLANE('',#3696);
#3696 = AXIS2_PLACEMENT_3D('',#3697,#3698,#3699);
#3697 = CARTESIAN_POINT('',(-0.6,-0.585,4.E-02));
#3698 = DIRECTION('',(0.,1.,0.));
#3699 = DIRECTION('',(0.,-0.,1.));
#3700 = ADVANCED_FACE('',(#3701,#3771),#3781,.F.);
#3701 = FACE_BOUND('',#3702,.F.);
#3702 = EDGE_LOOP('',(#3703,#3713,#3722,#3730,#3739,#3747,#3756,#3764));
#3703 = ORIENTED_EDGE('',*,*,#3704,.F.);
#3704 = EDGE_CURVE('',#3705,#3707,#3709,.T.);
#3705 = VERTEX_POINT('',#3706);
#3706 = CARTESIAN_POINT('',(0.6,-0.625,4.E-02));
#3707 = VERTEX_POINT('',#3708);
#3708 = CARTESIAN_POINT('',(0.6,-0.625,1.21));
#3709 = LINE('',#3710,#3711);
#3710 = CARTESIAN_POINT('',(0.6,-0.625,0.));
#3711 = VECTOR('',#3712,1.);
#3712 = DIRECTION('',(0.,0.,1.));
#3713 = ORIENTED_EDGE('',*,*,#3714,.T.);
#3714 = EDGE_CURVE('',#3705,#3715,#3717,.T.);
#3715 = VERTEX_POINT('',#3716);
#3716 = CARTESIAN_POINT('',(0.6,-0.585,0.));
#3717 = CIRCLE('',#3718,4.E-02);
#3718 = AXIS2_PLACEMENT_3D('',#3719,#3720,#3721);
#3719 = CARTESIAN_POINT('',(0.6,-0.585,4.E-02));
#3720 = DIRECTION('',(1.,0.,-0.));
#3721 = DIRECTION('',(0.,0.,1.));
#3722 = ORIENTED_EDGE('',*,*,#3723,.T.);
#3723 = EDGE_CURVE('',#3715,#3724,#3726,.T.);
#3724 = VERTEX_POINT('',#3725);
#3725 = CARTESIAN_POINT('',(0.6,0.585,0.));
#3726 = LINE('',#3727,#3728);
#3727 = CARTESIAN_POINT('',(0.6,-0.625,0.));
#3728 = VECTOR('',#3729,1.);
#3729 = DIRECTION('',(0.,1.,0.));
#3730 = ORIENTED_EDGE('',*,*,#3731,.F.);
#3731 = EDGE_CURVE('',#3732,#3724,#3734,.T.);
#3732 = VERTEX_POINT('',#3733);
#3733 = CARTESIAN_POINT('',(0.6,0.625,4.E-02));
#3734 = CIRCLE('',#3735,4.E-02);
#3735 = AXIS2_PLACEMENT_3D('',#3736,#3737,#3738);
#3736 = CARTESIAN_POINT('',(0.6,0.585,4.E-02));
#3737 = DIRECTION('',(-1.,0.,0.));
#3738 = DIRECTION('',(0.,0.,1.));
#3739 = ORIENTED_EDGE('',*,*,#3740,.T.);
#3740 = EDGE_CURVE('',#3732,#3741,#3743,.T.);
#3741 = VERTEX_POINT('',#3742);
#3742 = CARTESIAN_POINT('',(0.6,0.625,1.21));
#3743 = LINE('',#3744,#3745);
#3744 = CARTESIAN_POINT('',(0.6,0.625,0.));
#3745 = VECTOR('',#3746,1.);
#3746 = DIRECTION('',(0.,0.,1.));
#3747 = ORIENTED_EDGE('',*,*,#3748,.T.);
#3748 = EDGE_CURVE('',#3741,#3749,#3751,.T.);
#3749 = VERTEX_POINT('',#3750);
#3750 = CARTESIAN_POINT('',(0.6,0.585,1.25));
#3751 = CIRCLE('',#3752,4.E-02);
#3752 = AXIS2_PLACEMENT_3D('',#3753,#3754,#3755);
#3753 = CARTESIAN_POINT('',(0.6,0.585,1.21));
#3754 = DIRECTION('',(1.,0.,-0.));
#3755 = DIRECTION('',(0.,0.,1.));
#3756 = ORIENTED_EDGE('',*,*,#3757,.F.);
#3757 = EDGE_CURVE('',#3758,#3749,#3760,.T.);
#3758 = VERTEX_POINT('',#3759);
#3759 = CARTESIAN_POINT('',(0.6,-0.585,1.25));
#3760 = LINE('',#3761,#3762);
#3761 = CARTESIAN_POINT('',(0.6,-0.625,1.25));
#3762 = VECTOR('',#3763,1.);
#3763 = DIRECTION('',(0.,1.,0.));
#3764 = ORIENTED_EDGE('',*,*,#3765,.F.);
#3765 = EDGE_CURVE('',#3707,#3758,#3766,.T.);
#3766 = CIRCLE('',#3767,4.E-02);
#3767 = AXIS2_PLACEMENT_3D('',#3768,#3769,#3770);
#3768 = CARTESIAN_POINT('',(0.6,-0.585,1.21));
#3769 = DIRECTION('',(-1.,0.,0.));
#3770 = DIRECTION('',(0.,0.,1.));
#3771 = FACE_BOUND('',#3772,.F.);
#3772 = EDGE_LOOP('',(#3773,#3774,#3775,#3776,#3777,#3778,#3779,#3780));
#3773 = ORIENTED_EDGE('',*,*,#3517,.F.);
#3774 = ORIENTED_EDGE('',*,*,#3687,.T.);
#3775 = ORIENTED_EDGE('',*,*,#3670,.T.);
#3776 = ORIENTED_EDGE('',*,*,#3647,.T.);
#3777 = ORIENTED_EDGE('',*,*,#3622,.F.);
#3778 = ORIENTED_EDGE('',*,*,#3589,.F.);
#3779 = ORIENTED_EDGE('',*,*,#3572,.T.);
#3780 = ORIENTED_EDGE('',*,*,#3542,.F.);
#3781 = PLANE('',#3782);
#3782 = AXIS2_PLACEMENT_3D('',#3783,#3784,#3785);
#3783 = CARTESIAN_POINT('',(0.6,-0.625,0.));
#3784 = DIRECTION('',(1.,0.,0.));
#3785 = DIRECTION('',(0.,0.,1.));
#3786 = ADVANCED_FACE('',(#3787),#3812,.F.);
#3787 = FACE_BOUND('',#3788,.F.);
#3788 = EDGE_LOOP('',(#3789,#3799,#3805,#3806));
#3789 = ORIENTED_EDGE('',*,*,#3790,.F.);
#3790 = EDGE_CURVE('',#3791,#3793,#3795,.T.);
#3791 = VERTEX_POINT('',#3792);
#3792 = CARTESIAN_POINT('',(1.,-0.625,4.E-02));
#3793 = VERTEX_POINT('',#3794);
#3794 = CARTESIAN_POINT('',(1.,-0.625,1.21));
#3795 = LINE('',#3796,#3797);
#3796 = CARTESIAN_POINT('',(1.,-0.625,0.));
#3797 = VECTOR('',#3798,1.);
#3798 = DIRECTION('',(0.,0.,1.));
#3799 = ORIENTED_EDGE('',*,*,#3800,.F.);
#3800 = EDGE_CURVE('',#3705,#3791,#3801,.T.);
#3801 = LINE('',#3802,#3803);
#3802 = CARTESIAN_POINT('',(0.6,-0.625,4.E-02));
#3803 = VECTOR('',#3804,1.);
#3804 = DIRECTION('',(1.,0.,0.));
#3805 = ORIENTED_EDGE('',*,*,#3704,.T.);
#3806 = ORIENTED_EDGE('',*,*,#3807,.T.);
#3807 = EDGE_CURVE('',#3707,#3793,#3808,.T.);
#3808 = LINE('',#3809,#3810);
#3809 = CARTESIAN_POINT('',(0.6,-0.625,1.21));
#3810 = VECTOR('',#3811,1.);
#3811 = DIRECTION('',(1.,0.,0.));
#3812 = PLANE('',#3813);
#3813 = AXIS2_PLACEMENT_3D('',#3814,#3815,#3816);
#3814 = CARTESIAN_POINT('',(0.6,-0.625,0.));
#3815 = DIRECTION('',(0.,1.,0.));
#3816 = DIRECTION('',(0.,-0.,1.));
#3817 = ADVANCED_FACE('',(#3818),#3837,.T.);
#3818 = FACE_BOUND('',#3819,.T.);
#3819 = EDGE_LOOP('',(#3820,#3821,#3829,#3836));
#3820 = ORIENTED_EDGE('',*,*,#3714,.T.);
#3821 = ORIENTED_EDGE('',*,*,#3822,.T.);
#3822 = EDGE_CURVE('',#3715,#3823,#3825,.T.);
#3823 = VERTEX_POINT('',#3824);
#3824 = CARTESIAN_POINT('',(1.,-0.585,0.));
#3825 = LINE('',#3826,#3827);
#3826 = CARTESIAN_POINT('',(0.6,-0.585,0.));
#3827 = VECTOR('',#3828,1.);
#3828 = DIRECTION('',(1.,0.,0.));
#3829 = ORIENTED_EDGE('',*,*,#3830,.F.);
#3830 = EDGE_CURVE('',#3791,#3823,#3831,.T.);
#3831 = CIRCLE('',#3832,4.E-02);
#3832 = AXIS2_PLACEMENT_3D('',#3833,#3834,#3835);
#3833 = CARTESIAN_POINT('',(1.,-0.585,4.E-02));
#3834 = DIRECTION('',(1.,0.,-0.));
#3835 = DIRECTION('',(0.,0.,1.));
#3836 = ORIENTED_EDGE('',*,*,#3800,.F.);
#3837 = CYLINDRICAL_SURFACE('',#3838,4.E-02);
#3838 = AXIS2_PLACEMENT_3D('',#3839,#3840,#3841);
#3839 = CARTESIAN_POINT('',(0.6,-0.585,4.E-02));
#3840 = DIRECTION('',(1.,0.,0.));
#3841 = DIRECTION('',(0.,-1.,0.));
#3842 = ADVANCED_FACE('',(#3843),#3862,.T.);
#3843 = FACE_BOUND('',#3844,.T.);
#3844 = EDGE_LOOP('',(#3845,#3846,#3855,#3861));
#3845 = ORIENTED_EDGE('',*,*,#3807,.T.);
#3846 = ORIENTED_EDGE('',*,*,#3847,.T.);
#3847 = EDGE_CURVE('',#3793,#3848,#3850,.T.);
#3848 = VERTEX_POINT('',#3849);
#3849 = CARTESIAN_POINT('',(1.,-0.585,1.25));
#3850 = CIRCLE('',#3851,4.E-02);
#3851 = AXIS2_PLACEMENT_3D('',#3852,#3853,#3854);
#3852 = CARTESIAN_POINT('',(1.,-0.585,1.21));
#3853 = DIRECTION('',(-1.,0.,0.));
#3854 = DIRECTION('',(0.,0.,1.));
#3855 = ORIENTED_EDGE('',*,*,#3856,.F.);
#3856 = EDGE_CURVE('',#3758,#3848,#3857,.T.);
#3857 = LINE('',#3858,#3859);
#3858 = CARTESIAN_POINT('',(0.6,-0.585,1.25));
#3859 = VECTOR('',#3860,1.);
#3860 = DIRECTION('',(1.,0.,0.));
#3861 = ORIENTED_EDGE('',*,*,#3765,.F.);
#3862 = CYLINDRICAL_SURFACE('',#3863,4.E-02);
#3863 = AXIS2_PLACEMENT_3D('',#3864,#3865,#3866);
#3864 = CARTESIAN_POINT('',(0.6,-0.585,1.21));
#3865 = DIRECTION('',(1.,0.,0.));
#3866 = DIRECTION('',(0.,-1.,0.));
#3867 = ADVANCED_FACE('',(#3868),#3886,.F.);
#3868 = FACE_BOUND('',#3869,.F.);
#3869 = EDGE_LOOP('',(#3870,#3871,#3872,#3880));
#3870 = ORIENTED_EDGE('',*,*,#3723,.F.);
#3871 = ORIENTED_EDGE('',*,*,#3822,.T.);
#3872 = ORIENTED_EDGE('',*,*,#3873,.T.);
#3873 = EDGE_CURVE('',#3823,#3874,#3876,.T.);
#3874 = VERTEX_POINT('',#3875);
#3875 = CARTESIAN_POINT('',(1.,0.585,0.));
#3876 = LINE('',#3877,#3878);
#3877 = CARTESIAN_POINT('',(1.,-0.625,0.));
#3878 = VECTOR('',#3879,1.);
#3879 = DIRECTION('',(0.,1.,0.));
#3880 = ORIENTED_EDGE('',*,*,#3881,.F.);
#3881 = EDGE_CURVE('',#3724,#3874,#3882,.T.);
#3882 = LINE('',#3883,#3884);
#3883 = CARTESIAN_POINT('',(0.6,0.585,0.));
#3884 = VECTOR('',#3885,1.);
#3885 = DIRECTION('',(1.,0.,0.));
#3886 = PLANE('',#3887);
#3887 = AXIS2_PLACEMENT_3D('',#3888,#3889,#3890);
#3888 = CARTESIAN_POINT('',(0.6,-0.625,0.));
#3889 = DIRECTION('',(0.,0.,1.));
#3890 = DIRECTION('',(1.,0.,-0.));
#3891 = ADVANCED_FACE('',(#3892),#3910,.T.);
#3892 = FACE_BOUND('',#3893,.T.);
#3893 = EDGE_LOOP('',(#3894,#3895,#3896,#3904));
#3894 = ORIENTED_EDGE('',*,*,#3757,.F.);
#3895 = ORIENTED_EDGE('',*,*,#3856,.T.);
#3896 = ORIENTED_EDGE('',*,*,#3897,.T.);
#3897 = EDGE_CURVE('',#3848,#3898,#3900,.T.);
#3898 = VERTEX_POINT('',#3899);
#3899 = CARTESIAN_POINT('',(1.,0.585,1.25));
#3900 = LINE('',#3901,#3902);
#3901 = CARTESIAN_POINT('',(1.,-0.625,1.25));
#3902 = VECTOR('',#3903,1.);
#3903 = DIRECTION('',(0.,1.,0.));
#3904 = ORIENTED_EDGE('',*,*,#3905,.F.);
#3905 = EDGE_CURVE('',#3749,#3898,#3906,.T.);
#3906 = LINE('',#3907,#3908);
#3907 = CARTESIAN_POINT('',(0.6,0.585,1.25));
#3908 = VECTOR('',#3909,1.);
#3909 = DIRECTION('',(1.,0.,0.));
#3910 = PLANE('',#3911);
#3911 = AXIS2_PLACEMENT_3D('',#3912,#3913,#3914);
#3912 = CARTESIAN_POINT('',(0.6,-0.625,1.25));
#3913 = DIRECTION('',(0.,0.,1.));
#3914 = DIRECTION('',(1.,0.,-0.));
#3915 = ADVANCED_FACE('',(#3916),#3935,.T.);
#3916 = FACE_BOUND('',#3917,.T.);
#3917 = EDGE_LOOP('',(#3918,#3926,#3933,#3934));
#3918 = ORIENTED_EDGE('',*,*,#3919,.T.);
#3919 = EDGE_CURVE('',#3732,#3920,#3922,.T.);
#3920 = VERTEX_POINT('',#3921);
#3921 = CARTESIAN_POINT('',(1.,0.625,4.E-02));
#3922 = LINE('',#3923,#3924);
#3923 = CARTESIAN_POINT('',(0.6,0.625,4.E-02));
#3924 = VECTOR('',#3925,1.);
#3925 = DIRECTION('',(1.,0.,0.));
#3926 = ORIENTED_EDGE('',*,*,#3927,.T.);
#3927 = EDGE_CURVE('',#3920,#3874,#3928,.T.);
#3928 = CIRCLE('',#3929,4.E-02);
#3929 = AXIS2_PLACEMENT_3D('',#3930,#3931,#3932);
#3930 = CARTESIAN_POINT('',(1.,0.585,4.E-02));
#3931 = DIRECTION('',(-1.,0.,0.));
#3932 = DIRECTION('',(0.,0.,1.));
#3933 = ORIENTED_EDGE('',*,*,#3881,.F.);
#3934 = ORIENTED_EDGE('',*,*,#3731,.F.);
#3935 = CYLINDRICAL_SURFACE('',#3936,4.E-02);
#3936 = AXIS2_PLACEMENT_3D('',#3937,#3938,#3939);
#3937 = CARTESIAN_POINT('',(0.6,0.585,4.E-02));
#3938 = DIRECTION('',(1.,0.,0.));
#3939 = DIRECTION('',(-0.,1.,0.));
#3940 = ADVANCED_FACE('',(#3941),#3960,.T.);
#3941 = FACE_BOUND('',#3942,.T.);
#3942 = EDGE_LOOP('',(#3943,#3944,#3945,#3954));
#3943 = ORIENTED_EDGE('',*,*,#3748,.T.);
#3944 = ORIENTED_EDGE('',*,*,#3905,.T.);
#3945 = ORIENTED_EDGE('',*,*,#3946,.F.);
#3946 = EDGE_CURVE('',#3947,#3898,#3949,.T.);
#3947 = VERTEX_POINT('',#3948);
#3948 = CARTESIAN_POINT('',(1.,0.625,1.21));
#3949 = CIRCLE('',#3950,4.E-02);
#3950 = AXIS2_PLACEMENT_3D('',#3951,#3952,#3953);
#3951 = CARTESIAN_POINT('',(1.,0.585,1.21));
#3952 = DIRECTION('',(1.,0.,-0.));
#3953 = DIRECTION('',(0.,0.,1.));
#3954 = ORIENTED_EDGE('',*,*,#3955,.F.);
#3955 = EDGE_CURVE('',#3741,#3947,#3956,.T.);
#3956 = LINE('',#3957,#3958);
#3957 = CARTESIAN_POINT('',(0.6,0.625,1.21));
#3958 = VECTOR('',#3959,1.);
#3959 = DIRECTION('',(1.,0.,0.));
#3960 = CYLINDRICAL_SURFACE('',#3961,4.E-02);
#3961 = AXIS2_PLACEMENT_3D('',#3962,#3963,#3964);
#3962 = CARTESIAN_POINT('',(0.6,0.585,1.21));
#3963 = DIRECTION('',(1.,0.,0.));
#3964 = DIRECTION('',(-0.,1.,0.));
#3965 = ADVANCED_FACE('',(#3966),#3977,.T.);
#3966 = FACE_BOUND('',#3967,.T.);
#3967 = EDGE_LOOP('',(#3968,#3974,#3975,#3976));
#3968 = ORIENTED_EDGE('',*,*,#3969,.F.);
#3969 = EDGE_CURVE('',#3920,#3947,#3970,.T.);
#3970 = LINE('',#3971,#3972);
#3971 = CARTESIAN_POINT('',(1.,0.625,0.));
#3972 = VECTOR('',#3973,1.);
#3973 = DIRECTION('',(0.,0.,1.));
#3974 = ORIENTED_EDGE('',*,*,#3919,.F.);
#3975 = ORIENTED_EDGE('',*,*,#3740,.T.);
#3976 = ORIENTED_EDGE('',*,*,#3955,.T.);
#3977 = PLANE('',#3978);
#3978 = AXIS2_PLACEMENT_3D('',#3979,#3980,#3981);
#3979 = CARTESIAN_POINT('',(0.6,0.625,0.));
#3980 = DIRECTION('',(0.,1.,0.));
#3981 = DIRECTION('',(0.,-0.,1.));
#3982 = ADVANCED_FACE('',(#3983),#3993,.T.);
#3983 = FACE_BOUND('',#3984,.T.);
#3984 = EDGE_LOOP('',(#3985,#3986,#3987,#3988,#3989,#3990,#3991,#3992));
#3985 = ORIENTED_EDGE('',*,*,#3790,.F.);
#3986 = ORIENTED_EDGE('',*,*,#3830,.T.);
#3987 = ORIENTED_EDGE('',*,*,#3873,.T.);
#3988 = ORIENTED_EDGE('',*,*,#3927,.F.);
#3989 = ORIENTED_EDGE('',*,*,#3969,.T.);
#3990 = ORIENTED_EDGE('',*,*,#3946,.T.);
#3991 = ORIENTED_EDGE('',*,*,#3897,.F.);
#3992 = ORIENTED_EDGE('',*,*,#3847,.F.);
#3993 = PLANE('',#3994);
#3994 = AXIS2_PLACEMENT_3D('',#3995,#3996,#3997);
#3995 = CARTESIAN_POINT('',(1.,-0.625,0.));
#3996 = DIRECTION('',(1.,0.,0.));
#3997 = DIRECTION('',(0.,0.,1.));
#3998 = ( GEOMETRIC_REPRESENTATION_CONTEXT(3) 
GLOBAL_UNCERTAINTY_ASSIGNED_CONTEXT((#4002)) 
GLOBAL_UNIT_ASSIGNED_CONTEXT((#3999,#4000,#4001)) REPRESENTATION_CONTEXT
('Context #1','3D Context with UNIT and UNCERTAINTY') );
#3999 = ( LENGTH_UNIT() NAMED_UNIT(*) SI_UNIT(.MILLI.,.METRE.) );
#4000 = ( NAMED_UNIT(*) PLANE_ANGLE_UNIT() SI_UNIT($,.RADIAN.) );
#4001 = ( NAMED_UNIT(*) SI_UNIT($,.STERADIAN.) SOLID_ANGLE_UNIT() );
#4002 = UNCERTAINTY_MEASURE_WITH_UNIT(LENGTH_MEASURE(1.E-07),#3999,
  'distance_accuracy_value','confusion accuracy');
#4003 = CONTEXT_DEPENDENT_SHAPE_REPRESENTATION(#4004,#4006);
#4004 = ( REPRESENTATION_RELATIONSHIP('','',#3143,#10) 
REPRESENTATION_RELATIONSHIP_WITH_TRANSFORMATION(#4005) 
SHAPE_REPRESENTATION_RELATIONSHIP() );
#4005 = ITEM_DEFINED_TRANSFORMATION('','',#11,#23);
#4006 = PRODUCT_DEFINITION_SHAPE('Placement','Placement of an item',
  #4007);
#4007 = NEXT_ASSEMBLY_USAGE_OCCURRENCE('3','C1','',#5,#3138,$);
#4008 = PRODUCT_RELATED_PRODUCT_CATEGORY('part',$,(#3140));
#4009 = SHAPE_DEFINITION_REPRESENTATION(#4010,#4016);
#4010 = PRODUCT_DEFINITION_SHAPE('','',#4011);
#4011 = PRODUCT_DEFINITION('design','',#4012,#4015);
#4012 = PRODUCT_DEFINITION_FORMATION('','',#4013);
#4013 = PRODUCT('SW_PUSH_6mm_H4.3mm','SW_PUSH_6mm_H4.3mm','',(#4014));
#4014 = PRODUCT_CONTEXT('',#2,'mechanical');
#4015 = PRODUCT_DEFINITION_CONTEXT('part definition',#2,'design');
#4016 = ADVANCED_BREP_SHAPE_REPRESENTATION('',(#11,#4017),#7246);
#4017 = MANIFOLD_SOLID_BREP('',#4018);
#4018 = CLOSED_SHELL('',(#4019,#4036,#4061,#4184,#4215,#4240,#4265,#4289
    ,#4313,#4338,#4363,#4380,#4405,#4430,#4455,#4480,#4511,#4536,#4561,
    #4649,#4737,#4762,#4787,#4804,#4813,#4839,#4848,#4857,#4901,#5051,
    #5075,#5218,#5368,#5518,#5535,#5685,#5709,#5852,#6002,#6152,#6169,
    #6178,#6195,#6212,#6229,#6246,#6268,#6285,#6302,#6319,#6336,#6348,
    #6365,#6382,#6399,#6416,#6433,#6450,#6467,#6484,#6496,#6518,#6535,
    #6552,#6569,#6586,#6598,#6615,#6632,#6649,#6666,#6683,#6700,#6717,
    #6734,#6746,#6768,#6785,#6802,#6819,#6836,#6848,#6865,#6882,#6899,
    #6916,#6933,#6950,#6967,#6984,#6996,#7018,#7035,#7052,#7069,#7086,
    #7098,#7115,#7132,#7149,#7166,#7183,#7200,#7217,#7234));
#4019 = ADVANCED_FACE('',(#4020),#4031,.F.);
#4020 = FACE_BOUND('',#4021,.T.);
#4021 = EDGE_LOOP('',(#4022));
#4022 = ORIENTED_EDGE('',*,*,#4023,.T.);
#4023 = EDGE_CURVE('',#4024,#4024,#4026,.T.);
#4024 = VERTEX_POINT('',#4025);
#4025 = CARTESIAN_POINT('',(1.65,-4.25,4.1));
#4026 = CIRCLE('',#4027,0.5);
#4027 = AXIS2_PLACEMENT_3D('',#4028,#4029,#4030);
#4028 = CARTESIAN_POINT('',(1.15,-4.25,4.1));
#4029 = DIRECTION('',(0.,0.,1.));
#4030 = DIRECTION('',(1.,0.,-0.));
#4031 = PLANE('',#4032);
#4032 = AXIS2_PLACEMENT_3D('',#4033,#4034,#4035);
#4033 = CARTESIAN_POINT('',(1.65,-4.25,4.1));
#4034 = DIRECTION('',(0.,0.,-1.));
#4035 = DIRECTION('',(-1.,0.,0.));
#4036 = ADVANCED_FACE('',(#4037),#4056,.T.);
#4037 = FACE_BOUND('',#4038,.T.);
#4038 = EDGE_LOOP('',(#4039,#4047,#4048,#4049));
#4039 = ORIENTED_EDGE('',*,*,#4040,.T.);
#4040 = EDGE_CURVE('',#4041,#4024,#4043,.T.);
#4041 = VERTEX_POINT('',#4042);
#4042 = CARTESIAN_POINT('',(1.65,-4.25,3.6));
#4043 = LINE('',#4044,#4045);
#4044 = CARTESIAN_POINT('',(1.65,-4.25,3.5));
#4045 = VECTOR('',#4046,1.);
#4046 = DIRECTION('',(0.,0.,1.));
#4047 = ORIENTED_EDGE('',*,*,#4023,.F.);
#4048 = ORIENTED_EDGE('',*,*,#4040,.F.);
#4049 = ORIENTED_EDGE('',*,*,#4050,.F.);
#4050 = EDGE_CURVE('',#4041,#4041,#4051,.T.);
#4051 = CIRCLE('',#4052,0.5);
#4052 = AXIS2_PLACEMENT_3D('',#4053,#4054,#4055);
#4053 = CARTESIAN_POINT('',(1.15,-4.25,3.6));
#4054 = DIRECTION('',(0.,0.,-1.));
#4055 = DIRECTION('',(1.,0.,0.));
#4056 = CYLINDRICAL_SURFACE('',#4057,0.5);
#4057 = AXIS2_PLACEMENT_3D('',#4058,#4059,#4060);
#4058 = CARTESIAN_POINT('',(1.15,-4.25,3.5));
#4059 = DIRECTION('',(-0.,-0.,-1.));
#4060 = DIRECTION('',(1.,0.,0.));
#4061 = ADVANCED_FACE('',(#4062,#4132,#4143,#4154,#4165,#4176),#4179,.F.
  );
#4062 = FACE_BOUND('',#4063,.F.);
#4063 = EDGE_LOOP('',(#4064,#4074,#4083,#4091,#4100,#4108,#4117,#4125));
#4064 = ORIENTED_EDGE('',*,*,#4065,.F.);
#4065 = EDGE_CURVE('',#4066,#4068,#4070,.T.);
#4066 = VERTEX_POINT('',#4067);
#4067 = CARTESIAN_POINT('',(0.45,-5.25,3.6));
#4068 = VERTEX_POINT('',#4069);
#4069 = CARTESIAN_POINT('',(5.85,-5.25,3.6));
#4070 = LINE('',#4071,#4072);
#4071 = CARTESIAN_POINT('',(0.15,-5.25,3.6));
#4072 = VECTOR('',#4073,1.);
#4073 = DIRECTION('',(1.,0.,0.));
#4074 = ORIENTED_EDGE('',*,*,#4075,.T.);
#4075 = EDGE_CURVE('',#4066,#4076,#4078,.T.);
#4076 = VERTEX_POINT('',#4077);
#4077 = CARTESIAN_POINT('',(0.15,-4.95,3.6));
#4078 = CIRCLE('',#4079,0.3);
#4079 = AXIS2_PLACEMENT_3D('',#4080,#4081,#4082);
#4080 = CARTESIAN_POINT('',(0.45,-4.95,3.6));
#4081 = DIRECTION('',(-0.,-0.,-1.));
#4082 = DIRECTION('',(0.,-1.,0.));
#4083 = ORIENTED_EDGE('',*,*,#4084,.F.);
#4084 = EDGE_CURVE('',#4085,#4076,#4087,.T.);
#4085 = VERTEX_POINT('',#4086);
#4086 = CARTESIAN_POINT('',(0.15,0.45,3.6));
#4087 = LINE('',#4088,#4089);
#4088 = CARTESIAN_POINT('',(0.15,0.75,3.6));
#4089 = VECTOR('',#4090,1.);
#4090 = DIRECTION('',(0.,-1.,0.));
#4091 = ORIENTED_EDGE('',*,*,#4092,.F.);
#4092 = EDGE_CURVE('',#4093,#4085,#4095,.T.);
#4093 = VERTEX_POINT('',#4094);
#4094 = CARTESIAN_POINT('',(0.45,0.75,3.6));
#4095 = CIRCLE('',#4096,0.3);
#4096 = AXIS2_PLACEMENT_3D('',#4097,#4098,#4099);
#4097 = CARTESIAN_POINT('',(0.45,0.45,3.6));
#4098 = DIRECTION('',(-0.,0.,1.));
#4099 = DIRECTION('',(0.,-1.,0.));
#4100 = ORIENTED_EDGE('',*,*,#4101,.F.);
#4101 = EDGE_CURVE('',#4102,#4093,#4104,.T.);
#4102 = VERTEX_POINT('',#4103);
#4103 = CARTESIAN_POINT('',(5.85,0.75,3.6));
#4104 = LINE('',#4105,#4106);
#4105 = CARTESIAN_POINT('',(6.15,0.75,3.6));
#4106 = VECTOR('',#4107,1.);
#4107 = DIRECTION('',(-1.,0.,0.));
#4108 = ORIENTED_EDGE('',*,*,#4109,.F.);
#4109 = EDGE_CURVE('',#4110,#4102,#4112,.T.);
#4110 = VERTEX_POINT('',#4111);
#4111 = CARTESIAN_POINT('',(6.15,0.45,3.6));
#4112 = CIRCLE('',#4113,0.3);
#4113 = AXIS2_PLACEMENT_3D('',#4114,#4115,#4116);
#4114 = CARTESIAN_POINT('',(5.85,0.45,3.6));
#4115 = DIRECTION('',(-0.,0.,1.));
#4116 = DIRECTION('',(0.,-1.,0.));
#4117 = ORIENTED_EDGE('',*,*,#4118,.F.);
#4118 = EDGE_CURVE('',#4119,#4110,#4121,.T.);
#4119 = VERTEX_POINT('',#4120);
#4120 = CARTESIAN_POINT('',(6.15,-4.95,3.6));
#4121 = LINE('',#4122,#4123);
#4122 = CARTESIAN_POINT('',(6.15,-5.25,3.6));
#4123 = VECTOR('',#4124,1.);
#4124 = DIRECTION('',(0.,1.,0.));
#4125 = ORIENTED_EDGE('',*,*,#4126,.F.);
#4126 = EDGE_CURVE('',#4068,#4119,#4127,.T.);
#4127 = CIRCLE('',#4128,0.3);
#4128 = AXIS2_PLACEMENT_3D('',#4129,#4130,#4131);
#4129 = CARTESIAN_POINT('',(5.85,-4.95,3.6));
#4130 = DIRECTION('',(-0.,0.,1.));
#4131 = DIRECTION('',(0.,-1.,0.));
#4132 = FACE_BOUND('',#4133,.F.);
#4133 = EDGE_LOOP('',(#4134));
#4134 = ORIENTED_EDGE('',*,*,#4135,.F.);
#4135 = EDGE_CURVE('',#4136,#4136,#4138,.T.);
#4136 = VERTEX_POINT('',#4137);
#4137 = CARTESIAN_POINT('',(5.65,-4.25,3.6));
#4138 = CIRCLE('',#4139,0.5);
#4139 = AXIS2_PLACEMENT_3D('',#4140,#4141,#4142);
#4140 = CARTESIAN_POINT('',(5.15,-4.25,3.6));
#4141 = DIRECTION('',(0.,0.,-1.));
#4142 = DIRECTION('',(1.,0.,0.));
#4143 = FACE_BOUND('',#4144,.F.);
#4144 = EDGE_LOOP('',(#4145));
#4145 = ORIENTED_EDGE('',*,*,#4146,.F.);
#4146 = EDGE_CURVE('',#4147,#4147,#4149,.T.);
#4147 = VERTEX_POINT('',#4148);
#4148 = CARTESIAN_POINT('',(4.9,-2.25,3.6));
#4149 = CIRCLE('',#4150,1.75);
#4150 = AXIS2_PLACEMENT_3D('',#4151,#4152,#4153);
#4151 = CARTESIAN_POINT('',(3.15,-2.25,3.6));
#4152 = DIRECTION('',(0.,0.,-1.));
#4153 = DIRECTION('',(1.,0.,0.));
#4154 = FACE_BOUND('',#4155,.F.);
#4155 = EDGE_LOOP('',(#4156));
#4156 = ORIENTED_EDGE('',*,*,#4157,.F.);
#4157 = EDGE_CURVE('',#4158,#4158,#4160,.T.);
#4158 = VERTEX_POINT('',#4159);
#4159 = CARTESIAN_POINT('',(1.65,-0.25,3.6));
#4160 = CIRCLE('',#4161,0.5);
#4161 = AXIS2_PLACEMENT_3D('',#4162,#4163,#4164);
#4162 = CARTESIAN_POINT('',(1.15,-0.25,3.6));
#4163 = DIRECTION('',(0.,0.,-1.));
#4164 = DIRECTION('',(1.,0.,0.));
#4165 = FACE_BOUND('',#4166,.F.);
#4166 = EDGE_LOOP('',(#4167));
#4167 = ORIENTED_EDGE('',*,*,#4168,.F.);
#4168 = EDGE_CURVE('',#4169,#4169,#4171,.T.);
#4169 = VERTEX_POINT('',#4170);
#4170 = CARTESIAN_POINT('',(5.65,-0.25,3.6));
#4171 = CIRCLE('',#4172,0.5);
#4172 = AXIS2_PLACEMENT_3D('',#4173,#4174,#4175);
#4173 = CARTESIAN_POINT('',(5.15,-0.25,3.6));
#4174 = DIRECTION('',(0.,0.,-1.));
#4175 = DIRECTION('',(1.,0.,0.));
#4176 = FACE_BOUND('',#4177,.F.);
#4177 = EDGE_LOOP('',(#4178));
#4178 = ORIENTED_EDGE('',*,*,#4050,.F.);
#4179 = PLANE('',#4180);
#4180 = AXIS2_PLACEMENT_3D('',#4181,#4182,#4183);
#4181 = CARTESIAN_POINT('',(0.15,-5.25,3.6));
#4182 = DIRECTION('',(0.,0.,-1.));
#4183 = DIRECTION('',(-1.,0.,0.));
#4184 = ADVANCED_FACE('',(#4185),#4210,.F.);
#4185 = FACE_BOUND('',#4186,.F.);
#4186 = EDGE_LOOP('',(#4187,#4197,#4203,#4204));
#4187 = ORIENTED_EDGE('',*,*,#4188,.F.);
#4188 = EDGE_CURVE('',#4189,#4191,#4193,.T.);
#4189 = VERTEX_POINT('',#4190);
#4190 = CARTESIAN_POINT('',(0.45,-5.25,3.5));
#4191 = VERTEX_POINT('',#4192);
#4192 = CARTESIAN_POINT('',(5.85,-5.25,3.5));
#4193 = LINE('',#4194,#4195);
#4194 = CARTESIAN_POINT('',(0.15,-5.25,3.5));
#4195 = VECTOR('',#4196,1.);
#4196 = DIRECTION('',(1.,0.,0.));
#4197 = ORIENTED_EDGE('',*,*,#4198,.T.);
#4198 = EDGE_CURVE('',#4189,#4066,#4199,.T.);
#4199 = LINE('',#4200,#4201);
#4200 = CARTESIAN_POINT('',(0.45,-5.25,3.5));
#4201 = VECTOR('',#4202,1.);
#4202 = DIRECTION('',(0.,0.,1.));
#4203 = ORIENTED_EDGE('',*,*,#4065,.T.);
#4204 = ORIENTED_EDGE('',*,*,#4205,.F.);
#4205 = EDGE_CURVE('',#4191,#4068,#4206,.T.);
#4206 = LINE('',#4207,#4208);
#4207 = CARTESIAN_POINT('',(5.85,-5.25,3.5));
#4208 = VECTOR('',#4209,1.);
#4209 = DIRECTION('',(0.,0.,1.));
#4210 = PLANE('',#4211);
#4211 = AXIS2_PLACEMENT_3D('',#4212,#4213,#4214);
#4212 = CARTESIAN_POINT('',(0.15,-5.25,3.5));
#4213 = DIRECTION('',(0.,1.,0.));
#4214 = DIRECTION('',(1.,0.,0.));
#4215 = ADVANCED_FACE('',(#4216),#4235,.T.);
#4216 = FACE_BOUND('',#4217,.T.);
#4217 = EDGE_LOOP('',(#4218,#4219,#4220,#4228));
#4218 = ORIENTED_EDGE('',*,*,#4198,.T.);
#4219 = ORIENTED_EDGE('',*,*,#4075,.T.);
#4220 = ORIENTED_EDGE('',*,*,#4221,.F.);
#4221 = EDGE_CURVE('',#4222,#4076,#4224,.T.);
#4222 = VERTEX_POINT('',#4223);
#4223 = CARTESIAN_POINT('',(0.15,-4.95,3.5));
#4224 = LINE('',#4225,#4226);
#4225 = CARTESIAN_POINT('',(0.15,-4.95,3.5));
#4226 = VECTOR('',#4227,1.);
#4227 = DIRECTION('',(0.,0.,1.));
#4228 = ORIENTED_EDGE('',*,*,#4229,.F.);
#4229 = EDGE_CURVE('',#4189,#4222,#4230,.T.);
#4230 = CIRCLE('',#4231,0.3);
#4231 = AXIS2_PLACEMENT_3D('',#4232,#4233,#4234);
#4232 = CARTESIAN_POINT('',(0.45,-4.95,3.5));
#4233 = DIRECTION('',(-0.,-0.,-1.));
#4234 = DIRECTION('',(0.,-1.,0.));
#4235 = CYLINDRICAL_SURFACE('',#4236,0.3);
#4236 = AXIS2_PLACEMENT_3D('',#4237,#4238,#4239);
#4237 = CARTESIAN_POINT('',(0.45,-4.95,3.5));
#4238 = DIRECTION('',(0.,0.,1.));
#4239 = DIRECTION('',(0.,-1.,0.));
#4240 = ADVANCED_FACE('',(#4241),#4260,.T.);
#4241 = FACE_BOUND('',#4242,.T.);
#4242 = EDGE_LOOP('',(#4243,#4252,#4258,#4259));
#4243 = ORIENTED_EDGE('',*,*,#4244,.T.);
#4244 = EDGE_CURVE('',#4191,#4245,#4247,.T.);
#4245 = VERTEX_POINT('',#4246);
#4246 = CARTESIAN_POINT('',(6.15,-4.95,3.5));
#4247 = CIRCLE('',#4248,0.3);
#4248 = AXIS2_PLACEMENT_3D('',#4249,#4250,#4251);
#4249 = CARTESIAN_POINT('',(5.85,-4.95,3.5));
#4250 = DIRECTION('',(-0.,0.,1.));
#4251 = DIRECTION('',(0.,-1.,0.));
#4252 = ORIENTED_EDGE('',*,*,#4253,.T.);
#4253 = EDGE_CURVE('',#4245,#4119,#4254,.T.);
#4254 = LINE('',#4255,#4256);
#4255 = CARTESIAN_POINT('',(6.15,-4.95,3.5));
#4256 = VECTOR('',#4257,1.);
#4257 = DIRECTION('',(0.,0.,1.));
#4258 = ORIENTED_EDGE('',*,*,#4126,.F.);
#4259 = ORIENTED_EDGE('',*,*,#4205,.F.);
#4260 = CYLINDRICAL_SURFACE('',#4261,0.3);
#4261 = AXIS2_PLACEMENT_3D('',#4262,#4263,#4264);
#4262 = CARTESIAN_POINT('',(5.85,-4.95,3.5));
#4263 = DIRECTION('',(0.,0.,1.));
#4264 = DIRECTION('',(0.,-1.,0.));
#4265 = ADVANCED_FACE('',(#4266),#4284,.F.);
#4266 = FACE_BOUND('',#4267,.F.);
#4267 = EDGE_LOOP('',(#4268,#4276,#4282,#4283));
#4268 = ORIENTED_EDGE('',*,*,#4269,.F.);
#4269 = EDGE_CURVE('',#4270,#4222,#4272,.T.);
#4270 = VERTEX_POINT('',#4271);
#4271 = CARTESIAN_POINT('',(0.15,0.45,3.5));
#4272 = LINE('',#4273,#4274);
#4273 = CARTESIAN_POINT('',(0.15,0.75,3.5));
#4274 = VECTOR('',#4275,1.);
#4275 = DIRECTION('',(0.,-1.,0.));
#4276 = ORIENTED_EDGE('',*,*,#4277,.T.);
#4277 = EDGE_CURVE('',#4270,#4085,#4278,.T.);
#4278 = LINE('',#4279,#4280);
#4279 = CARTESIAN_POINT('',(0.15,0.45,3.5));
#4280 = VECTOR('',#4281,1.);
#4281 = DIRECTION('',(0.,0.,1.));
#4282 = ORIENTED_EDGE('',*,*,#4084,.T.);
#4283 = ORIENTED_EDGE('',*,*,#4221,.F.);
#4284 = PLANE('',#4285);
#4285 = AXIS2_PLACEMENT_3D('',#4286,#4287,#4288);
#4286 = CARTESIAN_POINT('',(0.15,0.75,3.5));
#4287 = DIRECTION('',(1.,0.,0.));
#4288 = DIRECTION('',(0.,-1.,0.));
#4289 = ADVANCED_FACE('',(#4290),#4308,.F.);
#4290 = FACE_BOUND('',#4291,.F.);
#4291 = EDGE_LOOP('',(#4292,#4300,#4301,#4302));
#4292 = ORIENTED_EDGE('',*,*,#4293,.F.);
#4293 = EDGE_CURVE('',#4245,#4294,#4296,.T.);
#4294 = VERTEX_POINT('',#4295);
#4295 = CARTESIAN_POINT('',(6.15,0.45,3.5));
#4296 = LINE('',#4297,#4298);
#4297 = CARTESIAN_POINT('',(6.15,-5.25,3.5));
#4298 = VECTOR('',#4299,1.);
#4299 = DIRECTION('',(0.,1.,0.));
#4300 = ORIENTED_EDGE('',*,*,#4253,.T.);
#4301 = ORIENTED_EDGE('',*,*,#4118,.T.);
#4302 = ORIENTED_EDGE('',*,*,#4303,.F.);
#4303 = EDGE_CURVE('',#4294,#4110,#4304,.T.);
#4304 = LINE('',#4305,#4306);
#4305 = CARTESIAN_POINT('',(6.15,0.45,3.5));
#4306 = VECTOR('',#4307,1.);
#4307 = DIRECTION('',(0.,0.,1.));
#4308 = PLANE('',#4309);
#4309 = AXIS2_PLACEMENT_3D('',#4310,#4311,#4312);
#4310 = CARTESIAN_POINT('',(6.15,-5.25,3.5));
#4311 = DIRECTION('',(-1.,0.,0.));
#4312 = DIRECTION('',(0.,1.,0.));
#4313 = ADVANCED_FACE('',(#4314),#4333,.T.);
#4314 = FACE_BOUND('',#4315,.T.);
#4315 = EDGE_LOOP('',(#4316,#4325,#4326,#4327));
#4316 = ORIENTED_EDGE('',*,*,#4317,.T.);
#4317 = EDGE_CURVE('',#4318,#4270,#4320,.T.);
#4318 = VERTEX_POINT('',#4319);
#4319 = CARTESIAN_POINT('',(0.45,0.75,3.5));
#4320 = CIRCLE('',#4321,0.3);
#4321 = AXIS2_PLACEMENT_3D('',#4322,#4323,#4324);
#4322 = CARTESIAN_POINT('',(0.45,0.45,3.5));
#4323 = DIRECTION('',(-0.,0.,1.));
#4324 = DIRECTION('',(0.,-1.,0.));
#4325 = ORIENTED_EDGE('',*,*,#4277,.T.);
#4326 = ORIENTED_EDGE('',*,*,#4092,.F.);
#4327 = ORIENTED_EDGE('',*,*,#4328,.F.);
#4328 = EDGE_CURVE('',#4318,#4093,#4329,.T.);
#4329 = LINE('',#4330,#4331);
#4330 = CARTESIAN_POINT('',(0.45,0.75,3.5));
#4331 = VECTOR('',#4332,1.);
#4332 = DIRECTION('',(0.,0.,1.));
#4333 = CYLINDRICAL_SURFACE('',#4334,0.3);
#4334 = AXIS2_PLACEMENT_3D('',#4335,#4336,#4337);
#4335 = CARTESIAN_POINT('',(0.45,0.45,3.5));
#4336 = DIRECTION('',(0.,0.,1.));
#4337 = DIRECTION('',(0.,1.,0.));
#4338 = ADVANCED_FACE('',(#4339),#4358,.T.);
#4339 = FACE_BOUND('',#4340,.T.);
#4340 = EDGE_LOOP('',(#4341,#4350,#4356,#4357));
#4341 = ORIENTED_EDGE('',*,*,#4342,.T.);
#4342 = EDGE_CURVE('',#4294,#4343,#4345,.T.);
#4343 = VERTEX_POINT('',#4344);
#4344 = CARTESIAN_POINT('',(5.85,0.75,3.5));
#4345 = CIRCLE('',#4346,0.3);
#4346 = AXIS2_PLACEMENT_3D('',#4347,#4348,#4349);
#4347 = CARTESIAN_POINT('',(5.85,0.45,3.5));
#4348 = DIRECTION('',(-0.,0.,1.));
#4349 = DIRECTION('',(0.,-1.,0.));
#4350 = ORIENTED_EDGE('',*,*,#4351,.T.);
#4351 = EDGE_CURVE('',#4343,#4102,#4352,.T.);
#4352 = LINE('',#4353,#4354);
#4353 = CARTESIAN_POINT('',(5.85,0.75,3.5));
#4354 = VECTOR('',#4355,1.);
#4355 = DIRECTION('',(0.,0.,1.));
#4356 = ORIENTED_EDGE('',*,*,#4109,.F.);
#4357 = ORIENTED_EDGE('',*,*,#4303,.F.);
#4358 = CYLINDRICAL_SURFACE('',#4359,0.3);
#4359 = AXIS2_PLACEMENT_3D('',#4360,#4361,#4362);
#4360 = CARTESIAN_POINT('',(5.85,0.45,3.5));
#4361 = DIRECTION('',(0.,0.,1.));
#4362 = DIRECTION('',(1.,0.,-0.));
#4363 = ADVANCED_FACE('',(#4364),#4375,.F.);
#4364 = FACE_BOUND('',#4365,.F.);
#4365 = EDGE_LOOP('',(#4366,#4372,#4373,#4374));
#4366 = ORIENTED_EDGE('',*,*,#4367,.F.);
#4367 = EDGE_CURVE('',#4343,#4318,#4368,.T.);
#4368 = LINE('',#4369,#4370);
#4369 = CARTESIAN_POINT('',(6.15,0.75,3.5));
#4370 = VECTOR('',#4371,1.);
#4371 = DIRECTION('',(-1.,0.,0.));
#4372 = ORIENTED_EDGE('',*,*,#4351,.T.);
#4373 = ORIENTED_EDGE('',*,*,#4101,.T.);
#4374 = ORIENTED_EDGE('',*,*,#4328,.F.);
#4375 = PLANE('',#4376);
#4376 = AXIS2_PLACEMENT_3D('',#4377,#4378,#4379);
#4377 = CARTESIAN_POINT('',(6.15,0.75,3.5));
#4378 = DIRECTION('',(0.,-1.,0.));
#4379 = DIRECTION('',(-1.,0.,0.));
#4380 = ADVANCED_FACE('',(#4381),#4400,.T.);
#4381 = FACE_BOUND('',#4382,.T.);
#4382 = EDGE_LOOP('',(#4383,#4391,#4398,#4399));
#4383 = ORIENTED_EDGE('',*,*,#4384,.T.);
#4384 = EDGE_CURVE('',#4136,#4385,#4387,.T.);
#4385 = VERTEX_POINT('',#4386);
#4386 = CARTESIAN_POINT('',(5.65,-4.25,4.1));
#4387 = LINE('',#4388,#4389);
#4388 = CARTESIAN_POINT('',(5.65,-4.25,3.5));
#4389 = VECTOR('',#4390,1.);
#4390 = DIRECTION('',(0.,0.,1.));
#4391 = ORIENTED_EDGE('',*,*,#4392,.F.);
#4392 = EDGE_CURVE('',#4385,#4385,#4393,.T.);
#4393 = CIRCLE('',#4394,0.5);
#4394 = AXIS2_PLACEMENT_3D('',#4395,#4396,#4397);
#4395 = CARTESIAN_POINT('',(5.15,-4.25,4.1));
#4396 = DIRECTION('',(0.,0.,1.));
#4397 = DIRECTION('',(1.,0.,-0.));
#4398 = ORIENTED_EDGE('',*,*,#4384,.F.);
#4399 = ORIENTED_EDGE('',*,*,#4135,.F.);
#4400 = CYLINDRICAL_SURFACE('',#4401,0.5);
#4401 = AXIS2_PLACEMENT_3D('',#4402,#4403,#4404);
#4402 = CARTESIAN_POINT('',(5.15,-4.25,3.5));
#4403 = DIRECTION('',(-0.,-0.,-1.));
#4404 = DIRECTION('',(1.,0.,0.));
#4405 = ADVANCED_FACE('',(#4406),#4425,.T.);
#4406 = FACE_BOUND('',#4407,.T.);
#4407 = EDGE_LOOP('',(#4408,#4416,#4423,#4424));
#4408 = ORIENTED_EDGE('',*,*,#4409,.T.);
#4409 = EDGE_CURVE('',#4147,#4410,#4412,.T.);
#4410 = VERTEX_POINT('',#4411);
#4411 = CARTESIAN_POINT('',(4.9,-2.25,4.2));
#4412 = LINE('',#4413,#4414);
#4413 = CARTESIAN_POINT('',(4.9,-2.25,3.5));
#4414 = VECTOR('',#4415,1.);
#4415 = DIRECTION('',(0.,0.,1.));
#4416 = ORIENTED_EDGE('',*,*,#4417,.F.);
#4417 = EDGE_CURVE('',#4410,#4410,#4418,.T.);
#4418 = CIRCLE('',#4419,1.75);
#4419 = AXIS2_PLACEMENT_3D('',#4420,#4421,#4422);
#4420 = CARTESIAN_POINT('',(3.15,-2.25,4.2));
#4421 = DIRECTION('',(0.,0.,1.));
#4422 = DIRECTION('',(1.,0.,-0.));
#4423 = ORIENTED_EDGE('',*,*,#4409,.F.);
#4424 = ORIENTED_EDGE('',*,*,#4146,.F.);
#4425 = CYLINDRICAL_SURFACE('',#4426,1.75);
#4426 = AXIS2_PLACEMENT_3D('',#4427,#4428,#4429);
#4427 = CARTESIAN_POINT('',(3.15,-2.25,3.5));
#4428 = DIRECTION('',(-0.,-0.,-1.));
#4429 = DIRECTION('',(1.,0.,0.));
#4430 = ADVANCED_FACE('',(#4431),#4450,.T.);
#4431 = FACE_BOUND('',#4432,.T.);
#4432 = EDGE_LOOP('',(#4433,#4441,#4448,#4449));
#4433 = ORIENTED_EDGE('',*,*,#4434,.T.);
#4434 = EDGE_CURVE('',#4158,#4435,#4437,.T.);
#4435 = VERTEX_POINT('',#4436);
#4436 = CARTESIAN_POINT('',(1.65,-0.25,4.1));
#4437 = LINE('',#4438,#4439);
#4438 = CARTESIAN_POINT('',(1.65,-0.25,3.5));
#4439 = VECTOR('',#4440,1.);
#4440 = DIRECTION('',(0.,0.,1.));
#4441 = ORIENTED_EDGE('',*,*,#4442,.F.);
#4442 = EDGE_CURVE('',#4435,#4435,#4443,.T.);
#4443 = CIRCLE('',#4444,0.5);
#4444 = AXIS2_PLACEMENT_3D('',#4445,#4446,#4447);
#4445 = CARTESIAN_POINT('',(1.15,-0.25,4.1));
#4446 = DIRECTION('',(0.,0.,1.));
#4447 = DIRECTION('',(1.,0.,-0.));
#4448 = ORIENTED_EDGE('',*,*,#4434,.F.);
#4449 = ORIENTED_EDGE('',*,*,#4157,.F.);
#4450 = CYLINDRICAL_SURFACE('',#4451,0.5);
#4451 = AXIS2_PLACEMENT_3D('',#4452,#4453,#4454);
#4452 = CARTESIAN_POINT('',(1.15,-0.25,3.5));
#4453 = DIRECTION('',(-0.,-0.,-1.));
#4454 = DIRECTION('',(1.,0.,0.));
#4455 = ADVANCED_FACE('',(#4456),#4475,.T.);
#4456 = FACE_BOUND('',#4457,.T.);
#4457 = EDGE_LOOP('',(#4458,#4466,#4473,#4474));
#4458 = ORIENTED_EDGE('',*,*,#4459,.T.);
#4459 = EDGE_CURVE('',#4169,#4460,#4462,.T.);
#4460 = VERTEX_POINT('',#4461);
#4461 = CARTESIAN_POINT('',(5.65,-0.25,4.1));
#4462 = LINE('',#4463,#4464);
#4463 = CARTESIAN_POINT('',(5.65,-0.25,3.5));
#4464 = VECTOR('',#4465,1.);
#4465 = DIRECTION('',(0.,0.,1.));
#4466 = ORIENTED_EDGE('',*,*,#4467,.F.);
#4467 = EDGE_CURVE('',#4460,#4460,#4468,.T.);
#4468 = CIRCLE('',#4469,0.5);
#4469 = AXIS2_PLACEMENT_3D('',#4470,#4471,#4472);
#4470 = CARTESIAN_POINT('',(5.15,-0.25,4.1));
#4471 = DIRECTION('',(0.,0.,1.));
#4472 = DIRECTION('',(1.,0.,-0.));
#4473 = ORIENTED_EDGE('',*,*,#4459,.F.);
#4474 = ORIENTED_EDGE('',*,*,#4168,.F.);
#4475 = CYLINDRICAL_SURFACE('',#4476,0.5);
#4476 = AXIS2_PLACEMENT_3D('',#4477,#4478,#4479);
#4477 = CARTESIAN_POINT('',(5.15,-0.25,3.5));
#4478 = DIRECTION('',(-0.,-0.,-1.));
#4479 = DIRECTION('',(1.,0.,0.));
#4480 = ADVANCED_FACE('',(#4481),#4506,.F.);
#4481 = FACE_BOUND('',#4482,.F.);
#4482 = EDGE_LOOP('',(#4483,#4493,#4499,#4500));
#4483 = ORIENTED_EDGE('',*,*,#4484,.F.);
#4484 = EDGE_CURVE('',#4485,#4487,#4489,.T.);
#4485 = VERTEX_POINT('',#4486);
#4486 = CARTESIAN_POINT('',(0.45,-5.25,0.));
#4487 = VERTEX_POINT('',#4488);
#4488 = CARTESIAN_POINT('',(5.85,-5.25,0.));
#4489 = LINE('',#4490,#4491);
#4490 = CARTESIAN_POINT('',(0.15,-5.25,0.));
#4491 = VECTOR('',#4492,1.);
#4492 = DIRECTION('',(1.,0.,0.));
#4493 = ORIENTED_EDGE('',*,*,#4494,.T.);
#4494 = EDGE_CURVE('',#4485,#4189,#4495,.T.);
#4495 = LINE('',#4496,#4497);
#4496 = CARTESIAN_POINT('',(0.45,-5.25,0.));
#4497 = VECTOR('',#4498,1.);
#4498 = DIRECTION('',(0.,0.,1.));
#4499 = ORIENTED_EDGE('',*,*,#4188,.T.);
#4500 = ORIENTED_EDGE('',*,*,#4501,.F.);
#4501 = EDGE_CURVE('',#4487,#4191,#4502,.T.);
#4502 = LINE('',#4503,#4504);
#4503 = CARTESIAN_POINT('',(5.85,-5.25,0.));
#4504 = VECTOR('',#4505,1.);
#4505 = DIRECTION('',(0.,0.,1.));
#4506 = PLANE('',#4507);
#4507 = AXIS2_PLACEMENT_3D('',#4508,#4509,#4510);
#4508 = CARTESIAN_POINT('',(0.15,-5.25,0.));
#4509 = DIRECTION('',(0.,1.,0.));
#4510 = DIRECTION('',(1.,0.,0.));
#4511 = ADVANCED_FACE('',(#4512),#4531,.T.);
#4512 = FACE_BOUND('',#4513,.T.);
#4513 = EDGE_LOOP('',(#4514,#4515,#4516,#4524));
#4514 = ORIENTED_EDGE('',*,*,#4494,.T.);
#4515 = ORIENTED_EDGE('',*,*,#4229,.T.);
#4516 = ORIENTED_EDGE('',*,*,#4517,.F.);
#4517 = EDGE_CURVE('',#4518,#4222,#4520,.T.);
#4518 = VERTEX_POINT('',#4519);
#4519 = CARTESIAN_POINT('',(0.15,-4.95,0.));
#4520 = LINE('',#4521,#4522);
#4521 = CARTESIAN_POINT('',(0.15,-4.95,0.));
#4522 = VECTOR('',#4523,1.);
#4523 = DIRECTION('',(0.,0.,1.));
#4524 = ORIENTED_EDGE('',*,*,#4525,.F.);
#4525 = EDGE_CURVE('',#4485,#4518,#4526,.T.);
#4526 = CIRCLE('',#4527,0.3);
#4527 = AXIS2_PLACEMENT_3D('',#4528,#4529,#4530);
#4528 = CARTESIAN_POINT('',(0.45,-4.95,0.));
#4529 = DIRECTION('',(-0.,-0.,-1.));
#4530 = DIRECTION('',(0.,-1.,0.));
#4531 = CYLINDRICAL_SURFACE('',#4532,0.3);
#4532 = AXIS2_PLACEMENT_3D('',#4533,#4534,#4535);
#4533 = CARTESIAN_POINT('',(0.45,-4.95,0.));
#4534 = DIRECTION('',(0.,0.,1.));
#4535 = DIRECTION('',(0.,-1.,0.));
#4536 = ADVANCED_FACE('',(#4537),#4556,.T.);
#4537 = FACE_BOUND('',#4538,.T.);
#4538 = EDGE_LOOP('',(#4539,#4548,#4554,#4555));
#4539 = ORIENTED_EDGE('',*,*,#4540,.T.);
#4540 = EDGE_CURVE('',#4487,#4541,#4543,.T.);
#4541 = VERTEX_POINT('',#4542);
#4542 = CARTESIAN_POINT('',(6.15,-4.95,0.));
#4543 = CIRCLE('',#4544,0.3);
#4544 = AXIS2_PLACEMENT_3D('',#4545,#4546,#4547);
#4545 = CARTESIAN_POINT('',(5.85,-4.95,0.));
#4546 = DIRECTION('',(-0.,0.,1.));
#4547 = DIRECTION('',(0.,-1.,0.));
#4548 = ORIENTED_EDGE('',*,*,#4549,.T.);
#4549 = EDGE_CURVE('',#4541,#4245,#4550,.T.);
#4550 = LINE('',#4551,#4552);
#4551 = CARTESIAN_POINT('',(6.15,-4.95,0.));
#4552 = VECTOR('',#4553,1.);
#4553 = DIRECTION('',(0.,0.,1.));
#4554 = ORIENTED_EDGE('',*,*,#4244,.F.);
#4555 = ORIENTED_EDGE('',*,*,#4501,.F.);
#4556 = CYLINDRICAL_SURFACE('',#4557,0.3);
#4557 = AXIS2_PLACEMENT_3D('',#4558,#4559,#4560);
#4558 = CARTESIAN_POINT('',(5.85,-4.95,0.));
#4559 = DIRECTION('',(0.,0.,1.));
#4560 = DIRECTION('',(0.,-1.,0.));
#4561 = ADVANCED_FACE('',(#4562),#4644,.F.);
#4562 = FACE_BOUND('',#4563,.F.);
#4563 = EDGE_LOOP('',(#4564,#4574,#4580,#4581,#4582,#4590,#4598,#4606,
    #4614,#4622,#4630,#4638));
#4564 = ORIENTED_EDGE('',*,*,#4565,.F.);
#4565 = EDGE_CURVE('',#4566,#4568,#4570,.T.);
#4566 = VERTEX_POINT('',#4567);
#4567 = CARTESIAN_POINT('',(0.15,0.45,0.));
#4568 = VERTEX_POINT('',#4569);
#4569 = CARTESIAN_POINT('',(0.15,0.35,0.));
#4570 = LINE('',#4571,#4572);
#4571 = CARTESIAN_POINT('',(0.15,0.75,0.));
#4572 = VECTOR('',#4573,1.);
#4573 = DIRECTION('',(0.,-1.,0.));
#4574 = ORIENTED_EDGE('',*,*,#4575,.T.);
#4575 = EDGE_CURVE('',#4566,#4270,#4576,.T.);
#4576 = LINE('',#4577,#4578);
#4577 = CARTESIAN_POINT('',(0.15,0.45,0.));
#4578 = VECTOR('',#4579,1.);
#4579 = DIRECTION('',(0.,0.,1.));
#4580 = ORIENTED_EDGE('',*,*,#4269,.T.);
#4581 = ORIENTED_EDGE('',*,*,#4517,.F.);
#4582 = ORIENTED_EDGE('',*,*,#4583,.F.);
#4583 = EDGE_CURVE('',#4584,#4518,#4586,.T.);
#4584 = VERTEX_POINT('',#4585);
#4585 = CARTESIAN_POINT('',(0.15,-4.85,0.));
#4586 = LINE('',#4587,#4588);
#4587 = CARTESIAN_POINT('',(0.15,0.75,0.));
#4588 = VECTOR('',#4589,1.);
#4589 = DIRECTION('',(0.,-1.,0.));
#4590 = ORIENTED_EDGE('',*,*,#4591,.F.);
#4591 = EDGE_CURVE('',#4592,#4584,#4594,.T.);
#4592 = VERTEX_POINT('',#4593);
#4593 = CARTESIAN_POINT('',(0.15,-4.85,1.5));
#4594 = LINE('',#4595,#4596);
#4595 = CARTESIAN_POINT('',(0.15,-4.85,1.5));
#4596 = VECTOR('',#4597,1.);
#4597 = DIRECTION('',(0.,5.551115123126E-16,-1.));
#4598 = ORIENTED_EDGE('',*,*,#4599,.T.);
#4599 = EDGE_CURVE('',#4592,#4600,#4602,.T.);
#4600 = VERTEX_POINT('',#4601);
#4601 = CARTESIAN_POINT('',(0.15,-4.15,1.5));
#4602 = LINE('',#4603,#4604);
#4603 = CARTESIAN_POINT('',(0.15,-4.85,1.5));
#4604 = VECTOR('',#4605,1.);
#4605 = DIRECTION('',(0.,1.,3.330669073875E-16));
#4606 = ORIENTED_EDGE('',*,*,#4607,.T.);
#4607 = EDGE_CURVE('',#4600,#4608,#4610,.T.);
#4608 = VERTEX_POINT('',#4609);
#4609 = CARTESIAN_POINT('',(0.15,-4.15,0.));
#4610 = LINE('',#4611,#4612);
#4611 = CARTESIAN_POINT('',(0.15,-4.15,1.5));
#4612 = VECTOR('',#4613,1.);
#4613 = DIRECTION('',(0.,5.551115123126E-16,-1.));
#4614 = ORIENTED_EDGE('',*,*,#4615,.F.);
#4615 = EDGE_CURVE('',#4616,#4608,#4618,.T.);
#4616 = VERTEX_POINT('',#4617);
#4617 = CARTESIAN_POINT('',(0.15,-0.35,0.));
#4618 = LINE('',#4619,#4620);
#4619 = CARTESIAN_POINT('',(0.15,0.75,0.));
#4620 = VECTOR('',#4621,1.);
#4621 = DIRECTION('',(0.,-1.,0.));
#4622 = ORIENTED_EDGE('',*,*,#4623,.F.);
#4623 = EDGE_CURVE('',#4624,#4616,#4626,.T.);
#4624 = VERTEX_POINT('',#4625);
#4625 = CARTESIAN_POINT('',(0.15,-0.35,1.5));
#4626 = LINE('',#4627,#4628);
#4627 = CARTESIAN_POINT('',(0.15,-0.35,1.5));
#4628 = VECTOR('',#4629,1.);
#4629 = DIRECTION('',(0.,5.551115123126E-16,-1.));
#4630 = ORIENTED_EDGE('',*,*,#4631,.T.);
#4631 = EDGE_CURVE('',#4624,#4632,#4634,.T.);
#4632 = VERTEX_POINT('',#4633);
#4633 = CARTESIAN_POINT('',(0.15,0.35,1.5));
#4634 = LINE('',#4635,#4636);
#4635 = CARTESIAN_POINT('',(0.15,-0.35,1.5));
#4636 = VECTOR('',#4637,1.);
#4637 = DIRECTION('',(0.,1.,3.330669073875E-16));
#4638 = ORIENTED_EDGE('',*,*,#4639,.T.);
#4639 = EDGE_CURVE('',#4632,#4568,#4640,.T.);
#4640 = LINE('',#4641,#4642);
#4641 = CARTESIAN_POINT('',(0.15,0.35,1.5));
#4642 = VECTOR('',#4643,1.);
#4643 = DIRECTION('',(0.,5.551115123126E-16,-1.));
#4644 = PLANE('',#4645);
#4645 = AXIS2_PLACEMENT_3D('',#4646,#4647,#4648);
#4646 = CARTESIAN_POINT('',(0.15,0.75,0.));
#4647 = DIRECTION('',(1.,0.,0.));
#4648 = DIRECTION('',(0.,-1.,0.));
#4649 = ADVANCED_FACE('',(#4650),#4732,.F.);
#4650 = FACE_BOUND('',#4651,.F.);
#4651 = EDGE_LOOP('',(#4652,#4660,#4661,#4662,#4670,#4678,#4686,#4694,
    #4702,#4710,#4718,#4726));
#4652 = ORIENTED_EDGE('',*,*,#4653,.F.);
#4653 = EDGE_CURVE('',#4541,#4654,#4656,.T.);
#4654 = VERTEX_POINT('',#4655);
#4655 = CARTESIAN_POINT('',(6.15,-4.85,0.));
#4656 = LINE('',#4657,#4658);
#4657 = CARTESIAN_POINT('',(6.15,-5.25,0.));
#4658 = VECTOR('',#4659,1.);
#4659 = DIRECTION('',(0.,1.,0.));
#4660 = ORIENTED_EDGE('',*,*,#4549,.T.);
#4661 = ORIENTED_EDGE('',*,*,#4293,.T.);
#4662 = ORIENTED_EDGE('',*,*,#4663,.F.);
#4663 = EDGE_CURVE('',#4664,#4294,#4666,.T.);
#4664 = VERTEX_POINT('',#4665);
#4665 = CARTESIAN_POINT('',(6.15,0.45,0.));
#4666 = LINE('',#4667,#4668);
#4667 = CARTESIAN_POINT('',(6.15,0.45,0.));
#4668 = VECTOR('',#4669,1.);
#4669 = DIRECTION('',(0.,0.,1.));
#4670 = ORIENTED_EDGE('',*,*,#4671,.F.);
#4671 = EDGE_CURVE('',#4672,#4664,#4674,.T.);
#4672 = VERTEX_POINT('',#4673);
#4673 = CARTESIAN_POINT('',(6.15,0.35,0.));
#4674 = LINE('',#4675,#4676);
#4675 = CARTESIAN_POINT('',(6.15,-5.25,0.));
#4676 = VECTOR('',#4677,1.);
#4677 = DIRECTION('',(0.,1.,0.));
#4678 = ORIENTED_EDGE('',*,*,#4679,.F.);
#4679 = EDGE_CURVE('',#4680,#4672,#4682,.T.);
#4680 = VERTEX_POINT('',#4681);
#4681 = CARTESIAN_POINT('',(6.15,0.35,1.5));
#4682 = LINE('',#4683,#4684);
#4683 = CARTESIAN_POINT('',(6.15,0.35,1.5));
#4684 = VECTOR('',#4685,1.);
#4685 = DIRECTION('',(0.,5.551115123126E-16,-1.));
#4686 = ORIENTED_EDGE('',*,*,#4687,.F.);
#4687 = EDGE_CURVE('',#4688,#4680,#4690,.T.);
#4688 = VERTEX_POINT('',#4689);
#4689 = CARTESIAN_POINT('',(6.15,-0.35,1.5));
#4690 = LINE('',#4691,#4692);
#4691 = CARTESIAN_POINT('',(6.15,-0.35,1.5));
#4692 = VECTOR('',#4693,1.);
#4693 = DIRECTION('',(0.,1.,3.330669073875E-16));
#4694 = ORIENTED_EDGE('',*,*,#4695,.T.);
#4695 = EDGE_CURVE('',#4688,#4696,#4698,.T.);
#4696 = VERTEX_POINT('',#4697);
#4697 = CARTESIAN_POINT('',(6.15,-0.35,0.));
#4698 = LINE('',#4699,#4700);
#4699 = CARTESIAN_POINT('',(6.15,-0.35,1.5));
#4700 = VECTOR('',#4701,1.);
#4701 = DIRECTION('',(0.,5.551115123126E-16,-1.));
#4702 = ORIENTED_EDGE('',*,*,#4703,.F.);
#4703 = EDGE_CURVE('',#4704,#4696,#4706,.T.);
#4704 = VERTEX_POINT('',#4705);
#4705 = CARTESIAN_POINT('',(6.15,-4.15,0.));
#4706 = LINE('',#4707,#4708);
#4707 = CARTESIAN_POINT('',(6.15,-5.25,0.));
#4708 = VECTOR('',#4709,1.);
#4709 = DIRECTION('',(0.,1.,0.));
#4710 = ORIENTED_EDGE('',*,*,#4711,.F.);
#4711 = EDGE_CURVE('',#4712,#4704,#4714,.T.);
#4712 = VERTEX_POINT('',#4713);
#4713 = CARTESIAN_POINT('',(6.15,-4.15,1.5));
#4714 = LINE('',#4715,#4716);
#4715 = CARTESIAN_POINT('',(6.15,-4.15,1.5));
#4716 = VECTOR('',#4717,1.);
#4717 = DIRECTION('',(0.,5.551115123126E-16,-1.));
#4718 = ORIENTED_EDGE('',*,*,#4719,.F.);
#4719 = EDGE_CURVE('',#4720,#4712,#4722,.T.);
#4720 = VERTEX_POINT('',#4721);
#4721 = CARTESIAN_POINT('',(6.15,-4.85,1.5));
#4722 = LINE('',#4723,#4724);
#4723 = CARTESIAN_POINT('',(6.15,-4.85,1.5));
#4724 = VECTOR('',#4725,1.);
#4725 = DIRECTION('',(0.,1.,3.330669073875E-16));
#4726 = ORIENTED_EDGE('',*,*,#4727,.T.);
#4727 = EDGE_CURVE('',#4720,#4654,#4728,.T.);
#4728 = LINE('',#4729,#4730);
#4729 = CARTESIAN_POINT('',(6.15,-4.85,1.5));
#4730 = VECTOR('',#4731,1.);
#4731 = DIRECTION('',(0.,5.551115123126E-16,-1.));
#4732 = PLANE('',#4733);
#4733 = AXIS2_PLACEMENT_3D('',#4734,#4735,#4736);
#4734 = CARTESIAN_POINT('',(6.15,-5.25,0.));
#4735 = DIRECTION('',(-1.,0.,0.));
#4736 = DIRECTION('',(0.,1.,0.));
#4737 = ADVANCED_FACE('',(#4738),#4757,.T.);
#4738 = FACE_BOUND('',#4739,.T.);
#4739 = EDGE_LOOP('',(#4740,#4749,#4750,#4751));
#4740 = ORIENTED_EDGE('',*,*,#4741,.T.);
#4741 = EDGE_CURVE('',#4742,#4566,#4744,.T.);
#4742 = VERTEX_POINT('',#4743);
#4743 = CARTESIAN_POINT('',(0.45,0.75,0.));
#4744 = CIRCLE('',#4745,0.3);
#4745 = AXIS2_PLACEMENT_3D('',#4746,#4747,#4748);
#4746 = CARTESIAN_POINT('',(0.45,0.45,0.));
#4747 = DIRECTION('',(-0.,0.,1.));
#4748 = DIRECTION('',(0.,-1.,0.));
#4749 = ORIENTED_EDGE('',*,*,#4575,.T.);
#4750 = ORIENTED_EDGE('',*,*,#4317,.F.);
#4751 = ORIENTED_EDGE('',*,*,#4752,.F.);
#4752 = EDGE_CURVE('',#4742,#4318,#4753,.T.);
#4753 = LINE('',#4754,#4755);
#4754 = CARTESIAN_POINT('',(0.45,0.75,0.));
#4755 = VECTOR('',#4756,1.);
#4756 = DIRECTION('',(0.,0.,1.));
#4757 = CYLINDRICAL_SURFACE('',#4758,0.3);
#4758 = AXIS2_PLACEMENT_3D('',#4759,#4760,#4761);
#4759 = CARTESIAN_POINT('',(0.45,0.45,0.));
#4760 = DIRECTION('',(0.,0.,1.));
#4761 = DIRECTION('',(0.,1.,0.));
#4762 = ADVANCED_FACE('',(#4763),#4782,.T.);
#4763 = FACE_BOUND('',#4764,.T.);
#4764 = EDGE_LOOP('',(#4765,#4774,#4780,#4781));
#4765 = ORIENTED_EDGE('',*,*,#4766,.T.);
#4766 = EDGE_CURVE('',#4664,#4767,#4769,.T.);
#4767 = VERTEX_POINT('',#4768);
#4768 = CARTESIAN_POINT('',(5.85,0.75,0.));
#4769 = CIRCLE('',#4770,0.3);
#4770 = AXIS2_PLACEMENT_3D('',#4771,#4772,#4773);
#4771 = CARTESIAN_POINT('',(5.85,0.45,0.));
#4772 = DIRECTION('',(-0.,0.,1.));
#4773 = DIRECTION('',(0.,-1.,0.));
#4774 = ORIENTED_EDGE('',*,*,#4775,.T.);
#4775 = EDGE_CURVE('',#4767,#4343,#4776,.T.);
#4776 = LINE('',#4777,#4778);
#4777 = CARTESIAN_POINT('',(5.85,0.75,0.));
#4778 = VECTOR('',#4779,1.);
#4779 = DIRECTION('',(0.,0.,1.));
#4780 = ORIENTED_EDGE('',*,*,#4342,.F.);
#4781 = ORIENTED_EDGE('',*,*,#4663,.F.);
#4782 = CYLINDRICAL_SURFACE('',#4783,0.3);
#4783 = AXIS2_PLACEMENT_3D('',#4784,#4785,#4786);
#4784 = CARTESIAN_POINT('',(5.85,0.45,0.));
#4785 = DIRECTION('',(0.,0.,1.));
#4786 = DIRECTION('',(1.,0.,-0.));
#4787 = ADVANCED_FACE('',(#4788),#4799,.F.);
#4788 = FACE_BOUND('',#4789,.F.);
#4789 = EDGE_LOOP('',(#4790,#4796,#4797,#4798));
#4790 = ORIENTED_EDGE('',*,*,#4791,.F.);
#4791 = EDGE_CURVE('',#4767,#4742,#4792,.T.);
#4792 = LINE('',#4793,#4794);
#4793 = CARTESIAN_POINT('',(6.15,0.75,0.));
#4794 = VECTOR('',#4795,1.);
#4795 = DIRECTION('',(-1.,0.,0.));
#4796 = ORIENTED_EDGE('',*,*,#4775,.T.);
#4797 = ORIENTED_EDGE('',*,*,#4367,.T.);
#4798 = ORIENTED_EDGE('',*,*,#4752,.F.);
#4799 = PLANE('',#4800);
#4800 = AXIS2_PLACEMENT_3D('',#4801,#4802,#4803);
#4801 = CARTESIAN_POINT('',(6.15,0.75,0.));
#4802 = DIRECTION('',(0.,-1.,0.));
#4803 = DIRECTION('',(-1.,0.,0.));
#4804 = ADVANCED_FACE('',(#4805),#4808,.F.);
#4805 = FACE_BOUND('',#4806,.T.);
#4806 = EDGE_LOOP('',(#4807));
#4807 = ORIENTED_EDGE('',*,*,#4392,.T.);
#4808 = PLANE('',#4809);
#4809 = AXIS2_PLACEMENT_3D('',#4810,#4811,#4812);
#4810 = CARTESIAN_POINT('',(5.65,-4.25,4.1));
#4811 = DIRECTION('',(0.,0.,-1.));
#4812 = DIRECTION('',(-1.,0.,0.));
#4813 = ADVANCED_FACE('',(#4814),#4834,.T.);
#4814 = FACE_BOUND('',#4815,.T.);
#4815 = EDGE_LOOP('',(#4816,#4817,#4826,#4833));
#4816 = ORIENTED_EDGE('',*,*,#4417,.T.);
#4817 = ORIENTED_EDGE('',*,*,#4818,.F.);
#4818 = EDGE_CURVE('',#4819,#4410,#4821,.T.);
#4819 = VERTEX_POINT('',#4820);
#4820 = CARTESIAN_POINT('',(4.8,-2.25,4.3));
#4821 = CIRCLE('',#4822,0.1);
#4822 = AXIS2_PLACEMENT_3D('',#4823,#4824,#4825);
#4823 = CARTESIAN_POINT('',(4.8,-2.25,4.2));
#4824 = DIRECTION('',(-0.,1.,0.));
#4825 = DIRECTION('',(1.,0.,0.));
#4826 = ORIENTED_EDGE('',*,*,#4827,.F.);
#4827 = EDGE_CURVE('',#4819,#4819,#4828,.T.);
#4828 = CIRCLE('',#4829,1.65);
#4829 = AXIS2_PLACEMENT_3D('',#4830,#4831,#4832);
#4830 = CARTESIAN_POINT('',(3.15,-2.25,4.3));
#4831 = DIRECTION('',(0.,0.,1.));
#4832 = DIRECTION('',(1.,0.,-0.));
#4833 = ORIENTED_EDGE('',*,*,#4818,.T.);
#4834 = TOROIDAL_SURFACE('',#4835,1.65,0.1);
#4835 = AXIS2_PLACEMENT_3D('',#4836,#4837,#4838);
#4836 = CARTESIAN_POINT('',(3.15,-2.25,4.2));
#4837 = DIRECTION('',(0.,0.,-1.));
#4838 = DIRECTION('',(1.,0.,0.));
#4839 = ADVANCED_FACE('',(#4840),#4843,.F.);
#4840 = FACE_BOUND('',#4841,.T.);
#4841 = EDGE_LOOP('',(#4842));
#4842 = ORIENTED_EDGE('',*,*,#4442,.T.);
#4843 = PLANE('',#4844);
#4844 = AXIS2_PLACEMENT_3D('',#4845,#4846,#4847);
#4845 = CARTESIAN_POINT('',(1.65,-0.25,4.1));
#4846 = DIRECTION('',(0.,0.,-1.));
#4847 = DIRECTION('',(-1.,0.,0.));
#4848 = ADVANCED_FACE('',(#4849),#4852,.F.);
#4849 = FACE_BOUND('',#4850,.T.);
#4850 = EDGE_LOOP('',(#4851));
#4851 = ORIENTED_EDGE('',*,*,#4467,.T.);
#4852 = PLANE('',#4853);
#4853 = AXIS2_PLACEMENT_3D('',#4854,#4855,#4856);
#4854 = CARTESIAN_POINT('',(5.65,-0.25,4.1));
#4855 = DIRECTION('',(0.,0.,-1.));
#4856 = DIRECTION('',(-1.,0.,0.));
#4857 = ADVANCED_FACE('',(#4858),#4896,.T.);
#4858 = FACE_BOUND('',#4859,.T.);
#4859 = EDGE_LOOP('',(#4860,#4861,#4862,#4863,#4869,#4870,#4876,#4877,
    #4878,#4879,#4880,#4881,#4887,#4888,#4894,#4895));
#4860 = ORIENTED_EDGE('',*,*,#4484,.F.);
#4861 = ORIENTED_EDGE('',*,*,#4525,.T.);
#4862 = ORIENTED_EDGE('',*,*,#4583,.F.);
#4863 = ORIENTED_EDGE('',*,*,#4864,.F.);
#4864 = EDGE_CURVE('',#4608,#4584,#4865,.T.);
#4865 = LINE('',#4866,#4867);
#4866 = CARTESIAN_POINT('',(0.15,0.75,0.));
#4867 = VECTOR('',#4868,1.);
#4868 = DIRECTION('',(0.,-1.,0.));
#4869 = ORIENTED_EDGE('',*,*,#4615,.F.);
#4870 = ORIENTED_EDGE('',*,*,#4871,.F.);
#4871 = EDGE_CURVE('',#4568,#4616,#4872,.T.);
#4872 = LINE('',#4873,#4874);
#4873 = CARTESIAN_POINT('',(0.15,0.75,0.));
#4874 = VECTOR('',#4875,1.);
#4875 = DIRECTION('',(0.,-1.,0.));
#4876 = ORIENTED_EDGE('',*,*,#4565,.F.);
#4877 = ORIENTED_EDGE('',*,*,#4741,.F.);
#4878 = ORIENTED_EDGE('',*,*,#4791,.F.);
#4879 = ORIENTED_EDGE('',*,*,#4766,.F.);
#4880 = ORIENTED_EDGE('',*,*,#4671,.F.);
#4881 = ORIENTED_EDGE('',*,*,#4882,.F.);
#4882 = EDGE_CURVE('',#4696,#4672,#4883,.T.);
#4883 = LINE('',#4884,#4885);
#4884 = CARTESIAN_POINT('',(6.15,-5.25,0.));
#4885 = VECTOR('',#4886,1.);
#4886 = DIRECTION('',(0.,1.,0.));
#4887 = ORIENTED_EDGE('',*,*,#4703,.F.);
#4888 = ORIENTED_EDGE('',*,*,#4889,.F.);
#4889 = EDGE_CURVE('',#4654,#4704,#4890,.T.);
#4890 = LINE('',#4891,#4892);
#4891 = CARTESIAN_POINT('',(6.15,-5.25,0.));
#4892 = VECTOR('',#4893,1.);
#4893 = DIRECTION('',(0.,1.,0.));
#4894 = ORIENTED_EDGE('',*,*,#4653,.F.);
#4895 = ORIENTED_EDGE('',*,*,#4540,.F.);
#4896 = PLANE('',#4897);
#4897 = AXIS2_PLACEMENT_3D('',#4898,#4899,#4900);
#4898 = CARTESIAN_POINT('',(0.15,-5.25,0.));
#4899 = DIRECTION('',(0.,0.,-1.));
#4900 = DIRECTION('',(-1.,0.,0.));
#4901 = ADVANCED_FACE('',(#4902),#5046,.F.);
#4902 = FACE_BOUND('',#4903,.F.);
#4903 = EDGE_LOOP('',(#4904,#4914,#4923,#4931,#4940,#4948,#4956,#4964,
    #4973,#4981,#4990,#4998,#5007,#5013,#5014,#5022,#5031,#5039));
#4904 = ORIENTED_EDGE('',*,*,#4905,.T.);
#4905 = EDGE_CURVE('',#4906,#4908,#4910,.T.);
#4906 = VERTEX_POINT('',#4907);
#4907 = CARTESIAN_POINT('',(-0.162230377286,0.35,-0.540767924286));
#4908 = VERTEX_POINT('',#4909);
#4909 = CARTESIAN_POINT('',(-0.425000733956,0.35,-1.416669113186));
#4910 = LINE('',#4911,#4912);
#4911 = CARTESIAN_POINT('',(-0.15,0.35,-0.5));
#4912 = VECTOR('',#4913,1.);
#4913 = DIRECTION('',(-0.287347885566,5.31700397722E-16,-0.957826285221)
  );
#4914 = ORIENTED_EDGE('',*,*,#4915,.T.);
#4915 = EDGE_CURVE('',#4908,#4916,#4918,.T.);
#4916 = VERTEX_POINT('',#4917);
#4917 = CARTESIAN_POINT('',(-0.425000733956,0.35,-1.583330886814));
#4918 = CIRCLE('',#4919,0.29);
#4919 = AXIS2_PLACEMENT_3D('',#4920,#4921,#4922);
#4920 = CARTESIAN_POINT('',(-0.147231111242,0.35,-1.5));
#4921 = DIRECTION('',(0.,-1.,-3.330669073875E-16));
#4922 = DIRECTION('',(0.,-3.330669073875E-16,1.));
#4923 = ORIENTED_EDGE('',*,*,#4924,.T.);
#4924 = EDGE_CURVE('',#4916,#4925,#4927,.T.);
#4925 = VERTEX_POINT('',#4926);
#4926 = CARTESIAN_POINT('',(-0.162230377286,0.35,-2.459232075714));
#4927 = LINE('',#4928,#4929);
#4928 = CARTESIAN_POINT('',(-0.45,0.35,-1.5));
#4929 = VECTOR('',#4930,1.);
#4930 = DIRECTION('',(0.287347885566,5.31700397722E-16,-0.957826285221)
  );
#4931 = ORIENTED_EDGE('',*,*,#4932,.F.);
#4932 = EDGE_CURVE('',#4933,#4925,#4935,.T.);
#4933 = VERTEX_POINT('',#4934);
#4934 = CARTESIAN_POINT('',(-0.15,0.35,-2.542562962528));
#4935 = CIRCLE('',#4936,0.29);
#4936 = AXIS2_PLACEMENT_3D('',#4937,#4938,#4939);
#4937 = CARTESIAN_POINT('',(-0.44,0.35,-2.542562962528));
#4938 = DIRECTION('',(0.,-1.,-3.330669073875E-16));
#4939 = DIRECTION('',(0.,-3.330669073875E-16,1.));
#4940 = ORIENTED_EDGE('',*,*,#4941,.F.);
#4941 = EDGE_CURVE('',#4942,#4933,#4944,.T.);
#4942 = VERTEX_POINT('',#4943);
#4943 = CARTESIAN_POINT('',(-0.15,0.35,-3.5));
#4944 = LINE('',#4945,#4946);
#4945 = CARTESIAN_POINT('',(-0.15,0.35,-3.5));
#4946 = VECTOR('',#4947,1.);
#4947 = DIRECTION('',(0.,-5.551115123126E-16,1.));
#4948 = ORIENTED_EDGE('',*,*,#4949,.F.);
#4949 = EDGE_CURVE('',#4950,#4942,#4952,.T.);
#4950 = VERTEX_POINT('',#4951);
#4951 = CARTESIAN_POINT('',(0.15,0.35,-3.5));
#4952 = LINE('',#4953,#4954);
#4953 = CARTESIAN_POINT('',(0.15,0.35,-3.5));
#4954 = VECTOR('',#4955,1.);
#4955 = DIRECTION('',(-1.,-0.,0.));
#4956 = ORIENTED_EDGE('',*,*,#4957,.F.);
#4957 = EDGE_CURVE('',#4958,#4950,#4960,.T.);
#4958 = VERTEX_POINT('',#4959);
#4959 = CARTESIAN_POINT('',(0.15,0.35,-2.542562962528));
#4960 = LINE('',#4961,#4962);
#4961 = CARTESIAN_POINT('',(0.15,0.35,-2.5));
#4962 = VECTOR('',#4963,1.);
#4963 = DIRECTION('',(0.,5.551115123126E-16,-1.));
#4964 = ORIENTED_EDGE('',*,*,#4965,.F.);
#4965 = EDGE_CURVE('',#4966,#4958,#4968,.T.);
#4966 = VERTEX_POINT('',#4967);
#4967 = CARTESIAN_POINT('',(0.137769622714,0.35,-2.459232075714));
#4968 = CIRCLE('',#4969,0.29);
#4969 = AXIS2_PLACEMENT_3D('',#4970,#4971,#4972);
#4970 = CARTESIAN_POINT('',(-0.14,0.35,-2.542562962528));
#4971 = DIRECTION('',(-0.,1.,3.330669073875E-16));
#4972 = DIRECTION('',(0.,-3.330669073875E-16,1.));
#4973 = ORIENTED_EDGE('',*,*,#4974,.T.);
#4974 = EDGE_CURVE('',#4966,#4975,#4977,.T.);
#4975 = VERTEX_POINT('',#4976);
#4976 = CARTESIAN_POINT('',(-0.125000733956,0.35,-1.583330886814));
#4977 = LINE('',#4978,#4979);
#4978 = CARTESIAN_POINT('',(0.15,0.35,-2.5));
#4979 = VECTOR('',#4980,1.);
#4980 = DIRECTION('',(-0.287347885566,-5.31700397722E-16,0.957826285221)
  );
#4981 = ORIENTED_EDGE('',*,*,#4982,.F.);
#4982 = EDGE_CURVE('',#4983,#4975,#4985,.T.);
#4983 = VERTEX_POINT('',#4984);
#4984 = CARTESIAN_POINT('',(-0.125000733956,0.35,-1.416669113186));
#4985 = CIRCLE('',#4986,0.29);
#4986 = AXIS2_PLACEMENT_3D('',#4987,#4988,#4989);
#4987 = CARTESIAN_POINT('',(0.152768888758,0.35,-1.5));
#4988 = DIRECTION('',(0.,-1.,-3.330669073875E-16));
#4989 = DIRECTION('',(0.,-3.330669073875E-16,1.));
#4990 = ORIENTED_EDGE('',*,*,#4991,.T.);
#4991 = EDGE_CURVE('',#4983,#4992,#4994,.T.);
#4992 = VERTEX_POINT('',#4993);
#4993 = CARTESIAN_POINT('',(0.137769622714,0.35,-0.540767924286));
#4994 = LINE('',#4995,#4996);
#4995 = CARTESIAN_POINT('',(-0.15,0.35,-1.5));
#4996 = VECTOR('',#4997,1.);
#4997 = DIRECTION('',(0.287347885566,-5.31700397722E-16,0.957826285221)
  );
#4998 = ORIENTED_EDGE('',*,*,#4999,.F.);
#4999 = EDGE_CURVE('',#5000,#4992,#5002,.T.);
#5000 = VERTEX_POINT('',#5001);
#5001 = CARTESIAN_POINT('',(0.15,0.35,-0.457437037472));
#5002 = CIRCLE('',#5003,0.29);
#5003 = AXIS2_PLACEMENT_3D('',#5004,#5005,#5006);
#5004 = CARTESIAN_POINT('',(-0.14,0.35,-0.457437037472));
#5005 = DIRECTION('',(-0.,1.,3.330669073875E-16));
#5006 = DIRECTION('',(0.,-3.330669073875E-16,1.));
#5007 = ORIENTED_EDGE('',*,*,#5008,.F.);
#5008 = EDGE_CURVE('',#4568,#5000,#5009,.T.);
#5009 = LINE('',#5010,#5011);
#5010 = CARTESIAN_POINT('',(0.15,0.35,1.5));
#5011 = VECTOR('',#5012,1.);
#5012 = DIRECTION('',(0.,5.551115123126E-16,-1.));
#5013 = ORIENTED_EDGE('',*,*,#4639,.F.);
#5014 = ORIENTED_EDGE('',*,*,#5015,.F.);
#5015 = EDGE_CURVE('',#5016,#4632,#5018,.T.);
#5016 = VERTEX_POINT('',#5017);
#5017 = CARTESIAN_POINT('',(0.14,0.35,1.5));
#5018 = LINE('',#5019,#5020);
#5019 = CARTESIAN_POINT('',(-0.15,0.35,1.5));
#5020 = VECTOR('',#5021,1.);
#5021 = DIRECTION('',(1.,0.,0.));
#5022 = ORIENTED_EDGE('',*,*,#5023,.F.);
#5023 = EDGE_CURVE('',#5024,#5016,#5026,.T.);
#5024 = VERTEX_POINT('',#5025);
#5025 = CARTESIAN_POINT('',(-0.15,0.35,1.21));
#5026 = CIRCLE('',#5027,0.29);
#5027 = AXIS2_PLACEMENT_3D('',#5028,#5029,#5030);
#5028 = CARTESIAN_POINT('',(0.14,0.35,1.21));
#5029 = DIRECTION('',(-0.,1.,3.330669073875E-16));
#5030 = DIRECTION('',(0.,-3.330669073875E-16,1.));
#5031 = ORIENTED_EDGE('',*,*,#5032,.F.);
#5032 = EDGE_CURVE('',#5033,#5024,#5035,.T.);
#5033 = VERTEX_POINT('',#5034);
#5034 = CARTESIAN_POINT('',(-0.15,0.35,-0.457437037472));
#5035 = LINE('',#5036,#5037);
#5036 = CARTESIAN_POINT('',(-0.15,0.35,-0.5));
#5037 = VECTOR('',#5038,1.);
#5038 = DIRECTION('',(0.,-5.551115123126E-16,1.));
#5039 = ORIENTED_EDGE('',*,*,#5040,.F.);
#5040 = EDGE_CURVE('',#4906,#5033,#5041,.T.);
#5041 = CIRCLE('',#5042,0.29);
#5042 = AXIS2_PLACEMENT_3D('',#5043,#5044,#5045);
#5043 = CARTESIAN_POINT('',(-0.44,0.35,-0.457437037472));
#5044 = DIRECTION('',(0.,-1.,-3.330669073875E-16));
#5045 = DIRECTION('',(0.,-3.330669073875E-16,1.));
#5046 = PLANE('',#5047);
#5047 = AXIS2_PLACEMENT_3D('',#5048,#5049,#5050);
#5048 = CARTESIAN_POINT('',(-0.15,0.35,-0.5));
#5049 = DIRECTION('',(1.64346021921E-31,-1.,-5.551115123126E-16));
#5050 = DIRECTION('',(0.,5.551115123126E-16,-1.));
#5051 = ADVANCED_FACE('',(#5052),#5070,.F.);
#5052 = FACE_BOUND('',#5053,.F.);
#5053 = EDGE_LOOP('',(#5054,#5062,#5068,#5069));
#5054 = ORIENTED_EDGE('',*,*,#5055,.F.);
#5055 = EDGE_CURVE('',#5056,#4624,#5058,.T.);
#5056 = VERTEX_POINT('',#5057);
#5057 = CARTESIAN_POINT('',(0.14,-0.35,1.5));
#5058 = LINE('',#5059,#5060);
#5059 = CARTESIAN_POINT('',(-0.15,-0.35,1.5));
#5060 = VECTOR('',#5061,1.);
#5061 = DIRECTION('',(1.,0.,0.));
#5062 = ORIENTED_EDGE('',*,*,#5063,.T.);
#5063 = EDGE_CURVE('',#5056,#5016,#5064,.T.);
#5064 = LINE('',#5065,#5066);
#5065 = CARTESIAN_POINT('',(0.14,-0.35,1.5));
#5066 = VECTOR('',#5067,1.);
#5067 = DIRECTION('',(0.,1.,3.330669073875E-16));
#5068 = ORIENTED_EDGE('',*,*,#5015,.T.);
#5069 = ORIENTED_EDGE('',*,*,#4631,.F.);
#5070 = PLANE('',#5071);
#5071 = AXIS2_PLACEMENT_3D('',#5072,#5073,#5074);
#5072 = CARTESIAN_POINT('',(-0.15,-0.35,1.5));
#5073 = DIRECTION('',(0.,3.330669073875E-16,-1.));
#5074 = DIRECTION('',(1.,0.,0.));
#5075 = ADVANCED_FACE('',(#5076),#5213,.T.);
#5076 = FACE_BOUND('',#5077,.T.);
#5077 = EDGE_LOOP('',(#5078,#5088,#5097,#5105,#5114,#5122,#5130,#5138,
    #5147,#5155,#5164,#5172,#5181,#5187,#5188,#5189,#5198,#5206));
#5078 = ORIENTED_EDGE('',*,*,#5079,.T.);
#5079 = EDGE_CURVE('',#5080,#5082,#5084,.T.);
#5080 = VERTEX_POINT('',#5081);
#5081 = CARTESIAN_POINT('',(-0.162230377286,-0.35,-0.540767924286));
#5082 = VERTEX_POINT('',#5083);
#5083 = CARTESIAN_POINT('',(-0.425000733956,-0.35,-1.416669113186));
#5084 = LINE('',#5085,#5086);
#5085 = CARTESIAN_POINT('',(-0.15,-0.35,-0.5));
#5086 = VECTOR('',#5087,1.);
#5087 = DIRECTION('',(-0.287347885566,5.31700397722E-16,-0.957826285221)
  );
#5088 = ORIENTED_EDGE('',*,*,#5089,.T.);
#5089 = EDGE_CURVE('',#5082,#5090,#5092,.T.);
#5090 = VERTEX_POINT('',#5091);
#5091 = CARTESIAN_POINT('',(-0.425000733956,-0.35,-1.583330886814));
#5092 = CIRCLE('',#5093,0.29);
#5093 = AXIS2_PLACEMENT_3D('',#5094,#5095,#5096);
#5094 = CARTESIAN_POINT('',(-0.147231111242,-0.35,-1.5));
#5095 = DIRECTION('',(0.,-1.,-3.330669073875E-16));
#5096 = DIRECTION('',(0.,-3.330669073875E-16,1.));
#5097 = ORIENTED_EDGE('',*,*,#5098,.T.);
#5098 = EDGE_CURVE('',#5090,#5099,#5101,.T.);
#5099 = VERTEX_POINT('',#5100);
#5100 = CARTESIAN_POINT('',(-0.162230377286,-0.35,-2.459232075714));
#5101 = LINE('',#5102,#5103);
#5102 = CARTESIAN_POINT('',(-0.45,-0.35,-1.5));
#5103 = VECTOR('',#5104,1.);
#5104 = DIRECTION('',(0.287347885566,5.31700397722E-16,-0.957826285221)
  );
#5105 = ORIENTED_EDGE('',*,*,#5106,.F.);
#5106 = EDGE_CURVE('',#5107,#5099,#5109,.T.);
#5107 = VERTEX_POINT('',#5108);
#5108 = CARTESIAN_POINT('',(-0.15,-0.35,-2.542562962528));
#5109 = CIRCLE('',#5110,0.29);
#5110 = AXIS2_PLACEMENT_3D('',#5111,#5112,#5113);
#5111 = CARTESIAN_POINT('',(-0.44,-0.35,-2.542562962528));
#5112 = DIRECTION('',(0.,-1.,-3.330669073875E-16));
#5113 = DIRECTION('',(0.,-3.330669073875E-16,1.));
#5114 = ORIENTED_EDGE('',*,*,#5115,.F.);
#5115 = EDGE_CURVE('',#5116,#5107,#5118,.T.);
#5116 = VERTEX_POINT('',#5117);
#5117 = CARTESIAN_POINT('',(-0.15,-0.35,-3.5));
#5118 = LINE('',#5119,#5120);
#5119 = CARTESIAN_POINT('',(-0.15,-0.35,-3.5));
#5120 = VECTOR('',#5121,1.);
#5121 = DIRECTION('',(0.,-5.551115123126E-16,1.));
#5122 = ORIENTED_EDGE('',*,*,#5123,.F.);
#5123 = EDGE_CURVE('',#5124,#5116,#5126,.T.);
#5124 = VERTEX_POINT('',#5125);
#5125 = CARTESIAN_POINT('',(0.15,-0.35,-3.5));
#5126 = LINE('',#5127,#5128);
#5127 = CARTESIAN_POINT('',(0.15,-0.35,-3.5));
#5128 = VECTOR('',#5129,1.);
#5129 = DIRECTION('',(-1.,-0.,0.));
#5130 = ORIENTED_EDGE('',*,*,#5131,.F.);
#5131 = EDGE_CURVE('',#5132,#5124,#5134,.T.);
#5132 = VERTEX_POINT('',#5133);
#5133 = CARTESIAN_POINT('',(0.15,-0.35,-2.542562962528));
#5134 = LINE('',#5135,#5136);
#5135 = CARTESIAN_POINT('',(0.15,-0.35,-2.5));
#5136 = VECTOR('',#5137,1.);
#5137 = DIRECTION('',(0.,5.551115123126E-16,-1.));
#5138 = ORIENTED_EDGE('',*,*,#5139,.F.);
#5139 = EDGE_CURVE('',#5140,#5132,#5142,.T.);
#5140 = VERTEX_POINT('',#5141);
#5141 = CARTESIAN_POINT('',(0.137769622714,-0.35,-2.459232075714));
#5142 = CIRCLE('',#5143,0.29);
#5143 = AXIS2_PLACEMENT_3D('',#5144,#5145,#5146);
#5144 = CARTESIAN_POINT('',(-0.14,-0.35,-2.542562962528));
#5145 = DIRECTION('',(-0.,1.,3.330669073875E-16));
#5146 = DIRECTION('',(0.,-3.330669073875E-16,1.));
#5147 = ORIENTED_EDGE('',*,*,#5148,.T.);
#5148 = EDGE_CURVE('',#5140,#5149,#5151,.T.);
#5149 = VERTEX_POINT('',#5150);
#5150 = CARTESIAN_POINT('',(-0.125000733956,-0.35,-1.583330886814));
#5151 = LINE('',#5152,#5153);
#5152 = CARTESIAN_POINT('',(0.15,-0.35,-2.5));
#5153 = VECTOR('',#5154,1.);
#5154 = DIRECTION('',(-0.287347885566,-5.31700397722E-16,0.957826285221)
  );
#5155 = ORIENTED_EDGE('',*,*,#5156,.F.);
#5156 = EDGE_CURVE('',#5157,#5149,#5159,.T.);
#5157 = VERTEX_POINT('',#5158);
#5158 = CARTESIAN_POINT('',(-0.125000733956,-0.35,-1.416669113186));
#5159 = CIRCLE('',#5160,0.29);
#5160 = AXIS2_PLACEMENT_3D('',#5161,#5162,#5163);
#5161 = CARTESIAN_POINT('',(0.152768888758,-0.35,-1.5));
#5162 = DIRECTION('',(0.,-1.,-3.330669073875E-16));
#5163 = DIRECTION('',(0.,-3.330669073875E-16,1.));
#5164 = ORIENTED_EDGE('',*,*,#5165,.T.);
#5165 = EDGE_CURVE('',#5157,#5166,#5168,.T.);
#5166 = VERTEX_POINT('',#5167);
#5167 = CARTESIAN_POINT('',(0.137769622714,-0.35,-0.540767924286));
#5168 = LINE('',#5169,#5170);
#5169 = CARTESIAN_POINT('',(-0.15,-0.35,-1.5));
#5170 = VECTOR('',#5171,1.);
#5171 = DIRECTION('',(0.287347885566,-5.31700397722E-16,0.957826285221)
  );
#5172 = ORIENTED_EDGE('',*,*,#5173,.F.);
#5173 = EDGE_CURVE('',#5174,#5166,#5176,.T.);
#5174 = VERTEX_POINT('',#5175);
#5175 = CARTESIAN_POINT('',(0.15,-0.35,-0.457437037472));
#5176 = CIRCLE('',#5177,0.29);
#5177 = AXIS2_PLACEMENT_3D('',#5178,#5179,#5180);
#5178 = CARTESIAN_POINT('',(-0.14,-0.35,-0.457437037472));
#5179 = DIRECTION('',(-0.,1.,3.330669073875E-16));
#5180 = DIRECTION('',(0.,-3.330669073875E-16,1.));
#5181 = ORIENTED_EDGE('',*,*,#5182,.F.);
#5182 = EDGE_CURVE('',#4616,#5174,#5183,.T.);
#5183 = LINE('',#5184,#5185);
#5184 = CARTESIAN_POINT('',(0.15,-0.35,1.5));
#5185 = VECTOR('',#5186,1.);
#5186 = DIRECTION('',(0.,5.551115123126E-16,-1.));
#5187 = ORIENTED_EDGE('',*,*,#4623,.F.);
#5188 = ORIENTED_EDGE('',*,*,#5055,.F.);
#5189 = ORIENTED_EDGE('',*,*,#5190,.F.);
#5190 = EDGE_CURVE('',#5191,#5056,#5193,.T.);
#5191 = VERTEX_POINT('',#5192);
#5192 = CARTESIAN_POINT('',(-0.15,-0.35,1.21));
#5193 = CIRCLE('',#5194,0.29);
#5194 = AXIS2_PLACEMENT_3D('',#5195,#5196,#5197);
#5195 = CARTESIAN_POINT('',(0.14,-0.35,1.21));
#5196 = DIRECTION('',(-0.,1.,3.330669073875E-16));
#5197 = DIRECTION('',(0.,-3.330669073875E-16,1.));
#5198 = ORIENTED_EDGE('',*,*,#5199,.F.);
#5199 = EDGE_CURVE('',#5200,#5191,#5202,.T.);
#5200 = VERTEX_POINT('',#5201);
#5201 = CARTESIAN_POINT('',(-0.15,-0.35,-0.457437037472));
#5202 = LINE('',#5203,#5204);
#5203 = CARTESIAN_POINT('',(-0.15,-0.35,-0.5));
#5204 = VECTOR('',#5205,1.);
#5205 = DIRECTION('',(0.,-5.551115123126E-16,1.));
#5206 = ORIENTED_EDGE('',*,*,#5207,.F.);
#5207 = EDGE_CURVE('',#5080,#5200,#5208,.T.);
#5208 = CIRCLE('',#5209,0.29);
#5209 = AXIS2_PLACEMENT_3D('',#5210,#5211,#5212);
#5210 = CARTESIAN_POINT('',(-0.44,-0.35,-0.457437037472));
#5211 = DIRECTION('',(0.,-1.,-3.330669073875E-16));
#5212 = DIRECTION('',(0.,-3.330669073875E-16,1.));
#5213 = PLANE('',#5214);
#5214 = AXIS2_PLACEMENT_3D('',#5215,#5216,#5217);
#5215 = CARTESIAN_POINT('',(-0.15,-0.35,-0.5));
#5216 = DIRECTION('',(1.64346021921E-31,-1.,-5.551115123126E-16));
#5217 = DIRECTION('',(0.,5.551115123126E-16,-1.));
#5218 = ADVANCED_FACE('',(#5219),#5363,.T.);
#5219 = FACE_BOUND('',#5220,.T.);
#5220 = EDGE_LOOP('',(#5221,#5231,#5240,#5248,#5257,#5265,#5273,#5281,
    #5290,#5298,#5307,#5315,#5324,#5330,#5331,#5339,#5348,#5356));
#5221 = ORIENTED_EDGE('',*,*,#5222,.T.);
#5222 = EDGE_CURVE('',#5223,#5225,#5227,.T.);
#5223 = VERTEX_POINT('',#5224);
#5224 = CARTESIAN_POINT('',(-0.162230377286,-4.85,-0.540767924286));
#5225 = VERTEX_POINT('',#5226);
#5226 = CARTESIAN_POINT('',(-0.425000733956,-4.85,-1.416669113186));
#5227 = LINE('',#5228,#5229);
#5228 = CARTESIAN_POINT('',(-0.15,-4.85,-0.5));
#5229 = VECTOR('',#5230,1.);
#5230 = DIRECTION('',(-0.287347885566,5.31700397722E-16,-0.957826285221)
  );
#5231 = ORIENTED_EDGE('',*,*,#5232,.T.);
#5232 = EDGE_CURVE('',#5225,#5233,#5235,.T.);
#5233 = VERTEX_POINT('',#5234);
#5234 = CARTESIAN_POINT('',(-0.425000733956,-4.85,-1.583330886814));
#5235 = CIRCLE('',#5236,0.29);
#5236 = AXIS2_PLACEMENT_3D('',#5237,#5238,#5239);
#5237 = CARTESIAN_POINT('',(-0.147231111242,-4.85,-1.5));
#5238 = DIRECTION('',(0.,-1.,-3.330669073875E-16));
#5239 = DIRECTION('',(0.,-3.330669073875E-16,1.));
#5240 = ORIENTED_EDGE('',*,*,#5241,.T.);
#5241 = EDGE_CURVE('',#5233,#5242,#5244,.T.);
#5242 = VERTEX_POINT('',#5243);
#5243 = CARTESIAN_POINT('',(-0.162230377286,-4.85,-2.459232075714));
#5244 = LINE('',#5245,#5246);
#5245 = CARTESIAN_POINT('',(-0.45,-4.85,-1.5));
#5246 = VECTOR('',#5247,1.);
#5247 = DIRECTION('',(0.287347885566,5.31700397722E-16,-0.957826285221)
  );
#5248 = ORIENTED_EDGE('',*,*,#5249,.F.);
#5249 = EDGE_CURVE('',#5250,#5242,#5252,.T.);
#5250 = VERTEX_POINT('',#5251);
#5251 = CARTESIAN_POINT('',(-0.15,-4.85,-2.542562962528));
#5252 = CIRCLE('',#5253,0.29);
#5253 = AXIS2_PLACEMENT_3D('',#5254,#5255,#5256);
#5254 = CARTESIAN_POINT('',(-0.44,-4.85,-2.542562962528));
#5255 = DIRECTION('',(0.,-1.,-3.330669073875E-16));
#5256 = DIRECTION('',(0.,-3.330669073875E-16,1.));
#5257 = ORIENTED_EDGE('',*,*,#5258,.F.);
#5258 = EDGE_CURVE('',#5259,#5250,#5261,.T.);
#5259 = VERTEX_POINT('',#5260);
#5260 = CARTESIAN_POINT('',(-0.15,-4.85,-3.5));
#5261 = LINE('',#5262,#5263);
#5262 = CARTESIAN_POINT('',(-0.15,-4.85,-3.5));
#5263 = VECTOR('',#5264,1.);
#5264 = DIRECTION('',(0.,-5.551115123126E-16,1.));
#5265 = ORIENTED_EDGE('',*,*,#5266,.F.);
#5266 = EDGE_CURVE('',#5267,#5259,#5269,.T.);
#5267 = VERTEX_POINT('',#5268);
#5268 = CARTESIAN_POINT('',(0.15,-4.85,-3.5));
#5269 = LINE('',#5270,#5271);
#5270 = CARTESIAN_POINT('',(0.15,-4.85,-3.5));
#5271 = VECTOR('',#5272,1.);
#5272 = DIRECTION('',(-1.,-0.,0.));
#5273 = ORIENTED_EDGE('',*,*,#5274,.F.);
#5274 = EDGE_CURVE('',#5275,#5267,#5277,.T.);
#5275 = VERTEX_POINT('',#5276);
#5276 = CARTESIAN_POINT('',(0.15,-4.85,-2.542562962528));
#5277 = LINE('',#5278,#5279);
#5278 = CARTESIAN_POINT('',(0.15,-4.85,-2.5));
#5279 = VECTOR('',#5280,1.);
#5280 = DIRECTION('',(0.,5.551115123126E-16,-1.));
#5281 = ORIENTED_EDGE('',*,*,#5282,.F.);
#5282 = EDGE_CURVE('',#5283,#5275,#5285,.T.);
#5283 = VERTEX_POINT('',#5284);
#5284 = CARTESIAN_POINT('',(0.137769622714,-4.85,-2.459232075714));
#5285 = CIRCLE('',#5286,0.29);
#5286 = AXIS2_PLACEMENT_3D('',#5287,#5288,#5289);
#5287 = CARTESIAN_POINT('',(-0.14,-4.85,-2.542562962528));
#5288 = DIRECTION('',(-0.,1.,3.330669073875E-16));
#5289 = DIRECTION('',(0.,-3.330669073875E-16,1.));
#5290 = ORIENTED_EDGE('',*,*,#5291,.T.);
#5291 = EDGE_CURVE('',#5283,#5292,#5294,.T.);
#5292 = VERTEX_POINT('',#5293);
#5293 = CARTESIAN_POINT('',(-0.125000733956,-4.85,-1.583330886814));
#5294 = LINE('',#5295,#5296);
#5295 = CARTESIAN_POINT('',(0.15,-4.85,-2.5));
#5296 = VECTOR('',#5297,1.);
#5297 = DIRECTION('',(-0.287347885566,-5.31700397722E-16,0.957826285221)
  );
#5298 = ORIENTED_EDGE('',*,*,#5299,.F.);
#5299 = EDGE_CURVE('',#5300,#5292,#5302,.T.);
#5300 = VERTEX_POINT('',#5301);
#5301 = CARTESIAN_POINT('',(-0.125000733956,-4.85,-1.416669113186));
#5302 = CIRCLE('',#5303,0.29);
#5303 = AXIS2_PLACEMENT_3D('',#5304,#5305,#5306);
#5304 = CARTESIAN_POINT('',(0.152768888758,-4.85,-1.5));
#5305 = DIRECTION('',(0.,-1.,-3.330669073875E-16));
#5306 = DIRECTION('',(0.,-3.330669073875E-16,1.));
#5307 = ORIENTED_EDGE('',*,*,#5308,.T.);
#5308 = EDGE_CURVE('',#5300,#5309,#5311,.T.);
#5309 = VERTEX_POINT('',#5310);
#5310 = CARTESIAN_POINT('',(0.137769622714,-4.85,-0.540767924286));
#5311 = LINE('',#5312,#5313);
#5312 = CARTESIAN_POINT('',(-0.15,-4.85,-1.5));
#5313 = VECTOR('',#5314,1.);
#5314 = DIRECTION('',(0.287347885566,-5.31700397722E-16,0.957826285221)
  );
#5315 = ORIENTED_EDGE('',*,*,#5316,.F.);
#5316 = EDGE_CURVE('',#5317,#5309,#5319,.T.);
#5317 = VERTEX_POINT('',#5318);
#5318 = CARTESIAN_POINT('',(0.15,-4.85,-0.457437037472));
#5319 = CIRCLE('',#5320,0.29);
#5320 = AXIS2_PLACEMENT_3D('',#5321,#5322,#5323);
#5321 = CARTESIAN_POINT('',(-0.14,-4.85,-0.457437037472));
#5322 = DIRECTION('',(-0.,1.,3.330669073875E-16));
#5323 = DIRECTION('',(0.,-3.330669073875E-16,1.));
#5324 = ORIENTED_EDGE('',*,*,#5325,.F.);
#5325 = EDGE_CURVE('',#4584,#5317,#5326,.T.);
#5326 = LINE('',#5327,#5328);
#5327 = CARTESIAN_POINT('',(0.15,-4.85,1.5));
#5328 = VECTOR('',#5329,1.);
#5329 = DIRECTION('',(0.,5.551115123126E-16,-1.));
#5330 = ORIENTED_EDGE('',*,*,#4591,.F.);
#5331 = ORIENTED_EDGE('',*,*,#5332,.F.);
#5332 = EDGE_CURVE('',#5333,#4592,#5335,.T.);
#5333 = VERTEX_POINT('',#5334);
#5334 = CARTESIAN_POINT('',(0.14,-4.85,1.5));
#5335 = LINE('',#5336,#5337);
#5336 = CARTESIAN_POINT('',(-0.15,-4.85,1.5));
#5337 = VECTOR('',#5338,1.);
#5338 = DIRECTION('',(1.,0.,0.));
#5339 = ORIENTED_EDGE('',*,*,#5340,.F.);
#5340 = EDGE_CURVE('',#5341,#5333,#5343,.T.);
#5341 = VERTEX_POINT('',#5342);
#5342 = CARTESIAN_POINT('',(-0.15,-4.85,1.21));
#5343 = CIRCLE('',#5344,0.29);
#5344 = AXIS2_PLACEMENT_3D('',#5345,#5346,#5347);
#5345 = CARTESIAN_POINT('',(0.14,-4.85,1.21));
#5346 = DIRECTION('',(-0.,1.,3.330669073875E-16));
#5347 = DIRECTION('',(0.,-3.330669073875E-16,1.));
#5348 = ORIENTED_EDGE('',*,*,#5349,.F.);
#5349 = EDGE_CURVE('',#5350,#5341,#5352,.T.);
#5350 = VERTEX_POINT('',#5351);
#5351 = CARTESIAN_POINT('',(-0.15,-4.85,-0.457437037472));
#5352 = LINE('',#5353,#5354);
#5353 = CARTESIAN_POINT('',(-0.15,-4.85,-0.5));
#5354 = VECTOR('',#5355,1.);
#5355 = DIRECTION('',(0.,-5.551115123126E-16,1.));
#5356 = ORIENTED_EDGE('',*,*,#5357,.F.);
#5357 = EDGE_CURVE('',#5223,#5350,#5358,.T.);
#5358 = CIRCLE('',#5359,0.29);
#5359 = AXIS2_PLACEMENT_3D('',#5360,#5361,#5362);
#5360 = CARTESIAN_POINT('',(-0.44,-4.85,-0.457437037472));
#5361 = DIRECTION('',(0.,-1.,-3.330669073875E-16));
#5362 = DIRECTION('',(0.,-3.330669073875E-16,1.));
#5363 = PLANE('',#5364);
#5364 = AXIS2_PLACEMENT_3D('',#5365,#5366,#5367);
#5365 = CARTESIAN_POINT('',(-0.15,-4.85,-0.5));
#5366 = DIRECTION('',(0.,-1.,-3.330669073875E-16));
#5367 = DIRECTION('',(0.,3.330669073875E-16,-1.));
#5368 = ADVANCED_FACE('',(#5369),#5513,.F.);
#5369 = FACE_BOUND('',#5370,.F.);
#5370 = EDGE_LOOP('',(#5371,#5381,#5390,#5398,#5407,#5415,#5423,#5431,
    #5440,#5448,#5457,#5465,#5474,#5480,#5481,#5489,#5498,#5506));
#5371 = ORIENTED_EDGE('',*,*,#5372,.T.);
#5372 = EDGE_CURVE('',#5373,#5375,#5377,.T.);
#5373 = VERTEX_POINT('',#5374);
#5374 = CARTESIAN_POINT('',(-0.162230377286,-4.15,-0.540767924286));
#5375 = VERTEX_POINT('',#5376);
#5376 = CARTESIAN_POINT('',(-0.425000733956,-4.15,-1.416669113186));
#5377 = LINE('',#5378,#5379);
#5378 = CARTESIAN_POINT('',(-0.15,-4.15,-0.5));
#5379 = VECTOR('',#5380,1.);
#5380 = DIRECTION('',(-0.287347885566,5.31700397722E-16,-0.957826285221)
  );
#5381 = ORIENTED_EDGE('',*,*,#5382,.T.);
#5382 = EDGE_CURVE('',#5375,#5383,#5385,.T.);
#5383 = VERTEX_POINT('',#5384);
#5384 = CARTESIAN_POINT('',(-0.425000733956,-4.15,-1.583330886814));
#5385 = CIRCLE('',#5386,0.29);
#5386 = AXIS2_PLACEMENT_3D('',#5387,#5388,#5389);
#5387 = CARTESIAN_POINT('',(-0.147231111242,-4.15,-1.5));
#5388 = DIRECTION('',(0.,-1.,-3.330669073875E-16));
#5389 = DIRECTION('',(0.,-3.330669073875E-16,1.));
#5390 = ORIENTED_EDGE('',*,*,#5391,.T.);
#5391 = EDGE_CURVE('',#5383,#5392,#5394,.T.);
#5392 = VERTEX_POINT('',#5393);
#5393 = CARTESIAN_POINT('',(-0.162230377286,-4.15,-2.459232075714));
#5394 = LINE('',#5395,#5396);
#5395 = CARTESIAN_POINT('',(-0.45,-4.15,-1.5));
#5396 = VECTOR('',#5397,1.);
#5397 = DIRECTION('',(0.287347885566,5.31700397722E-16,-0.957826285221)
  );
#5398 = ORIENTED_EDGE('',*,*,#5399,.F.);
#5399 = EDGE_CURVE('',#5400,#5392,#5402,.T.);
#5400 = VERTEX_POINT('',#5401);
#5401 = CARTESIAN_POINT('',(-0.15,-4.15,-2.542562962528));
#5402 = CIRCLE('',#5403,0.29);
#5403 = AXIS2_PLACEMENT_3D('',#5404,#5405,#5406);
#5404 = CARTESIAN_POINT('',(-0.44,-4.15,-2.542562962528));
#5405 = DIRECTION('',(0.,-1.,-3.330669073875E-16));
#5406 = DIRECTION('',(0.,-3.330669073875E-16,1.));
#5407 = ORIENTED_EDGE('',*,*,#5408,.F.);
#5408 = EDGE_CURVE('',#5409,#5400,#5411,.T.);
#5409 = VERTEX_POINT('',#5410);
#5410 = CARTESIAN_POINT('',(-0.15,-4.15,-3.5));
#5411 = LINE('',#5412,#5413);
#5412 = CARTESIAN_POINT('',(-0.15,-4.15,-3.5));
#5413 = VECTOR('',#5414,1.);
#5414 = DIRECTION('',(0.,-5.551115123126E-16,1.));
#5415 = ORIENTED_EDGE('',*,*,#5416,.F.);
#5416 = EDGE_CURVE('',#5417,#5409,#5419,.T.);
#5417 = VERTEX_POINT('',#5418);
#5418 = CARTESIAN_POINT('',(0.15,-4.15,-3.5));
#5419 = LINE('',#5420,#5421);
#5420 = CARTESIAN_POINT('',(0.15,-4.15,-3.5));
#5421 = VECTOR('',#5422,1.);
#5422 = DIRECTION('',(-1.,-0.,0.));
#5423 = ORIENTED_EDGE('',*,*,#5424,.F.);
#5424 = EDGE_CURVE('',#5425,#5417,#5427,.T.);
#5425 = VERTEX_POINT('',#5426);
#5426 = CARTESIAN_POINT('',(0.15,-4.15,-2.542562962528));
#5427 = LINE('',#5428,#5429);
#5428 = CARTESIAN_POINT('',(0.15,-4.15,-2.5));
#5429 = VECTOR('',#5430,1.);
#5430 = DIRECTION('',(0.,5.551115123126E-16,-1.));
#5431 = ORIENTED_EDGE('',*,*,#5432,.F.);
#5432 = EDGE_CURVE('',#5433,#5425,#5435,.T.);
#5433 = VERTEX_POINT('',#5434);
#5434 = CARTESIAN_POINT('',(0.137769622714,-4.15,-2.459232075714));
#5435 = CIRCLE('',#5436,0.29);
#5436 = AXIS2_PLACEMENT_3D('',#5437,#5438,#5439);
#5437 = CARTESIAN_POINT('',(-0.14,-4.15,-2.542562962528));
#5438 = DIRECTION('',(-0.,1.,3.330669073875E-16));
#5439 = DIRECTION('',(0.,-3.330669073875E-16,1.));
#5440 = ORIENTED_EDGE('',*,*,#5441,.T.);
#5441 = EDGE_CURVE('',#5433,#5442,#5444,.T.);
#5442 = VERTEX_POINT('',#5443);
#5443 = CARTESIAN_POINT('',(-0.125000733956,-4.15,-1.583330886814));
#5444 = LINE('',#5445,#5446);
#5445 = CARTESIAN_POINT('',(0.15,-4.15,-2.5));
#5446 = VECTOR('',#5447,1.);
#5447 = DIRECTION('',(-0.287347885566,-5.31700397722E-16,0.957826285221)
  );
#5448 = ORIENTED_EDGE('',*,*,#5449,.F.);
#5449 = EDGE_CURVE('',#5450,#5442,#5452,.T.);
#5450 = VERTEX_POINT('',#5451);
#5451 = CARTESIAN_POINT('',(-0.125000733956,-4.15,-1.416669113186));
#5452 = CIRCLE('',#5453,0.29);
#5453 = AXIS2_PLACEMENT_3D('',#5454,#5455,#5456);
#5454 = CARTESIAN_POINT('',(0.152768888758,-4.15,-1.5));
#5455 = DIRECTION('',(0.,-1.,-3.330669073875E-16));
#5456 = DIRECTION('',(0.,-3.330669073875E-16,1.));
#5457 = ORIENTED_EDGE('',*,*,#5458,.T.);
#5458 = EDGE_CURVE('',#5450,#5459,#5461,.T.);
#5459 = VERTEX_POINT('',#5460);
#5460 = CARTESIAN_POINT('',(0.137769622714,-4.15,-0.540767924286));
#5461 = LINE('',#5462,#5463);
#5462 = CARTESIAN_POINT('',(-0.15,-4.15,-1.5));
#5463 = VECTOR('',#5464,1.);
#5464 = DIRECTION('',(0.287347885566,-5.31700397722E-16,0.957826285221)
  );
#5465 = ORIENTED_EDGE('',*,*,#5466,.F.);
#5466 = EDGE_CURVE('',#5467,#5459,#5469,.T.);
#5467 = VERTEX_POINT('',#5468);
#5468 = CARTESIAN_POINT('',(0.15,-4.15,-0.457437037472));
#5469 = CIRCLE('',#5470,0.29);
#5470 = AXIS2_PLACEMENT_3D('',#5471,#5472,#5473);
#5471 = CARTESIAN_POINT('',(-0.14,-4.15,-0.457437037472));
#5472 = DIRECTION('',(-0.,1.,3.330669073875E-16));
#5473 = DIRECTION('',(0.,-3.330669073875E-16,1.));
#5474 = ORIENTED_EDGE('',*,*,#5475,.F.);
#5475 = EDGE_CURVE('',#4608,#5467,#5476,.T.);
#5476 = LINE('',#5477,#5478);
#5477 = CARTESIAN_POINT('',(0.15,-4.15,1.5));
#5478 = VECTOR('',#5479,1.);
#5479 = DIRECTION('',(0.,5.551115123126E-16,-1.));
#5480 = ORIENTED_EDGE('',*,*,#4607,.F.);
#5481 = ORIENTED_EDGE('',*,*,#5482,.F.);
#5482 = EDGE_CURVE('',#5483,#4600,#5485,.T.);
#5483 = VERTEX_POINT('',#5484);
#5484 = CARTESIAN_POINT('',(0.14,-4.15,1.5));
#5485 = LINE('',#5486,#5487);
#5486 = CARTESIAN_POINT('',(-0.15,-4.15,1.5));
#5487 = VECTOR('',#5488,1.);
#5488 = DIRECTION('',(1.,0.,0.));
#5489 = ORIENTED_EDGE('',*,*,#5490,.F.);
#5490 = EDGE_CURVE('',#5491,#5483,#5493,.T.);
#5491 = VERTEX_POINT('',#5492);
#5492 = CARTESIAN_POINT('',(-0.15,-4.15,1.21));
#5493 = CIRCLE('',#5494,0.29);
#5494 = AXIS2_PLACEMENT_3D('',#5495,#5496,#5497);
#5495 = CARTESIAN_POINT('',(0.14,-4.15,1.21));
#5496 = DIRECTION('',(-0.,1.,3.330669073875E-16));
#5497 = DIRECTION('',(0.,-3.330669073875E-16,1.));
#5498 = ORIENTED_EDGE('',*,*,#5499,.F.);
#5499 = EDGE_CURVE('',#5500,#5491,#5502,.T.);
#5500 = VERTEX_POINT('',#5501);
#5501 = CARTESIAN_POINT('',(-0.15,-4.15,-0.457437037472));
#5502 = LINE('',#5503,#5504);
#5503 = CARTESIAN_POINT('',(-0.15,-4.15,-0.5));
#5504 = VECTOR('',#5505,1.);
#5505 = DIRECTION('',(0.,-5.551115123126E-16,1.));
#5506 = ORIENTED_EDGE('',*,*,#5507,.F.);
#5507 = EDGE_CURVE('',#5373,#5500,#5508,.T.);
#5508 = CIRCLE('',#5509,0.29);
#5509 = AXIS2_PLACEMENT_3D('',#5510,#5511,#5512);
#5510 = CARTESIAN_POINT('',(-0.44,-4.15,-0.457437037472));
#5511 = DIRECTION('',(0.,-1.,-3.330669073875E-16));
#5512 = DIRECTION('',(0.,-3.330669073875E-16,1.));
#5513 = PLANE('',#5514);
#5514 = AXIS2_PLACEMENT_3D('',#5515,#5516,#5517);
#5515 = CARTESIAN_POINT('',(-0.15,-4.15,-0.5));
#5516 = DIRECTION('',(0.,-1.,-3.330669073875E-16));
#5517 = DIRECTION('',(0.,3.330669073875E-16,-1.));
#5518 = ADVANCED_FACE('',(#5519),#5530,.F.);
#5519 = FACE_BOUND('',#5520,.F.);
#5520 = EDGE_LOOP('',(#5521,#5522,#5528,#5529));
#5521 = ORIENTED_EDGE('',*,*,#5332,.F.);
#5522 = ORIENTED_EDGE('',*,*,#5523,.T.);
#5523 = EDGE_CURVE('',#5333,#5483,#5524,.T.);
#5524 = LINE('',#5525,#5526);
#5525 = CARTESIAN_POINT('',(0.14,-4.85,1.5));
#5526 = VECTOR('',#5527,1.);
#5527 = DIRECTION('',(0.,1.,3.330669073875E-16));
#5528 = ORIENTED_EDGE('',*,*,#5482,.T.);
#5529 = ORIENTED_EDGE('',*,*,#4599,.F.);
#5530 = PLANE('',#5531);
#5531 = AXIS2_PLACEMENT_3D('',#5532,#5533,#5534);
#5532 = CARTESIAN_POINT('',(-0.15,-4.85,1.5));
#5533 = DIRECTION('',(0.,3.330669073875E-16,-1.));
#5534 = DIRECTION('',(1.,0.,0.));
#5535 = ADVANCED_FACE('',(#5536),#5680,.F.);
#5536 = FACE_BOUND('',#5537,.F.);
#5537 = EDGE_LOOP('',(#5538,#5548,#5557,#5565,#5574,#5582,#5590,#5598,
    #5607,#5615,#5624,#5632,#5641,#5647,#5648,#5656,#5665,#5673));
#5538 = ORIENTED_EDGE('',*,*,#5539,.T.);
#5539 = EDGE_CURVE('',#5540,#5542,#5544,.T.);
#5540 = VERTEX_POINT('',#5541);
#5541 = CARTESIAN_POINT('',(6.462230377286,-4.85,-0.540767924286));
#5542 = VERTEX_POINT('',#5543);
#5543 = CARTESIAN_POINT('',(6.725000733956,-4.85,-1.416669113186));
#5544 = LINE('',#5545,#5546);
#5545 = CARTESIAN_POINT('',(6.45,-4.85,-0.5));
#5546 = VECTOR('',#5547,1.);
#5547 = DIRECTION('',(0.287347885566,5.31700397722E-16,-0.957826285221)
  );
#5548 = ORIENTED_EDGE('',*,*,#5549,.T.);
#5549 = EDGE_CURVE('',#5542,#5550,#5552,.T.);
#5550 = VERTEX_POINT('',#5551);
#5551 = CARTESIAN_POINT('',(6.725000733956,-4.85,-1.583330886814));
#5552 = CIRCLE('',#5553,0.29);
#5553 = AXIS2_PLACEMENT_3D('',#5554,#5555,#5556);
#5554 = CARTESIAN_POINT('',(6.447231111242,-4.85,-1.5));
#5555 = DIRECTION('',(-0.,1.,3.330669073875E-16));
#5556 = DIRECTION('',(0.,-3.330669073875E-16,1.));
#5557 = ORIENTED_EDGE('',*,*,#5558,.T.);
#5558 = EDGE_CURVE('',#5550,#5559,#5561,.T.);
#5559 = VERTEX_POINT('',#5560);
#5560 = CARTESIAN_POINT('',(6.462230377286,-4.85,-2.459232075714));
#5561 = LINE('',#5562,#5563);
#5562 = CARTESIAN_POINT('',(6.75,-4.85,-1.5));
#5563 = VECTOR('',#5564,1.);
#5564 = DIRECTION('',(-0.287347885566,5.31700397722E-16,-0.957826285221)
  );
#5565 = ORIENTED_EDGE('',*,*,#5566,.F.);
#5566 = EDGE_CURVE('',#5567,#5559,#5569,.T.);
#5567 = VERTEX_POINT('',#5568);
#5568 = CARTESIAN_POINT('',(6.45,-4.85,-2.542562962528));
#5569 = CIRCLE('',#5570,0.29);
#5570 = AXIS2_PLACEMENT_3D('',#5571,#5572,#5573);
#5571 = CARTESIAN_POINT('',(6.74,-4.85,-2.542562962528));
#5572 = DIRECTION('',(-0.,1.,3.330669073875E-16));
#5573 = DIRECTION('',(0.,-3.330669073875E-16,1.));
#5574 = ORIENTED_EDGE('',*,*,#5575,.F.);
#5575 = EDGE_CURVE('',#5576,#5567,#5578,.T.);
#5576 = VERTEX_POINT('',#5577);
#5577 = CARTESIAN_POINT('',(6.45,-4.85,-3.5));
#5578 = LINE('',#5579,#5580);
#5579 = CARTESIAN_POINT('',(6.45,-4.85,-3.5));
#5580 = VECTOR('',#5581,1.);
#5581 = DIRECTION('',(0.,-5.551115123126E-16,1.));
#5582 = ORIENTED_EDGE('',*,*,#5583,.F.);
#5583 = EDGE_CURVE('',#5584,#5576,#5586,.T.);
#5584 = VERTEX_POINT('',#5585);
#5585 = CARTESIAN_POINT('',(6.15,-4.85,-3.5));
#5586 = LINE('',#5587,#5588);
#5587 = CARTESIAN_POINT('',(6.15,-4.85,-3.5));
#5588 = VECTOR('',#5589,1.);
#5589 = DIRECTION('',(1.,0.,0.));
#5590 = ORIENTED_EDGE('',*,*,#5591,.F.);
#5591 = EDGE_CURVE('',#5592,#5584,#5594,.T.);
#5592 = VERTEX_POINT('',#5593);
#5593 = CARTESIAN_POINT('',(6.15,-4.85,-2.542562962528));
#5594 = LINE('',#5595,#5596);
#5595 = CARTESIAN_POINT('',(6.15,-4.85,-2.5));
#5596 = VECTOR('',#5597,1.);
#5597 = DIRECTION('',(0.,5.551115123126E-16,-1.));
#5598 = ORIENTED_EDGE('',*,*,#5599,.F.);
#5599 = EDGE_CURVE('',#5600,#5592,#5602,.T.);
#5600 = VERTEX_POINT('',#5601);
#5601 = CARTESIAN_POINT('',(6.162230377286,-4.85,-2.459232075714));
#5602 = CIRCLE('',#5603,0.29);
#5603 = AXIS2_PLACEMENT_3D('',#5604,#5605,#5606);
#5604 = CARTESIAN_POINT('',(6.44,-4.85,-2.542562962528));
#5605 = DIRECTION('',(0.,-1.,-3.330669073875E-16));
#5606 = DIRECTION('',(0.,-3.330669073875E-16,1.));
#5607 = ORIENTED_EDGE('',*,*,#5608,.T.);
#5608 = EDGE_CURVE('',#5600,#5609,#5611,.T.);
#5609 = VERTEX_POINT('',#5610);
#5610 = CARTESIAN_POINT('',(6.425000733956,-4.85,-1.583330886814));
#5611 = LINE('',#5612,#5613);
#5612 = CARTESIAN_POINT('',(6.15,-4.85,-2.5));
#5613 = VECTOR('',#5614,1.);
#5614 = DIRECTION('',(0.287347885566,-5.31700397722E-16,0.957826285221)
  );
#5615 = ORIENTED_EDGE('',*,*,#5616,.F.);
#5616 = EDGE_CURVE('',#5617,#5609,#5619,.T.);
#5617 = VERTEX_POINT('',#5618);
#5618 = CARTESIAN_POINT('',(6.425000733956,-4.85,-1.416669113186));
#5619 = CIRCLE('',#5620,0.29);
#5620 = AXIS2_PLACEMENT_3D('',#5621,#5622,#5623);
#5621 = CARTESIAN_POINT('',(6.147231111242,-4.85,-1.5));
#5622 = DIRECTION('',(-0.,1.,3.330669073875E-16));
#5623 = DIRECTION('',(0.,-3.330669073875E-16,1.));
#5624 = ORIENTED_EDGE('',*,*,#5625,.T.);
#5625 = EDGE_CURVE('',#5617,#5626,#5628,.T.);
#5626 = VERTEX_POINT('',#5627);
#5627 = CARTESIAN_POINT('',(6.162230377286,-4.85,-0.540767924286));
#5628 = LINE('',#5629,#5630);
#5629 = CARTESIAN_POINT('',(6.45,-4.85,-1.5));
#5630 = VECTOR('',#5631,1.);
#5631 = DIRECTION('',(-0.287347885566,-5.31700397722E-16,0.957826285221)
  );
#5632 = ORIENTED_EDGE('',*,*,#5633,.F.);
#5633 = EDGE_CURVE('',#5634,#5626,#5636,.T.);
#5634 = VERTEX_POINT('',#5635);
#5635 = CARTESIAN_POINT('',(6.15,-4.85,-0.457437037472));
#5636 = CIRCLE('',#5637,0.29);
#5637 = AXIS2_PLACEMENT_3D('',#5638,#5639,#5640);
#5638 = CARTESIAN_POINT('',(6.44,-4.85,-0.457437037472));
#5639 = DIRECTION('',(0.,-1.,-3.330669073875E-16));
#5640 = DIRECTION('',(0.,-3.330669073875E-16,1.));
#5641 = ORIENTED_EDGE('',*,*,#5642,.F.);
#5642 = EDGE_CURVE('',#4654,#5634,#5643,.T.);
#5643 = LINE('',#5644,#5645);
#5644 = CARTESIAN_POINT('',(6.15,-4.85,1.5));
#5645 = VECTOR('',#5646,1.);
#5646 = DIRECTION('',(0.,5.551115123126E-16,-1.));
#5647 = ORIENTED_EDGE('',*,*,#4727,.F.);
#5648 = ORIENTED_EDGE('',*,*,#5649,.F.);
#5649 = EDGE_CURVE('',#5650,#4720,#5652,.T.);
#5650 = VERTEX_POINT('',#5651);
#5651 = CARTESIAN_POINT('',(6.16,-4.85,1.5));
#5652 = LINE('',#5653,#5654);
#5653 = CARTESIAN_POINT('',(6.45,-4.85,1.5));
#5654 = VECTOR('',#5655,1.);
#5655 = DIRECTION('',(-1.,-0.,0.));
#5656 = ORIENTED_EDGE('',*,*,#5657,.F.);
#5657 = EDGE_CURVE('',#5658,#5650,#5660,.T.);
#5658 = VERTEX_POINT('',#5659);
#5659 = CARTESIAN_POINT('',(6.45,-4.85,1.21));
#5660 = CIRCLE('',#5661,0.29);
#5661 = AXIS2_PLACEMENT_3D('',#5662,#5663,#5664);
#5662 = CARTESIAN_POINT('',(6.16,-4.85,1.21));
#5663 = DIRECTION('',(0.,-1.,-3.330669073875E-16));
#5664 = DIRECTION('',(0.,-3.330669073875E-16,1.));
#5665 = ORIENTED_EDGE('',*,*,#5666,.F.);
#5666 = EDGE_CURVE('',#5667,#5658,#5669,.T.);
#5667 = VERTEX_POINT('',#5668);
#5668 = CARTESIAN_POINT('',(6.45,-4.85,-0.457437037472));
#5669 = LINE('',#5670,#5671);
#5670 = CARTESIAN_POINT('',(6.45,-4.85,-0.5));
#5671 = VECTOR('',#5672,1.);
#5672 = DIRECTION('',(0.,-5.551115123126E-16,1.));
#5673 = ORIENTED_EDGE('',*,*,#5674,.F.);
#5674 = EDGE_CURVE('',#5540,#5667,#5675,.T.);
#5675 = CIRCLE('',#5676,0.29);
#5676 = AXIS2_PLACEMENT_3D('',#5677,#5678,#5679);
#5677 = CARTESIAN_POINT('',(6.74,-4.85,-0.457437037472));
#5678 = DIRECTION('',(-0.,1.,3.330669073875E-16));
#5679 = DIRECTION('',(0.,-3.330669073875E-16,1.));
#5680 = PLANE('',#5681);
#5681 = AXIS2_PLACEMENT_3D('',#5682,#5683,#5684);
#5682 = CARTESIAN_POINT('',(6.45,-4.85,-0.5));
#5683 = DIRECTION('',(0.,1.,3.330669073875E-16));
#5684 = DIRECTION('',(0.,-3.330669073875E-16,1.));
#5685 = ADVANCED_FACE('',(#5686),#5704,.T.);
#5686 = FACE_BOUND('',#5687,.T.);
#5687 = EDGE_LOOP('',(#5688,#5689,#5697,#5703));
#5688 = ORIENTED_EDGE('',*,*,#5649,.F.);
#5689 = ORIENTED_EDGE('',*,*,#5690,.T.);
#5690 = EDGE_CURVE('',#5650,#5691,#5693,.T.);
#5691 = VERTEX_POINT('',#5692);
#5692 = CARTESIAN_POINT('',(6.16,-4.15,1.5));
#5693 = LINE('',#5694,#5695);
#5694 = CARTESIAN_POINT('',(6.16,-4.85,1.5));
#5695 = VECTOR('',#5696,1.);
#5696 = DIRECTION('',(0.,1.,3.330669073875E-16));
#5697 = ORIENTED_EDGE('',*,*,#5698,.T.);
#5698 = EDGE_CURVE('',#5691,#4712,#5699,.T.);
#5699 = LINE('',#5700,#5701);
#5700 = CARTESIAN_POINT('',(6.45,-4.15,1.5));
#5701 = VECTOR('',#5702,1.);
#5702 = DIRECTION('',(-1.,-0.,0.));
#5703 = ORIENTED_EDGE('',*,*,#4719,.F.);
#5704 = PLANE('',#5705);
#5705 = AXIS2_PLACEMENT_3D('',#5706,#5707,#5708);
#5706 = CARTESIAN_POINT('',(6.45,-4.85,1.5));
#5707 = DIRECTION('',(0.,-3.330669073875E-16,1.));
#5708 = DIRECTION('',(-1.,0.,0.));
#5709 = ADVANCED_FACE('',(#5710),#5847,.T.);
#5710 = FACE_BOUND('',#5711,.T.);
#5711 = EDGE_LOOP('',(#5712,#5722,#5731,#5739,#5748,#5756,#5764,#5772,
    #5781,#5789,#5798,#5806,#5815,#5821,#5822,#5823,#5832,#5840));
#5712 = ORIENTED_EDGE('',*,*,#5713,.T.);
#5713 = EDGE_CURVE('',#5714,#5716,#5718,.T.);
#5714 = VERTEX_POINT('',#5715);
#5715 = CARTESIAN_POINT('',(6.462230377286,-4.15,-0.540767924286));
#5716 = VERTEX_POINT('',#5717);
#5717 = CARTESIAN_POINT('',(6.725000733956,-4.15,-1.416669113186));
#5718 = LINE('',#5719,#5720);
#5719 = CARTESIAN_POINT('',(6.45,-4.15,-0.5));
#5720 = VECTOR('',#5721,1.);
#5721 = DIRECTION('',(0.287347885566,5.31700397722E-16,-0.957826285221)
  );
#5722 = ORIENTED_EDGE('',*,*,#5723,.T.);
#5723 = EDGE_CURVE('',#5716,#5724,#5726,.T.);
#5724 = VERTEX_POINT('',#5725);
#5725 = CARTESIAN_POINT('',(6.725000733956,-4.15,-1.583330886814));
#5726 = CIRCLE('',#5727,0.29);
#5727 = AXIS2_PLACEMENT_3D('',#5728,#5729,#5730);
#5728 = CARTESIAN_POINT('',(6.447231111242,-4.15,-1.5));
#5729 = DIRECTION('',(-0.,1.,3.330669073875E-16));
#5730 = DIRECTION('',(0.,-3.330669073875E-16,1.));
#5731 = ORIENTED_EDGE('',*,*,#5732,.T.);
#5732 = EDGE_CURVE('',#5724,#5733,#5735,.T.);
#5733 = VERTEX_POINT('',#5734);
#5734 = CARTESIAN_POINT('',(6.462230377286,-4.15,-2.459232075714));
#5735 = LINE('',#5736,#5737);
#5736 = CARTESIAN_POINT('',(6.75,-4.15,-1.5));
#5737 = VECTOR('',#5738,1.);
#5738 = DIRECTION('',(-0.287347885566,5.31700397722E-16,-0.957826285221)
  );
#5739 = ORIENTED_EDGE('',*,*,#5740,.F.);
#5740 = EDGE_CURVE('',#5741,#5733,#5743,.T.);
#5741 = VERTEX_POINT('',#5742);
#5742 = CARTESIAN_POINT('',(6.45,-4.15,-2.542562962528));
#5743 = CIRCLE('',#5744,0.29);
#5744 = AXIS2_PLACEMENT_3D('',#5745,#5746,#5747);
#5745 = CARTESIAN_POINT('',(6.74,-4.15,-2.542562962528));
#5746 = DIRECTION('',(-0.,1.,3.330669073875E-16));
#5747 = DIRECTION('',(0.,-3.330669073875E-16,1.));
#5748 = ORIENTED_EDGE('',*,*,#5749,.F.);
#5749 = EDGE_CURVE('',#5750,#5741,#5752,.T.);
#5750 = VERTEX_POINT('',#5751);
#5751 = CARTESIAN_POINT('',(6.45,-4.15,-3.5));
#5752 = LINE('',#5753,#5754);
#5753 = CARTESIAN_POINT('',(6.45,-4.15,-3.5));
#5754 = VECTOR('',#5755,1.);
#5755 = DIRECTION('',(0.,-5.551115123126E-16,1.));
#5756 = ORIENTED_EDGE('',*,*,#5757,.F.);
#5757 = EDGE_CURVE('',#5758,#5750,#5760,.T.);
#5758 = VERTEX_POINT('',#5759);
#5759 = CARTESIAN_POINT('',(6.15,-4.15,-3.5));
#5760 = LINE('',#5761,#5762);
#5761 = CARTESIAN_POINT('',(6.15,-4.15,-3.5));
#5762 = VECTOR('',#5763,1.);
#5763 = DIRECTION('',(1.,0.,0.));
#5764 = ORIENTED_EDGE('',*,*,#5765,.F.);
#5765 = EDGE_CURVE('',#5766,#5758,#5768,.T.);
#5766 = VERTEX_POINT('',#5767);
#5767 = CARTESIAN_POINT('',(6.15,-4.15,-2.542562962528));
#5768 = LINE('',#5769,#5770);
#5769 = CARTESIAN_POINT('',(6.15,-4.15,-2.5));
#5770 = VECTOR('',#5771,1.);
#5771 = DIRECTION('',(0.,5.551115123126E-16,-1.));
#5772 = ORIENTED_EDGE('',*,*,#5773,.F.);
#5773 = EDGE_CURVE('',#5774,#5766,#5776,.T.);
#5774 = VERTEX_POINT('',#5775);
#5775 = CARTESIAN_POINT('',(6.162230377286,-4.15,-2.459232075714));
#5776 = CIRCLE('',#5777,0.29);
#5777 = AXIS2_PLACEMENT_3D('',#5778,#5779,#5780);
#5778 = CARTESIAN_POINT('',(6.44,-4.15,-2.542562962528));
#5779 = DIRECTION('',(0.,-1.,-3.330669073875E-16));
#5780 = DIRECTION('',(0.,-3.330669073875E-16,1.));
#5781 = ORIENTED_EDGE('',*,*,#5782,.T.);
#5782 = EDGE_CURVE('',#5774,#5783,#5785,.T.);
#5783 = VERTEX_POINT('',#5784);
#5784 = CARTESIAN_POINT('',(6.425000733956,-4.15,-1.583330886814));
#5785 = LINE('',#5786,#5787);
#5786 = CARTESIAN_POINT('',(6.15,-4.15,-2.5));
#5787 = VECTOR('',#5788,1.);
#5788 = DIRECTION('',(0.287347885566,-5.31700397722E-16,0.957826285221)
  );
#5789 = ORIENTED_EDGE('',*,*,#5790,.F.);
#5790 = EDGE_CURVE('',#5791,#5783,#5793,.T.);
#5791 = VERTEX_POINT('',#5792);
#5792 = CARTESIAN_POINT('',(6.425000733956,-4.15,-1.416669113186));
#5793 = CIRCLE('',#5794,0.29);
#5794 = AXIS2_PLACEMENT_3D('',#5795,#5796,#5797);
#5795 = CARTESIAN_POINT('',(6.147231111242,-4.15,-1.5));
#5796 = DIRECTION('',(-0.,1.,3.330669073875E-16));
#5797 = DIRECTION('',(0.,-3.330669073875E-16,1.));
#5798 = ORIENTED_EDGE('',*,*,#5799,.T.);
#5799 = EDGE_CURVE('',#5791,#5800,#5802,.T.);
#5800 = VERTEX_POINT('',#5801);
#5801 = CARTESIAN_POINT('',(6.162230377286,-4.15,-0.540767924286));
#5802 = LINE('',#5803,#5804);
#5803 = CARTESIAN_POINT('',(6.45,-4.15,-1.5));
#5804 = VECTOR('',#5805,1.);
#5805 = DIRECTION('',(-0.287347885566,-5.31700397722E-16,0.957826285221)
  );
#5806 = ORIENTED_EDGE('',*,*,#5807,.F.);
#5807 = EDGE_CURVE('',#5808,#5800,#5810,.T.);
#5808 = VERTEX_POINT('',#5809);
#5809 = CARTESIAN_POINT('',(6.15,-4.15,-0.457437037472));
#5810 = CIRCLE('',#5811,0.29);
#5811 = AXIS2_PLACEMENT_3D('',#5812,#5813,#5814);
#5812 = CARTESIAN_POINT('',(6.44,-4.15,-0.457437037472));
#5813 = DIRECTION('',(0.,-1.,-3.330669073875E-16));
#5814 = DIRECTION('',(0.,-3.330669073875E-16,1.));
#5815 = ORIENTED_EDGE('',*,*,#5816,.F.);
#5816 = EDGE_CURVE('',#4704,#5808,#5817,.T.);
#5817 = LINE('',#5818,#5819);
#5818 = CARTESIAN_POINT('',(6.15,-4.15,1.5));
#5819 = VECTOR('',#5820,1.);
#5820 = DIRECTION('',(0.,5.551115123126E-16,-1.));
#5821 = ORIENTED_EDGE('',*,*,#4711,.F.);
#5822 = ORIENTED_EDGE('',*,*,#5698,.F.);
#5823 = ORIENTED_EDGE('',*,*,#5824,.F.);
#5824 = EDGE_CURVE('',#5825,#5691,#5827,.T.);
#5825 = VERTEX_POINT('',#5826);
#5826 = CARTESIAN_POINT('',(6.45,-4.15,1.21));
#5827 = CIRCLE('',#5828,0.29);
#5828 = AXIS2_PLACEMENT_3D('',#5829,#5830,#5831);
#5829 = CARTESIAN_POINT('',(6.16,-4.15,1.21));
#5830 = DIRECTION('',(0.,-1.,-3.330669073875E-16));
#5831 = DIRECTION('',(0.,-3.330669073875E-16,1.));
#5832 = ORIENTED_EDGE('',*,*,#5833,.F.);
#5833 = EDGE_CURVE('',#5834,#5825,#5836,.T.);
#5834 = VERTEX_POINT('',#5835);
#5835 = CARTESIAN_POINT('',(6.45,-4.15,-0.457437037472));
#5836 = LINE('',#5837,#5838);
#5837 = CARTESIAN_POINT('',(6.45,-4.15,-0.5));
#5838 = VECTOR('',#5839,1.);
#5839 = DIRECTION('',(0.,-5.551115123126E-16,1.));
#5840 = ORIENTED_EDGE('',*,*,#5841,.F.);
#5841 = EDGE_CURVE('',#5714,#5834,#5842,.T.);
#5842 = CIRCLE('',#5843,0.29);
#5843 = AXIS2_PLACEMENT_3D('',#5844,#5845,#5846);
#5844 = CARTESIAN_POINT('',(6.74,-4.15,-0.457437037472));
#5845 = DIRECTION('',(-0.,1.,3.330669073875E-16));
#5846 = DIRECTION('',(0.,-3.330669073875E-16,1.));
#5847 = PLANE('',#5848);
#5848 = AXIS2_PLACEMENT_3D('',#5849,#5850,#5851);
#5849 = CARTESIAN_POINT('',(6.45,-4.15,-0.5));
#5850 = DIRECTION('',(0.,1.,3.330669073875E-16));
#5851 = DIRECTION('',(0.,-3.330669073875E-16,1.));
#5852 = ADVANCED_FACE('',(#5853),#5997,.T.);
#5853 = FACE_BOUND('',#5854,.T.);
#5854 = EDGE_LOOP('',(#5855,#5865,#5874,#5882,#5891,#5899,#5907,#5915,
    #5924,#5932,#5941,#5949,#5958,#5964,#5965,#5973,#5982,#5990));
#5855 = ORIENTED_EDGE('',*,*,#5856,.T.);
#5856 = EDGE_CURVE('',#5857,#5859,#5861,.T.);
#5857 = VERTEX_POINT('',#5858);
#5858 = CARTESIAN_POINT('',(6.462230377286,0.35,-0.540767924286));
#5859 = VERTEX_POINT('',#5860);
#5860 = CARTESIAN_POINT('',(6.725000733956,0.35,-1.416669113186));
#5861 = LINE('',#5862,#5863);
#5862 = CARTESIAN_POINT('',(6.45,0.35,-0.5));
#5863 = VECTOR('',#5864,1.);
#5864 = DIRECTION('',(0.287347885566,5.31700397722E-16,-0.957826285221)
  );
#5865 = ORIENTED_EDGE('',*,*,#5866,.T.);
#5866 = EDGE_CURVE('',#5859,#5867,#5869,.T.);
#5867 = VERTEX_POINT('',#5868);
#5868 = CARTESIAN_POINT('',(6.725000733956,0.35,-1.583330886814));
#5869 = CIRCLE('',#5870,0.29);
#5870 = AXIS2_PLACEMENT_3D('',#5871,#5872,#5873);
#5871 = CARTESIAN_POINT('',(6.447231111242,0.35,-1.5));
#5872 = DIRECTION('',(-0.,1.,3.330669073875E-16));
#5873 = DIRECTION('',(0.,-3.330669073875E-16,1.));
#5874 = ORIENTED_EDGE('',*,*,#5875,.T.);
#5875 = EDGE_CURVE('',#5867,#5876,#5878,.T.);
#5876 = VERTEX_POINT('',#5877);
#5877 = CARTESIAN_POINT('',(6.462230377286,0.35,-2.459232075714));
#5878 = LINE('',#5879,#5880);
#5879 = CARTESIAN_POINT('',(6.75,0.35,-1.5));
#5880 = VECTOR('',#5881,1.);
#5881 = DIRECTION('',(-0.287347885566,5.31700397722E-16,-0.957826285221)
  );
#5882 = ORIENTED_EDGE('',*,*,#5883,.F.);
#5883 = EDGE_CURVE('',#5884,#5876,#5886,.T.);
#5884 = VERTEX_POINT('',#5885);
#5885 = CARTESIAN_POINT('',(6.45,0.35,-2.542562962528));
#5886 = CIRCLE('',#5887,0.29);
#5887 = AXIS2_PLACEMENT_3D('',#5888,#5889,#5890);
#5888 = CARTESIAN_POINT('',(6.74,0.35,-2.542562962528));
#5889 = DIRECTION('',(-0.,1.,3.330669073875E-16));
#5890 = DIRECTION('',(0.,-3.330669073875E-16,1.));
#5891 = ORIENTED_EDGE('',*,*,#5892,.F.);
#5892 = EDGE_CURVE('',#5893,#5884,#5895,.T.);
#5893 = VERTEX_POINT('',#5894);
#5894 = CARTESIAN_POINT('',(6.45,0.35,-3.5));
#5895 = LINE('',#5896,#5897);
#5896 = CARTESIAN_POINT('',(6.45,0.35,-3.5));
#5897 = VECTOR('',#5898,1.);
#5898 = DIRECTION('',(0.,-5.551115123126E-16,1.));
#5899 = ORIENTED_EDGE('',*,*,#5900,.F.);
#5900 = EDGE_CURVE('',#5901,#5893,#5903,.T.);
#5901 = VERTEX_POINT('',#5902);
#5902 = CARTESIAN_POINT('',(6.15,0.35,-3.5));
#5903 = LINE('',#5904,#5905);
#5904 = CARTESIAN_POINT('',(6.15,0.35,-3.5));
#5905 = VECTOR('',#5906,1.);
#5906 = DIRECTION('',(1.,0.,0.));
#5907 = ORIENTED_EDGE('',*,*,#5908,.F.);
#5908 = EDGE_CURVE('',#5909,#5901,#5911,.T.);
#5909 = VERTEX_POINT('',#5910);
#5910 = CARTESIAN_POINT('',(6.15,0.35,-2.542562962528));
#5911 = LINE('',#5912,#5913);
#5912 = CARTESIAN_POINT('',(6.15,0.35,-2.5));
#5913 = VECTOR('',#5914,1.);
#5914 = DIRECTION('',(0.,5.551115123126E-16,-1.));
#5915 = ORIENTED_EDGE('',*,*,#5916,.F.);
#5916 = EDGE_CURVE('',#5917,#5909,#5919,.T.);
#5917 = VERTEX_POINT('',#5918);
#5918 = CARTESIAN_POINT('',(6.162230377286,0.35,-2.459232075714));
#5919 = CIRCLE('',#5920,0.29);
#5920 = AXIS2_PLACEMENT_3D('',#5921,#5922,#5923);
#5921 = CARTESIAN_POINT('',(6.44,0.35,-2.542562962528));
#5922 = DIRECTION('',(0.,-1.,-3.330669073875E-16));
#5923 = DIRECTION('',(0.,-3.330669073875E-16,1.));
#5924 = ORIENTED_EDGE('',*,*,#5925,.T.);
#5925 = EDGE_CURVE('',#5917,#5926,#5928,.T.);
#5926 = VERTEX_POINT('',#5927);
#5927 = CARTESIAN_POINT('',(6.425000733956,0.35,-1.583330886814));
#5928 = LINE('',#5929,#5930);
#5929 = CARTESIAN_POINT('',(6.15,0.35,-2.5));
#5930 = VECTOR('',#5931,1.);
#5931 = DIRECTION('',(0.287347885566,-5.31700397722E-16,0.957826285221)
  );
#5932 = ORIENTED_EDGE('',*,*,#5933,.F.);
#5933 = EDGE_CURVE('',#5934,#5926,#5936,.T.);
#5934 = VERTEX_POINT('',#5935);
#5935 = CARTESIAN_POINT('',(6.425000733956,0.35,-1.416669113186));
#5936 = CIRCLE('',#5937,0.29);
#5937 = AXIS2_PLACEMENT_3D('',#5938,#5939,#5940);
#5938 = CARTESIAN_POINT('',(6.147231111242,0.35,-1.5));
#5939 = DIRECTION('',(-0.,1.,3.330669073875E-16));
#5940 = DIRECTION('',(0.,-3.330669073875E-16,1.));
#5941 = ORIENTED_EDGE('',*,*,#5942,.T.);
#5942 = EDGE_CURVE('',#5934,#5943,#5945,.T.);
#5943 = VERTEX_POINT('',#5944);
#5944 = CARTESIAN_POINT('',(6.162230377286,0.35,-0.540767924286));
#5945 = LINE('',#5946,#5947);
#5946 = CARTESIAN_POINT('',(6.45,0.35,-1.5));
#5947 = VECTOR('',#5948,1.);
#5948 = DIRECTION('',(-0.287347885566,-5.31700397722E-16,0.957826285221)
  );
#5949 = ORIENTED_EDGE('',*,*,#5950,.F.);
#5950 = EDGE_CURVE('',#5951,#5943,#5953,.T.);
#5951 = VERTEX_POINT('',#5952);
#5952 = CARTESIAN_POINT('',(6.15,0.35,-0.457437037472));
#5953 = CIRCLE('',#5954,0.29);
#5954 = AXIS2_PLACEMENT_3D('',#5955,#5956,#5957);
#5955 = CARTESIAN_POINT('',(6.44,0.35,-0.457437037472));
#5956 = DIRECTION('',(0.,-1.,-3.330669073875E-16));
#5957 = DIRECTION('',(0.,-3.330669073875E-16,1.));
#5958 = ORIENTED_EDGE('',*,*,#5959,.F.);
#5959 = EDGE_CURVE('',#4672,#5951,#5960,.T.);
#5960 = LINE('',#5961,#5962);
#5961 = CARTESIAN_POINT('',(6.15,0.35,1.5));
#5962 = VECTOR('',#5963,1.);
#5963 = DIRECTION('',(0.,5.551115123126E-16,-1.));
#5964 = ORIENTED_EDGE('',*,*,#4679,.F.);
#5965 = ORIENTED_EDGE('',*,*,#5966,.F.);
#5966 = EDGE_CURVE('',#5967,#4680,#5969,.T.);
#5967 = VERTEX_POINT('',#5968);
#5968 = CARTESIAN_POINT('',(6.16,0.35,1.5));
#5969 = LINE('',#5970,#5971);
#5970 = CARTESIAN_POINT('',(6.45,0.35,1.5));
#5971 = VECTOR('',#5972,1.);
#5972 = DIRECTION('',(-1.,-0.,0.));
#5973 = ORIENTED_EDGE('',*,*,#5974,.F.);
#5974 = EDGE_CURVE('',#5975,#5967,#5977,.T.);
#5975 = VERTEX_POINT('',#5976);
#5976 = CARTESIAN_POINT('',(6.45,0.35,1.21));
#5977 = CIRCLE('',#5978,0.29);
#5978 = AXIS2_PLACEMENT_3D('',#5979,#5980,#5981);
#5979 = CARTESIAN_POINT('',(6.16,0.35,1.21));
#5980 = DIRECTION('',(0.,-1.,-3.330669073875E-16));
#5981 = DIRECTION('',(0.,-3.330669073875E-16,1.));
#5982 = ORIENTED_EDGE('',*,*,#5983,.F.);
#5983 = EDGE_CURVE('',#5984,#5975,#5986,.T.);
#5984 = VERTEX_POINT('',#5985);
#5985 = CARTESIAN_POINT('',(6.45,0.35,-0.457437037472));
#5986 = LINE('',#5987,#5988);
#5987 = CARTESIAN_POINT('',(6.45,0.35,-0.5));
#5988 = VECTOR('',#5989,1.);
#5989 = DIRECTION('',(0.,-5.551115123126E-16,1.));
#5990 = ORIENTED_EDGE('',*,*,#5991,.F.);
#5991 = EDGE_CURVE('',#5857,#5984,#5992,.T.);
#5992 = CIRCLE('',#5993,0.29);
#5993 = AXIS2_PLACEMENT_3D('',#5994,#5995,#5996);
#5994 = CARTESIAN_POINT('',(6.74,0.35,-0.457437037472));
#5995 = DIRECTION('',(-0.,1.,3.330669073875E-16));
#5996 = DIRECTION('',(0.,-3.330669073875E-16,1.));
#5997 = PLANE('',#5998);
#5998 = AXIS2_PLACEMENT_3D('',#5999,#6000,#6001);
#5999 = CARTESIAN_POINT('',(6.45,0.35,-0.5));
#6000 = DIRECTION('',(1.64346021921E-31,1.,5.551115123126E-16));
#6001 = DIRECTION('',(0.,-5.551115123126E-16,1.));
#6002 = ADVANCED_FACE('',(#6003),#6147,.F.);
#6003 = FACE_BOUND('',#6004,.F.);
#6004 = EDGE_LOOP('',(#6005,#6015,#6024,#6032,#6041,#6049,#6057,#6065,
    #6074,#6082,#6091,#6099,#6108,#6114,#6115,#6123,#6132,#6140));
#6005 = ORIENTED_EDGE('',*,*,#6006,.T.);
#6006 = EDGE_CURVE('',#6007,#6009,#6011,.T.);
#6007 = VERTEX_POINT('',#6008);
#6008 = CARTESIAN_POINT('',(6.462230377286,-0.35,-0.540767924286));
#6009 = VERTEX_POINT('',#6010);
#6010 = CARTESIAN_POINT('',(6.725000733956,-0.35,-1.416669113186));
#6011 = LINE('',#6012,#6013);
#6012 = CARTESIAN_POINT('',(6.45,-0.35,-0.5));
#6013 = VECTOR('',#6014,1.);
#6014 = DIRECTION('',(0.287347885566,5.31700397722E-16,-0.957826285221)
  );
#6015 = ORIENTED_EDGE('',*,*,#6016,.T.);
#6016 = EDGE_CURVE('',#6009,#6017,#6019,.T.);
#6017 = VERTEX_POINT('',#6018);
#6018 = CARTESIAN_POINT('',(6.725000733956,-0.35,-1.583330886814));
#6019 = CIRCLE('',#6020,0.29);
#6020 = AXIS2_PLACEMENT_3D('',#6021,#6022,#6023);
#6021 = CARTESIAN_POINT('',(6.447231111242,-0.35,-1.5));
#6022 = DIRECTION('',(-0.,1.,3.330669073875E-16));
#6023 = DIRECTION('',(0.,-3.330669073875E-16,1.));
#6024 = ORIENTED_EDGE('',*,*,#6025,.T.);
#6025 = EDGE_CURVE('',#6017,#6026,#6028,.T.);
#6026 = VERTEX_POINT('',#6027);
#6027 = CARTESIAN_POINT('',(6.462230377286,-0.35,-2.459232075714));
#6028 = LINE('',#6029,#6030);
#6029 = CARTESIAN_POINT('',(6.75,-0.35,-1.5));
#6030 = VECTOR('',#6031,1.);
#6031 = DIRECTION('',(-0.287347885566,5.31700397722E-16,-0.957826285221)
  );
#6032 = ORIENTED_EDGE('',*,*,#6033,.F.);
#6033 = EDGE_CURVE('',#6034,#6026,#6036,.T.);
#6034 = VERTEX_POINT('',#6035);
#6035 = CARTESIAN_POINT('',(6.45,-0.35,-2.542562962528));
#6036 = CIRCLE('',#6037,0.29);
#6037 = AXIS2_PLACEMENT_3D('',#6038,#6039,#6040);
#6038 = CARTESIAN_POINT('',(6.74,-0.35,-2.542562962528));
#6039 = DIRECTION('',(-0.,1.,3.330669073875E-16));
#6040 = DIRECTION('',(0.,-3.330669073875E-16,1.));
#6041 = ORIENTED_EDGE('',*,*,#6042,.F.);
#6042 = EDGE_CURVE('',#6043,#6034,#6045,.T.);
#6043 = VERTEX_POINT('',#6044);
#6044 = CARTESIAN_POINT('',(6.45,-0.35,-3.5));
#6045 = LINE('',#6046,#6047);
#6046 = CARTESIAN_POINT('',(6.45,-0.35,-3.5));
#6047 = VECTOR('',#6048,1.);
#6048 = DIRECTION('',(0.,-5.551115123126E-16,1.));
#6049 = ORIENTED_EDGE('',*,*,#6050,.F.);
#6050 = EDGE_CURVE('',#6051,#6043,#6053,.T.);
#6051 = VERTEX_POINT('',#6052);
#6052 = CARTESIAN_POINT('',(6.15,-0.35,-3.5));
#6053 = LINE('',#6054,#6055);
#6054 = CARTESIAN_POINT('',(6.15,-0.35,-3.5));
#6055 = VECTOR('',#6056,1.);
#6056 = DIRECTION('',(1.,0.,0.));
#6057 = ORIENTED_EDGE('',*,*,#6058,.F.);
#6058 = EDGE_CURVE('',#6059,#6051,#6061,.T.);
#6059 = VERTEX_POINT('',#6060);
#6060 = CARTESIAN_POINT('',(6.15,-0.35,-2.542562962528));
#6061 = LINE('',#6062,#6063);
#6062 = CARTESIAN_POINT('',(6.15,-0.35,-2.5));
#6063 = VECTOR('',#6064,1.);
#6064 = DIRECTION('',(0.,5.551115123126E-16,-1.));
#6065 = ORIENTED_EDGE('',*,*,#6066,.F.);
#6066 = EDGE_CURVE('',#6067,#6059,#6069,.T.);
#6067 = VERTEX_POINT('',#6068);
#6068 = CARTESIAN_POINT('',(6.162230377286,-0.35,-2.459232075714));
#6069 = CIRCLE('',#6070,0.29);
#6070 = AXIS2_PLACEMENT_3D('',#6071,#6072,#6073);
#6071 = CARTESIAN_POINT('',(6.44,-0.35,-2.542562962528));
#6072 = DIRECTION('',(0.,-1.,-3.330669073875E-16));
#6073 = DIRECTION('',(0.,-3.330669073875E-16,1.));
#6074 = ORIENTED_EDGE('',*,*,#6075,.T.);
#6075 = EDGE_CURVE('',#6067,#6076,#6078,.T.);
#6076 = VERTEX_POINT('',#6077);
#6077 = CARTESIAN_POINT('',(6.425000733956,-0.35,-1.583330886814));
#6078 = LINE('',#6079,#6080);
#6079 = CARTESIAN_POINT('',(6.15,-0.35,-2.5));
#6080 = VECTOR('',#6081,1.);
#6081 = DIRECTION('',(0.287347885566,-5.31700397722E-16,0.957826285221)
  );
#6082 = ORIENTED_EDGE('',*,*,#6083,.F.);
#6083 = EDGE_CURVE('',#6084,#6076,#6086,.T.);
#6084 = VERTEX_POINT('',#6085);
#6085 = CARTESIAN_POINT('',(6.425000733956,-0.35,-1.416669113186));
#6086 = CIRCLE('',#6087,0.29);
#6087 = AXIS2_PLACEMENT_3D('',#6088,#6089,#6090);
#6088 = CARTESIAN_POINT('',(6.147231111242,-0.35,-1.5));
#6089 = DIRECTION('',(-0.,1.,3.330669073875E-16));
#6090 = DIRECTION('',(0.,-3.330669073875E-16,1.));
#6091 = ORIENTED_EDGE('',*,*,#6092,.T.);
#6092 = EDGE_CURVE('',#6084,#6093,#6095,.T.);
#6093 = VERTEX_POINT('',#6094);
#6094 = CARTESIAN_POINT('',(6.162230377286,-0.35,-0.540767924286));
#6095 = LINE('',#6096,#6097);
#6096 = CARTESIAN_POINT('',(6.45,-0.35,-1.5));
#6097 = VECTOR('',#6098,1.);
#6098 = DIRECTION('',(-0.287347885566,-5.31700397722E-16,0.957826285221)
  );
#6099 = ORIENTED_EDGE('',*,*,#6100,.F.);
#6100 = EDGE_CURVE('',#6101,#6093,#6103,.T.);
#6101 = VERTEX_POINT('',#6102);
#6102 = CARTESIAN_POINT('',(6.15,-0.35,-0.457437037472));
#6103 = CIRCLE('',#6104,0.29);
#6104 = AXIS2_PLACEMENT_3D('',#6105,#6106,#6107);
#6105 = CARTESIAN_POINT('',(6.44,-0.35,-0.457437037472));
#6106 = DIRECTION('',(0.,-1.,-3.330669073875E-16));
#6107 = DIRECTION('',(0.,-3.330669073875E-16,1.));
#6108 = ORIENTED_EDGE('',*,*,#6109,.F.);
#6109 = EDGE_CURVE('',#4696,#6101,#6110,.T.);
#6110 = LINE('',#6111,#6112);
#6111 = CARTESIAN_POINT('',(6.15,-0.35,1.5));
#6112 = VECTOR('',#6113,1.);
#6113 = DIRECTION('',(0.,5.551115123126E-16,-1.));
#6114 = ORIENTED_EDGE('',*,*,#4695,.F.);
#6115 = ORIENTED_EDGE('',*,*,#6116,.F.);
#6116 = EDGE_CURVE('',#6117,#4688,#6119,.T.);
#6117 = VERTEX_POINT('',#6118);
#6118 = CARTESIAN_POINT('',(6.16,-0.35,1.5));
#6119 = LINE('',#6120,#6121);
#6120 = CARTESIAN_POINT('',(6.45,-0.35,1.5));
#6121 = VECTOR('',#6122,1.);
#6122 = DIRECTION('',(-1.,-0.,0.));
#6123 = ORIENTED_EDGE('',*,*,#6124,.F.);
#6124 = EDGE_CURVE('',#6125,#6117,#6127,.T.);
#6125 = VERTEX_POINT('',#6126);
#6126 = CARTESIAN_POINT('',(6.45,-0.35,1.21));
#6127 = CIRCLE('',#6128,0.29);
#6128 = AXIS2_PLACEMENT_3D('',#6129,#6130,#6131);
#6129 = CARTESIAN_POINT('',(6.16,-0.35,1.21));
#6130 = DIRECTION('',(0.,-1.,-3.330669073875E-16));
#6131 = DIRECTION('',(0.,-3.330669073875E-16,1.));
#6132 = ORIENTED_EDGE('',*,*,#6133,.F.);
#6133 = EDGE_CURVE('',#6134,#6125,#6136,.T.);
#6134 = VERTEX_POINT('',#6135);
#6135 = CARTESIAN_POINT('',(6.45,-0.35,-0.457437037472));
#6136 = LINE('',#6137,#6138);
#6137 = CARTESIAN_POINT('',(6.45,-0.35,-0.5));
#6138 = VECTOR('',#6139,1.);
#6139 = DIRECTION('',(0.,-5.551115123126E-16,1.));
#6140 = ORIENTED_EDGE('',*,*,#6141,.F.);
#6141 = EDGE_CURVE('',#6007,#6134,#6142,.T.);
#6142 = CIRCLE('',#6143,0.29);
#6143 = AXIS2_PLACEMENT_3D('',#6144,#6145,#6146);
#6144 = CARTESIAN_POINT('',(6.74,-0.35,-0.457437037472));
#6145 = DIRECTION('',(-0.,1.,3.330669073875E-16));
#6146 = DIRECTION('',(0.,-3.330669073875E-16,1.));
#6147 = PLANE('',#6148);
#6148 = AXIS2_PLACEMENT_3D('',#6149,#6150,#6151);
#6149 = CARTESIAN_POINT('',(6.45,-0.35,-0.5));
#6150 = DIRECTION('',(1.64346021921E-31,1.,5.551115123126E-16));
#6151 = DIRECTION('',(0.,-5.551115123126E-16,1.));
#6152 = ADVANCED_FACE('',(#6153),#6164,.T.);
#6153 = FACE_BOUND('',#6154,.T.);
#6154 = EDGE_LOOP('',(#6155,#6156,#6162,#6163));
#6155 = ORIENTED_EDGE('',*,*,#6116,.F.);
#6156 = ORIENTED_EDGE('',*,*,#6157,.T.);
#6157 = EDGE_CURVE('',#6117,#5967,#6158,.T.);
#6158 = LINE('',#6159,#6160);
#6159 = CARTESIAN_POINT('',(6.16,-0.35,1.5));
#6160 = VECTOR('',#6161,1.);
#6161 = DIRECTION('',(0.,1.,3.330669073875E-16));
#6162 = ORIENTED_EDGE('',*,*,#5966,.T.);
#6163 = ORIENTED_EDGE('',*,*,#4687,.F.);
#6164 = PLANE('',#6165);
#6165 = AXIS2_PLACEMENT_3D('',#6166,#6167,#6168);
#6166 = CARTESIAN_POINT('',(6.45,-0.35,1.5));
#6167 = DIRECTION('',(0.,-3.330669073875E-16,1.));
#6168 = DIRECTION('',(-1.,0.,0.));
#6169 = ADVANCED_FACE('',(#6170),#6173,.F.);
#6170 = FACE_BOUND('',#6171,.F.);
#6171 = EDGE_LOOP('',(#6172));
#6172 = ORIENTED_EDGE('',*,*,#4827,.F.);
#6173 = PLANE('',#6174);
#6174 = AXIS2_PLACEMENT_3D('',#6175,#6176,#6177);
#6175 = CARTESIAN_POINT('',(4.9,-2.25,4.3));
#6176 = DIRECTION('',(0.,0.,-1.));
#6177 = DIRECTION('',(-1.,0.,0.));
#6178 = ADVANCED_FACE('',(#6179),#6190,.F.);
#6179 = FACE_BOUND('',#6180,.F.);
#6180 = EDGE_LOOP('',(#6181,#6182,#6183,#6184));
#6181 = ORIENTED_EDGE('',*,*,#5325,.F.);
#6182 = ORIENTED_EDGE('',*,*,#4864,.F.);
#6183 = ORIENTED_EDGE('',*,*,#5475,.T.);
#6184 = ORIENTED_EDGE('',*,*,#6185,.F.);
#6185 = EDGE_CURVE('',#5317,#5467,#6186,.T.);
#6186 = LINE('',#6187,#6188);
#6187 = CARTESIAN_POINT('',(0.15,-4.85,-0.457437037472));
#6188 = VECTOR('',#6189,1.);
#6189 = DIRECTION('',(0.,1.,3.330669073875E-16));
#6190 = PLANE('',#6191);
#6191 = AXIS2_PLACEMENT_3D('',#6192,#6193,#6194);
#6192 = CARTESIAN_POINT('',(0.15,-4.85,1.5));
#6193 = DIRECTION('',(-1.,0.,-0.));
#6194 = DIRECTION('',(0.,5.551115123126E-16,-1.));
#6195 = ADVANCED_FACE('',(#6196),#6207,.T.);
#6196 = FACE_BOUND('',#6197,.T.);
#6197 = EDGE_LOOP('',(#6198,#6199,#6200,#6201));
#6198 = ORIENTED_EDGE('',*,*,#5642,.F.);
#6199 = ORIENTED_EDGE('',*,*,#4889,.T.);
#6200 = ORIENTED_EDGE('',*,*,#5816,.T.);
#6201 = ORIENTED_EDGE('',*,*,#6202,.F.);
#6202 = EDGE_CURVE('',#5634,#5808,#6203,.T.);
#6203 = LINE('',#6204,#6205);
#6204 = CARTESIAN_POINT('',(6.15,-4.85,-0.457437037472));
#6205 = VECTOR('',#6206,1.);
#6206 = DIRECTION('',(0.,1.,3.330669073875E-16));
#6207 = PLANE('',#6208);
#6208 = AXIS2_PLACEMENT_3D('',#6209,#6210,#6211);
#6209 = CARTESIAN_POINT('',(6.15,-4.85,1.5));
#6210 = DIRECTION('',(-1.,0.,-0.));
#6211 = DIRECTION('',(0.,5.551115123126E-16,-1.));
#6212 = ADVANCED_FACE('',(#6213),#6224,.F.);
#6213 = FACE_BOUND('',#6214,.F.);
#6214 = EDGE_LOOP('',(#6215,#6216,#6217,#6218));
#6215 = ORIENTED_EDGE('',*,*,#5182,.F.);
#6216 = ORIENTED_EDGE('',*,*,#4871,.F.);
#6217 = ORIENTED_EDGE('',*,*,#5008,.T.);
#6218 = ORIENTED_EDGE('',*,*,#6219,.F.);
#6219 = EDGE_CURVE('',#5174,#5000,#6220,.T.);
#6220 = LINE('',#6221,#6222);
#6221 = CARTESIAN_POINT('',(0.15,-0.35,-0.457437037472));
#6222 = VECTOR('',#6223,1.);
#6223 = DIRECTION('',(0.,1.,3.330669073875E-16));
#6224 = PLANE('',#6225);
#6225 = AXIS2_PLACEMENT_3D('',#6226,#6227,#6228);
#6226 = CARTESIAN_POINT('',(0.15,-0.35,1.5));
#6227 = DIRECTION('',(-1.,0.,-0.));
#6228 = DIRECTION('',(0.,5.551115123126E-16,-1.));
#6229 = ADVANCED_FACE('',(#6230),#6241,.T.);
#6230 = FACE_BOUND('',#6231,.T.);
#6231 = EDGE_LOOP('',(#6232,#6233,#6234,#6235));
#6232 = ORIENTED_EDGE('',*,*,#6109,.F.);
#6233 = ORIENTED_EDGE('',*,*,#4882,.T.);
#6234 = ORIENTED_EDGE('',*,*,#5959,.T.);
#6235 = ORIENTED_EDGE('',*,*,#6236,.F.);
#6236 = EDGE_CURVE('',#6101,#5951,#6237,.T.);
#6237 = LINE('',#6238,#6239);
#6238 = CARTESIAN_POINT('',(6.15,-0.35,-0.457437037472));
#6239 = VECTOR('',#6240,1.);
#6240 = DIRECTION('',(0.,1.,3.330669073875E-16));
#6241 = PLANE('',#6242);
#6242 = AXIS2_PLACEMENT_3D('',#6243,#6244,#6245);
#6243 = CARTESIAN_POINT('',(6.15,-0.35,1.5));
#6244 = DIRECTION('',(-1.,0.,-0.));
#6245 = DIRECTION('',(0.,5.551115123126E-16,-1.));
#6246 = ADVANCED_FACE('',(#6247),#6263,.T.);
#6247 = FACE_BOUND('',#6248,.T.);
#6248 = EDGE_LOOP('',(#6249,#6250,#6256,#6257));
#6249 = ORIENTED_EDGE('',*,*,#5079,.F.);
#6250 = ORIENTED_EDGE('',*,*,#6251,.T.);
#6251 = EDGE_CURVE('',#5080,#4906,#6252,.T.);
#6252 = LINE('',#6253,#6254);
#6253 = CARTESIAN_POINT('',(-0.162230377286,-0.35,-0.540767924286));
#6254 = VECTOR('',#6255,1.);
#6255 = DIRECTION('',(0.,1.,3.330669073875E-16));
#6256 = ORIENTED_EDGE('',*,*,#4905,.T.);
#6257 = ORIENTED_EDGE('',*,*,#6258,.F.);
#6258 = EDGE_CURVE('',#5082,#4908,#6259,.T.);
#6259 = LINE('',#6260,#6261);
#6260 = CARTESIAN_POINT('',(-0.425000733956,-0.35,-1.416669113186));
#6261 = VECTOR('',#6262,1.);
#6262 = DIRECTION('',(0.,1.,3.330669073875E-16));
#6263 = PLANE('',#6264);
#6264 = AXIS2_PLACEMENT_3D('',#6265,#6266,#6267);
#6265 = CARTESIAN_POINT('',(-0.15,-0.35,-0.5));
#6266 = DIRECTION('',(-0.957826285221,-9.570607158995E-17,0.287347885566
    ));
#6267 = DIRECTION('',(-0.287347885566,5.31700397722E-16,-0.957826285221)
  );
#6268 = ADVANCED_FACE('',(#6269),#6280,.F.);
#6269 = FACE_BOUND('',#6270,.F.);
#6270 = EDGE_LOOP('',(#6271,#6272,#6273,#6279));
#6271 = ORIENTED_EDGE('',*,*,#6251,.T.);
#6272 = ORIENTED_EDGE('',*,*,#5040,.T.);
#6273 = ORIENTED_EDGE('',*,*,#6274,.F.);
#6274 = EDGE_CURVE('',#5200,#5033,#6275,.T.);
#6275 = LINE('',#6276,#6277);
#6276 = CARTESIAN_POINT('',(-0.15,-0.35,-0.457437037472));
#6277 = VECTOR('',#6278,1.);
#6278 = DIRECTION('',(0.,1.,3.330669073875E-16));
#6279 = ORIENTED_EDGE('',*,*,#5207,.F.);
#6280 = CYLINDRICAL_SURFACE('',#6281,0.29);
#6281 = AXIS2_PLACEMENT_3D('',#6282,#6283,#6284);
#6282 = CARTESIAN_POINT('',(-0.44,-0.35,-0.457437037472));
#6283 = DIRECTION('',(0.,1.,3.330669073875E-16));
#6284 = DIRECTION('',(0.957826285221,9.570607158983E-17,-0.287347885566)
  );
#6285 = ADVANCED_FACE('',(#6286),#6297,.T.);
#6286 = FACE_BOUND('',#6287,.T.);
#6287 = EDGE_LOOP('',(#6288,#6289,#6290,#6296));
#6288 = ORIENTED_EDGE('',*,*,#6258,.T.);
#6289 = ORIENTED_EDGE('',*,*,#4915,.T.);
#6290 = ORIENTED_EDGE('',*,*,#6291,.F.);
#6291 = EDGE_CURVE('',#5090,#4916,#6292,.T.);
#6292 = LINE('',#6293,#6294);
#6293 = CARTESIAN_POINT('',(-0.425000733956,-0.35,-1.583330886814));
#6294 = VECTOR('',#6295,1.);
#6295 = DIRECTION('',(0.,1.,3.330669073875E-16));
#6296 = ORIENTED_EDGE('',*,*,#5089,.F.);
#6297 = CYLINDRICAL_SURFACE('',#6298,0.29);
#6298 = AXIS2_PLACEMENT_3D('',#6299,#6300,#6301);
#6299 = CARTESIAN_POINT('',(-0.147231111242,-0.35,-1.5));
#6300 = DIRECTION('',(0.,1.,3.330669073875E-16));
#6301 = DIRECTION('',(-0.957826285221,-9.570607158983E-17,0.287347885566
    ));
#6302 = ADVANCED_FACE('',(#6303),#6314,.F.);
#6303 = FACE_BOUND('',#6304,.F.);
#6304 = EDGE_LOOP('',(#6305,#6306,#6307,#6308));
#6305 = ORIENTED_EDGE('',*,*,#5199,.F.);
#6306 = ORIENTED_EDGE('',*,*,#6274,.T.);
#6307 = ORIENTED_EDGE('',*,*,#5032,.T.);
#6308 = ORIENTED_EDGE('',*,*,#6309,.F.);
#6309 = EDGE_CURVE('',#5191,#5024,#6310,.T.);
#6310 = LINE('',#6311,#6312);
#6311 = CARTESIAN_POINT('',(-0.15,-0.35,1.21));
#6312 = VECTOR('',#6313,1.);
#6313 = DIRECTION('',(0.,1.,3.330669073875E-16));
#6314 = PLANE('',#6315);
#6315 = AXIS2_PLACEMENT_3D('',#6316,#6317,#6318);
#6316 = CARTESIAN_POINT('',(-0.15,-0.35,-0.5));
#6317 = DIRECTION('',(1.,0.,0.));
#6318 = DIRECTION('',(0.,-5.551115123126E-16,1.));
#6319 = ADVANCED_FACE('',(#6320),#6331,.T.);
#6320 = FACE_BOUND('',#6321,.T.);
#6321 = EDGE_LOOP('',(#6322,#6323,#6324,#6325));
#6322 = ORIENTED_EDGE('',*,*,#5098,.F.);
#6323 = ORIENTED_EDGE('',*,*,#6291,.T.);
#6324 = ORIENTED_EDGE('',*,*,#4924,.T.);
#6325 = ORIENTED_EDGE('',*,*,#6326,.F.);
#6326 = EDGE_CURVE('',#5099,#4925,#6327,.T.);
#6327 = LINE('',#6328,#6329);
#6328 = CARTESIAN_POINT('',(-0.162230377286,-0.35,-2.459232075714));
#6329 = VECTOR('',#6330,1.);
#6330 = DIRECTION('',(0.,1.,3.330669073875E-16));
#6331 = PLANE('',#6332);
#6332 = AXIS2_PLACEMENT_3D('',#6333,#6334,#6335);
#6333 = CARTESIAN_POINT('',(-0.45,-0.35,-1.5));
#6334 = DIRECTION('',(-0.957826285221,9.570607158995E-17,-0.287347885566
    ));
#6335 = DIRECTION('',(0.287347885566,5.31700397722E-16,-0.957826285221)
  );
#6336 = ADVANCED_FACE('',(#6337),#6343,.T.);
#6337 = FACE_BOUND('',#6338,.T.);
#6338 = EDGE_LOOP('',(#6339,#6340,#6341,#6342));
#6339 = ORIENTED_EDGE('',*,*,#5190,.T.);
#6340 = ORIENTED_EDGE('',*,*,#5063,.T.);
#6341 = ORIENTED_EDGE('',*,*,#5023,.F.);
#6342 = ORIENTED_EDGE('',*,*,#6309,.F.);
#6343 = CYLINDRICAL_SURFACE('',#6344,0.29);
#6344 = AXIS2_PLACEMENT_3D('',#6345,#6346,#6347);
#6345 = CARTESIAN_POINT('',(0.14,-0.35,1.21));
#6346 = DIRECTION('',(0.,1.,3.330669073875E-16));
#6347 = DIRECTION('',(-1.,0.,0.));
#6348 = ADVANCED_FACE('',(#6349),#6360,.F.);
#6349 = FACE_BOUND('',#6350,.F.);
#6350 = EDGE_LOOP('',(#6351,#6357,#6358,#6359));
#6351 = ORIENTED_EDGE('',*,*,#6352,.T.);
#6352 = EDGE_CURVE('',#5107,#4933,#6353,.T.);
#6353 = LINE('',#6354,#6355);
#6354 = CARTESIAN_POINT('',(-0.15,-0.35,-2.542562962528));
#6355 = VECTOR('',#6356,1.);
#6356 = DIRECTION('',(0.,1.,3.330669073875E-16));
#6357 = ORIENTED_EDGE('',*,*,#4932,.T.);
#6358 = ORIENTED_EDGE('',*,*,#6326,.F.);
#6359 = ORIENTED_EDGE('',*,*,#5106,.F.);
#6360 = CYLINDRICAL_SURFACE('',#6361,0.29);
#6361 = AXIS2_PLACEMENT_3D('',#6362,#6363,#6364);
#6362 = CARTESIAN_POINT('',(-0.44,-0.35,-2.542562962528));
#6363 = DIRECTION('',(0.,1.,3.330669073875E-16));
#6364 = DIRECTION('',(1.,0.,-0.));
#6365 = ADVANCED_FACE('',(#6366),#6377,.F.);
#6366 = FACE_BOUND('',#6367,.F.);
#6367 = EDGE_LOOP('',(#6368,#6369,#6375,#6376));
#6368 = ORIENTED_EDGE('',*,*,#5115,.F.);
#6369 = ORIENTED_EDGE('',*,*,#6370,.T.);
#6370 = EDGE_CURVE('',#5116,#4942,#6371,.T.);
#6371 = LINE('',#6372,#6373);
#6372 = CARTESIAN_POINT('',(-0.15,-0.35,-3.5));
#6373 = VECTOR('',#6374,1.);
#6374 = DIRECTION('',(0.,1.,3.330669073875E-16));
#6375 = ORIENTED_EDGE('',*,*,#4941,.T.);
#6376 = ORIENTED_EDGE('',*,*,#6352,.F.);
#6377 = PLANE('',#6378);
#6378 = AXIS2_PLACEMENT_3D('',#6379,#6380,#6381);
#6379 = CARTESIAN_POINT('',(-0.15,-0.35,-3.5));
#6380 = DIRECTION('',(1.,0.,0.));
#6381 = DIRECTION('',(0.,-5.551115123126E-16,1.));
#6382 = ADVANCED_FACE('',(#6383),#6394,.F.);
#6383 = FACE_BOUND('',#6384,.F.);
#6384 = EDGE_LOOP('',(#6385,#6391,#6392,#6393));
#6385 = ORIENTED_EDGE('',*,*,#6386,.T.);
#6386 = EDGE_CURVE('',#5124,#4950,#6387,.T.);
#6387 = LINE('',#6388,#6389);
#6388 = CARTESIAN_POINT('',(0.15,-0.35,-3.5));
#6389 = VECTOR('',#6390,1.);
#6390 = DIRECTION('',(0.,1.,3.330669073875E-16));
#6391 = ORIENTED_EDGE('',*,*,#4949,.T.);
#6392 = ORIENTED_EDGE('',*,*,#6370,.F.);
#6393 = ORIENTED_EDGE('',*,*,#5123,.F.);
#6394 = PLANE('',#6395);
#6395 = AXIS2_PLACEMENT_3D('',#6396,#6397,#6398);
#6396 = CARTESIAN_POINT('',(0.15,-0.35,-3.5));
#6397 = DIRECTION('',(0.,-3.330669073875E-16,1.));
#6398 = DIRECTION('',(-1.,0.,0.));
#6399 = ADVANCED_FACE('',(#6400),#6411,.F.);
#6400 = FACE_BOUND('',#6401,.F.);
#6401 = EDGE_LOOP('',(#6402,#6403,#6409,#6410));
#6402 = ORIENTED_EDGE('',*,*,#5131,.F.);
#6403 = ORIENTED_EDGE('',*,*,#6404,.T.);
#6404 = EDGE_CURVE('',#5132,#4958,#6405,.T.);
#6405 = LINE('',#6406,#6407);
#6406 = CARTESIAN_POINT('',(0.15,-0.35,-2.542562962528));
#6407 = VECTOR('',#6408,1.);
#6408 = DIRECTION('',(0.,1.,3.330669073875E-16));
#6409 = ORIENTED_EDGE('',*,*,#4957,.T.);
#6410 = ORIENTED_EDGE('',*,*,#6386,.F.);
#6411 = PLANE('',#6412);
#6412 = AXIS2_PLACEMENT_3D('',#6413,#6414,#6415);
#6413 = CARTESIAN_POINT('',(0.15,-0.35,-2.5));
#6414 = DIRECTION('',(-1.,0.,-0.));
#6415 = DIRECTION('',(0.,5.551115123126E-16,-1.));
#6416 = ADVANCED_FACE('',(#6417),#6428,.T.);
#6417 = FACE_BOUND('',#6418,.T.);
#6418 = EDGE_LOOP('',(#6419,#6420,#6426,#6427));
#6419 = ORIENTED_EDGE('',*,*,#5173,.T.);
#6420 = ORIENTED_EDGE('',*,*,#6421,.T.);
#6421 = EDGE_CURVE('',#5166,#4992,#6422,.T.);
#6422 = LINE('',#6423,#6424);
#6423 = CARTESIAN_POINT('',(0.137769622714,-0.35,-0.540767924286));
#6424 = VECTOR('',#6425,1.);
#6425 = DIRECTION('',(0.,1.,3.330669073875E-16));
#6426 = ORIENTED_EDGE('',*,*,#4999,.F.);
#6427 = ORIENTED_EDGE('',*,*,#6219,.F.);
#6428 = CYLINDRICAL_SURFACE('',#6429,0.29);
#6429 = AXIS2_PLACEMENT_3D('',#6430,#6431,#6432);
#6430 = CARTESIAN_POINT('',(-0.14,-0.35,-0.457437037472));
#6431 = DIRECTION('',(0.,1.,3.330669073875E-16));
#6432 = DIRECTION('',(1.,0.,-0.));
#6433 = ADVANCED_FACE('',(#6434),#6445,.T.);
#6434 = FACE_BOUND('',#6435,.T.);
#6435 = EDGE_LOOP('',(#6436,#6437,#6438,#6439));
#6436 = ORIENTED_EDGE('',*,*,#5139,.T.);
#6437 = ORIENTED_EDGE('',*,*,#6404,.T.);
#6438 = ORIENTED_EDGE('',*,*,#4965,.F.);
#6439 = ORIENTED_EDGE('',*,*,#6440,.F.);
#6440 = EDGE_CURVE('',#5140,#4966,#6441,.T.);
#6441 = LINE('',#6442,#6443);
#6442 = CARTESIAN_POINT('',(0.137769622714,-0.35,-2.459232075714));
#6443 = VECTOR('',#6444,1.);
#6444 = DIRECTION('',(0.,1.,3.330669073875E-16));
#6445 = CYLINDRICAL_SURFACE('',#6446,0.29);
#6446 = AXIS2_PLACEMENT_3D('',#6447,#6448,#6449);
#6447 = CARTESIAN_POINT('',(-0.14,-0.35,-2.542562962528));
#6448 = DIRECTION('',(0.,1.,3.330669073875E-16));
#6449 = DIRECTION('',(0.957826285221,-9.570607158983E-17,0.287347885566)
  );
#6450 = ADVANCED_FACE('',(#6451),#6462,.T.);
#6451 = FACE_BOUND('',#6452,.T.);
#6452 = EDGE_LOOP('',(#6453,#6454,#6460,#6461));
#6453 = ORIENTED_EDGE('',*,*,#5165,.F.);
#6454 = ORIENTED_EDGE('',*,*,#6455,.T.);
#6455 = EDGE_CURVE('',#5157,#4983,#6456,.T.);
#6456 = LINE('',#6457,#6458);
#6457 = CARTESIAN_POINT('',(-0.125000733956,-0.35,-1.416669113186));
#6458 = VECTOR('',#6459,1.);
#6459 = DIRECTION('',(0.,1.,3.330669073875E-16));
#6460 = ORIENTED_EDGE('',*,*,#4991,.T.);
#6461 = ORIENTED_EDGE('',*,*,#6421,.F.);
#6462 = PLANE('',#6463);
#6463 = AXIS2_PLACEMENT_3D('',#6464,#6465,#6466);
#6464 = CARTESIAN_POINT('',(-0.15,-0.35,-1.5));
#6465 = DIRECTION('',(0.957826285221,9.570607158995E-17,-0.287347885566)
  );
#6466 = DIRECTION('',(0.287347885566,-5.31700397722E-16,0.957826285221)
  );
#6467 = ADVANCED_FACE('',(#6468),#6479,.T.);
#6468 = FACE_BOUND('',#6469,.T.);
#6469 = EDGE_LOOP('',(#6470,#6471,#6472,#6473));
#6470 = ORIENTED_EDGE('',*,*,#5148,.F.);
#6471 = ORIENTED_EDGE('',*,*,#6440,.T.);
#6472 = ORIENTED_EDGE('',*,*,#4974,.T.);
#6473 = ORIENTED_EDGE('',*,*,#6474,.F.);
#6474 = EDGE_CURVE('',#5149,#4975,#6475,.T.);
#6475 = LINE('',#6476,#6477);
#6476 = CARTESIAN_POINT('',(-0.125000733956,-0.35,-1.583330886814));
#6477 = VECTOR('',#6478,1.);
#6478 = DIRECTION('',(0.,1.,3.330669073875E-16));
#6479 = PLANE('',#6480);
#6480 = AXIS2_PLACEMENT_3D('',#6481,#6482,#6483);
#6481 = CARTESIAN_POINT('',(0.15,-0.35,-2.5));
#6482 = DIRECTION('',(0.957826285221,-9.570607158995E-17,0.287347885566)
  );
#6483 = DIRECTION('',(-0.287347885566,-5.31700397722E-16,0.957826285221)
  );
#6484 = ADVANCED_FACE('',(#6485),#6491,.F.);
#6485 = FACE_BOUND('',#6486,.F.);
#6486 = EDGE_LOOP('',(#6487,#6488,#6489,#6490));
#6487 = ORIENTED_EDGE('',*,*,#6455,.T.);
#6488 = ORIENTED_EDGE('',*,*,#4982,.T.);
#6489 = ORIENTED_EDGE('',*,*,#6474,.F.);
#6490 = ORIENTED_EDGE('',*,*,#5156,.F.);
#6491 = CYLINDRICAL_SURFACE('',#6492,0.29);
#6492 = AXIS2_PLACEMENT_3D('',#6493,#6494,#6495);
#6493 = CARTESIAN_POINT('',(0.152768888758,-0.35,-1.5));
#6494 = DIRECTION('',(0.,1.,3.330669073875E-16));
#6495 = DIRECTION('',(-0.957826285221,-9.570607158983E-17,0.287347885566
    ));
#6496 = ADVANCED_FACE('',(#6497),#6513,.T.);
#6497 = FACE_BOUND('',#6498,.T.);
#6498 = EDGE_LOOP('',(#6499,#6500,#6506,#6507));
#6499 = ORIENTED_EDGE('',*,*,#5222,.F.);
#6500 = ORIENTED_EDGE('',*,*,#6501,.T.);
#6501 = EDGE_CURVE('',#5223,#5373,#6502,.T.);
#6502 = LINE('',#6503,#6504);
#6503 = CARTESIAN_POINT('',(-0.162230377286,-4.85,-0.540767924286));
#6504 = VECTOR('',#6505,1.);
#6505 = DIRECTION('',(0.,1.,3.330669073875E-16));
#6506 = ORIENTED_EDGE('',*,*,#5372,.T.);
#6507 = ORIENTED_EDGE('',*,*,#6508,.F.);
#6508 = EDGE_CURVE('',#5225,#5375,#6509,.T.);
#6509 = LINE('',#6510,#6511);
#6510 = CARTESIAN_POINT('',(-0.425000733956,-4.85,-1.416669113186));
#6511 = VECTOR('',#6512,1.);
#6512 = DIRECTION('',(0.,1.,3.330669073875E-16));
#6513 = PLANE('',#6514);
#6514 = AXIS2_PLACEMENT_3D('',#6515,#6516,#6517);
#6515 = CARTESIAN_POINT('',(-0.15,-4.85,-0.5));
#6516 = DIRECTION('',(-0.957826285221,-9.570607158995E-17,0.287347885566
    ));
#6517 = DIRECTION('',(-0.287347885566,5.31700397722E-16,-0.957826285221)
  );
#6518 = ADVANCED_FACE('',(#6519),#6530,.F.);
#6519 = FACE_BOUND('',#6520,.F.);
#6520 = EDGE_LOOP('',(#6521,#6522,#6523,#6529));
#6521 = ORIENTED_EDGE('',*,*,#6501,.T.);
#6522 = ORIENTED_EDGE('',*,*,#5507,.T.);
#6523 = ORIENTED_EDGE('',*,*,#6524,.F.);
#6524 = EDGE_CURVE('',#5350,#5500,#6525,.T.);
#6525 = LINE('',#6526,#6527);
#6526 = CARTESIAN_POINT('',(-0.15,-4.85,-0.457437037472));
#6527 = VECTOR('',#6528,1.);
#6528 = DIRECTION('',(0.,1.,3.330669073875E-16));
#6529 = ORIENTED_EDGE('',*,*,#5357,.F.);
#6530 = CYLINDRICAL_SURFACE('',#6531,0.29);
#6531 = AXIS2_PLACEMENT_3D('',#6532,#6533,#6534);
#6532 = CARTESIAN_POINT('',(-0.44,-4.85,-0.457437037472));
#6533 = DIRECTION('',(0.,1.,3.330669073875E-16));
#6534 = DIRECTION('',(0.957826285221,9.570607158983E-17,-0.287347885566)
  );
#6535 = ADVANCED_FACE('',(#6536),#6547,.T.);
#6536 = FACE_BOUND('',#6537,.T.);
#6537 = EDGE_LOOP('',(#6538,#6539,#6540,#6546));
#6538 = ORIENTED_EDGE('',*,*,#6508,.T.);
#6539 = ORIENTED_EDGE('',*,*,#5382,.T.);
#6540 = ORIENTED_EDGE('',*,*,#6541,.F.);
#6541 = EDGE_CURVE('',#5233,#5383,#6542,.T.);
#6542 = LINE('',#6543,#6544);
#6543 = CARTESIAN_POINT('',(-0.425000733956,-4.85,-1.583330886814));
#6544 = VECTOR('',#6545,1.);
#6545 = DIRECTION('',(0.,1.,3.330669073875E-16));
#6546 = ORIENTED_EDGE('',*,*,#5232,.F.);
#6547 = CYLINDRICAL_SURFACE('',#6548,0.29);
#6548 = AXIS2_PLACEMENT_3D('',#6549,#6550,#6551);
#6549 = CARTESIAN_POINT('',(-0.147231111242,-4.85,-1.5));
#6550 = DIRECTION('',(0.,1.,3.330669073875E-16));
#6551 = DIRECTION('',(-0.957826285221,-9.570607158983E-17,0.287347885566
    ));
#6552 = ADVANCED_FACE('',(#6553),#6564,.F.);
#6553 = FACE_BOUND('',#6554,.F.);
#6554 = EDGE_LOOP('',(#6555,#6556,#6557,#6558));
#6555 = ORIENTED_EDGE('',*,*,#5349,.F.);
#6556 = ORIENTED_EDGE('',*,*,#6524,.T.);
#6557 = ORIENTED_EDGE('',*,*,#5499,.T.);
#6558 = ORIENTED_EDGE('',*,*,#6559,.F.);
#6559 = EDGE_CURVE('',#5341,#5491,#6560,.T.);
#6560 = LINE('',#6561,#6562);
#6561 = CARTESIAN_POINT('',(-0.15,-4.85,1.21));
#6562 = VECTOR('',#6563,1.);
#6563 = DIRECTION('',(0.,1.,3.330669073875E-16));
#6564 = PLANE('',#6565);
#6565 = AXIS2_PLACEMENT_3D('',#6566,#6567,#6568);
#6566 = CARTESIAN_POINT('',(-0.15,-4.85,-0.5));
#6567 = DIRECTION('',(1.,0.,0.));
#6568 = DIRECTION('',(0.,-5.551115123126E-16,1.));
#6569 = ADVANCED_FACE('',(#6570),#6581,.T.);
#6570 = FACE_BOUND('',#6571,.T.);
#6571 = EDGE_LOOP('',(#6572,#6573,#6574,#6575));
#6572 = ORIENTED_EDGE('',*,*,#5241,.F.);
#6573 = ORIENTED_EDGE('',*,*,#6541,.T.);
#6574 = ORIENTED_EDGE('',*,*,#5391,.T.);
#6575 = ORIENTED_EDGE('',*,*,#6576,.F.);
#6576 = EDGE_CURVE('',#5242,#5392,#6577,.T.);
#6577 = LINE('',#6578,#6579);
#6578 = CARTESIAN_POINT('',(-0.162230377286,-4.85,-2.459232075714));
#6579 = VECTOR('',#6580,1.);
#6580 = DIRECTION('',(0.,1.,3.330669073875E-16));
#6581 = PLANE('',#6582);
#6582 = AXIS2_PLACEMENT_3D('',#6583,#6584,#6585);
#6583 = CARTESIAN_POINT('',(-0.45,-4.85,-1.5));
#6584 = DIRECTION('',(-0.957826285221,9.570607158995E-17,-0.287347885566
    ));
#6585 = DIRECTION('',(0.287347885566,5.31700397722E-16,-0.957826285221)
  );
#6586 = ADVANCED_FACE('',(#6587),#6593,.T.);
#6587 = FACE_BOUND('',#6588,.T.);
#6588 = EDGE_LOOP('',(#6589,#6590,#6591,#6592));
#6589 = ORIENTED_EDGE('',*,*,#5340,.T.);
#6590 = ORIENTED_EDGE('',*,*,#5523,.T.);
#6591 = ORIENTED_EDGE('',*,*,#5490,.F.);
#6592 = ORIENTED_EDGE('',*,*,#6559,.F.);
#6593 = CYLINDRICAL_SURFACE('',#6594,0.29);
#6594 = AXIS2_PLACEMENT_3D('',#6595,#6596,#6597);
#6595 = CARTESIAN_POINT('',(0.14,-4.85,1.21));
#6596 = DIRECTION('',(0.,1.,3.330669073875E-16));
#6597 = DIRECTION('',(-1.,0.,0.));
#6598 = ADVANCED_FACE('',(#6599),#6610,.F.);
#6599 = FACE_BOUND('',#6600,.F.);
#6600 = EDGE_LOOP('',(#6601,#6607,#6608,#6609));
#6601 = ORIENTED_EDGE('',*,*,#6602,.T.);
#6602 = EDGE_CURVE('',#5250,#5400,#6603,.T.);
#6603 = LINE('',#6604,#6605);
#6604 = CARTESIAN_POINT('',(-0.15,-4.85,-2.542562962528));
#6605 = VECTOR('',#6606,1.);
#6606 = DIRECTION('',(0.,1.,3.330669073875E-16));
#6607 = ORIENTED_EDGE('',*,*,#5399,.T.);
#6608 = ORIENTED_EDGE('',*,*,#6576,.F.);
#6609 = ORIENTED_EDGE('',*,*,#5249,.F.);
#6610 = CYLINDRICAL_SURFACE('',#6611,0.29);
#6611 = AXIS2_PLACEMENT_3D('',#6612,#6613,#6614);
#6612 = CARTESIAN_POINT('',(-0.44,-4.85,-2.542562962528));
#6613 = DIRECTION('',(0.,1.,3.330669073875E-16));
#6614 = DIRECTION('',(1.,0.,-0.));
#6615 = ADVANCED_FACE('',(#6616),#6627,.F.);
#6616 = FACE_BOUND('',#6617,.F.);
#6617 = EDGE_LOOP('',(#6618,#6619,#6625,#6626));
#6618 = ORIENTED_EDGE('',*,*,#5258,.F.);
#6619 = ORIENTED_EDGE('',*,*,#6620,.T.);
#6620 = EDGE_CURVE('',#5259,#5409,#6621,.T.);
#6621 = LINE('',#6622,#6623);
#6622 = CARTESIAN_POINT('',(-0.15,-4.85,-3.5));
#6623 = VECTOR('',#6624,1.);
#6624 = DIRECTION('',(0.,1.,3.330669073875E-16));
#6625 = ORIENTED_EDGE('',*,*,#5408,.T.);
#6626 = ORIENTED_EDGE('',*,*,#6602,.F.);
#6627 = PLANE('',#6628);
#6628 = AXIS2_PLACEMENT_3D('',#6629,#6630,#6631);
#6629 = CARTESIAN_POINT('',(-0.15,-4.85,-3.5));
#6630 = DIRECTION('',(1.,0.,0.));
#6631 = DIRECTION('',(0.,-5.551115123126E-16,1.));
#6632 = ADVANCED_FACE('',(#6633),#6644,.F.);
#6633 = FACE_BOUND('',#6634,.F.);
#6634 = EDGE_LOOP('',(#6635,#6641,#6642,#6643));
#6635 = ORIENTED_EDGE('',*,*,#6636,.T.);
#6636 = EDGE_CURVE('',#5267,#5417,#6637,.T.);
#6637 = LINE('',#6638,#6639);
#6638 = CARTESIAN_POINT('',(0.15,-4.85,-3.5));
#6639 = VECTOR('',#6640,1.);
#6640 = DIRECTION('',(0.,1.,3.330669073875E-16));
#6641 = ORIENTED_EDGE('',*,*,#5416,.T.);
#6642 = ORIENTED_EDGE('',*,*,#6620,.F.);
#6643 = ORIENTED_EDGE('',*,*,#5266,.F.);
#6644 = PLANE('',#6645);
#6645 = AXIS2_PLACEMENT_3D('',#6646,#6647,#6648);
#6646 = CARTESIAN_POINT('',(0.15,-4.85,-3.5));
#6647 = DIRECTION('',(0.,-3.330669073875E-16,1.));
#6648 = DIRECTION('',(-1.,0.,0.));
#6649 = ADVANCED_FACE('',(#6650),#6661,.F.);
#6650 = FACE_BOUND('',#6651,.F.);
#6651 = EDGE_LOOP('',(#6652,#6653,#6659,#6660));
#6652 = ORIENTED_EDGE('',*,*,#5274,.F.);
#6653 = ORIENTED_EDGE('',*,*,#6654,.T.);
#6654 = EDGE_CURVE('',#5275,#5425,#6655,.T.);
#6655 = LINE('',#6656,#6657);
#6656 = CARTESIAN_POINT('',(0.15,-4.85,-2.542562962528));
#6657 = VECTOR('',#6658,1.);
#6658 = DIRECTION('',(0.,1.,3.330669073875E-16));
#6659 = ORIENTED_EDGE('',*,*,#5424,.T.);
#6660 = ORIENTED_EDGE('',*,*,#6636,.F.);
#6661 = PLANE('',#6662);
#6662 = AXIS2_PLACEMENT_3D('',#6663,#6664,#6665);
#6663 = CARTESIAN_POINT('',(0.15,-4.85,-2.5));
#6664 = DIRECTION('',(-1.,0.,-0.));
#6665 = DIRECTION('',(0.,5.551115123126E-16,-1.));
#6666 = ADVANCED_FACE('',(#6667),#6678,.T.);
#6667 = FACE_BOUND('',#6668,.T.);
#6668 = EDGE_LOOP('',(#6669,#6670,#6676,#6677));
#6669 = ORIENTED_EDGE('',*,*,#5316,.T.);
#6670 = ORIENTED_EDGE('',*,*,#6671,.T.);
#6671 = EDGE_CURVE('',#5309,#5459,#6672,.T.);
#6672 = LINE('',#6673,#6674);
#6673 = CARTESIAN_POINT('',(0.137769622714,-4.85,-0.540767924286));
#6674 = VECTOR('',#6675,1.);
#6675 = DIRECTION('',(0.,1.,3.330669073875E-16));
#6676 = ORIENTED_EDGE('',*,*,#5466,.F.);
#6677 = ORIENTED_EDGE('',*,*,#6185,.F.);
#6678 = CYLINDRICAL_SURFACE('',#6679,0.29);
#6679 = AXIS2_PLACEMENT_3D('',#6680,#6681,#6682);
#6680 = CARTESIAN_POINT('',(-0.14,-4.85,-0.457437037472));
#6681 = DIRECTION('',(0.,1.,3.330669073875E-16));
#6682 = DIRECTION('',(1.,0.,-0.));
#6683 = ADVANCED_FACE('',(#6684),#6695,.T.);
#6684 = FACE_BOUND('',#6685,.T.);
#6685 = EDGE_LOOP('',(#6686,#6687,#6688,#6689));
#6686 = ORIENTED_EDGE('',*,*,#5282,.T.);
#6687 = ORIENTED_EDGE('',*,*,#6654,.T.);
#6688 = ORIENTED_EDGE('',*,*,#5432,.F.);
#6689 = ORIENTED_EDGE('',*,*,#6690,.F.);
#6690 = EDGE_CURVE('',#5283,#5433,#6691,.T.);
#6691 = LINE('',#6692,#6693);
#6692 = CARTESIAN_POINT('',(0.137769622714,-4.85,-2.459232075714));
#6693 = VECTOR('',#6694,1.);
#6694 = DIRECTION('',(0.,1.,3.330669073875E-16));
#6695 = CYLINDRICAL_SURFACE('',#6696,0.29);
#6696 = AXIS2_PLACEMENT_3D('',#6697,#6698,#6699);
#6697 = CARTESIAN_POINT('',(-0.14,-4.85,-2.542562962528));
#6698 = DIRECTION('',(0.,1.,3.330669073875E-16));
#6699 = DIRECTION('',(0.957826285221,-9.570607158983E-17,0.287347885566)
  );
#6700 = ADVANCED_FACE('',(#6701),#6712,.T.);
#6701 = FACE_BOUND('',#6702,.T.);
#6702 = EDGE_LOOP('',(#6703,#6704,#6710,#6711));
#6703 = ORIENTED_EDGE('',*,*,#5308,.F.);
#6704 = ORIENTED_EDGE('',*,*,#6705,.T.);
#6705 = EDGE_CURVE('',#5300,#5450,#6706,.T.);
#6706 = LINE('',#6707,#6708);
#6707 = CARTESIAN_POINT('',(-0.125000733956,-4.85,-1.416669113186));
#6708 = VECTOR('',#6709,1.);
#6709 = DIRECTION('',(0.,1.,3.330669073875E-16));
#6710 = ORIENTED_EDGE('',*,*,#5458,.T.);
#6711 = ORIENTED_EDGE('',*,*,#6671,.F.);
#6712 = PLANE('',#6713);
#6713 = AXIS2_PLACEMENT_3D('',#6714,#6715,#6716);
#6714 = CARTESIAN_POINT('',(-0.15,-4.85,-1.5));
#6715 = DIRECTION('',(0.957826285221,9.570607158995E-17,-0.287347885566)
  );
#6716 = DIRECTION('',(0.287347885566,-5.31700397722E-16,0.957826285221)
  );
#6717 = ADVANCED_FACE('',(#6718),#6729,.T.);
#6718 = FACE_BOUND('',#6719,.T.);
#6719 = EDGE_LOOP('',(#6720,#6721,#6722,#6723));
#6720 = ORIENTED_EDGE('',*,*,#5291,.F.);
#6721 = ORIENTED_EDGE('',*,*,#6690,.T.);
#6722 = ORIENTED_EDGE('',*,*,#5441,.T.);
#6723 = ORIENTED_EDGE('',*,*,#6724,.F.);
#6724 = EDGE_CURVE('',#5292,#5442,#6725,.T.);
#6725 = LINE('',#6726,#6727);
#6726 = CARTESIAN_POINT('',(-0.125000733956,-4.85,-1.583330886814));
#6727 = VECTOR('',#6728,1.);
#6728 = DIRECTION('',(0.,1.,3.330669073875E-16));
#6729 = PLANE('',#6730);
#6730 = AXIS2_PLACEMENT_3D('',#6731,#6732,#6733);
#6731 = CARTESIAN_POINT('',(0.15,-4.85,-2.5));
#6732 = DIRECTION('',(0.957826285221,-9.570607158995E-17,0.287347885566)
  );
#6733 = DIRECTION('',(-0.287347885566,-5.31700397722E-16,0.957826285221)
  );
#6734 = ADVANCED_FACE('',(#6735),#6741,.F.);
#6735 = FACE_BOUND('',#6736,.F.);
#6736 = EDGE_LOOP('',(#6737,#6738,#6739,#6740));
#6737 = ORIENTED_EDGE('',*,*,#6705,.T.);
#6738 = ORIENTED_EDGE('',*,*,#5449,.T.);
#6739 = ORIENTED_EDGE('',*,*,#6724,.F.);
#6740 = ORIENTED_EDGE('',*,*,#5299,.F.);
#6741 = CYLINDRICAL_SURFACE('',#6742,0.29);
#6742 = AXIS2_PLACEMENT_3D('',#6743,#6744,#6745);
#6743 = CARTESIAN_POINT('',(0.152768888758,-4.85,-1.5));
#6744 = DIRECTION('',(0.,1.,3.330669073875E-16));
#6745 = DIRECTION('',(-0.957826285221,-9.570607158983E-17,0.287347885566
    ));
#6746 = ADVANCED_FACE('',(#6747),#6763,.F.);
#6747 = FACE_BOUND('',#6748,.F.);
#6748 = EDGE_LOOP('',(#6749,#6750,#6756,#6757));
#6749 = ORIENTED_EDGE('',*,*,#5539,.F.);
#6750 = ORIENTED_EDGE('',*,*,#6751,.T.);
#6751 = EDGE_CURVE('',#5540,#5714,#6752,.T.);
#6752 = LINE('',#6753,#6754);
#6753 = CARTESIAN_POINT('',(6.462230377286,-4.85,-0.540767924286));
#6754 = VECTOR('',#6755,1.);
#6755 = DIRECTION('',(0.,1.,3.330669073875E-16));
#6756 = ORIENTED_EDGE('',*,*,#5713,.T.);
#6757 = ORIENTED_EDGE('',*,*,#6758,.F.);
#6758 = EDGE_CURVE('',#5542,#5716,#6759,.T.);
#6759 = LINE('',#6760,#6761);
#6760 = CARTESIAN_POINT('',(6.725000733956,-4.85,-1.416669113186));
#6761 = VECTOR('',#6762,1.);
#6762 = DIRECTION('',(0.,1.,3.330669073875E-16));
#6763 = PLANE('',#6764);
#6764 = AXIS2_PLACEMENT_3D('',#6765,#6766,#6767);
#6765 = CARTESIAN_POINT('',(6.45,-4.85,-0.5));
#6766 = DIRECTION('',(-0.957826285221,9.570607158995E-17,-0.287347885566
    ));
#6767 = DIRECTION('',(0.287347885566,5.31700397722E-16,-0.957826285221)
  );
#6768 = ADVANCED_FACE('',(#6769),#6780,.F.);
#6769 = FACE_BOUND('',#6770,.F.);
#6770 = EDGE_LOOP('',(#6771,#6772,#6778,#6779));
#6771 = ORIENTED_EDGE('',*,*,#5674,.T.);
#6772 = ORIENTED_EDGE('',*,*,#6773,.T.);
#6773 = EDGE_CURVE('',#5667,#5834,#6774,.T.);
#6774 = LINE('',#6775,#6776);
#6775 = CARTESIAN_POINT('',(6.45,-4.85,-0.457437037472));
#6776 = VECTOR('',#6777,1.);
#6777 = DIRECTION('',(0.,1.,3.330669073875E-16));
#6778 = ORIENTED_EDGE('',*,*,#5841,.F.);
#6779 = ORIENTED_EDGE('',*,*,#6751,.F.);
#6780 = CYLINDRICAL_SURFACE('',#6781,0.29);
#6781 = AXIS2_PLACEMENT_3D('',#6782,#6783,#6784);
#6782 = CARTESIAN_POINT('',(6.74,-4.85,-0.457437037472));
#6783 = DIRECTION('',(0.,1.,3.330669073875E-16));
#6784 = DIRECTION('',(-0.957826285221,9.570607158983E-17,-0.287347885566
    ));
#6785 = ADVANCED_FACE('',(#6786),#6797,.T.);
#6786 = FACE_BOUND('',#6787,.T.);
#6787 = EDGE_LOOP('',(#6788,#6789,#6795,#6796));
#6788 = ORIENTED_EDGE('',*,*,#5549,.T.);
#6789 = ORIENTED_EDGE('',*,*,#6790,.T.);
#6790 = EDGE_CURVE('',#5550,#5724,#6791,.T.);
#6791 = LINE('',#6792,#6793);
#6792 = CARTESIAN_POINT('',(6.725000733956,-4.85,-1.583330886814));
#6793 = VECTOR('',#6794,1.);
#6794 = DIRECTION('',(0.,1.,3.330669073875E-16));
#6795 = ORIENTED_EDGE('',*,*,#5723,.F.);
#6796 = ORIENTED_EDGE('',*,*,#6758,.F.);
#6797 = CYLINDRICAL_SURFACE('',#6798,0.29);
#6798 = AXIS2_PLACEMENT_3D('',#6799,#6800,#6801);
#6799 = CARTESIAN_POINT('',(6.447231111242,-4.85,-1.5));
#6800 = DIRECTION('',(0.,1.,3.330669073875E-16));
#6801 = DIRECTION('',(0.957826285221,-9.570607158983E-17,0.287347885566)
  );
#6802 = ADVANCED_FACE('',(#6803),#6814,.T.);
#6803 = FACE_BOUND('',#6804,.T.);
#6804 = EDGE_LOOP('',(#6805,#6806,#6807,#6808));
#6805 = ORIENTED_EDGE('',*,*,#5666,.F.);
#6806 = ORIENTED_EDGE('',*,*,#6773,.T.);
#6807 = ORIENTED_EDGE('',*,*,#5833,.T.);
#6808 = ORIENTED_EDGE('',*,*,#6809,.F.);
#6809 = EDGE_CURVE('',#5658,#5825,#6810,.T.);
#6810 = LINE('',#6811,#6812);
#6811 = CARTESIAN_POINT('',(6.45,-4.85,1.21));
#6812 = VECTOR('',#6813,1.);
#6813 = DIRECTION('',(0.,1.,3.330669073875E-16));
#6814 = PLANE('',#6815);
#6815 = AXIS2_PLACEMENT_3D('',#6816,#6817,#6818);
#6816 = CARTESIAN_POINT('',(6.45,-4.85,-0.5));
#6817 = DIRECTION('',(1.,0.,0.));
#6818 = DIRECTION('',(0.,-5.551115123126E-16,1.));
#6819 = ADVANCED_FACE('',(#6820),#6831,.F.);
#6820 = FACE_BOUND('',#6821,.F.);
#6821 = EDGE_LOOP('',(#6822,#6823,#6824,#6825));
#6822 = ORIENTED_EDGE('',*,*,#5558,.F.);
#6823 = ORIENTED_EDGE('',*,*,#6790,.T.);
#6824 = ORIENTED_EDGE('',*,*,#5732,.T.);
#6825 = ORIENTED_EDGE('',*,*,#6826,.F.);
#6826 = EDGE_CURVE('',#5559,#5733,#6827,.T.);
#6827 = LINE('',#6828,#6829);
#6828 = CARTESIAN_POINT('',(6.462230377286,-4.85,-2.459232075714));
#6829 = VECTOR('',#6830,1.);
#6830 = DIRECTION('',(0.,1.,3.330669073875E-16));
#6831 = PLANE('',#6832);
#6832 = AXIS2_PLACEMENT_3D('',#6833,#6834,#6835);
#6833 = CARTESIAN_POINT('',(6.75,-4.85,-1.5));
#6834 = DIRECTION('',(-0.957826285221,-9.570607158995E-17,0.287347885566
    ));
#6835 = DIRECTION('',(-0.287347885566,5.31700397722E-16,-0.957826285221)
  );
#6836 = ADVANCED_FACE('',(#6837),#6843,.T.);
#6837 = FACE_BOUND('',#6838,.T.);
#6838 = EDGE_LOOP('',(#6839,#6840,#6841,#6842));
#6839 = ORIENTED_EDGE('',*,*,#6809,.T.);
#6840 = ORIENTED_EDGE('',*,*,#5824,.T.);
#6841 = ORIENTED_EDGE('',*,*,#5690,.F.);
#6842 = ORIENTED_EDGE('',*,*,#5657,.F.);
#6843 = CYLINDRICAL_SURFACE('',#6844,0.29);
#6844 = AXIS2_PLACEMENT_3D('',#6845,#6846,#6847);
#6845 = CARTESIAN_POINT('',(6.16,-4.85,1.21));
#6846 = DIRECTION('',(0.,1.,3.330669073875E-16));
#6847 = DIRECTION('',(1.,0.,-0.));
#6848 = ADVANCED_FACE('',(#6849),#6860,.F.);
#6849 = FACE_BOUND('',#6850,.F.);
#6850 = EDGE_LOOP('',(#6851,#6852,#6853,#6854));
#6851 = ORIENTED_EDGE('',*,*,#5566,.T.);
#6852 = ORIENTED_EDGE('',*,*,#6826,.T.);
#6853 = ORIENTED_EDGE('',*,*,#5740,.F.);
#6854 = ORIENTED_EDGE('',*,*,#6855,.F.);
#6855 = EDGE_CURVE('',#5567,#5741,#6856,.T.);
#6856 = LINE('',#6857,#6858);
#6857 = CARTESIAN_POINT('',(6.45,-4.85,-2.542562962528));
#6858 = VECTOR('',#6859,1.);
#6859 = DIRECTION('',(0.,1.,3.330669073875E-16));
#6860 = CYLINDRICAL_SURFACE('',#6861,0.29);
#6861 = AXIS2_PLACEMENT_3D('',#6862,#6863,#6864);
#6862 = CARTESIAN_POINT('',(6.74,-4.85,-2.542562962528));
#6863 = DIRECTION('',(0.,1.,3.330669073875E-16));
#6864 = DIRECTION('',(-1.,0.,0.));
#6865 = ADVANCED_FACE('',(#6866),#6877,.T.);
#6866 = FACE_BOUND('',#6867,.T.);
#6867 = EDGE_LOOP('',(#6868,#6869,#6875,#6876));
#6868 = ORIENTED_EDGE('',*,*,#5575,.F.);
#6869 = ORIENTED_EDGE('',*,*,#6870,.T.);
#6870 = EDGE_CURVE('',#5576,#5750,#6871,.T.);
#6871 = LINE('',#6872,#6873);
#6872 = CARTESIAN_POINT('',(6.45,-4.85,-3.5));
#6873 = VECTOR('',#6874,1.);
#6874 = DIRECTION('',(0.,1.,3.330669073875E-16));
#6875 = ORIENTED_EDGE('',*,*,#5749,.T.);
#6876 = ORIENTED_EDGE('',*,*,#6855,.F.);
#6877 = PLANE('',#6878);
#6878 = AXIS2_PLACEMENT_3D('',#6879,#6880,#6881);
#6879 = CARTESIAN_POINT('',(6.45,-4.85,-3.5));
#6880 = DIRECTION('',(1.,0.,0.));
#6881 = DIRECTION('',(0.,-5.551115123126E-16,1.));
#6882 = ADVANCED_FACE('',(#6883),#6894,.T.);
#6883 = FACE_BOUND('',#6884,.T.);
#6884 = EDGE_LOOP('',(#6885,#6891,#6892,#6893));
#6885 = ORIENTED_EDGE('',*,*,#6886,.T.);
#6886 = EDGE_CURVE('',#5584,#5758,#6887,.T.);
#6887 = LINE('',#6888,#6889);
#6888 = CARTESIAN_POINT('',(6.15,-4.85,-3.5));
#6889 = VECTOR('',#6890,1.);
#6890 = DIRECTION('',(0.,1.,3.330669073875E-16));
#6891 = ORIENTED_EDGE('',*,*,#5757,.T.);
#6892 = ORIENTED_EDGE('',*,*,#6870,.F.);
#6893 = ORIENTED_EDGE('',*,*,#5583,.F.);
#6894 = PLANE('',#6895);
#6895 = AXIS2_PLACEMENT_3D('',#6896,#6897,#6898);
#6896 = CARTESIAN_POINT('',(6.15,-4.85,-3.5));
#6897 = DIRECTION('',(0.,3.330669073875E-16,-1.));
#6898 = DIRECTION('',(1.,0.,0.));
#6899 = ADVANCED_FACE('',(#6900),#6911,.T.);
#6900 = FACE_BOUND('',#6901,.T.);
#6901 = EDGE_LOOP('',(#6902,#6903,#6909,#6910));
#6902 = ORIENTED_EDGE('',*,*,#5591,.F.);
#6903 = ORIENTED_EDGE('',*,*,#6904,.T.);
#6904 = EDGE_CURVE('',#5592,#5766,#6905,.T.);
#6905 = LINE('',#6906,#6907);
#6906 = CARTESIAN_POINT('',(6.15,-4.85,-2.542562962528));
#6907 = VECTOR('',#6908,1.);
#6908 = DIRECTION('',(0.,1.,3.330669073875E-16));
#6909 = ORIENTED_EDGE('',*,*,#5765,.T.);
#6910 = ORIENTED_EDGE('',*,*,#6886,.F.);
#6911 = PLANE('',#6912);
#6912 = AXIS2_PLACEMENT_3D('',#6913,#6914,#6915);
#6913 = CARTESIAN_POINT('',(6.15,-4.85,-2.5));
#6914 = DIRECTION('',(-1.,0.,-0.));
#6915 = DIRECTION('',(0.,5.551115123126E-16,-1.));
#6916 = ADVANCED_FACE('',(#6917),#6928,.T.);
#6917 = FACE_BOUND('',#6918,.T.);
#6918 = EDGE_LOOP('',(#6919,#6920,#6921,#6927));
#6919 = ORIENTED_EDGE('',*,*,#6202,.T.);
#6920 = ORIENTED_EDGE('',*,*,#5807,.T.);
#6921 = ORIENTED_EDGE('',*,*,#6922,.F.);
#6922 = EDGE_CURVE('',#5626,#5800,#6923,.T.);
#6923 = LINE('',#6924,#6925);
#6924 = CARTESIAN_POINT('',(6.162230377286,-4.85,-0.540767924286));
#6925 = VECTOR('',#6926,1.);
#6926 = DIRECTION('',(0.,1.,3.330669073875E-16));
#6927 = ORIENTED_EDGE('',*,*,#5633,.F.);
#6928 = CYLINDRICAL_SURFACE('',#6929,0.29);
#6929 = AXIS2_PLACEMENT_3D('',#6930,#6931,#6932);
#6930 = CARTESIAN_POINT('',(6.44,-4.85,-0.457437037472));
#6931 = DIRECTION('',(0.,1.,3.330669073875E-16));
#6932 = DIRECTION('',(-1.,0.,0.));
#6933 = ADVANCED_FACE('',(#6934),#6945,.T.);
#6934 = FACE_BOUND('',#6935,.T.);
#6935 = EDGE_LOOP('',(#6936,#6942,#6943,#6944));
#6936 = ORIENTED_EDGE('',*,*,#6937,.T.);
#6937 = EDGE_CURVE('',#5600,#5774,#6938,.T.);
#6938 = LINE('',#6939,#6940);
#6939 = CARTESIAN_POINT('',(6.162230377286,-4.85,-2.459232075714));
#6940 = VECTOR('',#6941,1.);
#6941 = DIRECTION('',(0.,1.,3.330669073875E-16));
#6942 = ORIENTED_EDGE('',*,*,#5773,.T.);
#6943 = ORIENTED_EDGE('',*,*,#6904,.F.);
#6944 = ORIENTED_EDGE('',*,*,#5599,.F.);
#6945 = CYLINDRICAL_SURFACE('',#6946,0.29);
#6946 = AXIS2_PLACEMENT_3D('',#6947,#6948,#6949);
#6947 = CARTESIAN_POINT('',(6.44,-4.85,-2.542562962528));
#6948 = DIRECTION('',(0.,1.,3.330669073875E-16));
#6949 = DIRECTION('',(-0.957826285221,-9.570607158983E-17,0.287347885566
    ));
#6950 = ADVANCED_FACE('',(#6951),#6962,.F.);
#6951 = FACE_BOUND('',#6952,.F.);
#6952 = EDGE_LOOP('',(#6953,#6954,#6960,#6961));
#6953 = ORIENTED_EDGE('',*,*,#5625,.F.);
#6954 = ORIENTED_EDGE('',*,*,#6955,.T.);
#6955 = EDGE_CURVE('',#5617,#5791,#6956,.T.);
#6956 = LINE('',#6957,#6958);
#6957 = CARTESIAN_POINT('',(6.425000733956,-4.85,-1.416669113186));
#6958 = VECTOR('',#6959,1.);
#6959 = DIRECTION('',(0.,1.,3.330669073875E-16));
#6960 = ORIENTED_EDGE('',*,*,#5799,.T.);
#6961 = ORIENTED_EDGE('',*,*,#6922,.F.);
#6962 = PLANE('',#6963);
#6963 = AXIS2_PLACEMENT_3D('',#6964,#6965,#6966);
#6964 = CARTESIAN_POINT('',(6.45,-4.85,-1.5));
#6965 = DIRECTION('',(0.957826285221,-9.570607158995E-17,0.287347885566)
  );
#6966 = DIRECTION('',(-0.287347885566,-5.31700397722E-16,0.957826285221)
  );
#6967 = ADVANCED_FACE('',(#6968),#6979,.F.);
#6968 = FACE_BOUND('',#6969,.F.);
#6969 = EDGE_LOOP('',(#6970,#6971,#6972,#6973));
#6970 = ORIENTED_EDGE('',*,*,#5608,.F.);
#6971 = ORIENTED_EDGE('',*,*,#6937,.T.);
#6972 = ORIENTED_EDGE('',*,*,#5782,.T.);
#6973 = ORIENTED_EDGE('',*,*,#6974,.F.);
#6974 = EDGE_CURVE('',#5609,#5783,#6975,.T.);
#6975 = LINE('',#6976,#6977);
#6976 = CARTESIAN_POINT('',(6.425000733956,-4.85,-1.583330886814));
#6977 = VECTOR('',#6978,1.);
#6978 = DIRECTION('',(0.,1.,3.330669073875E-16));
#6979 = PLANE('',#6980);
#6980 = AXIS2_PLACEMENT_3D('',#6981,#6982,#6983);
#6981 = CARTESIAN_POINT('',(6.15,-4.85,-2.5));
#6982 = DIRECTION('',(0.957826285221,9.570607158995E-17,-0.287347885566)
  );
#6983 = DIRECTION('',(0.287347885566,-5.31700397722E-16,0.957826285221)
  );
#6984 = ADVANCED_FACE('',(#6985),#6991,.F.);
#6985 = FACE_BOUND('',#6986,.F.);
#6986 = EDGE_LOOP('',(#6987,#6988,#6989,#6990));
#6987 = ORIENTED_EDGE('',*,*,#5616,.T.);
#6988 = ORIENTED_EDGE('',*,*,#6974,.T.);
#6989 = ORIENTED_EDGE('',*,*,#5790,.F.);
#6990 = ORIENTED_EDGE('',*,*,#6955,.F.);
#6991 = CYLINDRICAL_SURFACE('',#6992,0.29);
#6992 = AXIS2_PLACEMENT_3D('',#6993,#6994,#6995);
#6993 = CARTESIAN_POINT('',(6.147231111242,-4.85,-1.5));
#6994 = DIRECTION('',(0.,1.,3.330669073875E-16));
#6995 = DIRECTION('',(0.957826285221,-9.570607158983E-17,0.287347885566)
  );
#6996 = ADVANCED_FACE('',(#6997),#7013,.F.);
#6997 = FACE_BOUND('',#6998,.F.);
#6998 = EDGE_LOOP('',(#6999,#7000,#7006,#7007));
#6999 = ORIENTED_EDGE('',*,*,#6006,.F.);
#7000 = ORIENTED_EDGE('',*,*,#7001,.T.);
#7001 = EDGE_CURVE('',#6007,#5857,#7002,.T.);
#7002 = LINE('',#7003,#7004);
#7003 = CARTESIAN_POINT('',(6.462230377286,-0.35,-0.540767924286));
#7004 = VECTOR('',#7005,1.);
#7005 = DIRECTION('',(0.,1.,3.330669073875E-16));
#7006 = ORIENTED_EDGE('',*,*,#5856,.T.);
#7007 = ORIENTED_EDGE('',*,*,#7008,.F.);
#7008 = EDGE_CURVE('',#6009,#5859,#7009,.T.);
#7009 = LINE('',#7010,#7011);
#7010 = CARTESIAN_POINT('',(6.725000733956,-0.35,-1.416669113186));
#7011 = VECTOR('',#7012,1.);
#7012 = DIRECTION('',(0.,1.,3.330669073875E-16));
#7013 = PLANE('',#7014);
#7014 = AXIS2_PLACEMENT_3D('',#7015,#7016,#7017);
#7015 = CARTESIAN_POINT('',(6.45,-0.35,-0.5));
#7016 = DIRECTION('',(-0.957826285221,9.570607158995E-17,-0.287347885566
    ));
#7017 = DIRECTION('',(0.287347885566,5.31700397722E-16,-0.957826285221)
  );
#7018 = ADVANCED_FACE('',(#7019),#7030,.F.);
#7019 = FACE_BOUND('',#7020,.F.);
#7020 = EDGE_LOOP('',(#7021,#7022,#7028,#7029));
#7021 = ORIENTED_EDGE('',*,*,#6141,.T.);
#7022 = ORIENTED_EDGE('',*,*,#7023,.T.);
#7023 = EDGE_CURVE('',#6134,#5984,#7024,.T.);
#7024 = LINE('',#7025,#7026);
#7025 = CARTESIAN_POINT('',(6.45,-0.35,-0.457437037472));
#7026 = VECTOR('',#7027,1.);
#7027 = DIRECTION('',(0.,1.,3.330669073875E-16));
#7028 = ORIENTED_EDGE('',*,*,#5991,.F.);
#7029 = ORIENTED_EDGE('',*,*,#7001,.F.);
#7030 = CYLINDRICAL_SURFACE('',#7031,0.29);
#7031 = AXIS2_PLACEMENT_3D('',#7032,#7033,#7034);
#7032 = CARTESIAN_POINT('',(6.74,-0.35,-0.457437037472));
#7033 = DIRECTION('',(0.,1.,3.330669073875E-16));
#7034 = DIRECTION('',(-0.957826285221,9.570607158983E-17,-0.287347885566
    ));
#7035 = ADVANCED_FACE('',(#7036),#7047,.T.);
#7036 = FACE_BOUND('',#7037,.T.);
#7037 = EDGE_LOOP('',(#7038,#7039,#7045,#7046));
#7038 = ORIENTED_EDGE('',*,*,#6016,.T.);
#7039 = ORIENTED_EDGE('',*,*,#7040,.T.);
#7040 = EDGE_CURVE('',#6017,#5867,#7041,.T.);
#7041 = LINE('',#7042,#7043);
#7042 = CARTESIAN_POINT('',(6.725000733956,-0.35,-1.583330886814));
#7043 = VECTOR('',#7044,1.);
#7044 = DIRECTION('',(0.,1.,3.330669073875E-16));
#7045 = ORIENTED_EDGE('',*,*,#5866,.F.);
#7046 = ORIENTED_EDGE('',*,*,#7008,.F.);
#7047 = CYLINDRICAL_SURFACE('',#7048,0.29);
#7048 = AXIS2_PLACEMENT_3D('',#7049,#7050,#7051);
#7049 = CARTESIAN_POINT('',(6.447231111242,-0.35,-1.5));
#7050 = DIRECTION('',(0.,1.,3.330669073875E-16));
#7051 = DIRECTION('',(0.957826285221,-9.570607158983E-17,0.287347885566)
  );
#7052 = ADVANCED_FACE('',(#7053),#7064,.T.);
#7053 = FACE_BOUND('',#7054,.T.);
#7054 = EDGE_LOOP('',(#7055,#7056,#7057,#7058));
#7055 = ORIENTED_EDGE('',*,*,#6133,.F.);
#7056 = ORIENTED_EDGE('',*,*,#7023,.T.);
#7057 = ORIENTED_EDGE('',*,*,#5983,.T.);
#7058 = ORIENTED_EDGE('',*,*,#7059,.F.);
#7059 = EDGE_CURVE('',#6125,#5975,#7060,.T.);
#7060 = LINE('',#7061,#7062);
#7061 = CARTESIAN_POINT('',(6.45,-0.35,1.21));
#7062 = VECTOR('',#7063,1.);
#7063 = DIRECTION('',(0.,1.,3.330669073875E-16));
#7064 = PLANE('',#7065);
#7065 = AXIS2_PLACEMENT_3D('',#7066,#7067,#7068);
#7066 = CARTESIAN_POINT('',(6.45,-0.35,-0.5));
#7067 = DIRECTION('',(1.,0.,0.));
#7068 = DIRECTION('',(0.,-5.551115123126E-16,1.));
#7069 = ADVANCED_FACE('',(#7070),#7081,.F.);
#7070 = FACE_BOUND('',#7071,.F.);
#7071 = EDGE_LOOP('',(#7072,#7073,#7074,#7075));
#7072 = ORIENTED_EDGE('',*,*,#6025,.F.);
#7073 = ORIENTED_EDGE('',*,*,#7040,.T.);
#7074 = ORIENTED_EDGE('',*,*,#5875,.T.);
#7075 = ORIENTED_EDGE('',*,*,#7076,.F.);
#7076 = EDGE_CURVE('',#6026,#5876,#7077,.T.);
#7077 = LINE('',#7078,#7079);
#7078 = CARTESIAN_POINT('',(6.462230377286,-0.35,-2.459232075714));
#7079 = VECTOR('',#7080,1.);
#7080 = DIRECTION('',(0.,1.,3.330669073875E-16));
#7081 = PLANE('',#7082);
#7082 = AXIS2_PLACEMENT_3D('',#7083,#7084,#7085);
#7083 = CARTESIAN_POINT('',(6.75,-0.35,-1.5));
#7084 = DIRECTION('',(-0.957826285221,-9.570607158995E-17,0.287347885566
    ));
#7085 = DIRECTION('',(-0.287347885566,5.31700397722E-16,-0.957826285221)
  );
#7086 = ADVANCED_FACE('',(#7087),#7093,.T.);
#7087 = FACE_BOUND('',#7088,.T.);
#7088 = EDGE_LOOP('',(#7089,#7090,#7091,#7092));
#7089 = ORIENTED_EDGE('',*,*,#7059,.T.);
#7090 = ORIENTED_EDGE('',*,*,#5974,.T.);
#7091 = ORIENTED_EDGE('',*,*,#6157,.F.);
#7092 = ORIENTED_EDGE('',*,*,#6124,.F.);
#7093 = CYLINDRICAL_SURFACE('',#7094,0.29);
#7094 = AXIS2_PLACEMENT_3D('',#7095,#7096,#7097);
#7095 = CARTESIAN_POINT('',(6.16,-0.35,1.21));
#7096 = DIRECTION('',(0.,1.,3.330669073875E-16));
#7097 = DIRECTION('',(1.,0.,-0.));
#7098 = ADVANCED_FACE('',(#7099),#7110,.F.);
#7099 = FACE_BOUND('',#7100,.F.);
#7100 = EDGE_LOOP('',(#7101,#7102,#7103,#7104));
#7101 = ORIENTED_EDGE('',*,*,#6033,.T.);
#7102 = ORIENTED_EDGE('',*,*,#7076,.T.);
#7103 = ORIENTED_EDGE('',*,*,#5883,.F.);
#7104 = ORIENTED_EDGE('',*,*,#7105,.F.);
#7105 = EDGE_CURVE('',#6034,#5884,#7106,.T.);
#7106 = LINE('',#7107,#7108);
#7107 = CARTESIAN_POINT('',(6.45,-0.35,-2.542562962528));
#7108 = VECTOR('',#7109,1.);
#7109 = DIRECTION('',(0.,1.,3.330669073875E-16));
#7110 = CYLINDRICAL_SURFACE('',#7111,0.29);
#7111 = AXIS2_PLACEMENT_3D('',#7112,#7113,#7114);
#7112 = CARTESIAN_POINT('',(6.74,-0.35,-2.542562962528));
#7113 = DIRECTION('',(0.,1.,3.330669073875E-16));
#7114 = DIRECTION('',(-1.,0.,0.));
#7115 = ADVANCED_FACE('',(#7116),#7127,.T.);
#7116 = FACE_BOUND('',#7117,.T.);
#7117 = EDGE_LOOP('',(#7118,#7119,#7125,#7126));
#7118 = ORIENTED_EDGE('',*,*,#6042,.F.);
#7119 = ORIENTED_EDGE('',*,*,#7120,.T.);
#7120 = EDGE_CURVE('',#6043,#5893,#7121,.T.);
#7121 = LINE('',#7122,#7123);
#7122 = CARTESIAN_POINT('',(6.45,-0.35,-3.5));
#7123 = VECTOR('',#7124,1.);
#7124 = DIRECTION('',(0.,1.,3.330669073875E-16));
#7125 = ORIENTED_EDGE('',*,*,#5892,.T.);
#7126 = ORIENTED_EDGE('',*,*,#7105,.F.);
#7127 = PLANE('',#7128);
#7128 = AXIS2_PLACEMENT_3D('',#7129,#7130,#7131);
#7129 = CARTESIAN_POINT('',(6.45,-0.35,-3.5));
#7130 = DIRECTION('',(1.,0.,0.));
#7131 = DIRECTION('',(0.,-5.551115123126E-16,1.));
#7132 = ADVANCED_FACE('',(#7133),#7144,.T.);
#7133 = FACE_BOUND('',#7134,.T.);
#7134 = EDGE_LOOP('',(#7135,#7141,#7142,#7143));
#7135 = ORIENTED_EDGE('',*,*,#7136,.T.);
#7136 = EDGE_CURVE('',#6051,#5901,#7137,.T.);
#7137 = LINE('',#7138,#7139);
#7138 = CARTESIAN_POINT('',(6.15,-0.35,-3.5));
#7139 = VECTOR('',#7140,1.);
#7140 = DIRECTION('',(0.,1.,3.330669073875E-16));
#7141 = ORIENTED_EDGE('',*,*,#5900,.T.);
#7142 = ORIENTED_EDGE('',*,*,#7120,.F.);
#7143 = ORIENTED_EDGE('',*,*,#6050,.F.);
#7144 = PLANE('',#7145);
#7145 = AXIS2_PLACEMENT_3D('',#7146,#7147,#7148);
#7146 = CARTESIAN_POINT('',(6.15,-0.35,-3.5));
#7147 = DIRECTION('',(0.,3.330669073875E-16,-1.));
#7148 = DIRECTION('',(1.,0.,0.));
#7149 = ADVANCED_FACE('',(#7150),#7161,.T.);
#7150 = FACE_BOUND('',#7151,.T.);
#7151 = EDGE_LOOP('',(#7152,#7153,#7159,#7160));
#7152 = ORIENTED_EDGE('',*,*,#6058,.F.);
#7153 = ORIENTED_EDGE('',*,*,#7154,.T.);
#7154 = EDGE_CURVE('',#6059,#5909,#7155,.T.);
#7155 = LINE('',#7156,#7157);
#7156 = CARTESIAN_POINT('',(6.15,-0.35,-2.542562962528));
#7157 = VECTOR('',#7158,1.);
#7158 = DIRECTION('',(0.,1.,3.330669073875E-16));
#7159 = ORIENTED_EDGE('',*,*,#5908,.T.);
#7160 = ORIENTED_EDGE('',*,*,#7136,.F.);
#7161 = PLANE('',#7162);
#7162 = AXIS2_PLACEMENT_3D('',#7163,#7164,#7165);
#7163 = CARTESIAN_POINT('',(6.15,-0.35,-2.5));
#7164 = DIRECTION('',(-1.,0.,-0.));
#7165 = DIRECTION('',(0.,5.551115123126E-16,-1.));
#7166 = ADVANCED_FACE('',(#7167),#7178,.T.);
#7167 = FACE_BOUND('',#7168,.T.);
#7168 = EDGE_LOOP('',(#7169,#7170,#7171,#7177));
#7169 = ORIENTED_EDGE('',*,*,#6236,.T.);
#7170 = ORIENTED_EDGE('',*,*,#5950,.T.);
#7171 = ORIENTED_EDGE('',*,*,#7172,.F.);
#7172 = EDGE_CURVE('',#6093,#5943,#7173,.T.);
#7173 = LINE('',#7174,#7175);
#7174 = CARTESIAN_POINT('',(6.162230377286,-0.35,-0.540767924286));
#7175 = VECTOR('',#7176,1.);
#7176 = DIRECTION('',(0.,1.,3.330669073875E-16));
#7177 = ORIENTED_EDGE('',*,*,#6100,.F.);
#7178 = CYLINDRICAL_SURFACE('',#7179,0.29);
#7179 = AXIS2_PLACEMENT_3D('',#7180,#7181,#7182);
#7180 = CARTESIAN_POINT('',(6.44,-0.35,-0.457437037472));
#7181 = DIRECTION('',(0.,1.,3.330669073875E-16));
#7182 = DIRECTION('',(-1.,0.,0.));
#7183 = ADVANCED_FACE('',(#7184),#7195,.T.);
#7184 = FACE_BOUND('',#7185,.T.);
#7185 = EDGE_LOOP('',(#7186,#7192,#7193,#7194));
#7186 = ORIENTED_EDGE('',*,*,#7187,.T.);
#7187 = EDGE_CURVE('',#6067,#5917,#7188,.T.);
#7188 = LINE('',#7189,#7190);
#7189 = CARTESIAN_POINT('',(6.162230377286,-0.35,-2.459232075714));
#7190 = VECTOR('',#7191,1.);
#7191 = DIRECTION('',(0.,1.,3.330669073875E-16));
#7192 = ORIENTED_EDGE('',*,*,#5916,.T.);
#7193 = ORIENTED_EDGE('',*,*,#7154,.F.);
#7194 = ORIENTED_EDGE('',*,*,#6066,.F.);
#7195 = CYLINDRICAL_SURFACE('',#7196,0.29);
#7196 = AXIS2_PLACEMENT_3D('',#7197,#7198,#7199);
#7197 = CARTESIAN_POINT('',(6.44,-0.35,-2.542562962528));
#7198 = DIRECTION('',(0.,1.,3.330669073875E-16));
#7199 = DIRECTION('',(-0.957826285221,-9.570607158983E-17,0.287347885566
    ));
#7200 = ADVANCED_FACE('',(#7201),#7212,.F.);
#7201 = FACE_BOUND('',#7202,.F.);
#7202 = EDGE_LOOP('',(#7203,#7204,#7210,#7211));
#7203 = ORIENTED_EDGE('',*,*,#6092,.F.);
#7204 = ORIENTED_EDGE('',*,*,#7205,.T.);
#7205 = EDGE_CURVE('',#6084,#5934,#7206,.T.);
#7206 = LINE('',#7207,#7208);
#7207 = CARTESIAN_POINT('',(6.425000733956,-0.35,-1.416669113186));
#7208 = VECTOR('',#7209,1.);
#7209 = DIRECTION('',(0.,1.,3.330669073875E-16));
#7210 = ORIENTED_EDGE('',*,*,#5942,.T.);
#7211 = ORIENTED_EDGE('',*,*,#7172,.F.);
#7212 = PLANE('',#7213);
#7213 = AXIS2_PLACEMENT_3D('',#7214,#7215,#7216);
#7214 = CARTESIAN_POINT('',(6.45,-0.35,-1.5));
#7215 = DIRECTION('',(0.957826285221,-9.570607158995E-17,0.287347885566)
  );
#7216 = DIRECTION('',(-0.287347885566,-5.31700397722E-16,0.957826285221)
  );
#7217 = ADVANCED_FACE('',(#7218),#7229,.F.);
#7218 = FACE_BOUND('',#7219,.F.);
#7219 = EDGE_LOOP('',(#7220,#7221,#7222,#7223));
#7220 = ORIENTED_EDGE('',*,*,#6075,.F.);
#7221 = ORIENTED_EDGE('',*,*,#7187,.T.);
#7222 = ORIENTED_EDGE('',*,*,#5925,.T.);
#7223 = ORIENTED_EDGE('',*,*,#7224,.F.);
#7224 = EDGE_CURVE('',#6076,#5926,#7225,.T.);
#7225 = LINE('',#7226,#7227);
#7226 = CARTESIAN_POINT('',(6.425000733956,-0.35,-1.583330886814));
#7227 = VECTOR('',#7228,1.);
#7228 = DIRECTION('',(0.,1.,3.330669073875E-16));
#7229 = PLANE('',#7230);
#7230 = AXIS2_PLACEMENT_3D('',#7231,#7232,#7233);
#7231 = CARTESIAN_POINT('',(6.15,-0.35,-2.5));
#7232 = DIRECTION('',(0.957826285221,9.570607158995E-17,-0.287347885566)
  );
#7233 = DIRECTION('',(0.287347885566,-5.31700397722E-16,0.957826285221)
  );
#7234 = ADVANCED_FACE('',(#7235),#7241,.F.);
#7235 = FACE_BOUND('',#7236,.F.);
#7236 = EDGE_LOOP('',(#7237,#7238,#7239,#7240));
#7237 = ORIENTED_EDGE('',*,*,#6083,.T.);
#7238 = ORIENTED_EDGE('',*,*,#7224,.T.);
#7239 = ORIENTED_EDGE('',*,*,#5933,.F.);
#7240 = ORIENTED_EDGE('',*,*,#7205,.F.);
#7241 = CYLINDRICAL_SURFACE('',#7242,0.29);
#7242 = AXIS2_PLACEMENT_3D('',#7243,#7244,#7245);
#7243 = CARTESIAN_POINT('',(6.147231111242,-0.35,-1.5));
#7244 = DIRECTION('',(0.,1.,3.330669073875E-16));
#7245 = DIRECTION('',(0.957826285221,-9.570607158983E-17,0.287347885566)
  );
#7246 = ( GEOMETRIC_REPRESENTATION_CONTEXT(3) 
GLOBAL_UNCERTAINTY_ASSIGNED_CONTEXT((#7250)) 
GLOBAL_UNIT_ASSIGNED_CONTEXT((#7247,#7248,#7249)) REPRESENTATION_CONTEXT
('Context #1','3D Context with UNIT and UNCERTAINTY') );
#7247 = ( LENGTH_UNIT() NAMED_UNIT(*) SI_UNIT(.MILLI.,.METRE.) );
#7248 = ( NAMED_UNIT(*) PLANE_ANGLE_UNIT() SI_UNIT($,.RADIAN.) );
#7249 = ( NAMED_UNIT(*) SI_UNIT($,.STERADIAN.) SOLID_ANGLE_UNIT() );
#7250 = UNCERTAINTY_MEASURE_WITH_UNIT(LENGTH_MEASURE(1.E-07),#7247,
  'distance_accuracy_value','confusion accuracy');
#7251 = CONTEXT_DEPENDENT_SHAPE_REPRESENTATION(#7252,#7254);
#7252 = ( REPRESENTATION_RELATIONSHIP('','',#4016,#10) 
REPRESENTATION_RELATIONSHIP_WITH_TRANSFORMATION(#7253) 
SHAPE_REPRESENTATION_RELATIONSHIP() );
#7253 = ITEM_DEFINED_TRANSFORMATION('','',#11,#27);
#7254 = PRODUCT_DEFINITION_SHAPE('Placement','Placement of an item',
  #7255);
#7255 = NEXT_ASSEMBLY_USAGE_OCCURRENCE('4','SW1','',#5,#4011,$);
#7256 = PRODUCT_RELATED_PRODUCT_CATEGORY('part',$,(#4013));
#7257 = SHAPE_DEFINITION_REPRESENTATION(#7258,#7264);
#7258 = PRODUCT_DEFINITION_SHAPE('','',#7259);
#7259 = PRODUCT_DEFINITION('design','',#7260,#7263);
#7260 = PRODUCT_DEFINITION_FORMATION('','',#7261);
#7261 = PRODUCT('Display Unit_PCB','Display Unit_PCB','',(#7262));
#7262 = PRODUCT_CONTEXT('',#2,'mechanical');
#7263 = PRODUCT_DEFINITION_CONTEXT('part definition',#2,'design');
#7264 = ADVANCED_BREP_SHAPE_REPRESENTATION('',(#11,#7265),#8780);
#7265 = MANIFOLD_SOLID_BREP('',#7266);
#7266 = CLOSED_SHELL('',(#7267,#7307,#7338,#7369,#7771,#8173,#8185,#8202
    ,#8219,#8236,#8253,#8270,#8287,#8304,#8321,#8338,#8355,#8372,#8389,
    #8406,#8423,#8440,#8457,#8474,#8491,#8508,#8525,#8542,#8559,#8576,
    #8593,#8610,#8627,#8644,#8661,#8678,#8695,#8712,#8729,#8746,#8763));
#7267 = ADVANCED_FACE('',(#7268),#7302,.T.);
#7268 = FACE_BOUND('',#7269,.T.);
#7269 = EDGE_LOOP('',(#7270,#7280,#7288,#7296));
#7270 = ORIENTED_EDGE('',*,*,#7271,.T.);
#7271 = EDGE_CURVE('',#7272,#7274,#7276,.T.);
#7272 = VERTEX_POINT('',#7273);
#7273 = CARTESIAN_POINT('',(205.5,-93.,0.));
#7274 = VERTEX_POINT('',#7275);
#7275 = CARTESIAN_POINT('',(205.5,-93.,1.51));
#7276 = LINE('',#7277,#7278);
#7277 = CARTESIAN_POINT('',(205.5,-93.,0.));
#7278 = VECTOR('',#7279,1.);
#7279 = DIRECTION('',(0.,0.,1.));
#7280 = ORIENTED_EDGE('',*,*,#7281,.T.);
#7281 = EDGE_CURVE('',#7274,#7282,#7284,.T.);
#7282 = VERTEX_POINT('',#7283);
#7283 = CARTESIAN_POINT('',(84.,-93.,1.51));
#7284 = LINE('',#7285,#7286);
#7285 = CARTESIAN_POINT('',(205.5,-93.,1.51));
#7286 = VECTOR('',#7287,1.);
#7287 = DIRECTION('',(-1.,0.,0.));
#7288 = ORIENTED_EDGE('',*,*,#7289,.F.);
#7289 = EDGE_CURVE('',#7290,#7282,#7292,.T.);
#7290 = VERTEX_POINT('',#7291);
#7291 = CARTESIAN_POINT('',(84.,-93.,0.));
#7292 = LINE('',#7293,#7294);
#7293 = CARTESIAN_POINT('',(84.,-93.,0.));
#7294 = VECTOR('',#7295,1.);
#7295 = DIRECTION('',(0.,0.,1.));
#7296 = ORIENTED_EDGE('',*,*,#7297,.F.);
#7297 = EDGE_CURVE('',#7272,#7290,#7298,.T.);
#7298 = LINE('',#7299,#7300);
#7299 = CARTESIAN_POINT('',(205.5,-93.,0.));
#7300 = VECTOR('',#7301,1.);
#7301 = DIRECTION('',(-1.,0.,0.));
#7302 = PLANE('',#7303);
#7303 = AXIS2_PLACEMENT_3D('',#7304,#7305,#7306);
#7304 = CARTESIAN_POINT('',(205.5,-93.,0.));
#7305 = DIRECTION('',(0.,-1.,0.));
#7306 = DIRECTION('',(-1.,0.,0.));
#7307 = ADVANCED_FACE('',(#7308),#7333,.T.);
#7308 = FACE_BOUND('',#7309,.T.);
#7309 = EDGE_LOOP('',(#7310,#7320,#7326,#7327));
#7310 = ORIENTED_EDGE('',*,*,#7311,.T.);
#7311 = EDGE_CURVE('',#7312,#7314,#7316,.T.);
#7312 = VERTEX_POINT('',#7313);
#7313 = CARTESIAN_POINT('',(205.5,-53.,0.));
#7314 = VERTEX_POINT('',#7315);
#7315 = CARTESIAN_POINT('',(205.5,-53.,1.51));
#7316 = LINE('',#7317,#7318);
#7317 = CARTESIAN_POINT('',(205.5,-53.,0.));
#7318 = VECTOR('',#7319,1.);
#7319 = DIRECTION('',(0.,0.,1.));
#7320 = ORIENTED_EDGE('',*,*,#7321,.T.);
#7321 = EDGE_CURVE('',#7314,#7274,#7322,.T.);
#7322 = LINE('',#7323,#7324);
#7323 = CARTESIAN_POINT('',(205.5,-53.,1.51));
#7324 = VECTOR('',#7325,1.);
#7325 = DIRECTION('',(0.,-1.,0.));
#7326 = ORIENTED_EDGE('',*,*,#7271,.F.);
#7327 = ORIENTED_EDGE('',*,*,#7328,.F.);
#7328 = EDGE_CURVE('',#7312,#7272,#7329,.T.);
#7329 = LINE('',#7330,#7331);
#7330 = CARTESIAN_POINT('',(205.5,-53.,0.));
#7331 = VECTOR('',#7332,1.);
#7332 = DIRECTION('',(0.,-1.,0.));
#7333 = PLANE('',#7334);
#7334 = AXIS2_PLACEMENT_3D('',#7335,#7336,#7337);
#7335 = CARTESIAN_POINT('',(205.5,-53.,0.));
#7336 = DIRECTION('',(1.,0.,-0.));
#7337 = DIRECTION('',(0.,-1.,0.));
#7338 = ADVANCED_FACE('',(#7339),#7364,.T.);
#7339 = FACE_BOUND('',#7340,.T.);
#7340 = EDGE_LOOP('',(#7341,#7342,#7350,#7358));
#7341 = ORIENTED_EDGE('',*,*,#7289,.T.);
#7342 = ORIENTED_EDGE('',*,*,#7343,.T.);
#7343 = EDGE_CURVE('',#7282,#7344,#7346,.T.);
#7344 = VERTEX_POINT('',#7345);
#7345 = CARTESIAN_POINT('',(84.,-53.,1.51));
#7346 = LINE('',#7347,#7348);
#7347 = CARTESIAN_POINT('',(84.,-93.,1.51));
#7348 = VECTOR('',#7349,1.);
#7349 = DIRECTION('',(0.,1.,0.));
#7350 = ORIENTED_EDGE('',*,*,#7351,.F.);
#7351 = EDGE_CURVE('',#7352,#7344,#7354,.T.);
#7352 = VERTEX_POINT('',#7353);
#7353 = CARTESIAN_POINT('',(84.,-53.,0.));
#7354 = LINE('',#7355,#7356);
#7355 = CARTESIAN_POINT('',(84.,-53.,0.));
#7356 = VECTOR('',#7357,1.);
#7357 = DIRECTION('',(0.,0.,1.));
#7358 = ORIENTED_EDGE('',*,*,#7359,.F.);
#7359 = EDGE_CURVE('',#7290,#7352,#7360,.T.);
#7360 = LINE('',#7361,#7362);
#7361 = CARTESIAN_POINT('',(84.,-93.,0.));
#7362 = VECTOR('',#7363,1.);
#7363 = DIRECTION('',(0.,1.,0.));
#7364 = PLANE('',#7365);
#7365 = AXIS2_PLACEMENT_3D('',#7366,#7367,#7368);
#7366 = CARTESIAN_POINT('',(84.,-93.,0.));
#7367 = DIRECTION('',(-1.,0.,0.));
#7368 = DIRECTION('',(0.,1.,0.));
#7369 = ADVANCED_FACE('',(#7370,#7381,#7392,#7403,#7414,#7425,#7436,
    #7447,#7458,#7469,#7480,#7491,#7502,#7513,#7524,#7535,#7546,#7557,
    #7568,#7579,#7590,#7601,#7612,#7623,#7634,#7645,#7656,#7667,#7678,
    #7689,#7700,#7711,#7722,#7733,#7744,#7755),#7766,.F.);
#7370 = FACE_BOUND('',#7371,.F.);
#7371 = EDGE_LOOP('',(#7372,#7373,#7374,#7380));
#7372 = ORIENTED_EDGE('',*,*,#7297,.F.);
#7373 = ORIENTED_EDGE('',*,*,#7328,.F.);
#7374 = ORIENTED_EDGE('',*,*,#7375,.F.);
#7375 = EDGE_CURVE('',#7352,#7312,#7376,.T.);
#7376 = LINE('',#7377,#7378);
#7377 = CARTESIAN_POINT('',(84.,-53.,0.));
#7378 = VECTOR('',#7379,1.);
#7379 = DIRECTION('',(1.,0.,0.));
#7380 = ORIENTED_EDGE('',*,*,#7359,.F.);
#7381 = FACE_BOUND('',#7382,.F.);
#7382 = EDGE_LOOP('',(#7383));
#7383 = ORIENTED_EDGE('',*,*,#7384,.T.);
#7384 = EDGE_CURVE('',#7385,#7385,#7387,.T.);
#7385 = VERTEX_POINT('',#7386);
#7386 = CARTESIAN_POINT('',(127.,-86.55,0.));
#7387 = CIRCLE('',#7388,0.55);
#7388 = AXIS2_PLACEMENT_3D('',#7389,#7390,#7391);
#7389 = CARTESIAN_POINT('',(127.,-86.,0.));
#7390 = DIRECTION('',(-0.,0.,-1.));
#7391 = DIRECTION('',(-0.,-1.,0.));
#7392 = FACE_BOUND('',#7393,.F.);
#7393 = EDGE_LOOP('',(#7394));
#7394 = ORIENTED_EDGE('',*,*,#7395,.T.);
#7395 = EDGE_CURVE('',#7396,#7396,#7398,.T.);
#7396 = VERTEX_POINT('',#7397);
#7397 = CARTESIAN_POINT('',(133.5,-86.55,0.));
#7398 = CIRCLE('',#7399,0.55);
#7399 = AXIS2_PLACEMENT_3D('',#7400,#7401,#7402);
#7400 = CARTESIAN_POINT('',(133.5,-86.,0.));
#7401 = DIRECTION('',(-0.,0.,-1.));
#7402 = DIRECTION('',(-0.,-1.,0.));
#7403 = FACE_BOUND('',#7404,.F.);
#7404 = EDGE_LOOP('',(#7405));
#7405 = ORIENTED_EDGE('',*,*,#7406,.T.);
#7406 = EDGE_CURVE('',#7407,#7407,#7409,.T.);
#7407 = VERTEX_POINT('',#7408);
#7408 = CARTESIAN_POINT('',(127.,-82.05,0.));
#7409 = CIRCLE('',#7410,0.55);
#7410 = AXIS2_PLACEMENT_3D('',#7411,#7412,#7413);
#7411 = CARTESIAN_POINT('',(127.,-81.5,0.));
#7412 = DIRECTION('',(-0.,0.,-1.));
#7413 = DIRECTION('',(-0.,-1.,0.));
#7414 = FACE_BOUND('',#7415,.F.);
#7415 = EDGE_LOOP('',(#7416));
#7416 = ORIENTED_EDGE('',*,*,#7417,.T.);
#7417 = EDGE_CURVE('',#7418,#7418,#7420,.T.);
#7418 = VERTEX_POINT('',#7419);
#7419 = CARTESIAN_POINT('',(133.5,-82.05,0.));
#7420 = CIRCLE('',#7421,0.55);
#7421 = AXIS2_PLACEMENT_3D('',#7422,#7423,#7424);
#7422 = CARTESIAN_POINT('',(133.5,-81.5,0.));
#7423 = DIRECTION('',(-0.,0.,-1.));
#7424 = DIRECTION('',(-0.,-1.,0.));
#7425 = FACE_BOUND('',#7426,.F.);
#7426 = EDGE_LOOP('',(#7427));
#7427 = ORIENTED_EDGE('',*,*,#7428,.F.);
#7428 = EDGE_CURVE('',#7429,#7429,#7431,.T.);
#7429 = VERTEX_POINT('',#7430);
#7430 = CARTESIAN_POINT('',(203.500122,-89.,0.));
#7431 = CIRCLE('',#7432,2.500122);
#7432 = AXIS2_PLACEMENT_3D('',#7433,#7434,#7435);
#7433 = CARTESIAN_POINT('',(201.,-89.,0.));
#7434 = DIRECTION('',(0.,0.,1.));
#7435 = DIRECTION('',(1.,0.,-0.));
#7436 = FACE_BOUND('',#7437,.F.);
#7437 = EDGE_LOOP('',(#7438));
#7438 = ORIENTED_EDGE('',*,*,#7439,.T.);
#7439 = EDGE_CURVE('',#7440,#7440,#7442,.T.);
#7440 = VERTEX_POINT('',#7441);
#7441 = CARTESIAN_POINT('',(146.96,-81.788,0.));
#7442 = CIRCLE('',#7443,0.508);
#7443 = AXIS2_PLACEMENT_3D('',#7444,#7445,#7446);
#7444 = CARTESIAN_POINT('',(146.96,-81.28,0.));
#7445 = DIRECTION('',(-0.,0.,-1.));
#7446 = DIRECTION('',(5.594824691024E-14,-1.,-0.));
#7447 = FACE_BOUND('',#7448,.F.);
#7448 = EDGE_LOOP('',(#7449));
#7449 = ORIENTED_EDGE('',*,*,#7450,.T.);
#7450 = EDGE_CURVE('',#7451,#7451,#7453,.T.);
#7451 = VERTEX_POINT('',#7452);
#7452 = CARTESIAN_POINT('',(152.04,-81.788,0.));
#7453 = CIRCLE('',#7454,0.508);
#7454 = AXIS2_PLACEMENT_3D('',#7455,#7456,#7457);
#7455 = CARTESIAN_POINT('',(152.04,-81.28,0.));
#7456 = DIRECTION('',(-0.,0.,-1.));
#7457 = DIRECTION('',(-5.594824691025E-14,-1.,0.));
#7458 = FACE_BOUND('',#7459,.F.);
#7459 = EDGE_LOOP('',(#7460));
#7460 = ORIENTED_EDGE('',*,*,#7461,.T.);
#7461 = EDGE_CURVE('',#7462,#7462,#7464,.T.);
#7462 = VERTEX_POINT('',#7463);
#7463 = CARTESIAN_POINT('',(173.07,-74.735,0.));
#7464 = CIRCLE('',#7465,0.425);
#7465 = AXIS2_PLACEMENT_3D('',#7466,#7467,#7468);
#7466 = CARTESIAN_POINT('',(173.07,-74.31,0.));
#7467 = DIRECTION('',(-0.,0.,-1.));
#7468 = DIRECTION('',(-0.,-1.,0.));
#7469 = FACE_BOUND('',#7470,.F.);
#7470 = EDGE_LOOP('',(#7471));
#7471 = ORIENTED_EDGE('',*,*,#7472,.F.);
#7472 = EDGE_CURVE('',#7473,#7473,#7475,.T.);
#7473 = VERTEX_POINT('',#7474);
#7474 = CARTESIAN_POINT('',(176.8,-79.5,0.));
#7475 = CIRCLE('',#7476,1.3);
#7476 = AXIS2_PLACEMENT_3D('',#7477,#7478,#7479);
#7477 = CARTESIAN_POINT('',(175.5,-79.5,0.));
#7478 = DIRECTION('',(0.,0.,1.));
#7479 = DIRECTION('',(1.,0.,-0.));
#7480 = FACE_BOUND('',#7481,.F.);
#7481 = EDGE_LOOP('',(#7482));
#7482 = ORIENTED_EDGE('',*,*,#7483,.F.);
#7483 = EDGE_CURVE('',#7484,#7484,#7486,.T.);
#7484 = VERTEX_POINT('',#7485);
#7485 = CARTESIAN_POINT('',(194.8,-79.5,0.));
#7486 = CIRCLE('',#7487,1.3);
#7487 = AXIS2_PLACEMENT_3D('',#7488,#7489,#7490);
#7488 = CARTESIAN_POINT('',(193.5,-79.5,0.));
#7489 = DIRECTION('',(0.,0.,1.));
#7490 = DIRECTION('',(1.,0.,-0.));
#7491 = FACE_BOUND('',#7492,.F.);
#7492 = EDGE_LOOP('',(#7493));
#7493 = ORIENTED_EDGE('',*,*,#7494,.T.);
#7494 = EDGE_CURVE('',#7495,#7495,#7497,.T.);
#7495 = VERTEX_POINT('',#7496);
#7496 = CARTESIAN_POINT('',(195.93,-74.735,0.));
#7497 = CIRCLE('',#7498,0.425);
#7498 = AXIS2_PLACEMENT_3D('',#7499,#7500,#7501);
#7499 = CARTESIAN_POINT('',(195.93,-74.31,0.));
#7500 = DIRECTION('',(-0.,0.,-1.));
#7501 = DIRECTION('',(-0.,-1.,0.));
#7502 = FACE_BOUND('',#7503,.F.);
#7503 = EDGE_LOOP('',(#7504));
#7504 = ORIENTED_EDGE('',*,*,#7505,.T.);
#7505 = EDGE_CURVE('',#7506,#7506,#7508,.T.);
#7506 = VERTEX_POINT('',#7507);
#7507 = CARTESIAN_POINT('',(141.88,-71.628,0.));
#7508 = CIRCLE('',#7509,0.508);
#7509 = AXIS2_PLACEMENT_3D('',#7510,#7511,#7512);
#7510 = CARTESIAN_POINT('',(141.88,-71.12,0.));
#7511 = DIRECTION('',(-0.,0.,-1.));
#7512 = DIRECTION('',(-0.,-1.,0.));
#7513 = FACE_BOUND('',#7514,.F.);
#7514 = EDGE_LOOP('',(#7515));
#7515 = ORIENTED_EDGE('',*,*,#7516,.T.);
#7516 = EDGE_CURVE('',#7517,#7517,#7519,.T.);
#7517 = VERTEX_POINT('',#7518);
#7518 = CARTESIAN_POINT('',(141.88,-69.088,0.));
#7519 = CIRCLE('',#7520,0.508);
#7520 = AXIS2_PLACEMENT_3D('',#7521,#7522,#7523);
#7521 = CARTESIAN_POINT('',(141.88,-68.58,0.));
#7522 = DIRECTION('',(-0.,0.,-1.));
#7523 = DIRECTION('',(-0.,-1.,0.));
#7524 = FACE_BOUND('',#7525,.F.);
#7525 = EDGE_LOOP('',(#7526));
#7526 = ORIENTED_EDGE('',*,*,#7527,.T.);
#7527 = EDGE_CURVE('',#7528,#7528,#7530,.T.);
#7528 = VERTEX_POINT('',#7529);
#7529 = CARTESIAN_POINT('',(141.88,-66.548,0.));
#7530 = CIRCLE('',#7531,0.508);
#7531 = AXIS2_PLACEMENT_3D('',#7532,#7533,#7534);
#7532 = CARTESIAN_POINT('',(141.88,-66.04,0.));
#7533 = DIRECTION('',(-0.,0.,-1.));
#7534 = DIRECTION('',(-0.,-1.,0.));
#7535 = FACE_BOUND('',#7536,.F.);
#7536 = EDGE_LOOP('',(#7537));
#7537 = ORIENTED_EDGE('',*,*,#7538,.T.);
#7538 = EDGE_CURVE('',#7539,#7539,#7541,.T.);
#7539 = VERTEX_POINT('',#7540);
#7540 = CARTESIAN_POINT('',(102.,-61.5,0.));
#7541 = CIRCLE('',#7542,0.5);
#7542 = AXIS2_PLACEMENT_3D('',#7543,#7544,#7545);
#7543 = CARTESIAN_POINT('',(102.,-61.,0.));
#7544 = DIRECTION('',(-0.,0.,-1.));
#7545 = DIRECTION('',(-0.,-1.,0.));
#7546 = FACE_BOUND('',#7547,.F.);
#7547 = EDGE_LOOP('',(#7548));
#7548 = ORIENTED_EDGE('',*,*,#7549,.T.);
#7549 = EDGE_CURVE('',#7550,#7550,#7552,.T.);
#7550 = VERTEX_POINT('',#7551);
#7551 = CARTESIAN_POINT('',(104.54,-61.5,0.));
#7552 = CIRCLE('',#7553,0.5);
#7553 = AXIS2_PLACEMENT_3D('',#7554,#7555,#7556);
#7554 = CARTESIAN_POINT('',(104.54,-61.,0.));
#7555 = DIRECTION('',(-0.,0.,-1.));
#7556 = DIRECTION('',(-0.,-1.,0.));
#7557 = FACE_BOUND('',#7558,.F.);
#7558 = EDGE_LOOP('',(#7559));
#7559 = ORIENTED_EDGE('',*,*,#7560,.T.);
#7560 = EDGE_CURVE('',#7561,#7561,#7563,.T.);
#7561 = VERTEX_POINT('',#7562);
#7562 = CARTESIAN_POINT('',(107.08,-61.5,0.));
#7563 = CIRCLE('',#7564,0.5);
#7564 = AXIS2_PLACEMENT_3D('',#7565,#7566,#7567);
#7565 = CARTESIAN_POINT('',(107.08,-61.,0.));
#7566 = DIRECTION('',(-0.,0.,-1.));
#7567 = DIRECTION('',(-0.,-1.,0.));
#7568 = FACE_BOUND('',#7569,.F.);
#7569 = EDGE_LOOP('',(#7570));
#7570 = ORIENTED_EDGE('',*,*,#7571,.T.);
#7571 = EDGE_CURVE('',#7572,#7572,#7574,.T.);
#7572 = VERTEX_POINT('',#7573);
#7573 = CARTESIAN_POINT('',(109.62,-61.5,0.));
#7574 = CIRCLE('',#7575,0.5);
#7575 = AXIS2_PLACEMENT_3D('',#7576,#7577,#7578);
#7576 = CARTESIAN_POINT('',(109.62,-61.,0.));
#7577 = DIRECTION('',(-0.,0.,-1.));
#7578 = DIRECTION('',(-0.,-1.,0.));
#7579 = FACE_BOUND('',#7580,.F.);
#7580 = EDGE_LOOP('',(#7581));
#7581 = ORIENTED_EDGE('',*,*,#7582,.F.);
#7582 = EDGE_CURVE('',#7583,#7583,#7585,.T.);
#7583 = VERTEX_POINT('',#7584);
#7584 = CARTESIAN_POINT('',(90.5,-57.,0.));
#7585 = CIRCLE('',#7586,2.500122);
#7586 = AXIS2_PLACEMENT_3D('',#7587,#7588,#7589);
#7587 = CARTESIAN_POINT('',(87.999878,-57.,0.));
#7588 = DIRECTION('',(0.,0.,1.));
#7589 = DIRECTION('',(1.,0.,-0.));
#7590 = FACE_BOUND('',#7591,.F.);
#7591 = EDGE_LOOP('',(#7592));
#7592 = ORIENTED_EDGE('',*,*,#7593,.T.);
#7593 = EDGE_CURVE('',#7594,#7594,#7596,.T.);
#7594 = VERTEX_POINT('',#7595);
#7595 = CARTESIAN_POINT('',(141.88,-64.008,0.));
#7596 = CIRCLE('',#7597,0.508);
#7597 = AXIS2_PLACEMENT_3D('',#7598,#7599,#7600);
#7598 = CARTESIAN_POINT('',(141.88,-63.5,0.));
#7599 = DIRECTION('',(-0.,0.,-1.));
#7600 = DIRECTION('',(-0.,-1.,0.));
#7601 = FACE_BOUND('',#7602,.F.);
#7602 = EDGE_LOOP('',(#7603));
#7603 = ORIENTED_EDGE('',*,*,#7604,.T.);
#7604 = EDGE_CURVE('',#7605,#7605,#7607,.T.);
#7605 = VERTEX_POINT('',#7606);
#7606 = CARTESIAN_POINT('',(141.88,-61.468,0.));
#7607 = CIRCLE('',#7608,0.508);
#7608 = AXIS2_PLACEMENT_3D('',#7609,#7610,#7611);
#7609 = CARTESIAN_POINT('',(141.88,-60.96,0.));
#7610 = DIRECTION('',(-0.,0.,-1.));
#7611 = DIRECTION('',(-0.,-1.,0.));
#7612 = FACE_BOUND('',#7613,.F.);
#7613 = EDGE_LOOP('',(#7614));
#7614 = ORIENTED_EDGE('',*,*,#7615,.T.);
#7615 = EDGE_CURVE('',#7616,#7616,#7618,.T.);
#7616 = VERTEX_POINT('',#7617);
#7617 = CARTESIAN_POINT('',(141.88,-58.928,0.));
#7618 = CIRCLE('',#7619,0.508);
#7619 = AXIS2_PLACEMENT_3D('',#7620,#7621,#7622);
#7620 = CARTESIAN_POINT('',(141.88,-58.42,0.));
#7621 = DIRECTION('',(-0.,0.,-1.));
#7622 = DIRECTION('',(-0.,-1.,0.));
#7623 = FACE_BOUND('',#7624,.F.);
#7624 = EDGE_LOOP('',(#7625));
#7625 = ORIENTED_EDGE('',*,*,#7626,.T.);
#7626 = EDGE_CURVE('',#7627,#7627,#7629,.T.);
#7627 = VERTEX_POINT('',#7628);
#7628 = CARTESIAN_POINT('',(141.88,-56.388,0.));
#7629 = CIRCLE('',#7630,0.508);
#7630 = AXIS2_PLACEMENT_3D('',#7631,#7632,#7633);
#7631 = CARTESIAN_POINT('',(141.88,-55.88,0.));
#7632 = DIRECTION('',(-0.,0.,-1.));
#7633 = DIRECTION('',(-0.,-1.,0.));
#7634 = FACE_BOUND('',#7635,.F.);
#7635 = EDGE_LOOP('',(#7636));
#7636 = ORIENTED_EDGE('',*,*,#7637,.T.);
#7637 = EDGE_CURVE('',#7638,#7638,#7640,.T.);
#7638 = VERTEX_POINT('',#7639);
#7639 = CARTESIAN_POINT('',(157.12,-71.628,0.));
#7640 = CIRCLE('',#7641,0.508);
#7641 = AXIS2_PLACEMENT_3D('',#7642,#7643,#7644);
#7642 = CARTESIAN_POINT('',(157.12,-71.12,0.));
#7643 = DIRECTION('',(-0.,0.,-1.));
#7644 = DIRECTION('',(-0.,-1.,0.));
#7645 = FACE_BOUND('',#7646,.F.);
#7646 = EDGE_LOOP('',(#7647));
#7647 = ORIENTED_EDGE('',*,*,#7648,.T.);
#7648 = EDGE_CURVE('',#7649,#7649,#7651,.T.);
#7649 = VERTEX_POINT('',#7650);
#7650 = CARTESIAN_POINT('',(157.12,-69.088,0.));
#7651 = CIRCLE('',#7652,0.508);
#7652 = AXIS2_PLACEMENT_3D('',#7653,#7654,#7655);
#7653 = CARTESIAN_POINT('',(157.12,-68.58,0.));
#7654 = DIRECTION('',(-0.,0.,-1.));
#7655 = DIRECTION('',(-0.,-1.,0.));
#7656 = FACE_BOUND('',#7657,.F.);
#7657 = EDGE_LOOP('',(#7658));
#7658 = ORIENTED_EDGE('',*,*,#7659,.F.);
#7659 = EDGE_CURVE('',#7660,#7660,#7662,.T.);
#7660 = VERTEX_POINT('',#7661);
#7661 = CARTESIAN_POINT('',(171.95,-70.5,0.));
#7662 = CIRCLE('',#7663,0.95);
#7663 = AXIS2_PLACEMENT_3D('',#7664,#7665,#7666);
#7664 = CARTESIAN_POINT('',(171.,-70.5,0.));
#7665 = DIRECTION('',(0.,0.,1.));
#7666 = DIRECTION('',(1.,0.,-0.));
#7667 = FACE_BOUND('',#7668,.F.);
#7668 = EDGE_LOOP('',(#7669));
#7669 = ORIENTED_EDGE('',*,*,#7670,.T.);
#7670 = EDGE_CURVE('',#7671,#7671,#7673,.T.);
#7671 = VERTEX_POINT('',#7672);
#7672 = CARTESIAN_POINT('',(157.12,-66.548,0.));
#7673 = CIRCLE('',#7674,0.508);
#7674 = AXIS2_PLACEMENT_3D('',#7675,#7676,#7677);
#7675 = CARTESIAN_POINT('',(157.12,-66.04,0.));
#7676 = DIRECTION('',(-0.,0.,-1.));
#7677 = DIRECTION('',(-0.,-1.,0.));
#7678 = FACE_BOUND('',#7679,.F.);
#7679 = EDGE_LOOP('',(#7680));
#7680 = ORIENTED_EDGE('',*,*,#7681,.T.);
#7681 = EDGE_CURVE('',#7682,#7682,#7684,.T.);
#7682 = VERTEX_POINT('',#7683);
#7683 = CARTESIAN_POINT('',(173.07,-67.115,0.));
#7684 = CIRCLE('',#7685,0.425);
#7685 = AXIS2_PLACEMENT_3D('',#7686,#7687,#7688);
#7686 = CARTESIAN_POINT('',(173.07,-66.69,0.));
#7687 = DIRECTION('',(-0.,0.,-1.));
#7688 = DIRECTION('',(-0.,-1.,0.));
#7689 = FACE_BOUND('',#7690,.F.);
#7690 = EDGE_LOOP('',(#7691));
#7691 = ORIENTED_EDGE('',*,*,#7692,.F.);
#7692 = EDGE_CURVE('',#7693,#7693,#7695,.T.);
#7693 = VERTEX_POINT('',#7694);
#7694 = CARTESIAN_POINT('',(198.95,-70.5,0.));
#7695 = CIRCLE('',#7696,0.95);
#7696 = AXIS2_PLACEMENT_3D('',#7697,#7698,#7699);
#7697 = CARTESIAN_POINT('',(198.,-70.5,0.));
#7698 = DIRECTION('',(0.,0.,1.));
#7699 = DIRECTION('',(1.,0.,-0.));
#7700 = FACE_BOUND('',#7701,.F.);
#7701 = EDGE_LOOP('',(#7702));
#7702 = ORIENTED_EDGE('',*,*,#7703,.T.);
#7703 = EDGE_CURVE('',#7704,#7704,#7706,.T.);
#7704 = VERTEX_POINT('',#7705);
#7705 = CARTESIAN_POINT('',(195.93,-67.115,0.));
#7706 = CIRCLE('',#7707,0.425);
#7707 = AXIS2_PLACEMENT_3D('',#7708,#7709,#7710);
#7708 = CARTESIAN_POINT('',(195.93,-66.69,0.));
#7709 = DIRECTION('',(-0.,0.,-1.));
#7710 = DIRECTION('',(-0.,-1.,0.));
#7711 = FACE_BOUND('',#7712,.F.);
#7712 = EDGE_LOOP('',(#7713));
#7713 = ORIENTED_EDGE('',*,*,#7714,.T.);
#7714 = EDGE_CURVE('',#7715,#7715,#7717,.T.);
#7715 = VERTEX_POINT('',#7716);
#7716 = CARTESIAN_POINT('',(157.12,-64.008,0.));
#7717 = CIRCLE('',#7718,0.508);
#7718 = AXIS2_PLACEMENT_3D('',#7719,#7720,#7721);
#7719 = CARTESIAN_POINT('',(157.12,-63.5,0.));
#7720 = DIRECTION('',(-0.,0.,-1.));
#7721 = DIRECTION('',(-0.,-1.,0.));
#7722 = FACE_BOUND('',#7723,.F.);
#7723 = EDGE_LOOP('',(#7724));
#7724 = ORIENTED_EDGE('',*,*,#7725,.T.);
#7725 = EDGE_CURVE('',#7726,#7726,#7728,.T.);
#7726 = VERTEX_POINT('',#7727);
#7727 = CARTESIAN_POINT('',(157.12,-61.468,0.));
#7728 = CIRCLE('',#7729,0.508);
#7729 = AXIS2_PLACEMENT_3D('',#7730,#7731,#7732);
#7730 = CARTESIAN_POINT('',(157.12,-60.96,0.));
#7731 = DIRECTION('',(-0.,0.,-1.));
#7732 = DIRECTION('',(-0.,-1.,0.));
#7733 = FACE_BOUND('',#7734,.F.);
#7734 = EDGE_LOOP('',(#7735));
#7735 = ORIENTED_EDGE('',*,*,#7736,.T.);
#7736 = EDGE_CURVE('',#7737,#7737,#7739,.T.);
#7737 = VERTEX_POINT('',#7738);
#7738 = CARTESIAN_POINT('',(157.12,-58.928,0.));
#7739 = CIRCLE('',#7740,0.508);
#7740 = AXIS2_PLACEMENT_3D('',#7741,#7742,#7743);
#7741 = CARTESIAN_POINT('',(157.12,-58.42,0.));
#7742 = DIRECTION('',(-0.,0.,-1.));
#7743 = DIRECTION('',(-0.,-1.,0.));
#7744 = FACE_BOUND('',#7745,.F.);
#7745 = EDGE_LOOP('',(#7746));
#7746 = ORIENTED_EDGE('',*,*,#7747,.T.);
#7747 = EDGE_CURVE('',#7748,#7748,#7750,.T.);
#7748 = VERTEX_POINT('',#7749);
#7749 = CARTESIAN_POINT('',(157.12,-56.388,0.));
#7750 = CIRCLE('',#7751,0.508);
#7751 = AXIS2_PLACEMENT_3D('',#7752,#7753,#7754);
#7752 = CARTESIAN_POINT('',(157.12,-55.88,0.));
#7753 = DIRECTION('',(-0.,0.,-1.));
#7754 = DIRECTION('',(-0.,-1.,0.));
#7755 = FACE_BOUND('',#7756,.F.);
#7756 = EDGE_LOOP('',(#7757));
#7757 = ORIENTED_EDGE('',*,*,#7758,.F.);
#7758 = EDGE_CURVE('',#7759,#7759,#7761,.T.);
#7759 = VERTEX_POINT('',#7760);
#7760 = CARTESIAN_POINT('',(186.45,-60.5,0.));
#7761 = CIRCLE('',#7762,1.95);
#7762 = AXIS2_PLACEMENT_3D('',#7763,#7764,#7765);
#7763 = CARTESIAN_POINT('',(184.5,-60.5,0.));
#7764 = DIRECTION('',(0.,0.,1.));
#7765 = DIRECTION('',(1.,0.,-0.));
#7766 = PLANE('',#7767);
#7767 = AXIS2_PLACEMENT_3D('',#7768,#7769,#7770);
#7768 = CARTESIAN_POINT('',(0.,0.,0.));
#7769 = DIRECTION('',(0.,0.,1.));
#7770 = DIRECTION('',(1.,0.,-0.));
#7771 = ADVANCED_FACE('',(#7772,#7783,#7794,#7805,#7816,#7827,#7838,
    #7849,#7860,#7871,#7882,#7893,#7904,#7915,#7926,#7937,#7948,#7959,
    #7970,#7981,#7992,#8003,#8014,#8025,#8036,#8047,#8058,#8069,#8080,
    #8091,#8102,#8113,#8124,#8135,#8146,#8157),#8168,.T.);
#7772 = FACE_BOUND('',#7773,.T.);
#7773 = EDGE_LOOP('',(#7774,#7775,#7776,#7782));
#7774 = ORIENTED_EDGE('',*,*,#7281,.F.);
#7775 = ORIENTED_EDGE('',*,*,#7321,.F.);
#7776 = ORIENTED_EDGE('',*,*,#7777,.F.);
#7777 = EDGE_CURVE('',#7344,#7314,#7778,.T.);
#7778 = LINE('',#7779,#7780);
#7779 = CARTESIAN_POINT('',(84.,-53.,1.51));
#7780 = VECTOR('',#7781,1.);
#7781 = DIRECTION('',(1.,0.,0.));
#7782 = ORIENTED_EDGE('',*,*,#7343,.F.);
#7783 = FACE_BOUND('',#7784,.T.);
#7784 = EDGE_LOOP('',(#7785));
#7785 = ORIENTED_EDGE('',*,*,#7786,.T.);
#7786 = EDGE_CURVE('',#7787,#7787,#7789,.T.);
#7787 = VERTEX_POINT('',#7788);
#7788 = CARTESIAN_POINT('',(127.,-86.55,1.51));
#7789 = CIRCLE('',#7790,0.55);
#7790 = AXIS2_PLACEMENT_3D('',#7791,#7792,#7793);
#7791 = CARTESIAN_POINT('',(127.,-86.,1.51));
#7792 = DIRECTION('',(-0.,0.,-1.));
#7793 = DIRECTION('',(-0.,-1.,0.));
#7794 = FACE_BOUND('',#7795,.T.);
#7795 = EDGE_LOOP('',(#7796));
#7796 = ORIENTED_EDGE('',*,*,#7797,.T.);
#7797 = EDGE_CURVE('',#7798,#7798,#7800,.T.);
#7798 = VERTEX_POINT('',#7799);
#7799 = CARTESIAN_POINT('',(133.5,-86.55,1.51));
#7800 = CIRCLE('',#7801,0.55);
#7801 = AXIS2_PLACEMENT_3D('',#7802,#7803,#7804);
#7802 = CARTESIAN_POINT('',(133.5,-86.,1.51));
#7803 = DIRECTION('',(-0.,0.,-1.));
#7804 = DIRECTION('',(-0.,-1.,0.));
#7805 = FACE_BOUND('',#7806,.T.);
#7806 = EDGE_LOOP('',(#7807));
#7807 = ORIENTED_EDGE('',*,*,#7808,.T.);
#7808 = EDGE_CURVE('',#7809,#7809,#7811,.T.);
#7809 = VERTEX_POINT('',#7810);
#7810 = CARTESIAN_POINT('',(127.,-82.05,1.51));
#7811 = CIRCLE('',#7812,0.55);
#7812 = AXIS2_PLACEMENT_3D('',#7813,#7814,#7815);
#7813 = CARTESIAN_POINT('',(127.,-81.5,1.51));
#7814 = DIRECTION('',(-0.,0.,-1.));
#7815 = DIRECTION('',(-0.,-1.,0.));
#7816 = FACE_BOUND('',#7817,.T.);
#7817 = EDGE_LOOP('',(#7818));
#7818 = ORIENTED_EDGE('',*,*,#7819,.T.);
#7819 = EDGE_CURVE('',#7820,#7820,#7822,.T.);
#7820 = VERTEX_POINT('',#7821);
#7821 = CARTESIAN_POINT('',(133.5,-82.05,1.51));
#7822 = CIRCLE('',#7823,0.55);
#7823 = AXIS2_PLACEMENT_3D('',#7824,#7825,#7826);
#7824 = CARTESIAN_POINT('',(133.5,-81.5,1.51));
#7825 = DIRECTION('',(-0.,0.,-1.));
#7826 = DIRECTION('',(-0.,-1.,0.));
#7827 = FACE_BOUND('',#7828,.T.);
#7828 = EDGE_LOOP('',(#7829));
#7829 = ORIENTED_EDGE('',*,*,#7830,.F.);
#7830 = EDGE_CURVE('',#7831,#7831,#7833,.T.);
#7831 = VERTEX_POINT('',#7832);
#7832 = CARTESIAN_POINT('',(203.500122,-89.,1.51));
#7833 = CIRCLE('',#7834,2.500122);
#7834 = AXIS2_PLACEMENT_3D('',#7835,#7836,#7837);
#7835 = CARTESIAN_POINT('',(201.,-89.,1.51));
#7836 = DIRECTION('',(0.,0.,1.));
#7837 = DIRECTION('',(1.,0.,-0.));
#7838 = FACE_BOUND('',#7839,.T.);
#7839 = EDGE_LOOP('',(#7840));
#7840 = ORIENTED_EDGE('',*,*,#7841,.T.);
#7841 = EDGE_CURVE('',#7842,#7842,#7844,.T.);
#7842 = VERTEX_POINT('',#7843);
#7843 = CARTESIAN_POINT('',(146.96,-81.788,1.51));
#7844 = CIRCLE('',#7845,0.508);
#7845 = AXIS2_PLACEMENT_3D('',#7846,#7847,#7848);
#7846 = CARTESIAN_POINT('',(146.96,-81.28,1.51));
#7847 = DIRECTION('',(-0.,0.,-1.));
#7848 = DIRECTION('',(5.594824691024E-14,-1.,-0.));
#7849 = FACE_BOUND('',#7850,.T.);
#7850 = EDGE_LOOP('',(#7851));
#7851 = ORIENTED_EDGE('',*,*,#7852,.T.);
#7852 = EDGE_CURVE('',#7853,#7853,#7855,.T.);
#7853 = VERTEX_POINT('',#7854);
#7854 = CARTESIAN_POINT('',(152.04,-81.788,1.51));
#7855 = CIRCLE('',#7856,0.508);
#7856 = AXIS2_PLACEMENT_3D('',#7857,#7858,#7859);
#7857 = CARTESIAN_POINT('',(152.04,-81.28,1.51));
#7858 = DIRECTION('',(-0.,0.,-1.));
#7859 = DIRECTION('',(-5.594824691025E-14,-1.,0.));
#7860 = FACE_BOUND('',#7861,.T.);
#7861 = EDGE_LOOP('',(#7862));
#7862 = ORIENTED_EDGE('',*,*,#7863,.T.);
#7863 = EDGE_CURVE('',#7864,#7864,#7866,.T.);
#7864 = VERTEX_POINT('',#7865);
#7865 = CARTESIAN_POINT('',(173.07,-74.735,1.51));
#7866 = CIRCLE('',#7867,0.425);
#7867 = AXIS2_PLACEMENT_3D('',#7868,#7869,#7870);
#7868 = CARTESIAN_POINT('',(173.07,-74.31,1.51));
#7869 = DIRECTION('',(-0.,0.,-1.));
#7870 = DIRECTION('',(-0.,-1.,0.));
#7871 = FACE_BOUND('',#7872,.T.);
#7872 = EDGE_LOOP('',(#7873));
#7873 = ORIENTED_EDGE('',*,*,#7874,.F.);
#7874 = EDGE_CURVE('',#7875,#7875,#7877,.T.);
#7875 = VERTEX_POINT('',#7876);
#7876 = CARTESIAN_POINT('',(176.8,-79.5,1.51));
#7877 = CIRCLE('',#7878,1.3);
#7878 = AXIS2_PLACEMENT_3D('',#7879,#7880,#7881);
#7879 = CARTESIAN_POINT('',(175.5,-79.5,1.51));
#7880 = DIRECTION('',(0.,0.,1.));
#7881 = DIRECTION('',(1.,0.,-0.));
#7882 = FACE_BOUND('',#7883,.T.);
#7883 = EDGE_LOOP('',(#7884));
#7884 = ORIENTED_EDGE('',*,*,#7885,.F.);
#7885 = EDGE_CURVE('',#7886,#7886,#7888,.T.);
#7886 = VERTEX_POINT('',#7887);
#7887 = CARTESIAN_POINT('',(194.8,-79.5,1.51));
#7888 = CIRCLE('',#7889,1.3);
#7889 = AXIS2_PLACEMENT_3D('',#7890,#7891,#7892);
#7890 = CARTESIAN_POINT('',(193.5,-79.5,1.51));
#7891 = DIRECTION('',(0.,0.,1.));
#7892 = DIRECTION('',(1.,0.,-0.));
#7893 = FACE_BOUND('',#7894,.T.);
#7894 = EDGE_LOOP('',(#7895));
#7895 = ORIENTED_EDGE('',*,*,#7896,.T.);
#7896 = EDGE_CURVE('',#7897,#7897,#7899,.T.);
#7897 = VERTEX_POINT('',#7898);
#7898 = CARTESIAN_POINT('',(195.93,-74.735,1.51));
#7899 = CIRCLE('',#7900,0.425);
#7900 = AXIS2_PLACEMENT_3D('',#7901,#7902,#7903);
#7901 = CARTESIAN_POINT('',(195.93,-74.31,1.51));
#7902 = DIRECTION('',(-0.,0.,-1.));
#7903 = DIRECTION('',(-0.,-1.,0.));
#7904 = FACE_BOUND('',#7905,.T.);
#7905 = EDGE_LOOP('',(#7906));
#7906 = ORIENTED_EDGE('',*,*,#7907,.T.);
#7907 = EDGE_CURVE('',#7908,#7908,#7910,.T.);
#7908 = VERTEX_POINT('',#7909);
#7909 = CARTESIAN_POINT('',(141.88,-71.628,1.51));
#7910 = CIRCLE('',#7911,0.508);
#7911 = AXIS2_PLACEMENT_3D('',#7912,#7913,#7914);
#7912 = CARTESIAN_POINT('',(141.88,-71.12,1.51));
#7913 = DIRECTION('',(-0.,0.,-1.));
#7914 = DIRECTION('',(-0.,-1.,0.));
#7915 = FACE_BOUND('',#7916,.T.);
#7916 = EDGE_LOOP('',(#7917));
#7917 = ORIENTED_EDGE('',*,*,#7918,.T.);
#7918 = EDGE_CURVE('',#7919,#7919,#7921,.T.);
#7919 = VERTEX_POINT('',#7920);
#7920 = CARTESIAN_POINT('',(141.88,-69.088,1.51));
#7921 = CIRCLE('',#7922,0.508);
#7922 = AXIS2_PLACEMENT_3D('',#7923,#7924,#7925);
#7923 = CARTESIAN_POINT('',(141.88,-68.58,1.51));
#7924 = DIRECTION('',(-0.,0.,-1.));
#7925 = DIRECTION('',(-0.,-1.,0.));
#7926 = FACE_BOUND('',#7927,.T.);
#7927 = EDGE_LOOP('',(#7928));
#7928 = ORIENTED_EDGE('',*,*,#7929,.T.);
#7929 = EDGE_CURVE('',#7930,#7930,#7932,.T.);
#7930 = VERTEX_POINT('',#7931);
#7931 = CARTESIAN_POINT('',(141.88,-66.548,1.51));
#7932 = CIRCLE('',#7933,0.508);
#7933 = AXIS2_PLACEMENT_3D('',#7934,#7935,#7936);
#7934 = CARTESIAN_POINT('',(141.88,-66.04,1.51));
#7935 = DIRECTION('',(-0.,0.,-1.));
#7936 = DIRECTION('',(-0.,-1.,0.));
#7937 = FACE_BOUND('',#7938,.T.);
#7938 = EDGE_LOOP('',(#7939));
#7939 = ORIENTED_EDGE('',*,*,#7940,.T.);
#7940 = EDGE_CURVE('',#7941,#7941,#7943,.T.);
#7941 = VERTEX_POINT('',#7942);
#7942 = CARTESIAN_POINT('',(102.,-61.5,1.51));
#7943 = CIRCLE('',#7944,0.5);
#7944 = AXIS2_PLACEMENT_3D('',#7945,#7946,#7947);
#7945 = CARTESIAN_POINT('',(102.,-61.,1.51));
#7946 = DIRECTION('',(-0.,0.,-1.));
#7947 = DIRECTION('',(-0.,-1.,0.));
#7948 = FACE_BOUND('',#7949,.T.);
#7949 = EDGE_LOOP('',(#7950));
#7950 = ORIENTED_EDGE('',*,*,#7951,.T.);
#7951 = EDGE_CURVE('',#7952,#7952,#7954,.T.);
#7952 = VERTEX_POINT('',#7953);
#7953 = CARTESIAN_POINT('',(104.54,-61.5,1.51));
#7954 = CIRCLE('',#7955,0.5);
#7955 = AXIS2_PLACEMENT_3D('',#7956,#7957,#7958);
#7956 = CARTESIAN_POINT('',(104.54,-61.,1.51));
#7957 = DIRECTION('',(-0.,0.,-1.));
#7958 = DIRECTION('',(-0.,-1.,0.));
#7959 = FACE_BOUND('',#7960,.T.);
#7960 = EDGE_LOOP('',(#7961));
#7961 = ORIENTED_EDGE('',*,*,#7962,.T.);
#7962 = EDGE_CURVE('',#7963,#7963,#7965,.T.);
#7963 = VERTEX_POINT('',#7964);
#7964 = CARTESIAN_POINT('',(107.08,-61.5,1.51));
#7965 = CIRCLE('',#7966,0.5);
#7966 = AXIS2_PLACEMENT_3D('',#7967,#7968,#7969);
#7967 = CARTESIAN_POINT('',(107.08,-61.,1.51));
#7968 = DIRECTION('',(-0.,0.,-1.));
#7969 = DIRECTION('',(-0.,-1.,0.));
#7970 = FACE_BOUND('',#7971,.T.);
#7971 = EDGE_LOOP('',(#7972));
#7972 = ORIENTED_EDGE('',*,*,#7973,.T.);
#7973 = EDGE_CURVE('',#7974,#7974,#7976,.T.);
#7974 = VERTEX_POINT('',#7975);
#7975 = CARTESIAN_POINT('',(109.62,-61.5,1.51));
#7976 = CIRCLE('',#7977,0.5);
#7977 = AXIS2_PLACEMENT_3D('',#7978,#7979,#7980);
#7978 = CARTESIAN_POINT('',(109.62,-61.,1.51));
#7979 = DIRECTION('',(-0.,0.,-1.));
#7980 = DIRECTION('',(-0.,-1.,0.));
#7981 = FACE_BOUND('',#7982,.T.);
#7982 = EDGE_LOOP('',(#7983));
#7983 = ORIENTED_EDGE('',*,*,#7984,.F.);
#7984 = EDGE_CURVE('',#7985,#7985,#7987,.T.);
#7985 = VERTEX_POINT('',#7986);
#7986 = CARTESIAN_POINT('',(90.5,-57.,1.51));
#7987 = CIRCLE('',#7988,2.500122);
#7988 = AXIS2_PLACEMENT_3D('',#7989,#7990,#7991);
#7989 = CARTESIAN_POINT('',(87.999878,-57.,1.51));
#7990 = DIRECTION('',(0.,0.,1.));
#7991 = DIRECTION('',(1.,0.,-0.));
#7992 = FACE_BOUND('',#7993,.T.);
#7993 = EDGE_LOOP('',(#7994));
#7994 = ORIENTED_EDGE('',*,*,#7995,.T.);
#7995 = EDGE_CURVE('',#7996,#7996,#7998,.T.);
#7996 = VERTEX_POINT('',#7997);
#7997 = CARTESIAN_POINT('',(141.88,-64.008,1.51));
#7998 = CIRCLE('',#7999,0.508);
#7999 = AXIS2_PLACEMENT_3D('',#8000,#8001,#8002);
#8000 = CARTESIAN_POINT('',(141.88,-63.5,1.51));
#8001 = DIRECTION('',(-0.,0.,-1.));
#8002 = DIRECTION('',(-0.,-1.,0.));
#8003 = FACE_BOUND('',#8004,.T.);
#8004 = EDGE_LOOP('',(#8005));
#8005 = ORIENTED_EDGE('',*,*,#8006,.T.);
#8006 = EDGE_CURVE('',#8007,#8007,#8009,.T.);
#8007 = VERTEX_POINT('',#8008);
#8008 = CARTESIAN_POINT('',(141.88,-61.468,1.51));
#8009 = CIRCLE('',#8010,0.508);
#8010 = AXIS2_PLACEMENT_3D('',#8011,#8012,#8013);
#8011 = CARTESIAN_POINT('',(141.88,-60.96,1.51));
#8012 = DIRECTION('',(-0.,0.,-1.));
#8013 = DIRECTION('',(-0.,-1.,0.));
#8014 = FACE_BOUND('',#8015,.T.);
#8015 = EDGE_LOOP('',(#8016));
#8016 = ORIENTED_EDGE('',*,*,#8017,.T.);
#8017 = EDGE_CURVE('',#8018,#8018,#8020,.T.);
#8018 = VERTEX_POINT('',#8019);
#8019 = CARTESIAN_POINT('',(141.88,-58.928,1.51));
#8020 = CIRCLE('',#8021,0.508);
#8021 = AXIS2_PLACEMENT_3D('',#8022,#8023,#8024);
#8022 = CARTESIAN_POINT('',(141.88,-58.42,1.51));
#8023 = DIRECTION('',(-0.,0.,-1.));
#8024 = DIRECTION('',(-0.,-1.,0.));
#8025 = FACE_BOUND('',#8026,.T.);
#8026 = EDGE_LOOP('',(#8027));
#8027 = ORIENTED_EDGE('',*,*,#8028,.T.);
#8028 = EDGE_CURVE('',#8029,#8029,#8031,.T.);
#8029 = VERTEX_POINT('',#8030);
#8030 = CARTESIAN_POINT('',(141.88,-56.388,1.51));
#8031 = CIRCLE('',#8032,0.508);
#8032 = AXIS2_PLACEMENT_3D('',#8033,#8034,#8035);
#8033 = CARTESIAN_POINT('',(141.88,-55.88,1.51));
#8034 = DIRECTION('',(-0.,0.,-1.));
#8035 = DIRECTION('',(-0.,-1.,0.));
#8036 = FACE_BOUND('',#8037,.T.);
#8037 = EDGE_LOOP('',(#8038));
#8038 = ORIENTED_EDGE('',*,*,#8039,.T.);
#8039 = EDGE_CURVE('',#8040,#8040,#8042,.T.);
#8040 = VERTEX_POINT('',#8041);
#8041 = CARTESIAN_POINT('',(157.12,-71.628,1.51));
#8042 = CIRCLE('',#8043,0.508);
#8043 = AXIS2_PLACEMENT_3D('',#8044,#8045,#8046);
#8044 = CARTESIAN_POINT('',(157.12,-71.12,1.51));
#8045 = DIRECTION('',(-0.,0.,-1.));
#8046 = DIRECTION('',(-0.,-1.,0.));
#8047 = FACE_BOUND('',#8048,.T.);
#8048 = EDGE_LOOP('',(#8049));
#8049 = ORIENTED_EDGE('',*,*,#8050,.T.);
#8050 = EDGE_CURVE('',#8051,#8051,#8053,.T.);
#8051 = VERTEX_POINT('',#8052);
#8052 = CARTESIAN_POINT('',(157.12,-69.088,1.51));
#8053 = CIRCLE('',#8054,0.508);
#8054 = AXIS2_PLACEMENT_3D('',#8055,#8056,#8057);
#8055 = CARTESIAN_POINT('',(157.12,-68.58,1.51));
#8056 = DIRECTION('',(-0.,0.,-1.));
#8057 = DIRECTION('',(-0.,-1.,0.));
#8058 = FACE_BOUND('',#8059,.T.);
#8059 = EDGE_LOOP('',(#8060));
#8060 = ORIENTED_EDGE('',*,*,#8061,.F.);
#8061 = EDGE_CURVE('',#8062,#8062,#8064,.T.);
#8062 = VERTEX_POINT('',#8063);
#8063 = CARTESIAN_POINT('',(171.95,-70.5,1.51));
#8064 = CIRCLE('',#8065,0.95);
#8065 = AXIS2_PLACEMENT_3D('',#8066,#8067,#8068);
#8066 = CARTESIAN_POINT('',(171.,-70.5,1.51));
#8067 = DIRECTION('',(0.,0.,1.));
#8068 = DIRECTION('',(1.,0.,-0.));
#8069 = FACE_BOUND('',#8070,.T.);
#8070 = EDGE_LOOP('',(#8071));
#8071 = ORIENTED_EDGE('',*,*,#8072,.T.);
#8072 = EDGE_CURVE('',#8073,#8073,#8075,.T.);
#8073 = VERTEX_POINT('',#8074);
#8074 = CARTESIAN_POINT('',(157.12,-66.548,1.51));
#8075 = CIRCLE('',#8076,0.508);
#8076 = AXIS2_PLACEMENT_3D('',#8077,#8078,#8079);
#8077 = CARTESIAN_POINT('',(157.12,-66.04,1.51));
#8078 = DIRECTION('',(-0.,0.,-1.));
#8079 = DIRECTION('',(-0.,-1.,0.));
#8080 = FACE_BOUND('',#8081,.T.);
#8081 = EDGE_LOOP('',(#8082));
#8082 = ORIENTED_EDGE('',*,*,#8083,.T.);
#8083 = EDGE_CURVE('',#8084,#8084,#8086,.T.);
#8084 = VERTEX_POINT('',#8085);
#8085 = CARTESIAN_POINT('',(173.07,-67.115,1.51));
#8086 = CIRCLE('',#8087,0.425);
#8087 = AXIS2_PLACEMENT_3D('',#8088,#8089,#8090);
#8088 = CARTESIAN_POINT('',(173.07,-66.69,1.51));
#8089 = DIRECTION('',(-0.,0.,-1.));
#8090 = DIRECTION('',(-0.,-1.,0.));
#8091 = FACE_BOUND('',#8092,.T.);
#8092 = EDGE_LOOP('',(#8093));
#8093 = ORIENTED_EDGE('',*,*,#8094,.F.);
#8094 = EDGE_CURVE('',#8095,#8095,#8097,.T.);
#8095 = VERTEX_POINT('',#8096);
#8096 = CARTESIAN_POINT('',(198.95,-70.5,1.51));
#8097 = CIRCLE('',#8098,0.95);
#8098 = AXIS2_PLACEMENT_3D('',#8099,#8100,#8101);
#8099 = CARTESIAN_POINT('',(198.,-70.5,1.51));
#8100 = DIRECTION('',(0.,0.,1.));
#8101 = DIRECTION('',(1.,0.,-0.));
#8102 = FACE_BOUND('',#8103,.T.);
#8103 = EDGE_LOOP('',(#8104));
#8104 = ORIENTED_EDGE('',*,*,#8105,.T.);
#8105 = EDGE_CURVE('',#8106,#8106,#8108,.T.);
#8106 = VERTEX_POINT('',#8107);
#8107 = CARTESIAN_POINT('',(195.93,-67.115,1.51));
#8108 = CIRCLE('',#8109,0.425);
#8109 = AXIS2_PLACEMENT_3D('',#8110,#8111,#8112);
#8110 = CARTESIAN_POINT('',(195.93,-66.69,1.51));
#8111 = DIRECTION('',(-0.,0.,-1.));
#8112 = DIRECTION('',(-0.,-1.,0.));
#8113 = FACE_BOUND('',#8114,.T.);
#8114 = EDGE_LOOP('',(#8115));
#8115 = ORIENTED_EDGE('',*,*,#8116,.T.);
#8116 = EDGE_CURVE('',#8117,#8117,#8119,.T.);
#8117 = VERTEX_POINT('',#8118);
#8118 = CARTESIAN_POINT('',(157.12,-64.008,1.51));
#8119 = CIRCLE('',#8120,0.508);
#8120 = AXIS2_PLACEMENT_3D('',#8121,#8122,#8123);
#8121 = CARTESIAN_POINT('',(157.12,-63.5,1.51));
#8122 = DIRECTION('',(-0.,0.,-1.));
#8123 = DIRECTION('',(-0.,-1.,0.));
#8124 = FACE_BOUND('',#8125,.T.);
#8125 = EDGE_LOOP('',(#8126));
#8126 = ORIENTED_EDGE('',*,*,#8127,.T.);
#8127 = EDGE_CURVE('',#8128,#8128,#8130,.T.);
#8128 = VERTEX_POINT('',#8129);
#8129 = CARTESIAN_POINT('',(157.12,-61.468,1.51));
#8130 = CIRCLE('',#8131,0.508);
#8131 = AXIS2_PLACEMENT_3D('',#8132,#8133,#8134);
#8132 = CARTESIAN_POINT('',(157.12,-60.96,1.51));
#8133 = DIRECTION('',(-0.,0.,-1.));
#8134 = DIRECTION('',(-0.,-1.,0.));
#8135 = FACE_BOUND('',#8136,.T.);
#8136 = EDGE_LOOP('',(#8137));
#8137 = ORIENTED_EDGE('',*,*,#8138,.T.);
#8138 = EDGE_CURVE('',#8139,#8139,#8141,.T.);
#8139 = VERTEX_POINT('',#8140);
#8140 = CARTESIAN_POINT('',(157.12,-58.928,1.51));
#8141 = CIRCLE('',#8142,0.508);
#8142 = AXIS2_PLACEMENT_3D('',#8143,#8144,#8145);
#8143 = CARTESIAN_POINT('',(157.12,-58.42,1.51));
#8144 = DIRECTION('',(-0.,0.,-1.));
#8145 = DIRECTION('',(-0.,-1.,0.));
#8146 = FACE_BOUND('',#8147,.T.);
#8147 = EDGE_LOOP('',(#8148));
#8148 = ORIENTED_EDGE('',*,*,#8149,.T.);
#8149 = EDGE_CURVE('',#8150,#8150,#8152,.T.);
#8150 = VERTEX_POINT('',#8151);
#8151 = CARTESIAN_POINT('',(157.12,-56.388,1.51));
#8152 = CIRCLE('',#8153,0.508);
#8153 = AXIS2_PLACEMENT_3D('',#8154,#8155,#8156);
#8154 = CARTESIAN_POINT('',(157.12,-55.88,1.51));
#8155 = DIRECTION('',(-0.,0.,-1.));
#8156 = DIRECTION('',(-0.,-1.,0.));
#8157 = FACE_BOUND('',#8158,.T.);
#8158 = EDGE_LOOP('',(#8159));
#8159 = ORIENTED_EDGE('',*,*,#8160,.F.);
#8160 = EDGE_CURVE('',#8161,#8161,#8163,.T.);
#8161 = VERTEX_POINT('',#8162);
#8162 = CARTESIAN_POINT('',(186.45,-60.5,1.51));
#8163 = CIRCLE('',#8164,1.95);
#8164 = AXIS2_PLACEMENT_3D('',#8165,#8166,#8167);
#8165 = CARTESIAN_POINT('',(184.5,-60.5,1.51));
#8166 = DIRECTION('',(0.,0.,1.));
#8167 = DIRECTION('',(1.,0.,-0.));
#8168 = PLANE('',#8169);
#8169 = AXIS2_PLACEMENT_3D('',#8170,#8171,#8172);
#8170 = CARTESIAN_POINT('',(0.,0.,1.51));
#8171 = DIRECTION('',(0.,0.,1.));
#8172 = DIRECTION('',(1.,0.,-0.));
#8173 = ADVANCED_FACE('',(#8174),#8180,.T.);
#8174 = FACE_BOUND('',#8175,.T.);
#8175 = EDGE_LOOP('',(#8176,#8177,#8178,#8179));
#8176 = ORIENTED_EDGE('',*,*,#7351,.T.);
#8177 = ORIENTED_EDGE('',*,*,#7777,.T.);
#8178 = ORIENTED_EDGE('',*,*,#7311,.F.);
#8179 = ORIENTED_EDGE('',*,*,#7375,.F.);
#8180 = PLANE('',#8181);
#8181 = AXIS2_PLACEMENT_3D('',#8182,#8183,#8184);
#8182 = CARTESIAN_POINT('',(84.,-53.,0.));
#8183 = DIRECTION('',(0.,1.,0.));
#8184 = DIRECTION('',(1.,0.,0.));
#8185 = ADVANCED_FACE('',(#8186),#8197,.F.);
#8186 = FACE_BOUND('',#8187,.T.);
#8187 = EDGE_LOOP('',(#8188,#8189,#8195,#8196));
#8188 = ORIENTED_EDGE('',*,*,#7384,.T.);
#8189 = ORIENTED_EDGE('',*,*,#8190,.T.);
#8190 = EDGE_CURVE('',#7385,#7787,#8191,.T.);
#8191 = LINE('',#8192,#8193);
#8192 = CARTESIAN_POINT('',(127.,-86.55,-4.6E-02));
#8193 = VECTOR('',#8194,1.);
#8194 = DIRECTION('',(0.,0.,1.));
#8195 = ORIENTED_EDGE('',*,*,#7786,.F.);
#8196 = ORIENTED_EDGE('',*,*,#8190,.F.);
#8197 = CYLINDRICAL_SURFACE('',#8198,0.55);
#8198 = AXIS2_PLACEMENT_3D('',#8199,#8200,#8201);
#8199 = CARTESIAN_POINT('',(127.,-86.,-4.6E-02));
#8200 = DIRECTION('',(-0.,-0.,-1.));
#8201 = DIRECTION('',(-0.,-1.,0.));
#8202 = ADVANCED_FACE('',(#8203),#8214,.F.);
#8203 = FACE_BOUND('',#8204,.T.);
#8204 = EDGE_LOOP('',(#8205,#8206,#8212,#8213));
#8205 = ORIENTED_EDGE('',*,*,#7395,.T.);
#8206 = ORIENTED_EDGE('',*,*,#8207,.T.);
#8207 = EDGE_CURVE('',#7396,#7798,#8208,.T.);
#8208 = LINE('',#8209,#8210);
#8209 = CARTESIAN_POINT('',(133.5,-86.55,-4.6E-02));
#8210 = VECTOR('',#8211,1.);
#8211 = DIRECTION('',(0.,0.,1.));
#8212 = ORIENTED_EDGE('',*,*,#7797,.F.);
#8213 = ORIENTED_EDGE('',*,*,#8207,.F.);
#8214 = CYLINDRICAL_SURFACE('',#8215,0.55);
#8215 = AXIS2_PLACEMENT_3D('',#8216,#8217,#8218);
#8216 = CARTESIAN_POINT('',(133.5,-86.,-4.6E-02));
#8217 = DIRECTION('',(-0.,-0.,-1.));
#8218 = DIRECTION('',(-0.,-1.,0.));
#8219 = ADVANCED_FACE('',(#8220),#8231,.F.);
#8220 = FACE_BOUND('',#8221,.T.);
#8221 = EDGE_LOOP('',(#8222,#8223,#8229,#8230));
#8222 = ORIENTED_EDGE('',*,*,#7406,.T.);
#8223 = ORIENTED_EDGE('',*,*,#8224,.T.);
#8224 = EDGE_CURVE('',#7407,#7809,#8225,.T.);
#8225 = LINE('',#8226,#8227);
#8226 = CARTESIAN_POINT('',(127.,-82.05,-4.6E-02));
#8227 = VECTOR('',#8228,1.);
#8228 = DIRECTION('',(0.,0.,1.));
#8229 = ORIENTED_EDGE('',*,*,#7808,.F.);
#8230 = ORIENTED_EDGE('',*,*,#8224,.F.);
#8231 = CYLINDRICAL_SURFACE('',#8232,0.55);
#8232 = AXIS2_PLACEMENT_3D('',#8233,#8234,#8235);
#8233 = CARTESIAN_POINT('',(127.,-81.5,-4.6E-02));
#8234 = DIRECTION('',(-0.,-0.,-1.));
#8235 = DIRECTION('',(-0.,-1.,0.));
#8236 = ADVANCED_FACE('',(#8237),#8248,.F.);
#8237 = FACE_BOUND('',#8238,.T.);
#8238 = EDGE_LOOP('',(#8239,#8240,#8246,#8247));
#8239 = ORIENTED_EDGE('',*,*,#7417,.T.);
#8240 = ORIENTED_EDGE('',*,*,#8241,.T.);
#8241 = EDGE_CURVE('',#7418,#7820,#8242,.T.);
#8242 = LINE('',#8243,#8244);
#8243 = CARTESIAN_POINT('',(133.5,-82.05,-4.6E-02));
#8244 = VECTOR('',#8245,1.);
#8245 = DIRECTION('',(0.,0.,1.));
#8246 = ORIENTED_EDGE('',*,*,#7819,.F.);
#8247 = ORIENTED_EDGE('',*,*,#8241,.F.);
#8248 = CYLINDRICAL_SURFACE('',#8249,0.55);
#8249 = AXIS2_PLACEMENT_3D('',#8250,#8251,#8252);
#8250 = CARTESIAN_POINT('',(133.5,-81.5,-4.6E-02));
#8251 = DIRECTION('',(-0.,-0.,-1.));
#8252 = DIRECTION('',(-0.,-1.,0.));
#8253 = ADVANCED_FACE('',(#8254),#8265,.F.);
#8254 = FACE_BOUND('',#8255,.T.);
#8255 = EDGE_LOOP('',(#8256,#8262,#8263,#8264));
#8256 = ORIENTED_EDGE('',*,*,#8257,.T.);
#8257 = EDGE_CURVE('',#7429,#7831,#8258,.T.);
#8258 = LINE('',#8259,#8260);
#8259 = CARTESIAN_POINT('',(203.500122,-89.,0.));
#8260 = VECTOR('',#8261,1.);
#8261 = DIRECTION('',(0.,0.,1.));
#8262 = ORIENTED_EDGE('',*,*,#7830,.T.);
#8263 = ORIENTED_EDGE('',*,*,#8257,.F.);
#8264 = ORIENTED_EDGE('',*,*,#7428,.F.);
#8265 = CYLINDRICAL_SURFACE('',#8266,2.500122);
#8266 = AXIS2_PLACEMENT_3D('',#8267,#8268,#8269);
#8267 = CARTESIAN_POINT('',(201.,-89.,0.));
#8268 = DIRECTION('',(-0.,-0.,-1.));
#8269 = DIRECTION('',(1.,0.,-0.));
#8270 = ADVANCED_FACE('',(#8271),#8282,.F.);
#8271 = FACE_BOUND('',#8272,.T.);
#8272 = EDGE_LOOP('',(#8273,#8274,#8280,#8281));
#8273 = ORIENTED_EDGE('',*,*,#7439,.T.);
#8274 = ORIENTED_EDGE('',*,*,#8275,.T.);
#8275 = EDGE_CURVE('',#7440,#7842,#8276,.T.);
#8276 = LINE('',#8277,#8278);
#8277 = CARTESIAN_POINT('',(146.96,-81.788,-4.6E-02));
#8278 = VECTOR('',#8279,1.);
#8279 = DIRECTION('',(0.,0.,1.));
#8280 = ORIENTED_EDGE('',*,*,#7841,.F.);
#8281 = ORIENTED_EDGE('',*,*,#8275,.F.);
#8282 = CYLINDRICAL_SURFACE('',#8283,0.508);
#8283 = AXIS2_PLACEMENT_3D('',#8284,#8285,#8286);
#8284 = CARTESIAN_POINT('',(146.96,-81.28,-4.6E-02));
#8285 = DIRECTION('',(-0.,0.,-1.));
#8286 = DIRECTION('',(5.594824691024E-14,-1.,-0.));
#8287 = ADVANCED_FACE('',(#8288),#8299,.F.);
#8288 = FACE_BOUND('',#8289,.T.);
#8289 = EDGE_LOOP('',(#8290,#8291,#8297,#8298));
#8290 = ORIENTED_EDGE('',*,*,#7450,.T.);
#8291 = ORIENTED_EDGE('',*,*,#8292,.T.);
#8292 = EDGE_CURVE('',#7451,#7853,#8293,.T.);
#8293 = LINE('',#8294,#8295);
#8294 = CARTESIAN_POINT('',(152.04,-81.788,-4.6E-02));
#8295 = VECTOR('',#8296,1.);
#8296 = DIRECTION('',(0.,0.,1.));
#8297 = ORIENTED_EDGE('',*,*,#7852,.F.);
#8298 = ORIENTED_EDGE('',*,*,#8292,.F.);
#8299 = CYLINDRICAL_SURFACE('',#8300,0.508);
#8300 = AXIS2_PLACEMENT_3D('',#8301,#8302,#8303);
#8301 = CARTESIAN_POINT('',(152.04,-81.28,-4.6E-02));
#8302 = DIRECTION('',(-0.,-0.,-1.));
#8303 = DIRECTION('',(-5.594824691025E-14,-1.,0.));
#8304 = ADVANCED_FACE('',(#8305),#8316,.F.);
#8305 = FACE_BOUND('',#8306,.T.);
#8306 = EDGE_LOOP('',(#8307,#8308,#8314,#8315));
#8307 = ORIENTED_EDGE('',*,*,#7461,.T.);
#8308 = ORIENTED_EDGE('',*,*,#8309,.T.);
#8309 = EDGE_CURVE('',#7462,#7864,#8310,.T.);
#8310 = LINE('',#8311,#8312);
#8311 = CARTESIAN_POINT('',(173.07,-74.735,-4.6E-02));
#8312 = VECTOR('',#8313,1.);
#8313 = DIRECTION('',(0.,0.,1.));
#8314 = ORIENTED_EDGE('',*,*,#7863,.F.);
#8315 = ORIENTED_EDGE('',*,*,#8309,.F.);
#8316 = CYLINDRICAL_SURFACE('',#8317,0.425);
#8317 = AXIS2_PLACEMENT_3D('',#8318,#8319,#8320);
#8318 = CARTESIAN_POINT('',(173.07,-74.31,-4.6E-02));
#8319 = DIRECTION('',(-0.,-0.,-1.));
#8320 = DIRECTION('',(-0.,-1.,0.));
#8321 = ADVANCED_FACE('',(#8322),#8333,.F.);
#8322 = FACE_BOUND('',#8323,.T.);
#8323 = EDGE_LOOP('',(#8324,#8330,#8331,#8332));
#8324 = ORIENTED_EDGE('',*,*,#8325,.T.);
#8325 = EDGE_CURVE('',#7473,#7875,#8326,.T.);
#8326 = LINE('',#8327,#8328);
#8327 = CARTESIAN_POINT('',(176.8,-79.5,0.));
#8328 = VECTOR('',#8329,1.);
#8329 = DIRECTION('',(0.,0.,1.));
#8330 = ORIENTED_EDGE('',*,*,#7874,.T.);
#8331 = ORIENTED_EDGE('',*,*,#8325,.F.);
#8332 = ORIENTED_EDGE('',*,*,#7472,.F.);
#8333 = CYLINDRICAL_SURFACE('',#8334,1.3);
#8334 = AXIS2_PLACEMENT_3D('',#8335,#8336,#8337);
#8335 = CARTESIAN_POINT('',(175.5,-79.5,0.));
#8336 = DIRECTION('',(-0.,-0.,-1.));
#8337 = DIRECTION('',(1.,0.,-0.));
#8338 = ADVANCED_FACE('',(#8339),#8350,.F.);
#8339 = FACE_BOUND('',#8340,.T.);
#8340 = EDGE_LOOP('',(#8341,#8347,#8348,#8349));
#8341 = ORIENTED_EDGE('',*,*,#8342,.T.);
#8342 = EDGE_CURVE('',#7484,#7886,#8343,.T.);
#8343 = LINE('',#8344,#8345);
#8344 = CARTESIAN_POINT('',(194.8,-79.5,0.));
#8345 = VECTOR('',#8346,1.);
#8346 = DIRECTION('',(0.,0.,1.));
#8347 = ORIENTED_EDGE('',*,*,#7885,.T.);
#8348 = ORIENTED_EDGE('',*,*,#8342,.F.);
#8349 = ORIENTED_EDGE('',*,*,#7483,.F.);
#8350 = CYLINDRICAL_SURFACE('',#8351,1.3);
#8351 = AXIS2_PLACEMENT_3D('',#8352,#8353,#8354);
#8352 = CARTESIAN_POINT('',(193.5,-79.5,0.));
#8353 = DIRECTION('',(-0.,-0.,-1.));
#8354 = DIRECTION('',(1.,0.,-0.));
#8355 = ADVANCED_FACE('',(#8356),#8367,.F.);
#8356 = FACE_BOUND('',#8357,.T.);
#8357 = EDGE_LOOP('',(#8358,#8359,#8365,#8366));
#8358 = ORIENTED_EDGE('',*,*,#7494,.T.);
#8359 = ORIENTED_EDGE('',*,*,#8360,.T.);
#8360 = EDGE_CURVE('',#7495,#7897,#8361,.T.);
#8361 = LINE('',#8362,#8363);
#8362 = CARTESIAN_POINT('',(195.93,-74.735,-4.6E-02));
#8363 = VECTOR('',#8364,1.);
#8364 = DIRECTION('',(0.,0.,1.));
#8365 = ORIENTED_EDGE('',*,*,#7896,.F.);
#8366 = ORIENTED_EDGE('',*,*,#8360,.F.);
#8367 = CYLINDRICAL_SURFACE('',#8368,0.425);
#8368 = AXIS2_PLACEMENT_3D('',#8369,#8370,#8371);
#8369 = CARTESIAN_POINT('',(195.93,-74.31,-4.6E-02));
#8370 = DIRECTION('',(-0.,-0.,-1.));
#8371 = DIRECTION('',(-0.,-1.,0.));
#8372 = ADVANCED_FACE('',(#8373),#8384,.F.);
#8373 = FACE_BOUND('',#8374,.T.);
#8374 = EDGE_LOOP('',(#8375,#8376,#8382,#8383));
#8375 = ORIENTED_EDGE('',*,*,#7505,.T.);
#8376 = ORIENTED_EDGE('',*,*,#8377,.T.);
#8377 = EDGE_CURVE('',#7506,#7908,#8378,.T.);
#8378 = LINE('',#8379,#8380);
#8379 = CARTESIAN_POINT('',(141.88,-71.628,-4.6E-02));
#8380 = VECTOR('',#8381,1.);
#8381 = DIRECTION('',(0.,0.,1.));
#8382 = ORIENTED_EDGE('',*,*,#7907,.F.);
#8383 = ORIENTED_EDGE('',*,*,#8377,.F.);
#8384 = CYLINDRICAL_SURFACE('',#8385,0.508);
#8385 = AXIS2_PLACEMENT_3D('',#8386,#8387,#8388);
#8386 = CARTESIAN_POINT('',(141.88,-71.12,-4.6E-02));
#8387 = DIRECTION('',(-0.,-0.,-1.));
#8388 = DIRECTION('',(-0.,-1.,0.));
#8389 = ADVANCED_FACE('',(#8390),#8401,.F.);
#8390 = FACE_BOUND('',#8391,.T.);
#8391 = EDGE_LOOP('',(#8392,#8393,#8399,#8400));
#8392 = ORIENTED_EDGE('',*,*,#7516,.T.);
#8393 = ORIENTED_EDGE('',*,*,#8394,.T.);
#8394 = EDGE_CURVE('',#7517,#7919,#8395,.T.);
#8395 = LINE('',#8396,#8397);
#8396 = CARTESIAN_POINT('',(141.88,-69.088,-4.6E-02));
#8397 = VECTOR('',#8398,1.);
#8398 = DIRECTION('',(0.,0.,1.));
#8399 = ORIENTED_EDGE('',*,*,#7918,.F.);
#8400 = ORIENTED_EDGE('',*,*,#8394,.F.);
#8401 = CYLINDRICAL_SURFACE('',#8402,0.508);
#8402 = AXIS2_PLACEMENT_3D('',#8403,#8404,#8405);
#8403 = CARTESIAN_POINT('',(141.88,-68.58,-4.6E-02));
#8404 = DIRECTION('',(-0.,-0.,-1.));
#8405 = DIRECTION('',(-0.,-1.,0.));
#8406 = ADVANCED_FACE('',(#8407),#8418,.F.);
#8407 = FACE_BOUND('',#8408,.T.);
#8408 = EDGE_LOOP('',(#8409,#8410,#8416,#8417));
#8409 = ORIENTED_EDGE('',*,*,#7527,.T.);
#8410 = ORIENTED_EDGE('',*,*,#8411,.T.);
#8411 = EDGE_CURVE('',#7528,#7930,#8412,.T.);
#8412 = LINE('',#8413,#8414);
#8413 = CARTESIAN_POINT('',(141.88,-66.548,-4.6E-02));
#8414 = VECTOR('',#8415,1.);
#8415 = DIRECTION('',(0.,0.,1.));
#8416 = ORIENTED_EDGE('',*,*,#7929,.F.);
#8417 = ORIENTED_EDGE('',*,*,#8411,.F.);
#8418 = CYLINDRICAL_SURFACE('',#8419,0.508);
#8419 = AXIS2_PLACEMENT_3D('',#8420,#8421,#8422);
#8420 = CARTESIAN_POINT('',(141.88,-66.04,-4.6E-02));
#8421 = DIRECTION('',(-0.,-0.,-1.));
#8422 = DIRECTION('',(-0.,-1.,0.));
#8423 = ADVANCED_FACE('',(#8424),#8435,.F.);
#8424 = FACE_BOUND('',#8425,.T.);
#8425 = EDGE_LOOP('',(#8426,#8427,#8433,#8434));
#8426 = ORIENTED_EDGE('',*,*,#7538,.T.);
#8427 = ORIENTED_EDGE('',*,*,#8428,.T.);
#8428 = EDGE_CURVE('',#7539,#7941,#8429,.T.);
#8429 = LINE('',#8430,#8431);
#8430 = CARTESIAN_POINT('',(102.,-61.5,-4.6E-02));
#8431 = VECTOR('',#8432,1.);
#8432 = DIRECTION('',(0.,0.,1.));
#8433 = ORIENTED_EDGE('',*,*,#7940,.F.);
#8434 = ORIENTED_EDGE('',*,*,#8428,.F.);
#8435 = CYLINDRICAL_SURFACE('',#8436,0.5);
#8436 = AXIS2_PLACEMENT_3D('',#8437,#8438,#8439);
#8437 = CARTESIAN_POINT('',(102.,-61.,-4.6E-02));
#8438 = DIRECTION('',(-0.,-0.,-1.));
#8439 = DIRECTION('',(-0.,-1.,0.));
#8440 = ADVANCED_FACE('',(#8441),#8452,.F.);
#8441 = FACE_BOUND('',#8442,.T.);
#8442 = EDGE_LOOP('',(#8443,#8444,#8450,#8451));
#8443 = ORIENTED_EDGE('',*,*,#7549,.T.);
#8444 = ORIENTED_EDGE('',*,*,#8445,.T.);
#8445 = EDGE_CURVE('',#7550,#7952,#8446,.T.);
#8446 = LINE('',#8447,#8448);
#8447 = CARTESIAN_POINT('',(104.54,-61.5,-4.6E-02));
#8448 = VECTOR('',#8449,1.);
#8449 = DIRECTION('',(0.,0.,1.));
#8450 = ORIENTED_EDGE('',*,*,#7951,.F.);
#8451 = ORIENTED_EDGE('',*,*,#8445,.F.);
#8452 = CYLINDRICAL_SURFACE('',#8453,0.5);
#8453 = AXIS2_PLACEMENT_3D('',#8454,#8455,#8456);
#8454 = CARTESIAN_POINT('',(104.54,-61.,-4.6E-02));
#8455 = DIRECTION('',(-0.,-0.,-1.));
#8456 = DIRECTION('',(-0.,-1.,0.));
#8457 = ADVANCED_FACE('',(#8458),#8469,.F.);
#8458 = FACE_BOUND('',#8459,.T.);
#8459 = EDGE_LOOP('',(#8460,#8461,#8467,#8468));
#8460 = ORIENTED_EDGE('',*,*,#7560,.T.);
#8461 = ORIENTED_EDGE('',*,*,#8462,.T.);
#8462 = EDGE_CURVE('',#7561,#7963,#8463,.T.);
#8463 = LINE('',#8464,#8465);
#8464 = CARTESIAN_POINT('',(107.08,-61.5,-4.6E-02));
#8465 = VECTOR('',#8466,1.);
#8466 = DIRECTION('',(0.,0.,1.));
#8467 = ORIENTED_EDGE('',*,*,#7962,.F.);
#8468 = ORIENTED_EDGE('',*,*,#8462,.F.);
#8469 = CYLINDRICAL_SURFACE('',#8470,0.5);
#8470 = AXIS2_PLACEMENT_3D('',#8471,#8472,#8473);
#8471 = CARTESIAN_POINT('',(107.08,-61.,-4.6E-02));
#8472 = DIRECTION('',(-0.,-0.,-1.));
#8473 = DIRECTION('',(-0.,-1.,0.));
#8474 = ADVANCED_FACE('',(#8475),#8486,.F.);
#8475 = FACE_BOUND('',#8476,.T.);
#8476 = EDGE_LOOP('',(#8477,#8478,#8484,#8485));
#8477 = ORIENTED_EDGE('',*,*,#7571,.T.);
#8478 = ORIENTED_EDGE('',*,*,#8479,.T.);
#8479 = EDGE_CURVE('',#7572,#7974,#8480,.T.);
#8480 = LINE('',#8481,#8482);
#8481 = CARTESIAN_POINT('',(109.62,-61.5,-4.6E-02));
#8482 = VECTOR('',#8483,1.);
#8483 = DIRECTION('',(0.,0.,1.));
#8484 = ORIENTED_EDGE('',*,*,#7973,.F.);
#8485 = ORIENTED_EDGE('',*,*,#8479,.F.);
#8486 = CYLINDRICAL_SURFACE('',#8487,0.5);
#8487 = AXIS2_PLACEMENT_3D('',#8488,#8489,#8490);
#8488 = CARTESIAN_POINT('',(109.62,-61.,-4.6E-02));
#8489 = DIRECTION('',(-0.,-0.,-1.));
#8490 = DIRECTION('',(-0.,-1.,0.));
#8491 = ADVANCED_FACE('',(#8492),#8503,.F.);
#8492 = FACE_BOUND('',#8493,.T.);
#8493 = EDGE_LOOP('',(#8494,#8500,#8501,#8502));
#8494 = ORIENTED_EDGE('',*,*,#8495,.T.);
#8495 = EDGE_CURVE('',#7583,#7985,#8496,.T.);
#8496 = LINE('',#8497,#8498);
#8497 = CARTESIAN_POINT('',(90.5,-57.,0.));
#8498 = VECTOR('',#8499,1.);
#8499 = DIRECTION('',(0.,0.,1.));
#8500 = ORIENTED_EDGE('',*,*,#7984,.T.);
#8501 = ORIENTED_EDGE('',*,*,#8495,.F.);
#8502 = ORIENTED_EDGE('',*,*,#7582,.F.);
#8503 = CYLINDRICAL_SURFACE('',#8504,2.500122);
#8504 = AXIS2_PLACEMENT_3D('',#8505,#8506,#8507);
#8505 = CARTESIAN_POINT('',(87.999878,-57.,0.));
#8506 = DIRECTION('',(-0.,-0.,-1.));
#8507 = DIRECTION('',(1.,0.,-0.));
#8508 = ADVANCED_FACE('',(#8509),#8520,.F.);
#8509 = FACE_BOUND('',#8510,.T.);
#8510 = EDGE_LOOP('',(#8511,#8512,#8518,#8519));
#8511 = ORIENTED_EDGE('',*,*,#7593,.T.);
#8512 = ORIENTED_EDGE('',*,*,#8513,.T.);
#8513 = EDGE_CURVE('',#7594,#7996,#8514,.T.);
#8514 = LINE('',#8515,#8516);
#8515 = CARTESIAN_POINT('',(141.88,-64.008,-4.6E-02));
#8516 = VECTOR('',#8517,1.);
#8517 = DIRECTION('',(0.,0.,1.));
#8518 = ORIENTED_EDGE('',*,*,#7995,.F.);
#8519 = ORIENTED_EDGE('',*,*,#8513,.F.);
#8520 = CYLINDRICAL_SURFACE('',#8521,0.508);
#8521 = AXIS2_PLACEMENT_3D('',#8522,#8523,#8524);
#8522 = CARTESIAN_POINT('',(141.88,-63.5,-4.6E-02));
#8523 = DIRECTION('',(-0.,-0.,-1.));
#8524 = DIRECTION('',(-0.,-1.,0.));
#8525 = ADVANCED_FACE('',(#8526),#8537,.F.);
#8526 = FACE_BOUND('',#8527,.T.);
#8527 = EDGE_LOOP('',(#8528,#8529,#8535,#8536));
#8528 = ORIENTED_EDGE('',*,*,#7604,.T.);
#8529 = ORIENTED_EDGE('',*,*,#8530,.T.);
#8530 = EDGE_CURVE('',#7605,#8007,#8531,.T.);
#8531 = LINE('',#8532,#8533);
#8532 = CARTESIAN_POINT('',(141.88,-61.468,-4.6E-02));
#8533 = VECTOR('',#8534,1.);
#8534 = DIRECTION('',(0.,0.,1.));
#8535 = ORIENTED_EDGE('',*,*,#8006,.F.);
#8536 = ORIENTED_EDGE('',*,*,#8530,.F.);
#8537 = CYLINDRICAL_SURFACE('',#8538,0.508);
#8538 = AXIS2_PLACEMENT_3D('',#8539,#8540,#8541);
#8539 = CARTESIAN_POINT('',(141.88,-60.96,-4.6E-02));
#8540 = DIRECTION('',(-0.,-0.,-1.));
#8541 = DIRECTION('',(-0.,-1.,0.));
#8542 = ADVANCED_FACE('',(#8543),#8554,.F.);
#8543 = FACE_BOUND('',#8544,.T.);
#8544 = EDGE_LOOP('',(#8545,#8546,#8552,#8553));
#8545 = ORIENTED_EDGE('',*,*,#7615,.T.);
#8546 = ORIENTED_EDGE('',*,*,#8547,.T.);
#8547 = EDGE_CURVE('',#7616,#8018,#8548,.T.);
#8548 = LINE('',#8549,#8550);
#8549 = CARTESIAN_POINT('',(141.88,-58.928,-4.6E-02));
#8550 = VECTOR('',#8551,1.);
#8551 = DIRECTION('',(0.,0.,1.));
#8552 = ORIENTED_EDGE('',*,*,#8017,.F.);
#8553 = ORIENTED_EDGE('',*,*,#8547,.F.);
#8554 = CYLINDRICAL_SURFACE('',#8555,0.508);
#8555 = AXIS2_PLACEMENT_3D('',#8556,#8557,#8558);
#8556 = CARTESIAN_POINT('',(141.88,-58.42,-4.6E-02));
#8557 = DIRECTION('',(-0.,-0.,-1.));
#8558 = DIRECTION('',(-0.,-1.,0.));
#8559 = ADVANCED_FACE('',(#8560),#8571,.F.);
#8560 = FACE_BOUND('',#8561,.T.);
#8561 = EDGE_LOOP('',(#8562,#8563,#8569,#8570));
#8562 = ORIENTED_EDGE('',*,*,#7626,.T.);
#8563 = ORIENTED_EDGE('',*,*,#8564,.T.);
#8564 = EDGE_CURVE('',#7627,#8029,#8565,.T.);
#8565 = LINE('',#8566,#8567);
#8566 = CARTESIAN_POINT('',(141.88,-56.388,-4.6E-02));
#8567 = VECTOR('',#8568,1.);
#8568 = DIRECTION('',(0.,0.,1.));
#8569 = ORIENTED_EDGE('',*,*,#8028,.F.);
#8570 = ORIENTED_EDGE('',*,*,#8564,.F.);
#8571 = CYLINDRICAL_SURFACE('',#8572,0.508);
#8572 = AXIS2_PLACEMENT_3D('',#8573,#8574,#8575);
#8573 = CARTESIAN_POINT('',(141.88,-55.88,-4.6E-02));
#8574 = DIRECTION('',(-0.,-0.,-1.));
#8575 = DIRECTION('',(-0.,-1.,0.));
#8576 = ADVANCED_FACE('',(#8577),#8588,.F.);
#8577 = FACE_BOUND('',#8578,.T.);
#8578 = EDGE_LOOP('',(#8579,#8580,#8586,#8587));
#8579 = ORIENTED_EDGE('',*,*,#7637,.T.);
#8580 = ORIENTED_EDGE('',*,*,#8581,.T.);
#8581 = EDGE_CURVE('',#7638,#8040,#8582,.T.);
#8582 = LINE('',#8583,#8584);
#8583 = CARTESIAN_POINT('',(157.12,-71.628,-4.6E-02));
#8584 = VECTOR('',#8585,1.);
#8585 = DIRECTION('',(0.,0.,1.));
#8586 = ORIENTED_EDGE('',*,*,#8039,.F.);
#8587 = ORIENTED_EDGE('',*,*,#8581,.F.);
#8588 = CYLINDRICAL_SURFACE('',#8589,0.508);
#8589 = AXIS2_PLACEMENT_3D('',#8590,#8591,#8592);
#8590 = CARTESIAN_POINT('',(157.12,-71.12,-4.6E-02));
#8591 = DIRECTION('',(-0.,-0.,-1.));
#8592 = DIRECTION('',(-0.,-1.,0.));
#8593 = ADVANCED_FACE('',(#8594),#8605,.F.);
#8594 = FACE_BOUND('',#8595,.T.);
#8595 = EDGE_LOOP('',(#8596,#8597,#8603,#8604));
#8596 = ORIENTED_EDGE('',*,*,#7648,.T.);
#8597 = ORIENTED_EDGE('',*,*,#8598,.T.);
#8598 = EDGE_CURVE('',#7649,#8051,#8599,.T.);
#8599 = LINE('',#8600,#8601);
#8600 = CARTESIAN_POINT('',(157.12,-69.088,-4.6E-02));
#8601 = VECTOR('',#8602,1.);
#8602 = DIRECTION('',(0.,0.,1.));
#8603 = ORIENTED_EDGE('',*,*,#8050,.F.);
#8604 = ORIENTED_EDGE('',*,*,#8598,.F.);
#8605 = CYLINDRICAL_SURFACE('',#8606,0.508);
#8606 = AXIS2_PLACEMENT_3D('',#8607,#8608,#8609);
#8607 = CARTESIAN_POINT('',(157.12,-68.58,-4.6E-02));
#8608 = DIRECTION('',(-0.,-0.,-1.));
#8609 = DIRECTION('',(-0.,-1.,0.));
#8610 = ADVANCED_FACE('',(#8611),#8622,.F.);
#8611 = FACE_BOUND('',#8612,.T.);
#8612 = EDGE_LOOP('',(#8613,#8619,#8620,#8621));
#8613 = ORIENTED_EDGE('',*,*,#8614,.T.);
#8614 = EDGE_CURVE('',#7660,#8062,#8615,.T.);
#8615 = LINE('',#8616,#8617);
#8616 = CARTESIAN_POINT('',(171.95,-70.5,0.));
#8617 = VECTOR('',#8618,1.);
#8618 = DIRECTION('',(0.,0.,1.));
#8619 = ORIENTED_EDGE('',*,*,#8061,.T.);
#8620 = ORIENTED_EDGE('',*,*,#8614,.F.);
#8621 = ORIENTED_EDGE('',*,*,#7659,.F.);
#8622 = CYLINDRICAL_SURFACE('',#8623,0.95);
#8623 = AXIS2_PLACEMENT_3D('',#8624,#8625,#8626);
#8624 = CARTESIAN_POINT('',(171.,-70.5,0.));
#8625 = DIRECTION('',(-0.,-0.,-1.));
#8626 = DIRECTION('',(1.,0.,-0.));
#8627 = ADVANCED_FACE('',(#8628),#8639,.F.);
#8628 = FACE_BOUND('',#8629,.T.);
#8629 = EDGE_LOOP('',(#8630,#8631,#8637,#8638));
#8630 = ORIENTED_EDGE('',*,*,#7670,.T.);
#8631 = ORIENTED_EDGE('',*,*,#8632,.T.);
#8632 = EDGE_CURVE('',#7671,#8073,#8633,.T.);
#8633 = LINE('',#8634,#8635);
#8634 = CARTESIAN_POINT('',(157.12,-66.548,-4.6E-02));
#8635 = VECTOR('',#8636,1.);
#8636 = DIRECTION('',(0.,0.,1.));
#8637 = ORIENTED_EDGE('',*,*,#8072,.F.);
#8638 = ORIENTED_EDGE('',*,*,#8632,.F.);
#8639 = CYLINDRICAL_SURFACE('',#8640,0.508);
#8640 = AXIS2_PLACEMENT_3D('',#8641,#8642,#8643);
#8641 = CARTESIAN_POINT('',(157.12,-66.04,-4.6E-02));
#8642 = DIRECTION('',(-0.,-0.,-1.));
#8643 = DIRECTION('',(-0.,-1.,0.));
#8644 = ADVANCED_FACE('',(#8645),#8656,.F.);
#8645 = FACE_BOUND('',#8646,.T.);
#8646 = EDGE_LOOP('',(#8647,#8648,#8654,#8655));
#8647 = ORIENTED_EDGE('',*,*,#7681,.T.);
#8648 = ORIENTED_EDGE('',*,*,#8649,.T.);
#8649 = EDGE_CURVE('',#7682,#8084,#8650,.T.);
#8650 = LINE('',#8651,#8652);
#8651 = CARTESIAN_POINT('',(173.07,-67.115,-4.6E-02));
#8652 = VECTOR('',#8653,1.);
#8653 = DIRECTION('',(0.,0.,1.));
#8654 = ORIENTED_EDGE('',*,*,#8083,.F.);
#8655 = ORIENTED_EDGE('',*,*,#8649,.F.);
#8656 = CYLINDRICAL_SURFACE('',#8657,0.425);
#8657 = AXIS2_PLACEMENT_3D('',#8658,#8659,#8660);
#8658 = CARTESIAN_POINT('',(173.07,-66.69,-4.6E-02));
#8659 = DIRECTION('',(-0.,-0.,-1.));
#8660 = DIRECTION('',(-0.,-1.,0.));
#8661 = ADVANCED_FACE('',(#8662),#8673,.F.);
#8662 = FACE_BOUND('',#8663,.T.);
#8663 = EDGE_LOOP('',(#8664,#8670,#8671,#8672));
#8664 = ORIENTED_EDGE('',*,*,#8665,.T.);
#8665 = EDGE_CURVE('',#7693,#8095,#8666,.T.);
#8666 = LINE('',#8667,#8668);
#8667 = CARTESIAN_POINT('',(198.95,-70.5,0.));
#8668 = VECTOR('',#8669,1.);
#8669 = DIRECTION('',(0.,0.,1.));
#8670 = ORIENTED_EDGE('',*,*,#8094,.T.);
#8671 = ORIENTED_EDGE('',*,*,#8665,.F.);
#8672 = ORIENTED_EDGE('',*,*,#7692,.F.);
#8673 = CYLINDRICAL_SURFACE('',#8674,0.95);
#8674 = AXIS2_PLACEMENT_3D('',#8675,#8676,#8677);
#8675 = CARTESIAN_POINT('',(198.,-70.5,0.));
#8676 = DIRECTION('',(-0.,-0.,-1.));
#8677 = DIRECTION('',(1.,0.,-0.));
#8678 = ADVANCED_FACE('',(#8679),#8690,.F.);
#8679 = FACE_BOUND('',#8680,.T.);
#8680 = EDGE_LOOP('',(#8681,#8682,#8688,#8689));
#8681 = ORIENTED_EDGE('',*,*,#7703,.T.);
#8682 = ORIENTED_EDGE('',*,*,#8683,.T.);
#8683 = EDGE_CURVE('',#7704,#8106,#8684,.T.);
#8684 = LINE('',#8685,#8686);
#8685 = CARTESIAN_POINT('',(195.93,-67.115,-4.6E-02));
#8686 = VECTOR('',#8687,1.);
#8687 = DIRECTION('',(0.,0.,1.));
#8688 = ORIENTED_EDGE('',*,*,#8105,.F.);
#8689 = ORIENTED_EDGE('',*,*,#8683,.F.);
#8690 = CYLINDRICAL_SURFACE('',#8691,0.425);
#8691 = AXIS2_PLACEMENT_3D('',#8692,#8693,#8694);
#8692 = CARTESIAN_POINT('',(195.93,-66.69,-4.6E-02));
#8693 = DIRECTION('',(-0.,-0.,-1.));
#8694 = DIRECTION('',(-0.,-1.,0.));
#8695 = ADVANCED_FACE('',(#8696),#8707,.F.);
#8696 = FACE_BOUND('',#8697,.T.);
#8697 = EDGE_LOOP('',(#8698,#8699,#8705,#8706));
#8698 = ORIENTED_EDGE('',*,*,#7714,.T.);
#8699 = ORIENTED_EDGE('',*,*,#8700,.T.);
#8700 = EDGE_CURVE('',#7715,#8117,#8701,.T.);
#8701 = LINE('',#8702,#8703);
#8702 = CARTESIAN_POINT('',(157.12,-64.008,-4.6E-02));
#8703 = VECTOR('',#8704,1.);
#8704 = DIRECTION('',(0.,0.,1.));
#8705 = ORIENTED_EDGE('',*,*,#8116,.F.);
#8706 = ORIENTED_EDGE('',*,*,#8700,.F.);
#8707 = CYLINDRICAL_SURFACE('',#8708,0.508);
#8708 = AXIS2_PLACEMENT_3D('',#8709,#8710,#8711);
#8709 = CARTESIAN_POINT('',(157.12,-63.5,-4.6E-02));
#8710 = DIRECTION('',(-0.,-0.,-1.));
#8711 = DIRECTION('',(-0.,-1.,0.));
#8712 = ADVANCED_FACE('',(#8713),#8724,.F.);
#8713 = FACE_BOUND('',#8714,.T.);
#8714 = EDGE_LOOP('',(#8715,#8716,#8722,#8723));
#8715 = ORIENTED_EDGE('',*,*,#7725,.T.);
#8716 = ORIENTED_EDGE('',*,*,#8717,.T.);
#8717 = EDGE_CURVE('',#7726,#8128,#8718,.T.);
#8718 = LINE('',#8719,#8720);
#8719 = CARTESIAN_POINT('',(157.12,-61.468,-4.6E-02));
#8720 = VECTOR('',#8721,1.);
#8721 = DIRECTION('',(0.,0.,1.));
#8722 = ORIENTED_EDGE('',*,*,#8127,.F.);
#8723 = ORIENTED_EDGE('',*,*,#8717,.F.);
#8724 = CYLINDRICAL_SURFACE('',#8725,0.508);
#8725 = AXIS2_PLACEMENT_3D('',#8726,#8727,#8728);
#8726 = CARTESIAN_POINT('',(157.12,-60.96,-4.6E-02));
#8727 = DIRECTION('',(-0.,-0.,-1.));
#8728 = DIRECTION('',(-0.,-1.,0.));
#8729 = ADVANCED_FACE('',(#8730),#8741,.F.);
#8730 = FACE_BOUND('',#8731,.T.);
#8731 = EDGE_LOOP('',(#8732,#8733,#8739,#8740));
#8732 = ORIENTED_EDGE('',*,*,#7736,.T.);
#8733 = ORIENTED_EDGE('',*,*,#8734,.T.);
#8734 = EDGE_CURVE('',#7737,#8139,#8735,.T.);
#8735 = LINE('',#8736,#8737);
#8736 = CARTESIAN_POINT('',(157.12,-58.928,-4.6E-02));
#8737 = VECTOR('',#8738,1.);
#8738 = DIRECTION('',(0.,0.,1.));
#8739 = ORIENTED_EDGE('',*,*,#8138,.F.);
#8740 = ORIENTED_EDGE('',*,*,#8734,.F.);
#8741 = CYLINDRICAL_SURFACE('',#8742,0.508);
#8742 = AXIS2_PLACEMENT_3D('',#8743,#8744,#8745);
#8743 = CARTESIAN_POINT('',(157.12,-58.42,-4.6E-02));
#8744 = DIRECTION('',(-0.,-0.,-1.));
#8745 = DIRECTION('',(-0.,-1.,0.));
#8746 = ADVANCED_FACE('',(#8747),#8758,.F.);
#8747 = FACE_BOUND('',#8748,.T.);
#8748 = EDGE_LOOP('',(#8749,#8750,#8756,#8757));
#8749 = ORIENTED_EDGE('',*,*,#7747,.T.);
#8750 = ORIENTED_EDGE('',*,*,#8751,.T.);
#8751 = EDGE_CURVE('',#7748,#8150,#8752,.T.);
#8752 = LINE('',#8753,#8754);
#8753 = CARTESIAN_POINT('',(157.12,-56.388,-4.6E-02));
#8754 = VECTOR('',#8755,1.);
#8755 = DIRECTION('',(0.,0.,1.));
#8756 = ORIENTED_EDGE('',*,*,#8149,.F.);
#8757 = ORIENTED_EDGE('',*,*,#8751,.F.);
#8758 = CYLINDRICAL_SURFACE('',#8759,0.508);
#8759 = AXIS2_PLACEMENT_3D('',#8760,#8761,#8762);
#8760 = CARTESIAN_POINT('',(157.12,-55.88,-4.6E-02));
#8761 = DIRECTION('',(-0.,-0.,-1.));
#8762 = DIRECTION('',(-0.,-1.,0.));
#8763 = ADVANCED_FACE('',(#8764),#8775,.F.);
#8764 = FACE_BOUND('',#8765,.T.);
#8765 = EDGE_LOOP('',(#8766,#8772,#8773,#8774));
#8766 = ORIENTED_EDGE('',*,*,#8767,.T.);
#8767 = EDGE_CURVE('',#7759,#8161,#8768,.T.);
#8768 = LINE('',#8769,#8770);
#8769 = CARTESIAN_POINT('',(186.45,-60.5,0.));
#8770 = VECTOR('',#8771,1.);
#8771 = DIRECTION('',(0.,0.,1.));
#8772 = ORIENTED_EDGE('',*,*,#8160,.T.);
#8773 = ORIENTED_EDGE('',*,*,#8767,.F.);
#8774 = ORIENTED_EDGE('',*,*,#7758,.F.);
#8775 = CYLINDRICAL_SURFACE('',#8776,1.95);
#8776 = AXIS2_PLACEMENT_3D('',#8777,#8778,#8779);
#8777 = CARTESIAN_POINT('',(184.5,-60.5,0.));
#8778 = DIRECTION('',(-0.,-0.,-1.));
#8779 = DIRECTION('',(1.,0.,-0.));
#8780 = ( GEOMETRIC_REPRESENTATION_CONTEXT(3) 
GLOBAL_UNCERTAINTY_ASSIGNED_CONTEXT((#8784)) 
GLOBAL_UNIT_ASSIGNED_CONTEXT((#8781,#8782,#8783)) REPRESENTATION_CONTEXT
('Context #1','3D Context with UNIT and UNCERTAINTY') );
#8781 = ( LENGTH_UNIT() NAMED_UNIT(*) SI_UNIT(.MILLI.,.METRE.) );
#8782 = ( NAMED_UNIT(*) PLANE_ANGLE_UNIT() SI_UNIT($,.RADIAN.) );
#8783 = ( NAMED_UNIT(*) SI_UNIT($,.STERADIAN.) SOLID_ANGLE_UNIT() );
#8784 = UNCERTAINTY_MEASURE_WITH_UNIT(LENGTH_MEASURE(1.E-07),#8781,
  'distance_accuracy_value','confusion accuracy');
#8785 = CONTEXT_DEPENDENT_SHAPE_REPRESENTATION(#8786,#8788);
#8786 = ( REPRESENTATION_RELATIONSHIP('','',#7264,#10) 
REPRESENTATION_RELATIONSHIP_WITH_TRANSFORMATION(#8787) 
SHAPE_REPRESENTATION_RELATIONSHIP() );
#8787 = ITEM_DEFINED_TRANSFORMATION('','',#11,#31);
#8788 = PRODUCT_DEFINITION_SHAPE('Placement','Placement of an item',
  #8789);
#8789 = NEXT_ASSEMBLY_USAGE_OCCURRENCE('5','=>[0:1:1:6]','',#5,#7259,$);
#8790 = PRODUCT_RELATED_PRODUCT_CATEGORY('part',$,(#7261));
#8791 = MECHANICAL_DESIGN_GEOMETRIC_PRESENTATION_REPRESENTATION('',(
    #8792,#8800,#8807,#8814,#8821,#8828,#8835,#8842,#8849,#8856,#8863,
    #8870,#8877,#8884,#8892,#8899,#8906,#8914,#8921,#8928,#8935,#8942,
    #8949,#8956,#8963,#8970,#8977,#8984,#8991,#8998,#9005,#9012,#9019,
    #9026,#9033,#9040,#9047,#9054,#9061,#9068,#9075,#9082,#9089,#9096,
    #9103,#9110,#9117,#9124,#9131,#9138,#9145,#9152,#9159,#9166,#9173,
    #9180,#9187,#9194,#9201,#9208,#9215,#9222,#9229,#9236,#9243,#9250,
    #9257,#9264),#2316);
#8792 = STYLED_ITEM('color',(#8793),#51);
#8793 = PRESENTATION_STYLE_ASSIGNMENT((#8794));
#8794 = SURFACE_STYLE_USAGE(.BOTH.,#8795);
#8795 = SURFACE_SIDE_STYLE('',(#8796));
#8796 = SURFACE_STYLE_FILL_AREA(#8797);
#8797 = FILL_AREA_STYLE('',(#8798));
#8798 = FILL_AREA_STYLE_COLOUR('',#8799);
#8799 = COLOUR_RGB('',0.893999996942,0.890999961016,0.813000030345);
#8800 = STYLED_ITEM('color',(#8801),#110);
#8801 = PRESENTATION_STYLE_ASSIGNMENT((#8802));
#8802 = SURFACE_STYLE_USAGE(.BOTH.,#8803);
#8803 = SURFACE_SIDE_STYLE('',(#8804));
#8804 = SURFACE_STYLE_FILL_AREA(#8805);
#8805 = FILL_AREA_STYLE('',(#8806));
#8806 = FILL_AREA_STYLE_COLOUR('',#8799);
#8807 = STYLED_ITEM('color',(#8808),#135);
#8808 = PRESENTATION_STYLE_ASSIGNMENT((#8809));
#8809 = SURFACE_STYLE_USAGE(.BOTH.,#8810);
#8810 = SURFACE_SIDE_STYLE('',(#8811));
#8811 = SURFACE_STYLE_FILL_AREA(#8812);
#8812 = FILL_AREA_STYLE('',(#8813));
#8813 = FILL_AREA_STYLE_COLOUR('',#8799);
#8814 = STYLED_ITEM('color',(#8815),#168);
#8815 = PRESENTATION_STYLE_ASSIGNMENT((#8816));
#8816 = SURFACE_STYLE_USAGE(.BOTH.,#8817);
#8817 = SURFACE_SIDE_STYLE('',(#8818));
#8818 = SURFACE_STYLE_FILL_AREA(#8819);
#8819 = FILL_AREA_STYLE('',(#8820));
#8820 = FILL_AREA_STYLE_COLOUR('',#8799);
#8821 = STYLED_ITEM('color',(#8822),#193);
#8822 = PRESENTATION_STYLE_ASSIGNMENT((#8823));
#8823 = SURFACE_STYLE_USAGE(.BOTH.,#8824);
#8824 = SURFACE_SIDE_STYLE('',(#8825));
#8825 = SURFACE_STYLE_FILL_AREA(#8826);
#8826 = FILL_AREA_STYLE('',(#8827));
#8827 = FILL_AREA_STYLE_COLOUR('',#8799);
#8828 = STYLED_ITEM('color',(#8829),#218);
#8829 = PRESENTATION_STYLE_ASSIGNMENT((#8830));
#8830 = SURFACE_STYLE_USAGE(.BOTH.,#8831);
#8831 = SURFACE_SIDE_STYLE('',(#8832));
#8832 = SURFACE_STYLE_FILL_AREA(#8833);
#8833 = FILL_AREA_STYLE('',(#8834));
#8834 = FILL_AREA_STYLE_COLOUR('',#8799);
#8835 = STYLED_ITEM('color',(#8836),#243);
#8836 = PRESENTATION_STYLE_ASSIGNMENT((#8837));
#8837 = SURFACE_STYLE_USAGE(.BOTH.,#8838);
#8838 = SURFACE_SIDE_STYLE('',(#8839));
#8839 = SURFACE_STYLE_FILL_AREA(#8840);
#8840 = FILL_AREA_STYLE('',(#8841));
#8841 = FILL_AREA_STYLE_COLOUR('',#8799);
#8842 = STYLED_ITEM('color',(#8843),#260);
#8843 = PRESENTATION_STYLE_ASSIGNMENT((#8844));
#8844 = SURFACE_STYLE_USAGE(.BOTH.,#8845);
#8845 = SURFACE_SIDE_STYLE('',(#8846));
#8846 = SURFACE_STYLE_FILL_AREA(#8847);
#8847 = FILL_AREA_STYLE('',(#8848));
#8848 = FILL_AREA_STYLE_COLOUR('',#8799);
#8849 = STYLED_ITEM('color',(#8850),#285);
#8850 = PRESENTATION_STYLE_ASSIGNMENT((#8851));
#8851 = SURFACE_STYLE_USAGE(.BOTH.,#8852);
#8852 = SURFACE_SIDE_STYLE('',(#8853));
#8853 = SURFACE_STYLE_FILL_AREA(#8854);
#8854 = FILL_AREA_STYLE('',(#8855));
#8855 = FILL_AREA_STYLE_COLOUR('',#8799);
#8856 = STYLED_ITEM('color',(#8857),#316);
#8857 = PRESENTATION_STYLE_ASSIGNMENT((#8858));
#8858 = SURFACE_STYLE_USAGE(.BOTH.,#8859);
#8859 = SURFACE_SIDE_STYLE('',(#8860));
#8860 = SURFACE_STYLE_FILL_AREA(#8861);
#8861 = FILL_AREA_STYLE('',(#8862));
#8862 = FILL_AREA_STYLE_COLOUR('',#8799);
#8863 = STYLED_ITEM('color',(#8864),#356);
#8864 = PRESENTATION_STYLE_ASSIGNMENT((#8865));
#8865 = SURFACE_STYLE_USAGE(.BOTH.,#8866);
#8866 = SURFACE_SIDE_STYLE('',(#8867));
#8867 = SURFACE_STYLE_FILL_AREA(#8868);
#8868 = FILL_AREA_STYLE('',(#8869));
#8869 = FILL_AREA_STYLE_COLOUR('',#8799);
#8870 = STYLED_ITEM('color',(#8871),#487);
#8871 = PRESENTATION_STYLE_ASSIGNMENT((#8872));
#8872 = SURFACE_STYLE_USAGE(.BOTH.,#8873);
#8873 = SURFACE_SIDE_STYLE('',(#8874));
#8874 = SURFACE_STYLE_FILL_AREA(#8875);
#8875 = FILL_AREA_STYLE('',(#8876));
#8876 = FILL_AREA_STYLE_COLOUR('',#8799);
#8877 = STYLED_ITEM('color',(#8878),#611);
#8878 = PRESENTATION_STYLE_ASSIGNMENT((#8879));
#8879 = SURFACE_STYLE_USAGE(.BOTH.,#8880);
#8880 = SURFACE_SIDE_STYLE('',(#8881));
#8881 = SURFACE_STYLE_FILL_AREA(#8882);
#8882 = FILL_AREA_STYLE('',(#8883));
#8883 = FILL_AREA_STYLE_COLOUR('',#8799);
#8884 = STYLED_ITEM('color',(#8885),#628);
#8885 = PRESENTATION_STYLE_ASSIGNMENT((#8886));
#8886 = SURFACE_STYLE_USAGE(.BOTH.,#8887);
#8887 = SURFACE_SIDE_STYLE('',(#8888));
#8888 = SURFACE_STYLE_FILL_AREA(#8889);
#8889 = FILL_AREA_STYLE('',(#8890));
#8890 = FILL_AREA_STYLE_COLOUR('',#8891);
#8891 = COLOUR_RGB('',0.136999991899,0.40200001271,0.726999997272);
#8892 = STYLED_ITEM('color',(#8893),#637);
#8893 = PRESENTATION_STYLE_ASSIGNMENT((#8894));
#8894 = SURFACE_STYLE_USAGE(.BOTH.,#8895);
#8895 = SURFACE_SIDE_STYLE('',(#8896));
#8896 = SURFACE_STYLE_FILL_AREA(#8897);
#8897 = FILL_AREA_STYLE('',(#8898));
#8898 = FILL_AREA_STYLE_COLOUR('',#8799);
#8899 = STYLED_ITEM('color',(#8900),#648);
#8900 = PRESENTATION_STYLE_ASSIGNMENT((#8901));
#8901 = SURFACE_STYLE_USAGE(.BOTH.,#8902);
#8902 = SURFACE_SIDE_STYLE('',(#8903));
#8903 = SURFACE_STYLE_FILL_AREA(#8904);
#8904 = FILL_AREA_STYLE('',(#8905));
#8905 = FILL_AREA_STYLE_COLOUR('',#8799);
#8906 = STYLED_ITEM('color',(#8907),#816);
#8907 = PRESENTATION_STYLE_ASSIGNMENT((#8908));
#8908 = SURFACE_STYLE_USAGE(.BOTH.,#8909);
#8909 = SURFACE_SIDE_STYLE('',(#8910));
#8910 = SURFACE_STYLE_FILL_AREA(#8911);
#8911 = FILL_AREA_STYLE('',(#8912));
#8912 = FILL_AREA_STYLE_COLOUR('',#8913);
#8913 = COLOUR_RGB('',0.823999987314,0.819999987296,0.781000009244);
#8914 = STYLED_ITEM('color',(#8915),#847);
#8915 = PRESENTATION_STYLE_ASSIGNMENT((#8916));
#8916 = SURFACE_STYLE_USAGE(.BOTH.,#8917);
#8917 = SURFACE_SIDE_STYLE('',(#8918));
#8918 = SURFACE_STYLE_FILL_AREA(#8919);
#8919 = FILL_AREA_STYLE('',(#8920));
#8920 = FILL_AREA_STYLE_COLOUR('',#8913);
#8921 = STYLED_ITEM('color',(#8922),#878);
#8922 = PRESENTATION_STYLE_ASSIGNMENT((#8923));
#8923 = SURFACE_STYLE_USAGE(.BOTH.,#8924);
#8924 = SURFACE_SIDE_STYLE('',(#8925));
#8925 = SURFACE_STYLE_FILL_AREA(#8926);
#8926 = FILL_AREA_STYLE('',(#8927));
#8927 = FILL_AREA_STYLE_COLOUR('',#8913);
#8928 = STYLED_ITEM('color',(#8929),#909);
#8929 = PRESENTATION_STYLE_ASSIGNMENT((#8930));
#8930 = SURFACE_STYLE_USAGE(.BOTH.,#8931);
#8931 = SURFACE_SIDE_STYLE('',(#8932));
#8932 = SURFACE_STYLE_FILL_AREA(#8933);
#8933 = FILL_AREA_STYLE('',(#8934));
#8934 = FILL_AREA_STYLE_COLOUR('',#8913);
#8935 = STYLED_ITEM('color',(#8936),#994);
#8936 = PRESENTATION_STYLE_ASSIGNMENT((#8937));
#8937 = SURFACE_STYLE_USAGE(.BOTH.,#8938);
#8938 = SURFACE_SIDE_STYLE('',(#8939));
#8939 = SURFACE_STYLE_FILL_AREA(#8940);
#8940 = FILL_AREA_STYLE('',(#8941));
#8941 = FILL_AREA_STYLE_COLOUR('',#8913);
#8942 = STYLED_ITEM('color',(#8943),#1018);
#8943 = PRESENTATION_STYLE_ASSIGNMENT((#8944));
#8944 = SURFACE_STYLE_USAGE(.BOTH.,#8945);
#8945 = SURFACE_SIDE_STYLE('',(#8946));
#8946 = SURFACE_STYLE_FILL_AREA(#8947);
#8947 = FILL_AREA_STYLE('',(#8948));
#8948 = FILL_AREA_STYLE_COLOUR('',#8913);
#8949 = STYLED_ITEM('color',(#8950),#1096);
#8950 = PRESENTATION_STYLE_ASSIGNMENT((#8951));
#8951 = SURFACE_STYLE_USAGE(.BOTH.,#8952);
#8952 = SURFACE_SIDE_STYLE('',(#8953));
#8953 = SURFACE_STYLE_FILL_AREA(#8954);
#8954 = FILL_AREA_STYLE('',(#8955));
#8955 = FILL_AREA_STYLE_COLOUR('',#8913);
#8956 = STYLED_ITEM('color',(#8957),#1127);
#8957 = PRESENTATION_STYLE_ASSIGNMENT((#8958));
#8958 = SURFACE_STYLE_USAGE(.BOTH.,#8959);
#8959 = SURFACE_SIDE_STYLE('',(#8960));
#8960 = SURFACE_STYLE_FILL_AREA(#8961);
#8961 = FILL_AREA_STYLE('',(#8962));
#8962 = FILL_AREA_STYLE_COLOUR('',#8913);
#8963 = STYLED_ITEM('color',(#8964),#1212);
#8964 = PRESENTATION_STYLE_ASSIGNMENT((#8965));
#8965 = SURFACE_STYLE_USAGE(.BOTH.,#8966);
#8966 = SURFACE_SIDE_STYLE('',(#8967));
#8967 = SURFACE_STYLE_FILL_AREA(#8968);
#8968 = FILL_AREA_STYLE('',(#8969));
#8969 = FILL_AREA_STYLE_COLOUR('',#8913);
#8970 = STYLED_ITEM('color',(#8971),#1236);
#8971 = PRESENTATION_STYLE_ASSIGNMENT((#8972));
#8972 = SURFACE_STYLE_USAGE(.BOTH.,#8973);
#8973 = SURFACE_SIDE_STYLE('',(#8974));
#8974 = SURFACE_STYLE_FILL_AREA(#8975);
#8975 = FILL_AREA_STYLE('',(#8976));
#8976 = FILL_AREA_STYLE_COLOUR('',#8913);
#8977 = STYLED_ITEM('color',(#8978),#1314);
#8978 = PRESENTATION_STYLE_ASSIGNMENT((#8979));
#8979 = SURFACE_STYLE_USAGE(.BOTH.,#8980);
#8980 = SURFACE_SIDE_STYLE('',(#8981));
#8981 = SURFACE_STYLE_FILL_AREA(#8982);
#8982 = FILL_AREA_STYLE('',(#8983));
#8983 = FILL_AREA_STYLE_COLOUR('',#8913);
#8984 = STYLED_ITEM('color',(#8985),#1345);
#8985 = PRESENTATION_STYLE_ASSIGNMENT((#8986));
#8986 = SURFACE_STYLE_USAGE(.BOTH.,#8987);
#8987 = SURFACE_SIDE_STYLE('',(#8988));
#8988 = SURFACE_STYLE_FILL_AREA(#8989);
#8989 = FILL_AREA_STYLE('',(#8990));
#8990 = FILL_AREA_STYLE_COLOUR('',#8913);
#8991 = STYLED_ITEM('color',(#8992),#1376);
#8992 = PRESENTATION_STYLE_ASSIGNMENT((#8993));
#8993 = SURFACE_STYLE_USAGE(.BOTH.,#8994);
#8994 = SURFACE_SIDE_STYLE('',(#8995));
#8995 = SURFACE_STYLE_FILL_AREA(#8996);
#8996 = FILL_AREA_STYLE('',(#8997));
#8997 = FILL_AREA_STYLE_COLOUR('',#8913);
#8998 = STYLED_ITEM('color',(#8999),#1407);
#8999 = PRESENTATION_STYLE_ASSIGNMENT((#9000));
#9000 = SURFACE_STYLE_USAGE(.BOTH.,#9001);
#9001 = SURFACE_SIDE_STYLE('',(#9002));
#9002 = SURFACE_STYLE_FILL_AREA(#9003);
#9003 = FILL_AREA_STYLE('',(#9004));
#9004 = FILL_AREA_STYLE_COLOUR('',#8913);
#9005 = STYLED_ITEM('color',(#9006),#1492);
#9006 = PRESENTATION_STYLE_ASSIGNMENT((#9007));
#9007 = SURFACE_STYLE_USAGE(.BOTH.,#9008);
#9008 = SURFACE_SIDE_STYLE('',(#9009));
#9009 = SURFACE_STYLE_FILL_AREA(#9010);
#9010 = FILL_AREA_STYLE('',(#9011));
#9011 = FILL_AREA_STYLE_COLOUR('',#8913);
#9012 = STYLED_ITEM('color',(#9013),#1516);
#9013 = PRESENTATION_STYLE_ASSIGNMENT((#9014));
#9014 = SURFACE_STYLE_USAGE(.BOTH.,#9015);
#9015 = SURFACE_SIDE_STYLE('',(#9016));
#9016 = SURFACE_STYLE_FILL_AREA(#9017);
#9017 = FILL_AREA_STYLE('',(#9018));
#9018 = FILL_AREA_STYLE_COLOUR('',#8913);
#9019 = STYLED_ITEM('color',(#9020),#1594);
#9020 = PRESENTATION_STYLE_ASSIGNMENT((#9021));
#9021 = SURFACE_STYLE_USAGE(.BOTH.,#9022);
#9022 = SURFACE_SIDE_STYLE('',(#9023));
#9023 = SURFACE_STYLE_FILL_AREA(#9024);
#9024 = FILL_AREA_STYLE('',(#9025));
#9025 = FILL_AREA_STYLE_COLOUR('',#8913);
#9026 = STYLED_ITEM('color',(#9027),#1625);
#9027 = PRESENTATION_STYLE_ASSIGNMENT((#9028));
#9028 = SURFACE_STYLE_USAGE(.BOTH.,#9029);
#9029 = SURFACE_SIDE_STYLE('',(#9030));
#9030 = SURFACE_STYLE_FILL_AREA(#9031);
#9031 = FILL_AREA_STYLE('',(#9032));
#9032 = FILL_AREA_STYLE_COLOUR('',#8913);
#9033 = STYLED_ITEM('color',(#9034),#1710);
#9034 = PRESENTATION_STYLE_ASSIGNMENT((#9035));
#9035 = SURFACE_STYLE_USAGE(.BOTH.,#9036);
#9036 = SURFACE_SIDE_STYLE('',(#9037));
#9037 = SURFACE_STYLE_FILL_AREA(#9038);
#9038 = FILL_AREA_STYLE('',(#9039));
#9039 = FILL_AREA_STYLE_COLOUR('',#8913);
#9040 = STYLED_ITEM('color',(#9041),#1734);
#9041 = PRESENTATION_STYLE_ASSIGNMENT((#9042));
#9042 = SURFACE_STYLE_USAGE(.BOTH.,#9043);
#9043 = SURFACE_SIDE_STYLE('',(#9044));
#9044 = SURFACE_STYLE_FILL_AREA(#9045);
#9045 = FILL_AREA_STYLE('',(#9046));
#9046 = FILL_AREA_STYLE_COLOUR('',#8913);
#9047 = STYLED_ITEM('color',(#9048),#1812);
#9048 = PRESENTATION_STYLE_ASSIGNMENT((#9049));
#9049 = SURFACE_STYLE_USAGE(.BOTH.,#9050);
#9050 = SURFACE_SIDE_STYLE('',(#9051));
#9051 = SURFACE_STYLE_FILL_AREA(#9052);
#9052 = FILL_AREA_STYLE('',(#9053));
#9053 = FILL_AREA_STYLE_COLOUR('',#8913);
#9054 = STYLED_ITEM('color',(#9055),#1829);
#9055 = PRESENTATION_STYLE_ASSIGNMENT((#9056));
#9056 = SURFACE_STYLE_USAGE(.BOTH.,#9057);
#9057 = SURFACE_SIDE_STYLE('',(#9058));
#9058 = SURFACE_STYLE_FILL_AREA(#9059);
#9059 = FILL_AREA_STYLE('',(#9060));
#9060 = FILL_AREA_STYLE_COLOUR('',#8913);
#9061 = STYLED_ITEM('color',(#9062),#1846);
#9062 = PRESENTATION_STYLE_ASSIGNMENT((#9063));
#9063 = SURFACE_STYLE_USAGE(.BOTH.,#9064);
#9064 = SURFACE_SIDE_STYLE('',(#9065));
#9065 = SURFACE_STYLE_FILL_AREA(#9066);
#9066 = FILL_AREA_STYLE('',(#9067));
#9067 = FILL_AREA_STYLE_COLOUR('',#8913);
#9068 = STYLED_ITEM('color',(#9069),#1863);
#9069 = PRESENTATION_STYLE_ASSIGNMENT((#9070));
#9070 = SURFACE_STYLE_USAGE(.BOTH.,#9071);
#9071 = SURFACE_SIDE_STYLE('',(#9072));
#9072 = SURFACE_STYLE_FILL_AREA(#9073);
#9073 = FILL_AREA_STYLE('',(#9074));
#9074 = FILL_AREA_STYLE_COLOUR('',#8913);
#9075 = STYLED_ITEM('color',(#9076),#1880);
#9076 = PRESENTATION_STYLE_ASSIGNMENT((#9077));
#9077 = SURFACE_STYLE_USAGE(.BOTH.,#9078);
#9078 = SURFACE_SIDE_STYLE('',(#9079));
#9079 = SURFACE_STYLE_FILL_AREA(#9080);
#9080 = FILL_AREA_STYLE('',(#9081));
#9081 = FILL_AREA_STYLE_COLOUR('',#8913);
#9082 = STYLED_ITEM('color',(#9083),#1897);
#9083 = PRESENTATION_STYLE_ASSIGNMENT((#9084));
#9084 = SURFACE_STYLE_USAGE(.BOTH.,#9085);
#9085 = SURFACE_SIDE_STYLE('',(#9086));
#9086 = SURFACE_STYLE_FILL_AREA(#9087);
#9087 = FILL_AREA_STYLE('',(#9088));
#9088 = FILL_AREA_STYLE_COLOUR('',#8913);
#9089 = STYLED_ITEM('color',(#9090),#1914);
#9090 = PRESENTATION_STYLE_ASSIGNMENT((#9091));
#9091 = SURFACE_STYLE_USAGE(.BOTH.,#9092);
#9092 = SURFACE_SIDE_STYLE('',(#9093));
#9093 = SURFACE_STYLE_FILL_AREA(#9094);
#9094 = FILL_AREA_STYLE('',(#9095));
#9095 = FILL_AREA_STYLE_COLOUR('',#8913);
#9096 = STYLED_ITEM('color',(#9097),#1931);
#9097 = PRESENTATION_STYLE_ASSIGNMENT((#9098));
#9098 = SURFACE_STYLE_USAGE(.BOTH.,#9099);
#9099 = SURFACE_SIDE_STYLE('',(#9100));
#9100 = SURFACE_STYLE_FILL_AREA(#9101);
#9101 = FILL_AREA_STYLE('',(#9102));
#9102 = FILL_AREA_STYLE_COLOUR('',#8913);
#9103 = STYLED_ITEM('color',(#9104),#1953);
#9104 = PRESENTATION_STYLE_ASSIGNMENT((#9105));
#9105 = SURFACE_STYLE_USAGE(.BOTH.,#9106);
#9106 = SURFACE_SIDE_STYLE('',(#9107));
#9107 = SURFACE_STYLE_FILL_AREA(#9108);
#9108 = FILL_AREA_STYLE('',(#9109));
#9109 = FILL_AREA_STYLE_COLOUR('',#8913);
#9110 = STYLED_ITEM('color',(#9111),#1965);
#9111 = PRESENTATION_STYLE_ASSIGNMENT((#9112));
#9112 = SURFACE_STYLE_USAGE(.BOTH.,#9113);
#9113 = SURFACE_SIDE_STYLE('',(#9114));
#9114 = SURFACE_STYLE_FILL_AREA(#9115);
#9115 = FILL_AREA_STYLE('',(#9116));
#9116 = FILL_AREA_STYLE_COLOUR('',#8913);
#9117 = STYLED_ITEM('color',(#9118),#1977);
#9118 = PRESENTATION_STYLE_ASSIGNMENT((#9119));
#9119 = SURFACE_STYLE_USAGE(.BOTH.,#9120);
#9120 = SURFACE_SIDE_STYLE('',(#9121));
#9121 = SURFACE_STYLE_FILL_AREA(#9122);
#9122 = FILL_AREA_STYLE('',(#9123));
#9123 = FILL_AREA_STYLE_COLOUR('',#8913);
#9124 = STYLED_ITEM('color',(#9125),#1994);
#9125 = PRESENTATION_STYLE_ASSIGNMENT((#9126));
#9126 = SURFACE_STYLE_USAGE(.BOTH.,#9127);
#9127 = SURFACE_SIDE_STYLE('',(#9128));
#9128 = SURFACE_STYLE_FILL_AREA(#9129);
#9129 = FILL_AREA_STYLE('',(#9130));
#9130 = FILL_AREA_STYLE_COLOUR('',#8913);
#9131 = STYLED_ITEM('color',(#9132),#2006);
#9132 = PRESENTATION_STYLE_ASSIGNMENT((#9133));
#9133 = SURFACE_STYLE_USAGE(.BOTH.,#9134);
#9134 = SURFACE_SIDE_STYLE('',(#9135));
#9135 = SURFACE_STYLE_FILL_AREA(#9136);
#9136 = FILL_AREA_STYLE('',(#9137));
#9137 = FILL_AREA_STYLE_COLOUR('',#8913);
#9138 = STYLED_ITEM('color',(#9139),#2023);
#9139 = PRESENTATION_STYLE_ASSIGNMENT((#9140));
#9140 = SURFACE_STYLE_USAGE(.BOTH.,#9141);
#9141 = SURFACE_SIDE_STYLE('',(#9142));
#9142 = SURFACE_STYLE_FILL_AREA(#9143);
#9143 = FILL_AREA_STYLE('',(#9144));
#9144 = FILL_AREA_STYLE_COLOUR('',#8913);
#9145 = STYLED_ITEM('color',(#9146),#2045);
#9146 = PRESENTATION_STYLE_ASSIGNMENT((#9147));
#9147 = SURFACE_STYLE_USAGE(.BOTH.,#9148);
#9148 = SURFACE_SIDE_STYLE('',(#9149));
#9149 = SURFACE_STYLE_FILL_AREA(#9150);
#9150 = FILL_AREA_STYLE('',(#9151));
#9151 = FILL_AREA_STYLE_COLOUR('',#8913);
#9152 = STYLED_ITEM('color',(#9153),#2057);
#9153 = PRESENTATION_STYLE_ASSIGNMENT((#9154));
#9154 = SURFACE_STYLE_USAGE(.BOTH.,#9155);
#9155 = SURFACE_SIDE_STYLE('',(#9156));
#9156 = SURFACE_STYLE_FILL_AREA(#9157);
#9157 = FILL_AREA_STYLE('',(#9158));
#9158 = FILL_AREA_STYLE_COLOUR('',#8913);
#9159 = STYLED_ITEM('color',(#9160),#2074);
#9160 = PRESENTATION_STYLE_ASSIGNMENT((#9161));
#9161 = SURFACE_STYLE_USAGE(.BOTH.,#9162);
#9162 = SURFACE_SIDE_STYLE('',(#9163));
#9163 = SURFACE_STYLE_FILL_AREA(#9164);
#9164 = FILL_AREA_STYLE('',(#9165));
#9165 = FILL_AREA_STYLE_COLOUR('',#8913);
#9166 = STYLED_ITEM('color',(#9167),#2086);
#9167 = PRESENTATION_STYLE_ASSIGNMENT((#9168));
#9168 = SURFACE_STYLE_USAGE(.BOTH.,#9169);
#9169 = SURFACE_SIDE_STYLE('',(#9170));
#9170 = SURFACE_STYLE_FILL_AREA(#9171);
#9171 = FILL_AREA_STYLE('',(#9172));
#9172 = FILL_AREA_STYLE_COLOUR('',#8913);
#9173 = STYLED_ITEM('color',(#9174),#2098);
#9174 = PRESENTATION_STYLE_ASSIGNMENT((#9175));
#9175 = SURFACE_STYLE_USAGE(.BOTH.,#9176);
#9176 = SURFACE_SIDE_STYLE('',(#9177));
#9177 = SURFACE_STYLE_FILL_AREA(#9178);
#9178 = FILL_AREA_STYLE('',(#9179));
#9179 = FILL_AREA_STYLE_COLOUR('',#8913);
#9180 = STYLED_ITEM('color',(#9181),#2115);
#9181 = PRESENTATION_STYLE_ASSIGNMENT((#9182));
#9182 = SURFACE_STYLE_USAGE(.BOTH.,#9183);
#9183 = SURFACE_SIDE_STYLE('',(#9184));
#9184 = SURFACE_STYLE_FILL_AREA(#9185);
#9185 = FILL_AREA_STYLE('',(#9186));
#9186 = FILL_AREA_STYLE_COLOUR('',#8913);
#9187 = STYLED_ITEM('color',(#9188),#2132);
#9188 = PRESENTATION_STYLE_ASSIGNMENT((#9189));
#9189 = SURFACE_STYLE_USAGE(.BOTH.,#9190);
#9190 = SURFACE_SIDE_STYLE('',(#9191));
#9191 = SURFACE_STYLE_FILL_AREA(#9192);
#9192 = FILL_AREA_STYLE('',(#9193));
#9193 = FILL_AREA_STYLE_COLOUR('',#8913);
#9194 = STYLED_ITEM('color',(#9195),#2149);
#9195 = PRESENTATION_STYLE_ASSIGNMENT((#9196));
#9196 = SURFACE_STYLE_USAGE(.BOTH.,#9197);
#9197 = SURFACE_SIDE_STYLE('',(#9198));
#9198 = SURFACE_STYLE_FILL_AREA(#9199);
#9199 = FILL_AREA_STYLE('',(#9200));
#9200 = FILL_AREA_STYLE_COLOUR('',#8913);
#9201 = STYLED_ITEM('color',(#9202),#2171);
#9202 = PRESENTATION_STYLE_ASSIGNMENT((#9203));
#9203 = SURFACE_STYLE_USAGE(.BOTH.,#9204);
#9204 = SURFACE_SIDE_STYLE('',(#9205));
#9205 = SURFACE_STYLE_FILL_AREA(#9206);
#9206 = FILL_AREA_STYLE('',(#9207));
#9207 = FILL_AREA_STYLE_COLOUR('',#8913);
#9208 = STYLED_ITEM('color',(#9209),#2183);
#9209 = PRESENTATION_STYLE_ASSIGNMENT((#9210));
#9210 = SURFACE_STYLE_USAGE(.BOTH.,#9211);
#9211 = SURFACE_SIDE_STYLE('',(#9212));
#9212 = SURFACE_STYLE_FILL_AREA(#9213);
#9213 = FILL_AREA_STYLE('',(#9214));
#9214 = FILL_AREA_STYLE_COLOUR('',#8913);
#9215 = STYLED_ITEM('color',(#9216),#2200);
#9216 = PRESENTATION_STYLE_ASSIGNMENT((#9217));
#9217 = SURFACE_STYLE_USAGE(.BOTH.,#9218);
#9218 = SURFACE_SIDE_STYLE('',(#9219));
#9219 = SURFACE_STYLE_FILL_AREA(#9220);
#9220 = FILL_AREA_STYLE('',(#9221));
#9221 = FILL_AREA_STYLE_COLOUR('',#8913);
#9222 = STYLED_ITEM('color',(#9223),#2212);
#9223 = PRESENTATION_STYLE_ASSIGNMENT((#9224));
#9224 = SURFACE_STYLE_USAGE(.BOTH.,#9225);
#9225 = SURFACE_SIDE_STYLE('',(#9226));
#9226 = SURFACE_STYLE_FILL_AREA(#9227);
#9227 = FILL_AREA_STYLE('',(#9228));
#9228 = FILL_AREA_STYLE_COLOUR('',#8913);
#9229 = STYLED_ITEM('color',(#9230),#2224);
#9230 = PRESENTATION_STYLE_ASSIGNMENT((#9231));
#9231 = SURFACE_STYLE_USAGE(.BOTH.,#9232);
#9232 = SURFACE_SIDE_STYLE('',(#9233));
#9233 = SURFACE_STYLE_FILL_AREA(#9234);
#9234 = FILL_AREA_STYLE('',(#9235));
#9235 = FILL_AREA_STYLE_COLOUR('',#8913);
#9236 = STYLED_ITEM('color',(#9237),#2241);
#9237 = PRESENTATION_STYLE_ASSIGNMENT((#9238));
#9238 = SURFACE_STYLE_USAGE(.BOTH.,#9239);
#9239 = SURFACE_SIDE_STYLE('',(#9240));
#9240 = SURFACE_STYLE_FILL_AREA(#9241);
#9241 = FILL_AREA_STYLE('',(#9242));
#9242 = FILL_AREA_STYLE_COLOUR('',#8913);
#9243 = STYLED_ITEM('color',(#9244),#2263);
#9244 = PRESENTATION_STYLE_ASSIGNMENT((#9245));
#9245 = SURFACE_STYLE_USAGE(.BOTH.,#9246);
#9246 = SURFACE_SIDE_STYLE('',(#9247));
#9247 = SURFACE_STYLE_FILL_AREA(#9248);
#9248 = FILL_AREA_STYLE('',(#9249));
#9249 = FILL_AREA_STYLE_COLOUR('',#8913);
#9250 = STYLED_ITEM('color',(#9251),#2275);
#9251 = PRESENTATION_STYLE_ASSIGNMENT((#9252));
#9252 = SURFACE_STYLE_USAGE(.BOTH.,#9253);
#9253 = SURFACE_SIDE_STYLE('',(#9254));
#9254 = SURFACE_STYLE_FILL_AREA(#9255);
#9255 = FILL_AREA_STYLE('',(#9256));
#9256 = FILL_AREA_STYLE_COLOUR('',#8913);
#9257 = STYLED_ITEM('color',(#9258),#2292);
#9258 = PRESENTATION_STYLE_ASSIGNMENT((#9259));
#9259 = SURFACE_STYLE_USAGE(.BOTH.,#9260);
#9260 = SURFACE_SIDE_STYLE('',(#9261));
#9261 = SURFACE_STYLE_FILL_AREA(#9262);
#9262 = FILL_AREA_STYLE('',(#9263));
#9263 = FILL_AREA_STYLE_COLOUR('',#8913);
#9264 = STYLED_ITEM('color',(#9265),#2304);
#9265 = PRESENTATION_STYLE_ASSIGNMENT((#9266));
#9266 = SURFACE_STYLE_USAGE(.BOTH.,#9267);
#9267 = SURFACE_SIDE_STYLE('',(#9268));
#9268 = SURFACE_STYLE_FILL_AREA(#9269);
#9269 = FILL_AREA_STYLE('',(#9270));
#9270 = FILL_AREA_STYLE_COLOUR('',#8913);
#9271 = MECHANICAL_DESIGN_GEOMETRIC_PRESENTATION_REPRESENTATION('',(
    #9272,#9280,#9287,#9294,#9301,#9308,#9315,#9322,#9329,#9336,#9343,
    #9350,#9357,#9364,#9371,#9378,#9385,#9392,#9399,#9406,#9413,#9420,
    #9427,#9434,#9441,#9448,#9455,#9462,#9469,#9476,#9483,#9490,#9497,
    #9504,#9511,#9518,#9525,#9532,#9539,#9546,#9553,#9560,#9567,#9574,
    #9581,#9588,#9595,#9602,#9609,#9616,#9623,#9630,#9637,#9644,#9651,
    #9658,#9665,#9672,#9679,#9686,#9693,#9700,#9707,#9714,#9721,#9728,
    #9735,#9742,#9749,#9756,#9763,#9770,#9777,#9784,#9791,#9798,#9805,
    #9812,#9819,#9826,#9833,#9840,#9847,#9854,#9861,#9868,#9875,#9882,
    #9889,#9896,#9903,#9910,#9917,#9924,#9931,#9938,#9945,#9952,#9959,
    #9966,#9973,#9980,#9987,#9994,#10001),#7246);
#9272 = STYLED_ITEM('color',(#9273),#4019);
#9273 = PRESENTATION_STYLE_ASSIGNMENT((#9274));
#9274 = SURFACE_STYLE_USAGE(.BOTH.,#9275);
#9275 = SURFACE_SIDE_STYLE('',(#9276));
#9276 = SURFACE_STYLE_FILL_AREA(#9277);
#9277 = FILL_AREA_STYLE('',(#9278));
#9278 = FILL_AREA_STYLE_COLOUR('',#9279);
#9279 = COLOUR_RGB('',0.147999998088,0.144999993226,0.144999993226);
#9280 = STYLED_ITEM('color',(#9281),#4036);
#9281 = PRESENTATION_STYLE_ASSIGNMENT((#9282));
#9282 = SURFACE_STYLE_USAGE(.BOTH.,#9283);
#9283 = SURFACE_SIDE_STYLE('',(#9284));
#9284 = SURFACE_STYLE_FILL_AREA(#9285);
#9285 = FILL_AREA_STYLE('',(#9286));
#9286 = FILL_AREA_STYLE_COLOUR('',#9279);
#9287 = STYLED_ITEM('color',(#9288),#4061);
#9288 = PRESENTATION_STYLE_ASSIGNMENT((#9289));
#9289 = SURFACE_STYLE_USAGE(.BOTH.,#9290);
#9290 = SURFACE_SIDE_STYLE('',(#9291));
#9291 = SURFACE_STYLE_FILL_AREA(#9292);
#9292 = FILL_AREA_STYLE('',(#9293));
#9293 = FILL_AREA_STYLE_COLOUR('',#8913);
#9294 = STYLED_ITEM('color',(#9295),#4184);
#9295 = PRESENTATION_STYLE_ASSIGNMENT((#9296));
#9296 = SURFACE_STYLE_USAGE(.BOTH.,#9297);
#9297 = SURFACE_SIDE_STYLE('',(#9298));
#9298 = SURFACE_STYLE_FILL_AREA(#9299);
#9299 = FILL_AREA_STYLE('',(#9300));
#9300 = FILL_AREA_STYLE_COLOUR('',#8913);
#9301 = STYLED_ITEM('color',(#9302),#4215);
#9302 = PRESENTATION_STYLE_ASSIGNMENT((#9303));
#9303 = SURFACE_STYLE_USAGE(.BOTH.,#9304);
#9304 = SURFACE_SIDE_STYLE('',(#9305));
#9305 = SURFACE_STYLE_FILL_AREA(#9306);
#9306 = FILL_AREA_STYLE('',(#9307));
#9307 = FILL_AREA_STYLE_COLOUR('',#8913);
#9308 = STYLED_ITEM('color',(#9309),#4240);
#9309 = PRESENTATION_STYLE_ASSIGNMENT((#9310));
#9310 = SURFACE_STYLE_USAGE(.BOTH.,#9311);
#9311 = SURFACE_SIDE_STYLE('',(#9312));
#9312 = SURFACE_STYLE_FILL_AREA(#9313);
#9313 = FILL_AREA_STYLE('',(#9314));
#9314 = FILL_AREA_STYLE_COLOUR('',#8913);
#9315 = STYLED_ITEM('color',(#9316),#4265);
#9316 = PRESENTATION_STYLE_ASSIGNMENT((#9317));
#9317 = SURFACE_STYLE_USAGE(.BOTH.,#9318);
#9318 = SURFACE_SIDE_STYLE('',(#9319));
#9319 = SURFACE_STYLE_FILL_AREA(#9320);
#9320 = FILL_AREA_STYLE('',(#9321));
#9321 = FILL_AREA_STYLE_COLOUR('',#8913);
#9322 = STYLED_ITEM('color',(#9323),#4289);
#9323 = PRESENTATION_STYLE_ASSIGNMENT((#9324));
#9324 = SURFACE_STYLE_USAGE(.BOTH.,#9325);
#9325 = SURFACE_SIDE_STYLE('',(#9326));
#9326 = SURFACE_STYLE_FILL_AREA(#9327);
#9327 = FILL_AREA_STYLE('',(#9328));
#9328 = FILL_AREA_STYLE_COLOUR('',#8913);
#9329 = STYLED_ITEM('color',(#9330),#4313);
#9330 = PRESENTATION_STYLE_ASSIGNMENT((#9331));
#9331 = SURFACE_STYLE_USAGE(.BOTH.,#9332);
#9332 = SURFACE_SIDE_STYLE('',(#9333));
#9333 = SURFACE_STYLE_FILL_AREA(#9334);
#9334 = FILL_AREA_STYLE('',(#9335));
#9335 = FILL_AREA_STYLE_COLOUR('',#8913);
#9336 = STYLED_ITEM('color',(#9337),#4338);
#9337 = PRESENTATION_STYLE_ASSIGNMENT((#9338));
#9338 = SURFACE_STYLE_USAGE(.BOTH.,#9339);
#9339 = SURFACE_SIDE_STYLE('',(#9340));
#9340 = SURFACE_STYLE_FILL_AREA(#9341);
#9341 = FILL_AREA_STYLE('',(#9342));
#9342 = FILL_AREA_STYLE_COLOUR('',#8913);
#9343 = STYLED_ITEM('color',(#9344),#4363);
#9344 = PRESENTATION_STYLE_ASSIGNMENT((#9345));
#9345 = SURFACE_STYLE_USAGE(.BOTH.,#9346);
#9346 = SURFACE_SIDE_STYLE('',(#9347));
#9347 = SURFACE_STYLE_FILL_AREA(#9348);
#9348 = FILL_AREA_STYLE('',(#9349));
#9349 = FILL_AREA_STYLE_COLOUR('',#8913);
#9350 = STYLED_ITEM('color',(#9351),#4380);
#9351 = PRESENTATION_STYLE_ASSIGNMENT((#9352));
#9352 = SURFACE_STYLE_USAGE(.BOTH.,#9353);
#9353 = SURFACE_SIDE_STYLE('',(#9354));
#9354 = SURFACE_STYLE_FILL_AREA(#9355);
#9355 = FILL_AREA_STYLE('',(#9356));
#9356 = FILL_AREA_STYLE_COLOUR('',#9279);
#9357 = STYLED_ITEM('color',(#9358),#4405);
#9358 = PRESENTATION_STYLE_ASSIGNMENT((#9359));
#9359 = SURFACE_STYLE_USAGE(.BOTH.,#9360);
#9360 = SURFACE_SIDE_STYLE('',(#9361));
#9361 = SURFACE_STYLE_FILL_AREA(#9362);
#9362 = FILL_AREA_STYLE('',(#9363));
#9363 = FILL_AREA_STYLE_COLOUR('',#9279);
#9364 = STYLED_ITEM('color',(#9365),#4430);
#9365 = PRESENTATION_STYLE_ASSIGNMENT((#9366));
#9366 = SURFACE_STYLE_USAGE(.BOTH.,#9367);
#9367 = SURFACE_SIDE_STYLE('',(#9368));
#9368 = SURFACE_STYLE_FILL_AREA(#9369);
#9369 = FILL_AREA_STYLE('',(#9370));
#9370 = FILL_AREA_STYLE_COLOUR('',#9279);
#9371 = STYLED_ITEM('color',(#9372),#4455);
#9372 = PRESENTATION_STYLE_ASSIGNMENT((#9373));
#9373 = SURFACE_STYLE_USAGE(.BOTH.,#9374);
#9374 = SURFACE_SIDE_STYLE('',(#9375));
#9375 = SURFACE_STYLE_FILL_AREA(#9376);
#9376 = FILL_AREA_STYLE('',(#9377));
#9377 = FILL_AREA_STYLE_COLOUR('',#9279);
#9378 = STYLED_ITEM('color',(#9379),#4480);
#9379 = PRESENTATION_STYLE_ASSIGNMENT((#9380));
#9380 = SURFACE_STYLE_USAGE(.BOTH.,#9381);
#9381 = SURFACE_SIDE_STYLE('',(#9382));
#9382 = SURFACE_STYLE_FILL_AREA(#9383);
#9383 = FILL_AREA_STYLE('',(#9384));
#9384 = FILL_AREA_STYLE_COLOUR('',#9279);
#9385 = STYLED_ITEM('color',(#9386),#4511);
#9386 = PRESENTATION_STYLE_ASSIGNMENT((#9387));
#9387 = SURFACE_STYLE_USAGE(.BOTH.,#9388);
#9388 = SURFACE_SIDE_STYLE('',(#9389));
#9389 = SURFACE_STYLE_FILL_AREA(#9390);
#9390 = FILL_AREA_STYLE('',(#9391));
#9391 = FILL_AREA_STYLE_COLOUR('',#9279);
#9392 = STYLED_ITEM('color',(#9393),#4536);
#9393 = PRESENTATION_STYLE_ASSIGNMENT((#9394));
#9394 = SURFACE_STYLE_USAGE(.BOTH.,#9395);
#9395 = SURFACE_SIDE_STYLE('',(#9396));
#9396 = SURFACE_STYLE_FILL_AREA(#9397);
#9397 = FILL_AREA_STYLE('',(#9398));
#9398 = FILL_AREA_STYLE_COLOUR('',#9279);
#9399 = STYLED_ITEM('color',(#9400),#4561);
#9400 = PRESENTATION_STYLE_ASSIGNMENT((#9401));
#9401 = SURFACE_STYLE_USAGE(.BOTH.,#9402);
#9402 = SURFACE_SIDE_STYLE('',(#9403));
#9403 = SURFACE_STYLE_FILL_AREA(#9404);
#9404 = FILL_AREA_STYLE('',(#9405));
#9405 = FILL_AREA_STYLE_COLOUR('',#9279);
#9406 = STYLED_ITEM('color',(#9407),#4649);
#9407 = PRESENTATION_STYLE_ASSIGNMENT((#9408));
#9408 = SURFACE_STYLE_USAGE(.BOTH.,#9409);
#9409 = SURFACE_SIDE_STYLE('',(#9410));
#9410 = SURFACE_STYLE_FILL_AREA(#9411);
#9411 = FILL_AREA_STYLE('',(#9412));
#9412 = FILL_AREA_STYLE_COLOUR('',#9279);
#9413 = STYLED_ITEM('color',(#9414),#4737);
#9414 = PRESENTATION_STYLE_ASSIGNMENT((#9415));
#9415 = SURFACE_STYLE_USAGE(.BOTH.,#9416);
#9416 = SURFACE_SIDE_STYLE('',(#9417));
#9417 = SURFACE_STYLE_FILL_AREA(#9418);
#9418 = FILL_AREA_STYLE('',(#9419));
#9419 = FILL_AREA_STYLE_COLOUR('',#9279);
#9420 = STYLED_ITEM('color',(#9421),#4762);
#9421 = PRESENTATION_STYLE_ASSIGNMENT((#9422));
#9422 = SURFACE_STYLE_USAGE(.BOTH.,#9423);
#9423 = SURFACE_SIDE_STYLE('',(#9424));
#9424 = SURFACE_STYLE_FILL_AREA(#9425);
#9425 = FILL_AREA_STYLE('',(#9426));
#9426 = FILL_AREA_STYLE_COLOUR('',#9279);
#9427 = STYLED_ITEM('color',(#9428),#4787);
#9428 = PRESENTATION_STYLE_ASSIGNMENT((#9429));
#9429 = SURFACE_STYLE_USAGE(.BOTH.,#9430);
#9430 = SURFACE_SIDE_STYLE('',(#9431));
#9431 = SURFACE_STYLE_FILL_AREA(#9432);
#9432 = FILL_AREA_STYLE('',(#9433));
#9433 = FILL_AREA_STYLE_COLOUR('',#9279);
#9434 = STYLED_ITEM('color',(#9435),#4804);
#9435 = PRESENTATION_STYLE_ASSIGNMENT((#9436));
#9436 = SURFACE_STYLE_USAGE(.BOTH.,#9437);
#9437 = SURFACE_SIDE_STYLE('',(#9438));
#9438 = SURFACE_STYLE_FILL_AREA(#9439);
#9439 = FILL_AREA_STYLE('',(#9440));
#9440 = FILL_AREA_STYLE_COLOUR('',#9279);
#9441 = STYLED_ITEM('color',(#9442),#4813);
#9442 = PRESENTATION_STYLE_ASSIGNMENT((#9443));
#9443 = SURFACE_STYLE_USAGE(.BOTH.,#9444);
#9444 = SURFACE_SIDE_STYLE('',(#9445));
#9445 = SURFACE_STYLE_FILL_AREA(#9446);
#9446 = FILL_AREA_STYLE('',(#9447));
#9447 = FILL_AREA_STYLE_COLOUR('',#9279);
#9448 = STYLED_ITEM('color',(#9449),#4839);
#9449 = PRESENTATION_STYLE_ASSIGNMENT((#9450));
#9450 = SURFACE_STYLE_USAGE(.BOTH.,#9451);
#9451 = SURFACE_SIDE_STYLE('',(#9452));
#9452 = SURFACE_STYLE_FILL_AREA(#9453);
#9453 = FILL_AREA_STYLE('',(#9454));
#9454 = FILL_AREA_STYLE_COLOUR('',#9279);
#9455 = STYLED_ITEM('color',(#9456),#4848);
#9456 = PRESENTATION_STYLE_ASSIGNMENT((#9457));
#9457 = SURFACE_STYLE_USAGE(.BOTH.,#9458);
#9458 = SURFACE_SIDE_STYLE('',(#9459));
#9459 = SURFACE_STYLE_FILL_AREA(#9460);
#9460 = FILL_AREA_STYLE('',(#9461));
#9461 = FILL_AREA_STYLE_COLOUR('',#9279);
#9462 = STYLED_ITEM('color',(#9463),#4857);
#9463 = PRESENTATION_STYLE_ASSIGNMENT((#9464));
#9464 = SURFACE_STYLE_USAGE(.BOTH.,#9465);
#9465 = SURFACE_SIDE_STYLE('',(#9466));
#9466 = SURFACE_STYLE_FILL_AREA(#9467);
#9467 = FILL_AREA_STYLE('',(#9468));
#9468 = FILL_AREA_STYLE_COLOUR('',#9279);
#9469 = STYLED_ITEM('color',(#9470),#4901);
#9470 = PRESENTATION_STYLE_ASSIGNMENT((#9471));
#9471 = SURFACE_STYLE_USAGE(.BOTH.,#9472);
#9472 = SURFACE_SIDE_STYLE('',(#9473));
#9473 = SURFACE_STYLE_FILL_AREA(#9474);
#9474 = FILL_AREA_STYLE('',(#9475));
#9475 = FILL_AREA_STYLE_COLOUR('',#8913);
#9476 = STYLED_ITEM('color',(#9477),#5051);
#9477 = PRESENTATION_STYLE_ASSIGNMENT((#9478));
#9478 = SURFACE_STYLE_USAGE(.BOTH.,#9479);
#9479 = SURFACE_SIDE_STYLE('',(#9480));
#9480 = SURFACE_STYLE_FILL_AREA(#9481);
#9481 = FILL_AREA_STYLE('',(#9482));
#9482 = FILL_AREA_STYLE_COLOUR('',#8913);
#9483 = STYLED_ITEM('color',(#9484),#5075);
#9484 = PRESENTATION_STYLE_ASSIGNMENT((#9485));
#9485 = SURFACE_STYLE_USAGE(.BOTH.,#9486);
#9486 = SURFACE_SIDE_STYLE('',(#9487));
#9487 = SURFACE_STYLE_FILL_AREA(#9488);
#9488 = FILL_AREA_STYLE('',(#9489));
#9489 = FILL_AREA_STYLE_COLOUR('',#8913);
#9490 = STYLED_ITEM('color',(#9491),#5218);
#9491 = PRESENTATION_STYLE_ASSIGNMENT((#9492));
#9492 = SURFACE_STYLE_USAGE(.BOTH.,#9493);
#9493 = SURFACE_SIDE_STYLE('',(#9494));
#9494 = SURFACE_STYLE_FILL_AREA(#9495);
#9495 = FILL_AREA_STYLE('',(#9496));
#9496 = FILL_AREA_STYLE_COLOUR('',#8913);
#9497 = STYLED_ITEM('color',(#9498),#5368);
#9498 = PRESENTATION_STYLE_ASSIGNMENT((#9499));
#9499 = SURFACE_STYLE_USAGE(.BOTH.,#9500);
#9500 = SURFACE_SIDE_STYLE('',(#9501));
#9501 = SURFACE_STYLE_FILL_AREA(#9502);
#9502 = FILL_AREA_STYLE('',(#9503));
#9503 = FILL_AREA_STYLE_COLOUR('',#8913);
#9504 = STYLED_ITEM('color',(#9505),#5518);
#9505 = PRESENTATION_STYLE_ASSIGNMENT((#9506));
#9506 = SURFACE_STYLE_USAGE(.BOTH.,#9507);
#9507 = SURFACE_SIDE_STYLE('',(#9508));
#9508 = SURFACE_STYLE_FILL_AREA(#9509);
#9509 = FILL_AREA_STYLE('',(#9510));
#9510 = FILL_AREA_STYLE_COLOUR('',#8913);
#9511 = STYLED_ITEM('color',(#9512),#5535);
#9512 = PRESENTATION_STYLE_ASSIGNMENT((#9513));
#9513 = SURFACE_STYLE_USAGE(.BOTH.,#9514);
#9514 = SURFACE_SIDE_STYLE('',(#9515));
#9515 = SURFACE_STYLE_FILL_AREA(#9516);
#9516 = FILL_AREA_STYLE('',(#9517));
#9517 = FILL_AREA_STYLE_COLOUR('',#8913);
#9518 = STYLED_ITEM('color',(#9519),#5685);
#9519 = PRESENTATION_STYLE_ASSIGNMENT((#9520));
#9520 = SURFACE_STYLE_USAGE(.BOTH.,#9521);
#9521 = SURFACE_SIDE_STYLE('',(#9522));
#9522 = SURFACE_STYLE_FILL_AREA(#9523);
#9523 = FILL_AREA_STYLE('',(#9524));
#9524 = FILL_AREA_STYLE_COLOUR('',#8913);
#9525 = STYLED_ITEM('color',(#9526),#5709);
#9526 = PRESENTATION_STYLE_ASSIGNMENT((#9527));
#9527 = SURFACE_STYLE_USAGE(.BOTH.,#9528);
#9528 = SURFACE_SIDE_STYLE('',(#9529));
#9529 = SURFACE_STYLE_FILL_AREA(#9530);
#9530 = FILL_AREA_STYLE('',(#9531));
#9531 = FILL_AREA_STYLE_COLOUR('',#8913);
#9532 = STYLED_ITEM('color',(#9533),#5852);
#9533 = PRESENTATION_STYLE_ASSIGNMENT((#9534));
#9534 = SURFACE_STYLE_USAGE(.BOTH.,#9535);
#9535 = SURFACE_SIDE_STYLE('',(#9536));
#9536 = SURFACE_STYLE_FILL_AREA(#9537);
#9537 = FILL_AREA_STYLE('',(#9538));
#9538 = FILL_AREA_STYLE_COLOUR('',#8913);
#9539 = STYLED_ITEM('color',(#9540),#6002);
#9540 = PRESENTATION_STYLE_ASSIGNMENT((#9541));
#9541 = SURFACE_STYLE_USAGE(.BOTH.,#9542);
#9542 = SURFACE_SIDE_STYLE('',(#9543));
#9543 = SURFACE_STYLE_FILL_AREA(#9544);
#9544 = FILL_AREA_STYLE('',(#9545));
#9545 = FILL_AREA_STYLE_COLOUR('',#8913);
#9546 = STYLED_ITEM('color',(#9547),#6152);
#9547 = PRESENTATION_STYLE_ASSIGNMENT((#9548));
#9548 = SURFACE_STYLE_USAGE(.BOTH.,#9549);
#9549 = SURFACE_SIDE_STYLE('',(#9550));
#9550 = SURFACE_STYLE_FILL_AREA(#9551);
#9551 = FILL_AREA_STYLE('',(#9552));
#9552 = FILL_AREA_STYLE_COLOUR('',#8913);
#9553 = STYLED_ITEM('color',(#9554),#6169);
#9554 = PRESENTATION_STYLE_ASSIGNMENT((#9555));
#9555 = SURFACE_STYLE_USAGE(.BOTH.,#9556);
#9556 = SURFACE_SIDE_STYLE('',(#9557));
#9557 = SURFACE_STYLE_FILL_AREA(#9558);
#9558 = FILL_AREA_STYLE('',(#9559));
#9559 = FILL_AREA_STYLE_COLOUR('',#9279);
#9560 = STYLED_ITEM('color',(#9561),#6178);
#9561 = PRESENTATION_STYLE_ASSIGNMENT((#9562));
#9562 = SURFACE_STYLE_USAGE(.BOTH.,#9563);
#9563 = SURFACE_SIDE_STYLE('',(#9564));
#9564 = SURFACE_STYLE_FILL_AREA(#9565);
#9565 = FILL_AREA_STYLE('',(#9566));
#9566 = FILL_AREA_STYLE_COLOUR('',#8913);
#9567 = STYLED_ITEM('color',(#9568),#6195);
#9568 = PRESENTATION_STYLE_ASSIGNMENT((#9569));
#9569 = SURFACE_STYLE_USAGE(.BOTH.,#9570);
#9570 = SURFACE_SIDE_STYLE('',(#9571));
#9571 = SURFACE_STYLE_FILL_AREA(#9572);
#9572 = FILL_AREA_STYLE('',(#9573));
#9573 = FILL_AREA_STYLE_COLOUR('',#8913);
#9574 = STYLED_ITEM('color',(#9575),#6212);
#9575 = PRESENTATION_STYLE_ASSIGNMENT((#9576));
#9576 = SURFACE_STYLE_USAGE(.BOTH.,#9577);
#9577 = SURFACE_SIDE_STYLE('',(#9578));
#9578 = SURFACE_STYLE_FILL_AREA(#9579);
#9579 = FILL_AREA_STYLE('',(#9580));
#9580 = FILL_AREA_STYLE_COLOUR('',#8913);
#9581 = STYLED_ITEM('color',(#9582),#6229);
#9582 = PRESENTATION_STYLE_ASSIGNMENT((#9583));
#9583 = SURFACE_STYLE_USAGE(.BOTH.,#9584);
#9584 = SURFACE_SIDE_STYLE('',(#9585));
#9585 = SURFACE_STYLE_FILL_AREA(#9586);
#9586 = FILL_AREA_STYLE('',(#9587));
#9587 = FILL_AREA_STYLE_COLOUR('',#8913);
#9588 = STYLED_ITEM('color',(#9589),#6246);
#9589 = PRESENTATION_STYLE_ASSIGNMENT((#9590));
#9590 = SURFACE_STYLE_USAGE(.BOTH.,#9591);
#9591 = SURFACE_SIDE_STYLE('',(#9592));
#9592 = SURFACE_STYLE_FILL_AREA(#9593);
#9593 = FILL_AREA_STYLE('',(#9594));
#9594 = FILL_AREA_STYLE_COLOUR('',#8913);
#9595 = STYLED_ITEM('color',(#9596),#6268);
#9596 = PRESENTATION_STYLE_ASSIGNMENT((#9597));
#9597 = SURFACE_STYLE_USAGE(.BOTH.,#9598);
#9598 = SURFACE_SIDE_STYLE('',(#9599));
#9599 = SURFACE_STYLE_FILL_AREA(#9600);
#9600 = FILL_AREA_STYLE('',(#9601));
#9601 = FILL_AREA_STYLE_COLOUR('',#8913);
#9602 = STYLED_ITEM('color',(#9603),#6285);
#9603 = PRESENTATION_STYLE_ASSIGNMENT((#9604));
#9604 = SURFACE_STYLE_USAGE(.BOTH.,#9605);
#9605 = SURFACE_SIDE_STYLE('',(#9606));
#9606 = SURFACE_STYLE_FILL_AREA(#9607);
#9607 = FILL_AREA_STYLE('',(#9608));
#9608 = FILL_AREA_STYLE_COLOUR('',#8913);
#9609 = STYLED_ITEM('color',(#9610),#6302);
#9610 = PRESENTATION_STYLE_ASSIGNMENT((#9611));
#9611 = SURFACE_STYLE_USAGE(.BOTH.,#9612);
#9612 = SURFACE_SIDE_STYLE('',(#9613));
#9613 = SURFACE_STYLE_FILL_AREA(#9614);
#9614 = FILL_AREA_STYLE('',(#9615));
#9615 = FILL_AREA_STYLE_COLOUR('',#8913);
#9616 = STYLED_ITEM('color',(#9617),#6319);
#9617 = PRESENTATION_STYLE_ASSIGNMENT((#9618));
#9618 = SURFACE_STYLE_USAGE(.BOTH.,#9619);
#9619 = SURFACE_SIDE_STYLE('',(#9620));
#9620 = SURFACE_STYLE_FILL_AREA(#9621);
#9621 = FILL_AREA_STYLE('',(#9622));
#9622 = FILL_AREA_STYLE_COLOUR('',#8913);
#9623 = STYLED_ITEM('color',(#9624),#6336);
#9624 = PRESENTATION_STYLE_ASSIGNMENT((#9625));
#9625 = SURFACE_STYLE_USAGE(.BOTH.,#9626);
#9626 = SURFACE_SIDE_STYLE('',(#9627));
#9627 = SURFACE_STYLE_FILL_AREA(#9628);
#9628 = FILL_AREA_STYLE('',(#9629));
#9629 = FILL_AREA_STYLE_COLOUR('',#8913);
#9630 = STYLED_ITEM('color',(#9631),#6348);
#9631 = PRESENTATION_STYLE_ASSIGNMENT((#9632));
#9632 = SURFACE_STYLE_USAGE(.BOTH.,#9633);
#9633 = SURFACE_SIDE_STYLE('',(#9634));
#9634 = SURFACE_STYLE_FILL_AREA(#9635);
#9635 = FILL_AREA_STYLE('',(#9636));
#9636 = FILL_AREA_STYLE_COLOUR('',#8913);
#9637 = STYLED_ITEM('color',(#9638),#6365);
#9638 = PRESENTATION_STYLE_ASSIGNMENT((#9639));
#9639 = SURFACE_STYLE_USAGE(.BOTH.,#9640);
#9640 = SURFACE_SIDE_STYLE('',(#9641));
#9641 = SURFACE_STYLE_FILL_AREA(#9642);
#9642 = FILL_AREA_STYLE('',(#9643));
#9643 = FILL_AREA_STYLE_COLOUR('',#8913);
#9644 = STYLED_ITEM('color',(#9645),#6382);
#9645 = PRESENTATION_STYLE_ASSIGNMENT((#9646));
#9646 = SURFACE_STYLE_USAGE(.BOTH.,#9647);
#9647 = SURFACE_SIDE_STYLE('',(#9648));
#9648 = SURFACE_STYLE_FILL_AREA(#9649);
#9649 = FILL_AREA_STYLE('',(#9650));
#9650 = FILL_AREA_STYLE_COLOUR('',#8913);
#9651 = STYLED_ITEM('color',(#9652),#6399);
#9652 = PRESENTATION_STYLE_ASSIGNMENT((#9653));
#9653 = SURFACE_STYLE_USAGE(.BOTH.,#9654);
#9654 = SURFACE_SIDE_STYLE('',(#9655));
#9655 = SURFACE_STYLE_FILL_AREA(#9656);
#9656 = FILL_AREA_STYLE('',(#9657));
#9657 = FILL_AREA_STYLE_COLOUR('',#8913);
#9658 = STYLED_ITEM('color',(#9659),#6416);
#9659 = PRESENTATION_STYLE_ASSIGNMENT((#9660));
#9660 = SURFACE_STYLE_USAGE(.BOTH.,#9661);
#9661 = SURFACE_SIDE_STYLE('',(#9662));
#9662 = SURFACE_STYLE_FILL_AREA(#9663);
#9663 = FILL_AREA_STYLE('',(#9664));
#9664 = FILL_AREA_STYLE_COLOUR('',#8913);
#9665 = STYLED_ITEM('color',(#9666),#6433);
#9666 = PRESENTATION_STYLE_ASSIGNMENT((#9667));
#9667 = SURFACE_STYLE_USAGE(.BOTH.,#9668);
#9668 = SURFACE_SIDE_STYLE('',(#9669));
#9669 = SURFACE_STYLE_FILL_AREA(#9670);
#9670 = FILL_AREA_STYLE('',(#9671));
#9671 = FILL_AREA_STYLE_COLOUR('',#8913);
#9672 = STYLED_ITEM('color',(#9673),#6450);
#9673 = PRESENTATION_STYLE_ASSIGNMENT((#9674));
#9674 = SURFACE_STYLE_USAGE(.BOTH.,#9675);
#9675 = SURFACE_SIDE_STYLE('',(#9676));
#9676 = SURFACE_STYLE_FILL_AREA(#9677);
#9677 = FILL_AREA_STYLE('',(#9678));
#9678 = FILL_AREA_STYLE_COLOUR('',#8913);
#9679 = STYLED_ITEM('color',(#9680),#6467);
#9680 = PRESENTATION_STYLE_ASSIGNMENT((#9681));
#9681 = SURFACE_STYLE_USAGE(.BOTH.,#9682);
#9682 = SURFACE_SIDE_STYLE('',(#9683));
#9683 = SURFACE_STYLE_FILL_AREA(#9684);
#9684 = FILL_AREA_STYLE('',(#9685));
#9685 = FILL_AREA_STYLE_COLOUR('',#8913);
#9686 = STYLED_ITEM('color',(#9687),#6484);
#9687 = PRESENTATION_STYLE_ASSIGNMENT((#9688));
#9688 = SURFACE_STYLE_USAGE(.BOTH.,#9689);
#9689 = SURFACE_SIDE_STYLE('',(#9690));
#9690 = SURFACE_STYLE_FILL_AREA(#9691);
#9691 = FILL_AREA_STYLE('',(#9692));
#9692 = FILL_AREA_STYLE_COLOUR('',#8913);
#9693 = STYLED_ITEM('color',(#9694),#6496);
#9694 = PRESENTATION_STYLE_ASSIGNMENT((#9695));
#9695 = SURFACE_STYLE_USAGE(.BOTH.,#9696);
#9696 = SURFACE_SIDE_STYLE('',(#9697));
#9697 = SURFACE_STYLE_FILL_AREA(#9698);
#9698 = FILL_AREA_STYLE('',(#9699));
#9699 = FILL_AREA_STYLE_COLOUR('',#8913);
#9700 = STYLED_ITEM('color',(#9701),#6518);
#9701 = PRESENTATION_STYLE_ASSIGNMENT((#9702));
#9702 = SURFACE_STYLE_USAGE(.BOTH.,#9703);
#9703 = SURFACE_SIDE_STYLE('',(#9704));
#9704 = SURFACE_STYLE_FILL_AREA(#9705);
#9705 = FILL_AREA_STYLE('',(#9706));
#9706 = FILL_AREA_STYLE_COLOUR('',#8913);
#9707 = STYLED_ITEM('color',(#9708),#6535);
#9708 = PRESENTATION_STYLE_ASSIGNMENT((#9709));
#9709 = SURFACE_STYLE_USAGE(.BOTH.,#9710);
#9710 = SURFACE_SIDE_STYLE('',(#9711));
#9711 = SURFACE_STYLE_FILL_AREA(#9712);
#9712 = FILL_AREA_STYLE('',(#9713));
#9713 = FILL_AREA_STYLE_COLOUR('',#8913);
#9714 = STYLED_ITEM('color',(#9715),#6552);
#9715 = PRESENTATION_STYLE_ASSIGNMENT((#9716));
#9716 = SURFACE_STYLE_USAGE(.BOTH.,#9717);
#9717 = SURFACE_SIDE_STYLE('',(#9718));
#9718 = SURFACE_STYLE_FILL_AREA(#9719);
#9719 = FILL_AREA_STYLE('',(#9720));
#9720 = FILL_AREA_STYLE_COLOUR('',#8913);
#9721 = STYLED_ITEM('color',(#9722),#6569);
#9722 = PRESENTATION_STYLE_ASSIGNMENT((#9723));
#9723 = SURFACE_STYLE_USAGE(.BOTH.,#9724);
#9724 = SURFACE_SIDE_STYLE('',(#9725));
#9725 = SURFACE_STYLE_FILL_AREA(#9726);
#9726 = FILL_AREA_STYLE('',(#9727));
#9727 = FILL_AREA_STYLE_COLOUR('',#8913);
#9728 = STYLED_ITEM('color',(#9729),#6586);
#9729 = PRESENTATION_STYLE_ASSIGNMENT((#9730));
#9730 = SURFACE_STYLE_USAGE(.BOTH.,#9731);
#9731 = SURFACE_SIDE_STYLE('',(#9732));
#9732 = SURFACE_STYLE_FILL_AREA(#9733);
#9733 = FILL_AREA_STYLE('',(#9734));
#9734 = FILL_AREA_STYLE_COLOUR('',#8913);
#9735 = STYLED_ITEM('color',(#9736),#6598);
#9736 = PRESENTATION_STYLE_ASSIGNMENT((#9737));
#9737 = SURFACE_STYLE_USAGE(.BOTH.,#9738);
#9738 = SURFACE_SIDE_STYLE('',(#9739));
#9739 = SURFACE_STYLE_FILL_AREA(#9740);
#9740 = FILL_AREA_STYLE('',(#9741));
#9741 = FILL_AREA_STYLE_COLOUR('',#8913);
#9742 = STYLED_ITEM('color',(#9743),#6615);
#9743 = PRESENTATION_STYLE_ASSIGNMENT((#9744));
#9744 = SURFACE_STYLE_USAGE(.BOTH.,#9745);
#9745 = SURFACE_SIDE_STYLE('',(#9746));
#9746 = SURFACE_STYLE_FILL_AREA(#9747);
#9747 = FILL_AREA_STYLE('',(#9748));
#9748 = FILL_AREA_STYLE_COLOUR('',#8913);
#9749 = STYLED_ITEM('color',(#9750),#6632);
#9750 = PRESENTATION_STYLE_ASSIGNMENT((#9751));
#9751 = SURFACE_STYLE_USAGE(.BOTH.,#9752);
#9752 = SURFACE_SIDE_STYLE('',(#9753));
#9753 = SURFACE_STYLE_FILL_AREA(#9754);
#9754 = FILL_AREA_STYLE('',(#9755));
#9755 = FILL_AREA_STYLE_COLOUR('',#8913);
#9756 = STYLED_ITEM('color',(#9757),#6649);
#9757 = PRESENTATION_STYLE_ASSIGNMENT((#9758));
#9758 = SURFACE_STYLE_USAGE(.BOTH.,#9759);
#9759 = SURFACE_SIDE_STYLE('',(#9760));
#9760 = SURFACE_STYLE_FILL_AREA(#9761);
#9761 = FILL_AREA_STYLE('',(#9762));
#9762 = FILL_AREA_STYLE_COLOUR('',#8913);
#9763 = STYLED_ITEM('color',(#9764),#6666);
#9764 = PRESENTATION_STYLE_ASSIGNMENT((#9765));
#9765 = SURFACE_STYLE_USAGE(.BOTH.,#9766);
#9766 = SURFACE_SIDE_STYLE('',(#9767));
#9767 = SURFACE_STYLE_FILL_AREA(#9768);
#9768 = FILL_AREA_STYLE('',(#9769));
#9769 = FILL_AREA_STYLE_COLOUR('',#8913);
#9770 = STYLED_ITEM('color',(#9771),#6683);
#9771 = PRESENTATION_STYLE_ASSIGNMENT((#9772));
#9772 = SURFACE_STYLE_USAGE(.BOTH.,#9773);
#9773 = SURFACE_SIDE_STYLE('',(#9774));
#9774 = SURFACE_STYLE_FILL_AREA(#9775);
#9775 = FILL_AREA_STYLE('',(#9776));
#9776 = FILL_AREA_STYLE_COLOUR('',#8913);
#9777 = STYLED_ITEM('color',(#9778),#6700);
#9778 = PRESENTATION_STYLE_ASSIGNMENT((#9779));
#9779 = SURFACE_STYLE_USAGE(.BOTH.,#9780);
#9780 = SURFACE_SIDE_STYLE('',(#9781));
#9781 = SURFACE_STYLE_FILL_AREA(#9782);
#9782 = FILL_AREA_STYLE('',(#9783));
#9783 = FILL_AREA_STYLE_COLOUR('',#8913);
#9784 = STYLED_ITEM('color',(#9785),#6717);
#9785 = PRESENTATION_STYLE_ASSIGNMENT((#9786));
#9786 = SURFACE_STYLE_USAGE(.BOTH.,#9787);
#9787 = SURFACE_SIDE_STYLE('',(#9788));
#9788 = SURFACE_STYLE_FILL_AREA(#9789);
#9789 = FILL_AREA_STYLE('',(#9790));
#9790 = FILL_AREA_STYLE_COLOUR('',#8913);
#9791 = STYLED_ITEM('color',(#9792),#6734);
#9792 = PRESENTATION_STYLE_ASSIGNMENT((#9793));
#9793 = SURFACE_STYLE_USAGE(.BOTH.,#9794);
#9794 = SURFACE_SIDE_STYLE('',(#9795));
#9795 = SURFACE_STYLE_FILL_AREA(#9796);
#9796 = FILL_AREA_STYLE('',(#9797));
#9797 = FILL_AREA_STYLE_COLOUR('',#8913);
#9798 = STYLED_ITEM('color',(#9799),#6746);
#9799 = PRESENTATION_STYLE_ASSIGNMENT((#9800));
#9800 = SURFACE_STYLE_USAGE(.BOTH.,#9801);
#9801 = SURFACE_SIDE_STYLE('',(#9802));
#9802 = SURFACE_STYLE_FILL_AREA(#9803);
#9803 = FILL_AREA_STYLE('',(#9804));
#9804 = FILL_AREA_STYLE_COLOUR('',#8913);
#9805 = STYLED_ITEM('color',(#9806),#6768);
#9806 = PRESENTATION_STYLE_ASSIGNMENT((#9807));
#9807 = SURFACE_STYLE_USAGE(.BOTH.,#9808);
#9808 = SURFACE_SIDE_STYLE('',(#9809));
#9809 = SURFACE_STYLE_FILL_AREA(#9810);
#9810 = FILL_AREA_STYLE('',(#9811));
#9811 = FILL_AREA_STYLE_COLOUR('',#8913);
#9812 = STYLED_ITEM('color',(#9813),#6785);
#9813 = PRESENTATION_STYLE_ASSIGNMENT((#9814));
#9814 = SURFACE_STYLE_USAGE(.BOTH.,#9815);
#9815 = SURFACE_SIDE_STYLE('',(#9816));
#9816 = SURFACE_STYLE_FILL_AREA(#9817);
#9817 = FILL_AREA_STYLE('',(#9818));
#9818 = FILL_AREA_STYLE_COLOUR('',#8913);
#9819 = STYLED_ITEM('color',(#9820),#6802);
#9820 = PRESENTATION_STYLE_ASSIGNMENT((#9821));
#9821 = SURFACE_STYLE_USAGE(.BOTH.,#9822);
#9822 = SURFACE_SIDE_STYLE('',(#9823));
#9823 = SURFACE_STYLE_FILL_AREA(#9824);
#9824 = FILL_AREA_STYLE('',(#9825));
#9825 = FILL_AREA_STYLE_COLOUR('',#8913);
#9826 = STYLED_ITEM('color',(#9827),#6819);
#9827 = PRESENTATION_STYLE_ASSIGNMENT((#9828));
#9828 = SURFACE_STYLE_USAGE(.BOTH.,#9829);
#9829 = SURFACE_SIDE_STYLE('',(#9830));
#9830 = SURFACE_STYLE_FILL_AREA(#9831);
#9831 = FILL_AREA_STYLE('',(#9832));
#9832 = FILL_AREA_STYLE_COLOUR('',#8913);
#9833 = STYLED_ITEM('color',(#9834),#6836);
#9834 = PRESENTATION_STYLE_ASSIGNMENT((#9835));
#9835 = SURFACE_STYLE_USAGE(.BOTH.,#9836);
#9836 = SURFACE_SIDE_STYLE('',(#9837));
#9837 = SURFACE_STYLE_FILL_AREA(#9838);
#9838 = FILL_AREA_STYLE('',(#9839));
#9839 = FILL_AREA_STYLE_COLOUR('',#8913);
#9840 = STYLED_ITEM('color',(#9841),#6848);
#9841 = PRESENTATION_STYLE_ASSIGNMENT((#9842));
#9842 = SURFACE_STYLE_USAGE(.BOTH.,#9843);
#9843 = SURFACE_SIDE_STYLE('',(#9844));
#9844 = SURFACE_STYLE_FILL_AREA(#9845);
#9845 = FILL_AREA_STYLE('',(#9846));
#9846 = FILL_AREA_STYLE_COLOUR('',#8913);
#9847 = STYLED_ITEM('color',(#9848),#6865);
#9848 = PRESENTATION_STYLE_ASSIGNMENT((#9849));
#9849 = SURFACE_STYLE_USAGE(.BOTH.,#9850);
#9850 = SURFACE_SIDE_STYLE('',(#9851));
#9851 = SURFACE_STYLE_FILL_AREA(#9852);
#9852 = FILL_AREA_STYLE('',(#9853));
#9853 = FILL_AREA_STYLE_COLOUR('',#8913);
#9854 = STYLED_ITEM('color',(#9855),#6882);
#9855 = PRESENTATION_STYLE_ASSIGNMENT((#9856));
#9856 = SURFACE_STYLE_USAGE(.BOTH.,#9857);
#9857 = SURFACE_SIDE_STYLE('',(#9858));
#9858 = SURFACE_STYLE_FILL_AREA(#9859);
#9859 = FILL_AREA_STYLE('',(#9860));
#9860 = FILL_AREA_STYLE_COLOUR('',#8913);
#9861 = STYLED_ITEM('color',(#9862),#6899);
#9862 = PRESENTATION_STYLE_ASSIGNMENT((#9863));
#9863 = SURFACE_STYLE_USAGE(.BOTH.,#9864);
#9864 = SURFACE_SIDE_STYLE('',(#9865));
#9865 = SURFACE_STYLE_FILL_AREA(#9866);
#9866 = FILL_AREA_STYLE('',(#9867));
#9867 = FILL_AREA_STYLE_COLOUR('',#8913);
#9868 = STYLED_ITEM('color',(#9869),#6916);
#9869 = PRESENTATION_STYLE_ASSIGNMENT((#9870));
#9870 = SURFACE_STYLE_USAGE(.BOTH.,#9871);
#9871 = SURFACE_SIDE_STYLE('',(#9872));
#9872 = SURFACE_STYLE_FILL_AREA(#9873);
#9873 = FILL_AREA_STYLE('',(#9874));
#9874 = FILL_AREA_STYLE_COLOUR('',#8913);
#9875 = STYLED_ITEM('color',(#9876),#6933);
#9876 = PRESENTATION_STYLE_ASSIGNMENT((#9877));
#9877 = SURFACE_STYLE_USAGE(.BOTH.,#9878);
#9878 = SURFACE_SIDE_STYLE('',(#9879));
#9879 = SURFACE_STYLE_FILL_AREA(#9880);
#9880 = FILL_AREA_STYLE('',(#9881));
#9881 = FILL_AREA_STYLE_COLOUR('',#8913);
#9882 = STYLED_ITEM('color',(#9883),#6950);
#9883 = PRESENTATION_STYLE_ASSIGNMENT((#9884));
#9884 = SURFACE_STYLE_USAGE(.BOTH.,#9885);
#9885 = SURFACE_SIDE_STYLE('',(#9886));
#9886 = SURFACE_STYLE_FILL_AREA(#9887);
#9887 = FILL_AREA_STYLE('',(#9888));
#9888 = FILL_AREA_STYLE_COLOUR('',#8913);
#9889 = STYLED_ITEM('color',(#9890),#6967);
#9890 = PRESENTATION_STYLE_ASSIGNMENT((#9891));
#9891 = SURFACE_STYLE_USAGE(.BOTH.,#9892);
#9892 = SURFACE_SIDE_STYLE('',(#9893));
#9893 = SURFACE_STYLE_FILL_AREA(#9894);
#9894 = FILL_AREA_STYLE('',(#9895));
#9895 = FILL_AREA_STYLE_COLOUR('',#8913);
#9896 = STYLED_ITEM('color',(#9897),#6984);
#9897 = PRESENTATION_STYLE_ASSIGNMENT((#9898));
#9898 = SURFACE_STYLE_USAGE(.BOTH.,#9899);
#9899 = SURFACE_SIDE_STYLE('',(#9900));
#9900 = SURFACE_STYLE_FILL_AREA(#9901);
#9901 = FILL_AREA_STYLE('',(#9902));
#9902 = FILL_AREA_STYLE_COLOUR('',#8913);
#9903 = STYLED_ITEM('color',(#9904),#6996);
#9904 = PRESENTATION_STYLE_ASSIGNMENT((#9905));
#9905 = SURFACE_STYLE_USAGE(.BOTH.,#9906);
#9906 = SURFACE_SIDE_STYLE('',(#9907));
#9907 = SURFACE_STYLE_FILL_AREA(#9908);
#9908 = FILL_AREA_STYLE('',(#9909));
#9909 = FILL_AREA_STYLE_COLOUR('',#8913);
#9910 = STYLED_ITEM('color',(#9911),#7018);
#9911 = PRESENTATION_STYLE_ASSIGNMENT((#9912));
#9912 = SURFACE_STYLE_USAGE(.BOTH.,#9913);
#9913 = SURFACE_SIDE_STYLE('',(#9914));
#9914 = SURFACE_STYLE_FILL_AREA(#9915);
#9915 = FILL_AREA_STYLE('',(#9916));
#9916 = FILL_AREA_STYLE_COLOUR('',#8913);
#9917 = STYLED_ITEM('color',(#9918),#7035);
#9918 = PRESENTATION_STYLE_ASSIGNMENT((#9919));
#9919 = SURFACE_STYLE_USAGE(.BOTH.,#9920);
#9920 = SURFACE_SIDE_STYLE('',(#9921));
#9921 = SURFACE_STYLE_FILL_AREA(#9922);
#9922 = FILL_AREA_STYLE('',(#9923));
#9923 = FILL_AREA_STYLE_COLOUR('',#8913);
#9924 = STYLED_ITEM('color',(#9925),#7052);
#9925 = PRESENTATION_STYLE_ASSIGNMENT((#9926));
#9926 = SURFACE_STYLE_USAGE(.BOTH.,#9927);
#9927 = SURFACE_SIDE_STYLE('',(#9928));
#9928 = SURFACE_STYLE_FILL_AREA(#9929);
#9929 = FILL_AREA_STYLE('',(#9930));
#9930 = FILL_AREA_STYLE_COLOUR('',#8913);
#9931 = STYLED_ITEM('color',(#9932),#7069);
#9932 = PRESENTATION_STYLE_ASSIGNMENT((#9933));
#9933 = SURFACE_STYLE_USAGE(.BOTH.,#9934);
#9934 = SURFACE_SIDE_STYLE('',(#9935));
#9935 = SURFACE_STYLE_FILL_AREA(#9936);
#9936 = FILL_AREA_STYLE('',(#9937));
#9937 = FILL_AREA_STYLE_COLOUR('',#8913);
#9938 = STYLED_ITEM('color',(#9939),#7086);
#9939 = PRESENTATION_STYLE_ASSIGNMENT((#9940));
#9940 = SURFACE_STYLE_USAGE(.BOTH.,#9941);
#9941 = SURFACE_SIDE_STYLE('',(#9942));
#9942 = SURFACE_STYLE_FILL_AREA(#9943);
#9943 = FILL_AREA_STYLE('',(#9944));
#9944 = FILL_AREA_STYLE_COLOUR('',#8913);
#9945 = STYLED_ITEM('color',(#9946),#7098);
#9946 = PRESENTATION_STYLE_ASSIGNMENT((#9947));
#9947 = SURFACE_STYLE_USAGE(.BOTH.,#9948);
#9948 = SURFACE_SIDE_STYLE('',(#9949));
#9949 = SURFACE_STYLE_FILL_AREA(#9950);
#9950 = FILL_AREA_STYLE('',(#9951));
#9951 = FILL_AREA_STYLE_COLOUR('',#8913);
#9952 = STYLED_ITEM('color',(#9953),#7115);
#9953 = PRESENTATION_STYLE_ASSIGNMENT((#9954));
#9954 = SURFACE_STYLE_USAGE(.BOTH.,#9955);
#9955 = SURFACE_SIDE_STYLE('',(#9956));
#9956 = SURFACE_STYLE_FILL_AREA(#9957);
#9957 = FILL_AREA_STYLE('',(#9958));
#9958 = FILL_AREA_STYLE_COLOUR('',#8913);
#9959 = STYLED_ITEM('color',(#9960),#7132);
#9960 = PRESENTATION_STYLE_ASSIGNMENT((#9961));
#9961 = SURFACE_STYLE_USAGE(.BOTH.,#9962);
#9962 = SURFACE_SIDE_STYLE('',(#9963));
#9963 = SURFACE_STYLE_FILL_AREA(#9964);
#9964 = FILL_AREA_STYLE('',(#9965));
#9965 = FILL_AREA_STYLE_COLOUR('',#8913);
#9966 = STYLED_ITEM('color',(#9967),#7149);
#9967 = PRESENTATION_STYLE_ASSIGNMENT((#9968));
#9968 = SURFACE_STYLE_USAGE(.BOTH.,#9969);
#9969 = SURFACE_SIDE_STYLE('',(#9970));
#9970 = SURFACE_STYLE_FILL_AREA(#9971);
#9971 = FILL_AREA_STYLE('',(#9972));
#9972 = FILL_AREA_STYLE_COLOUR('',#8913);
#9973 = STYLED_ITEM('color',(#9974),#7166);
#9974 = PRESENTATION_STYLE_ASSIGNMENT((#9975));
#9975 = SURFACE_STYLE_USAGE(.BOTH.,#9976);
#9976 = SURFACE_SIDE_STYLE('',(#9977));
#9977 = SURFACE_STYLE_FILL_AREA(#9978);
#9978 = FILL_AREA_STYLE('',(#9979));
#9979 = FILL_AREA_STYLE_COLOUR('',#8913);
#9980 = STYLED_ITEM('color',(#9981),#7183);
#9981 = PRESENTATION_STYLE_ASSIGNMENT((#9982));
#9982 = SURFACE_STYLE_USAGE(.BOTH.,#9983);
#9983 = SURFACE_SIDE_STYLE('',(#9984));
#9984 = SURFACE_STYLE_FILL_AREA(#9985);
#9985 = FILL_AREA_STYLE('',(#9986));
#9986 = FILL_AREA_STYLE_COLOUR('',#8913);
#9987 = STYLED_ITEM('color',(#9988),#7200);
#9988 = PRESENTATION_STYLE_ASSIGNMENT((#9989));
#9989 = SURFACE_STYLE_USAGE(.BOTH.,#9990);
#9990 = SURFACE_SIDE_STYLE('',(#9991));
#9991 = SURFACE_STYLE_FILL_AREA(#9992);
#9992 = FILL_AREA_STYLE('',(#9993));
#9993 = FILL_AREA_STYLE_COLOUR('',#8913);
#9994 = STYLED_ITEM('color',(#9995),#7217);
#9995 = PRESENTATION_STYLE_ASSIGNMENT((#9996));
#9996 = SURFACE_STYLE_USAGE(.BOTH.,#9997);
#9997 = SURFACE_SIDE_STYLE('',(#9998));
#9998 = SURFACE_STYLE_FILL_AREA(#9999);
#9999 = FILL_AREA_STYLE('',(#10000));
#10000 = FILL_AREA_STYLE_COLOUR('',#8913);
#10001 = STYLED_ITEM('color',(#10002),#7234);
#10002 = PRESENTATION_STYLE_ASSIGNMENT((#10003));
#10003 = SURFACE_STYLE_USAGE(.BOTH.,#10004);
#10004 = SURFACE_SIDE_STYLE('',(#10005));
#10005 = SURFACE_STYLE_FILL_AREA(#10006);
#10006 = FILL_AREA_STYLE('',(#10007));
#10007 = FILL_AREA_STYLE_COLOUR('',#8913);
#10008 = MECHANICAL_DESIGN_GEOMETRIC_PRESENTATION_REPRESENTATION('',(
    #10009),#8780);
#10009 = STYLED_ITEM('color',(#10010),#7265);
#10010 = PRESENTATION_STYLE_ASSIGNMENT((#10011));
#10011 = SURFACE_STYLE_USAGE(.BOTH.,#10012);
#10012 = SURFACE_SIDE_STYLE('',(#10013));
#10013 = SURFACE_STYLE_FILL_AREA(#10014);
#10014 = FILL_AREA_STYLE('',(#10015));
#10015 = FILL_AREA_STYLE_COLOUR('',#10016);
#10016 = COLOUR_RGB('',0.313304153717,0.484529207832,0.410020903123);
#10017 = MECHANICAL_DESIGN_GEOMETRIC_PRESENTATION_REPRESENTATION('',(
    #10018,#10025,#10032,#10039,#10046,#10053,#10060,#10067,#10074,
    #10081,#10088,#10096,#10103,#10110,#10117,#10124,#10131,#10138,
    #10145,#10152,#10159,#10166,#10173,#10180,#10187,#10194,#10201,
    #10208),#3998);
#10018 = STYLED_ITEM('color',(#10019),#3146);
#10019 = PRESENTATION_STYLE_ASSIGNMENT((#10020));
#10020 = SURFACE_STYLE_USAGE(.BOTH.,#10021);
#10021 = SURFACE_SIDE_STYLE('',(#10022));
#10022 = SURFACE_STYLE_FILL_AREA(#10023);
#10023 = FILL_AREA_STYLE('',(#10024));
#10024 = FILL_AREA_STYLE_COLOUR('',#8913);
#10025 = STYLED_ITEM('color',(#10026),#3222);
#10026 = PRESENTATION_STYLE_ASSIGNMENT((#10027));
#10027 = SURFACE_STYLE_USAGE(.BOTH.,#10028);
#10028 = SURFACE_SIDE_STYLE('',(#10029));
#10029 = SURFACE_STYLE_FILL_AREA(#10030);
#10030 = FILL_AREA_STYLE('',(#10031));
#10031 = FILL_AREA_STYLE_COLOUR('',#8913);
#10032 = STYLED_ITEM('color',(#10033),#3253);
#10033 = PRESENTATION_STYLE_ASSIGNMENT((#10034));
#10034 = SURFACE_STYLE_USAGE(.BOTH.,#10035);
#10035 = SURFACE_SIDE_STYLE('',(#10036));
#10036 = SURFACE_STYLE_FILL_AREA(#10037);
#10037 = FILL_AREA_STYLE('',(#10038));
#10038 = FILL_AREA_STYLE_COLOUR('',#8913);
#10039 = STYLED_ITEM('color',(#10040),#3278);
#10040 = PRESENTATION_STYLE_ASSIGNMENT((#10041));
#10041 = SURFACE_STYLE_USAGE(.BOTH.,#10042);
#10042 = SURFACE_SIDE_STYLE('',(#10043));
#10043 = SURFACE_STYLE_FILL_AREA(#10044);
#10044 = FILL_AREA_STYLE('',(#10045));
#10045 = FILL_AREA_STYLE_COLOUR('',#8913);
#10046 = STYLED_ITEM('color',(#10047),#3303);
#10047 = PRESENTATION_STYLE_ASSIGNMENT((#10048));
#10048 = SURFACE_STYLE_USAGE(.BOTH.,#10049);
#10049 = SURFACE_SIDE_STYLE('',(#10050));
#10050 = SURFACE_STYLE_FILL_AREA(#10051);
#10051 = FILL_AREA_STYLE('',(#10052));
#10052 = FILL_AREA_STYLE_COLOUR('',#8913);
#10053 = STYLED_ITEM('color',(#10054),#3327);
#10054 = PRESENTATION_STYLE_ASSIGNMENT((#10055));
#10055 = SURFACE_STYLE_USAGE(.BOTH.,#10056);
#10056 = SURFACE_SIDE_STYLE('',(#10057));
#10057 = SURFACE_STYLE_FILL_AREA(#10058);
#10058 = FILL_AREA_STYLE('',(#10059));
#10059 = FILL_AREA_STYLE_COLOUR('',#8913);
#10060 = STYLED_ITEM('color',(#10061),#3351);
#10061 = PRESENTATION_STYLE_ASSIGNMENT((#10062));
#10062 = SURFACE_STYLE_USAGE(.BOTH.,#10063);
#10063 = SURFACE_SIDE_STYLE('',(#10064));
#10064 = SURFACE_STYLE_FILL_AREA(#10065);
#10065 = FILL_AREA_STYLE('',(#10066));
#10066 = FILL_AREA_STYLE_COLOUR('',#8913);
#10067 = STYLED_ITEM('color',(#10068),#3376);
#10068 = PRESENTATION_STYLE_ASSIGNMENT((#10069));
#10069 = SURFACE_STYLE_USAGE(.BOTH.,#10070);
#10070 = SURFACE_SIDE_STYLE('',(#10071));
#10071 = SURFACE_STYLE_FILL_AREA(#10072);
#10072 = FILL_AREA_STYLE('',(#10073));
#10073 = FILL_AREA_STYLE_COLOUR('',#8913);
#10074 = STYLED_ITEM('color',(#10075),#3401);
#10075 = PRESENTATION_STYLE_ASSIGNMENT((#10076));
#10076 = SURFACE_STYLE_USAGE(.BOTH.,#10077);
#10077 = SURFACE_SIDE_STYLE('',(#10078));
#10078 = SURFACE_STYLE_FILL_AREA(#10079);
#10079 = FILL_AREA_STYLE('',(#10080));
#10080 = FILL_AREA_STYLE_COLOUR('',#8913);
#10081 = STYLED_ITEM('color',(#10082),#3418);
#10082 = PRESENTATION_STYLE_ASSIGNMENT((#10083));
#10083 = SURFACE_STYLE_USAGE(.BOTH.,#10084);
#10084 = SURFACE_SIDE_STYLE('',(#10085));
#10085 = SURFACE_STYLE_FILL_AREA(#10086);
#10086 = FILL_AREA_STYLE('',(#10087));
#10087 = FILL_AREA_STYLE_COLOUR('',#8913);
#10088 = STYLED_ITEM('color',(#10089),#3504);
#10089 = PRESENTATION_STYLE_ASSIGNMENT((#10090));
#10090 = SURFACE_STYLE_USAGE(.BOTH.,#10091);
#10091 = SURFACE_SIDE_STYLE('',(#10092));
#10092 = SURFACE_STYLE_FILL_AREA(#10093);
#10093 = FILL_AREA_STYLE('',(#10094));
#10094 = FILL_AREA_STYLE_COLOUR('',#10095);
#10095 = COLOUR_RGB('',0.379000005575,0.270000008848,0.214999999939);
#10096 = STYLED_ITEM('color',(#10097),#3536);
#10097 = PRESENTATION_STYLE_ASSIGNMENT((#10098));
#10098 = SURFACE_STYLE_USAGE(.BOTH.,#10099);
#10099 = SURFACE_SIDE_STYLE('',(#10100));
#10100 = SURFACE_STYLE_FILL_AREA(#10101);
#10101 = FILL_AREA_STYLE('',(#10102));
#10102 = FILL_AREA_STYLE_COLOUR('',#10095);
#10103 = STYLED_ITEM('color',(#10104),#3560);
#10104 = PRESENTATION_STYLE_ASSIGNMENT((#10105));
#10105 = SURFACE_STYLE_USAGE(.BOTH.,#10106);
#10106 = SURFACE_SIDE_STYLE('',(#10107));
#10107 = SURFACE_STYLE_FILL_AREA(#10108);
#10108 = FILL_AREA_STYLE('',(#10109));
#10109 = FILL_AREA_STYLE_COLOUR('',#10095);
#10110 = STYLED_ITEM('color',(#10111),#3585);
#10111 = PRESENTATION_STYLE_ASSIGNMENT((#10112));
#10112 = SURFACE_STYLE_USAGE(.BOTH.,#10113);
#10113 = SURFACE_SIDE_STYLE('',(#10114));
#10114 = SURFACE_STYLE_FILL_AREA(#10115);
#10115 = FILL_AREA_STYLE('',(#10116));
#10116 = FILL_AREA_STYLE_COLOUR('',#10095);
#10117 = STYLED_ITEM('color',(#10118),#3609);
#10118 = PRESENTATION_STYLE_ASSIGNMENT((#10119));
#10119 = SURFACE_STYLE_USAGE(.BOTH.,#10120);
#10120 = SURFACE_SIDE_STYLE('',(#10121));
#10121 = SURFACE_STYLE_FILL_AREA(#10122);
#10122 = FILL_AREA_STYLE('',(#10123));
#10123 = FILL_AREA_STYLE_COLOUR('',#10095);
#10124 = STYLED_ITEM('color',(#10125),#3634);
#10125 = PRESENTATION_STYLE_ASSIGNMENT((#10126));
#10126 = SURFACE_STYLE_USAGE(.BOTH.,#10127);
#10127 = SURFACE_SIDE_STYLE('',(#10128));
#10128 = SURFACE_STYLE_FILL_AREA(#10129);
#10129 = FILL_AREA_STYLE('',(#10130));
#10130 = FILL_AREA_STYLE_COLOUR('',#10095);
#10131 = STYLED_ITEM('color',(#10132),#3658);
#10132 = PRESENTATION_STYLE_ASSIGNMENT((#10133));
#10133 = SURFACE_STYLE_USAGE(.BOTH.,#10134);
#10134 = SURFACE_SIDE_STYLE('',(#10135));
#10135 = SURFACE_STYLE_FILL_AREA(#10136);
#10136 = FILL_AREA_STYLE('',(#10137));
#10137 = FILL_AREA_STYLE_COLOUR('',#10095);
#10138 = STYLED_ITEM('color',(#10139),#3683);
#10139 = PRESENTATION_STYLE_ASSIGNMENT((#10140));
#10140 = SURFACE_STYLE_USAGE(.BOTH.,#10141);
#10141 = SURFACE_SIDE_STYLE('',(#10142));
#10142 = SURFACE_STYLE_FILL_AREA(#10143);
#10143 = FILL_AREA_STYLE('',(#10144));
#10144 = FILL_AREA_STYLE_COLOUR('',#10095);
#10145 = STYLED_ITEM('color',(#10146),#3700);
#10146 = PRESENTATION_STYLE_ASSIGNMENT((#10147));
#10147 = SURFACE_STYLE_USAGE(.BOTH.,#10148);
#10148 = SURFACE_SIDE_STYLE('',(#10149));
#10149 = SURFACE_STYLE_FILL_AREA(#10150);
#10150 = FILL_AREA_STYLE('',(#10151));
#10151 = FILL_AREA_STYLE_COLOUR('',#8913);
#10152 = STYLED_ITEM('color',(#10153),#3786);
#10153 = PRESENTATION_STYLE_ASSIGNMENT((#10154));
#10154 = SURFACE_STYLE_USAGE(.BOTH.,#10155);
#10155 = SURFACE_SIDE_STYLE('',(#10156));
#10156 = SURFACE_STYLE_FILL_AREA(#10157);
#10157 = FILL_AREA_STYLE('',(#10158));
#10158 = FILL_AREA_STYLE_COLOUR('',#8913);
#10159 = STYLED_ITEM('color',(#10160),#3817);
#10160 = PRESENTATION_STYLE_ASSIGNMENT((#10161));
#10161 = SURFACE_STYLE_USAGE(.BOTH.,#10162);
#10162 = SURFACE_SIDE_STYLE('',(#10163));
#10163 = SURFACE_STYLE_FILL_AREA(#10164);
#10164 = FILL_AREA_STYLE('',(#10165));
#10165 = FILL_AREA_STYLE_COLOUR('',#8913);
#10166 = STYLED_ITEM('color',(#10167),#3842);
#10167 = PRESENTATION_STYLE_ASSIGNMENT((#10168));
#10168 = SURFACE_STYLE_USAGE(.BOTH.,#10169);
#10169 = SURFACE_SIDE_STYLE('',(#10170));
#10170 = SURFACE_STYLE_FILL_AREA(#10171);
#10171 = FILL_AREA_STYLE('',(#10172));
#10172 = FILL_AREA_STYLE_COLOUR('',#8913);
#10173 = STYLED_ITEM('color',(#10174),#3867);
#10174 = PRESENTATION_STYLE_ASSIGNMENT((#10175));
#10175 = SURFACE_STYLE_USAGE(.BOTH.,#10176);
#10176 = SURFACE_SIDE_STYLE('',(#10177));
#10177 = SURFACE_STYLE_FILL_AREA(#10178);
#10178 = FILL_AREA_STYLE('',(#10179));
#10179 = FILL_AREA_STYLE_COLOUR('',#8913);
#10180 = STYLED_ITEM('color',(#10181),#3891);
#10181 = PRESENTATION_STYLE_ASSIGNMENT((#10182));
#10182 = SURFACE_STYLE_USAGE(.BOTH.,#10183);
#10183 = SURFACE_SIDE_STYLE('',(#10184));
#10184 = SURFACE_STYLE_FILL_AREA(#10185);
#10185 = FILL_AREA_STYLE('',(#10186));
#10186 = FILL_AREA_STYLE_COLOUR('',#8913);
#10187 = STYLED_ITEM('color',(#10188),#3915);
#10188 = PRESENTATION_STYLE_ASSIGNMENT((#10189));
#10189 = SURFACE_STYLE_USAGE(.BOTH.,#10190);
#10190 = SURFACE_SIDE_STYLE('',(#10191));
#10191 = SURFACE_STYLE_FILL_AREA(#10192);
#10192 = FILL_AREA_STYLE('',(#10193));
#10193 = FILL_AREA_STYLE_COLOUR('',#8913);
#10194 = STYLED_ITEM('color',(#10195),#3940);
#10195 = PRESENTATION_STYLE_ASSIGNMENT((#10196));
#10196 = SURFACE_STYLE_USAGE(.BOTH.,#10197);
#10197 = SURFACE_SIDE_STYLE('',(#10198));
#10198 = SURFACE_STYLE_FILL_AREA(#10199);
#10199 = FILL_AREA_STYLE('',(#10200));
#10200 = FILL_AREA_STYLE_COLOUR('',#8913);
#10201 = STYLED_ITEM('color',(#10202),#3965);
#10202 = PRESENTATION_STYLE_ASSIGNMENT((#10203));
#10203 = SURFACE_STYLE_USAGE(.BOTH.,#10204);
#10204 = SURFACE_SIDE_STYLE('',(#10205));
#10205 = SURFACE_STYLE_FILL_AREA(#10206);
#10206 = FILL_AREA_STYLE('',(#10207));
#10207 = FILL_AREA_STYLE_COLOUR('',#8913);
#10208 = STYLED_ITEM('color',(#10209),#3982);
#10209 = PRESENTATION_STYLE_ASSIGNMENT((#10210));
#10210 = SURFACE_STYLE_USAGE(.BOTH.,#10211);
#10211 = SURFACE_SIDE_STYLE('',(#10212));
#10212 = SURFACE_STYLE_FILL_AREA(#10213);
#10213 = FILL_AREA_STYLE('',(#10214));
#10214 = FILL_AREA_STYLE_COLOUR('',#8913);
#10215 = MECHANICAL_DESIGN_GEOMETRIC_PRESENTATION_REPRESENTATION('',(
    #10216,#10223,#10230,#10237,#10244,#10251,#10258,#10265,#10273,
    #10280,#10287,#10294,#10301,#10308,#10316,#10323,#10330,#10337,
    #10344,#10351,#10358,#10365,#10372,#10379,#10386,#10393),#3125);
#10216 = STYLED_ITEM('color',(#10217),#2337);
#10217 = PRESENTATION_STYLE_ASSIGNMENT((#10218));
#10218 = SURFACE_STYLE_USAGE(.BOTH.,#10219);
#10219 = SURFACE_SIDE_STYLE('',(#10220));
#10220 = SURFACE_STYLE_FILL_AREA(#10221);
#10221 = FILL_AREA_STYLE('',(#10222));
#10222 = FILL_AREA_STYLE_COLOUR('',#8913);
#10223 = STYLED_ITEM('color',(#10224),#2377);
#10224 = PRESENTATION_STYLE_ASSIGNMENT((#10225));
#10225 = SURFACE_STYLE_USAGE(.BOTH.,#10226);
#10226 = SURFACE_SIDE_STYLE('',(#10227));
#10227 = SURFACE_STYLE_FILL_AREA(#10228);
#10228 = FILL_AREA_STYLE('',(#10229));
#10229 = FILL_AREA_STYLE_COLOUR('',#8913);
#10230 = STYLED_ITEM('color',(#10231),#2460);
#10231 = PRESENTATION_STYLE_ASSIGNMENT((#10232));
#10232 = SURFACE_STYLE_USAGE(.BOTH.,#10233);
#10233 = SURFACE_SIDE_STYLE('',(#10234));
#10234 = SURFACE_STYLE_FILL_AREA(#10235);
#10235 = FILL_AREA_STYLE('',(#10236));
#10236 = FILL_AREA_STYLE_COLOUR('',#8913);
#10237 = STYLED_ITEM('color',(#10238),#2485);
#10238 = PRESENTATION_STYLE_ASSIGNMENT((#10239));
#10239 = SURFACE_STYLE_USAGE(.BOTH.,#10240);
#10240 = SURFACE_SIDE_STYLE('',(#10241));
#10241 = SURFACE_STYLE_FILL_AREA(#10242);
#10242 = FILL_AREA_STYLE('',(#10243));
#10243 = FILL_AREA_STYLE_COLOUR('',#8913);
#10244 = STYLED_ITEM('color',(#10245),#2510);
#10245 = PRESENTATION_STYLE_ASSIGNMENT((#10246));
#10246 = SURFACE_STYLE_USAGE(.BOTH.,#10247);
#10247 = SURFACE_SIDE_STYLE('',(#10248));
#10248 = SURFACE_STYLE_FILL_AREA(#10249);
#10249 = FILL_AREA_STYLE('',(#10250));
#10250 = FILL_AREA_STYLE_COLOUR('',#8913);
#10251 = STYLED_ITEM('color',(#10252),#2577);
#10252 = PRESENTATION_STYLE_ASSIGNMENT((#10253));
#10253 = SURFACE_STYLE_USAGE(.BOTH.,#10254);
#10254 = SURFACE_SIDE_STYLE('',(#10255));
#10255 = SURFACE_STYLE_FILL_AREA(#10256);
#10256 = FILL_AREA_STYLE('',(#10257));
#10257 = FILL_AREA_STYLE_COLOUR('',#8913);
#10258 = STYLED_ITEM('color',(#10259),#2594);
#10259 = PRESENTATION_STYLE_ASSIGNMENT((#10260));
#10260 = SURFACE_STYLE_USAGE(.BOTH.,#10261);
#10261 = SURFACE_SIDE_STYLE('',(#10262));
#10262 = SURFACE_STYLE_FILL_AREA(#10263);
#10263 = FILL_AREA_STYLE('',(#10264));
#10264 = FILL_AREA_STYLE_COLOUR('',#8913);
#10265 = STYLED_ITEM('color',(#10266),#2611);
#10266 = PRESENTATION_STYLE_ASSIGNMENT((#10267));
#10267 = SURFACE_STYLE_USAGE(.BOTH.,#10268);
#10268 = SURFACE_SIDE_STYLE('',(#10269));
#10269 = SURFACE_STYLE_FILL_AREA(#10270);
#10270 = FILL_AREA_STYLE('',(#10271));
#10271 = FILL_AREA_STYLE_COLOUR('',#10272);
#10272 = COLOUR_RGB('',0.894999966383,0.890999961016,0.813000030345);
#10273 = STYLED_ITEM('color',(#10274),#2660);
#10274 = PRESENTATION_STYLE_ASSIGNMENT((#10275));
#10275 = SURFACE_STYLE_USAGE(.BOTH.,#10276);
#10276 = SURFACE_SIDE_STYLE('',(#10277));
#10277 = SURFACE_STYLE_FILL_AREA(#10278);
#10278 = FILL_AREA_STYLE('',(#10279));
#10279 = FILL_AREA_STYLE_COLOUR('',#8913);
#10280 = STYLED_ITEM('color',(#10281),#2677);
#10281 = PRESENTATION_STYLE_ASSIGNMENT((#10282));
#10282 = SURFACE_STYLE_USAGE(.BOTH.,#10283);
#10283 = SURFACE_SIDE_STYLE('',(#10284));
#10284 = SURFACE_STYLE_FILL_AREA(#10285);
#10285 = FILL_AREA_STYLE('',(#10286));
#10286 = FILL_AREA_STYLE_COLOUR('',#8913);
#10287 = STYLED_ITEM('color',(#10288),#2694);
#10288 = PRESENTATION_STYLE_ASSIGNMENT((#10289));
#10289 = SURFACE_STYLE_USAGE(.BOTH.,#10290);
#10290 = SURFACE_SIDE_STYLE('',(#10291));
#10291 = SURFACE_STYLE_FILL_AREA(#10292);
#10292 = FILL_AREA_STYLE('',(#10293));
#10293 = FILL_AREA_STYLE_COLOUR('',#10272);
#10294 = STYLED_ITEM('color',(#10295),#2743);
#10295 = PRESENTATION_STYLE_ASSIGNMENT((#10296));
#10296 = SURFACE_STYLE_USAGE(.BOTH.,#10297);
#10297 = SURFACE_SIDE_STYLE('',(#10298));
#10298 = SURFACE_STYLE_FILL_AREA(#10299);
#10299 = FILL_AREA_STYLE('',(#10300));
#10300 = FILL_AREA_STYLE_COLOUR('',#10272);
#10301 = STYLED_ITEM('color',(#10302),#2760);
#10302 = PRESENTATION_STYLE_ASSIGNMENT((#10303));
#10303 = SURFACE_STYLE_USAGE(.BOTH.,#10304);
#10304 = SURFACE_SIDE_STYLE('',(#10305));
#10305 = SURFACE_STYLE_FILL_AREA(#10306);
#10306 = FILL_AREA_STYLE('',(#10307));
#10307 = FILL_AREA_STYLE_COLOUR('',#8913);
#10308 = STYLED_ITEM('color',(#10309),#2829);
#10309 = PRESENTATION_STYLE_ASSIGNMENT((#10310));
#10310 = SURFACE_STYLE_USAGE(.BOTH.,#10311);
#10311 = SURFACE_SIDE_STYLE('',(#10312));
#10312 = SURFACE_STYLE_FILL_AREA(#10313);
#10313 = FILL_AREA_STYLE('',(#10314));
#10314 = FILL_AREA_STYLE_COLOUR('',#10315);
#10315 = COLOUR_RGB('',8.200000279077E-02,8.600000121357E-02,
  9.399999706163E-02);
#10316 = STYLED_ITEM('color',(#10317),#2860);
#10317 = PRESENTATION_STYLE_ASSIGNMENT((#10318));
#10318 = SURFACE_STYLE_USAGE(.BOTH.,#10319);
#10319 = SURFACE_SIDE_STYLE('',(#10320));
#10320 = SURFACE_STYLE_FILL_AREA(#10321);
#10321 = FILL_AREA_STYLE('',(#10322));
#10322 = FILL_AREA_STYLE_COLOUR('',#10315);
#10323 = STYLED_ITEM('color',(#10324),#2884);
#10324 = PRESENTATION_STYLE_ASSIGNMENT((#10325));
#10325 = SURFACE_STYLE_USAGE(.BOTH.,#10326);
#10326 = SURFACE_SIDE_STYLE('',(#10327));
#10327 = SURFACE_STYLE_FILL_AREA(#10328);
#10328 = FILL_AREA_STYLE('',(#10329));
#10329 = FILL_AREA_STYLE_COLOUR('',#8913);
#10330 = STYLED_ITEM('color',(#10331),#2953);
#10331 = PRESENTATION_STYLE_ASSIGNMENT((#10332));
#10332 = SURFACE_STYLE_USAGE(.BOTH.,#10333);
#10333 = SURFACE_SIDE_STYLE('',(#10334));
#10334 = SURFACE_STYLE_FILL_AREA(#10335);
#10335 = FILL_AREA_STYLE('',(#10336));
#10336 = FILL_AREA_STYLE_COLOUR('',#10315);
#10337 = STYLED_ITEM('color',(#10338),#2977);
#10338 = PRESENTATION_STYLE_ASSIGNMENT((#10339));
#10339 = SURFACE_STYLE_USAGE(.BOTH.,#10340);
#10340 = SURFACE_SIDE_STYLE('',(#10341));
#10341 = SURFACE_STYLE_FILL_AREA(#10342);
#10342 = FILL_AREA_STYLE('',(#10343));
#10343 = FILL_AREA_STYLE_COLOUR('',#8913);
#10344 = STYLED_ITEM('color',(#10345),#2994);
#10345 = PRESENTATION_STYLE_ASSIGNMENT((#10346));
#10346 = SURFACE_STYLE_USAGE(.BOTH.,#10347);
#10347 = SURFACE_SIDE_STYLE('',(#10348));
#10348 = SURFACE_STYLE_FILL_AREA(#10349);
#10349 = FILL_AREA_STYLE('',(#10350));
#10350 = FILL_AREA_STYLE_COLOUR('',#8913);
#10351 = STYLED_ITEM('color',(#10352),#3011);
#10352 = PRESENTATION_STYLE_ASSIGNMENT((#10353));
#10353 = SURFACE_STYLE_USAGE(.BOTH.,#10354);
#10354 = SURFACE_SIDE_STYLE('',(#10355));
#10355 = SURFACE_STYLE_FILL_AREA(#10356);
#10356 = FILL_AREA_STYLE('',(#10357));
#10357 = FILL_AREA_STYLE_COLOUR('',#8913);
#10358 = STYLED_ITEM('color',(#10359),#3028);
#10359 = PRESENTATION_STYLE_ASSIGNMENT((#10360));
#10360 = SURFACE_STYLE_USAGE(.BOTH.,#10361);
#10361 = SURFACE_SIDE_STYLE('',(#10362));
#10362 = SURFACE_STYLE_FILL_AREA(#10363);
#10363 = FILL_AREA_STYLE('',(#10364));
#10364 = FILL_AREA_STYLE_COLOUR('',#8913);
#10365 = STYLED_ITEM('color',(#10366),#3045);
#10366 = PRESENTATION_STYLE_ASSIGNMENT((#10367));
#10367 = SURFACE_STYLE_USAGE(.BOTH.,#10368);
#10368 = SURFACE_SIDE_STYLE('',(#10369));
#10369 = SURFACE_STYLE_FILL_AREA(#10370);
#10370 = FILL_AREA_STYLE('',(#10371));
#10371 = FILL_AREA_STYLE_COLOUR('',#8913);
#10372 = STYLED_ITEM('color',(#10373),#3062);
#10373 = PRESENTATION_STYLE_ASSIGNMENT((#10374));
#10374 = SURFACE_STYLE_USAGE(.BOTH.,#10375);
#10375 = SURFACE_SIDE_STYLE('',(#10376));
#10376 = SURFACE_STYLE_FILL_AREA(#10377);
#10377 = FILL_AREA_STYLE('',(#10378));
#10378 = FILL_AREA_STYLE_COLOUR('',#8913);
#10379 = STYLED_ITEM('color',(#10380),#3079);
#10380 = PRESENTATION_STYLE_ASSIGNMENT((#10381));
#10381 = SURFACE_STYLE_USAGE(.BOTH.,#10382);
#10382 = SURFACE_SIDE_STYLE('',(#10383));
#10383 = SURFACE_STYLE_FILL_AREA(#10384);
#10384 = FILL_AREA_STYLE('',(#10385));
#10385 = FILL_AREA_STYLE_COLOUR('',#8913);
#10386 = STYLED_ITEM('color',(#10387),#3096);
#10387 = PRESENTATION_STYLE_ASSIGNMENT((#10388));
#10388 = SURFACE_STYLE_USAGE(.BOTH.,#10389);
#10389 = SURFACE_SIDE_STYLE('',(#10390));
#10390 = SURFACE_STYLE_FILL_AREA(#10391);
#10391 = FILL_AREA_STYLE('',(#10392));
#10392 = FILL_AREA_STYLE_COLOUR('',#10315);
#10393 = STYLED_ITEM('color',(#10394),#3113);
#10394 = PRESENTATION_STYLE_ASSIGNMENT((#10395));
#10395 = SURFACE_STYLE_USAGE(.BOTH.,#10396);
#10396 = SURFACE_SIDE_STYLE('',(#10397));
#10397 = SURFACE_STYLE_FILL_AREA(#10398);
#10398 = FILL_AREA_STYLE('',(#10399));
#10399 = FILL_AREA_STYLE_COLOUR('',#10315);
ENDSEC;
END-ISO-10303-21;
