solid 
 facet normal  1.000000e+00  0.000000e+00  0.000000e+00
   outer loop
     vertex  1.372500e+02 -6.382500e+01  1.595000e+00
     vertex  1.372500e+02 -6.117500e+01  1.595000e+00
     vertex  1.372500e+02 -6.117500e+01  1.875000e+00
   endloop
 endfacet
 facet normal  1.000000e+00  0.000000e+00  0.000000e+00
   outer loop
     vertex  1.372500e+02 -6.382500e+01  1.595000e+00
     vertex  1.372500e+02 -6.117500e+01  1.875000e+00
     vertex  1.372500e+02 -6.382500e+01  1.875000e+00
   endloop
 endfacet
 facet normal  0.000000e+00  1.000000e+00  0.000000e+00
   outer loop
     vertex  1.372500e+02 -6.117500e+01  1.595000e+00
     vertex  1.337500e+02 -6.117500e+01  1.595000e+00
     vertex  1.337500e+02 -6.117500e+01  1.875000e+00
   endloop
 endfacet
 facet normal  0.000000e+00  1.000000e+00 -0.000000e+00
   outer loop
     vertex  1.372500e+02 -6.117500e+01  1.595000e+00
     vertex  1.337500e+02 -6.117500e+01  1.875000e+00
     vertex  1.372500e+02 -6.117500e+01  1.875000e+00
   endloop
 endfacet
 facet normal  0.000000e+00 -1.000000e+00  0.000000e+00
   outer loop
     vertex  1.337500e+02 -6.382500e+01  1.595000e+00
     vertex  1.372500e+02 -6.382500e+01  1.595000e+00
     vertex  1.372500e+02 -6.382500e+01  1.875000e+00
   endloop
 endfacet
 facet normal  0.000000e+00 -1.000000e+00  0.000000e+00
   outer loop
     vertex  1.337500e+02 -6.382500e+01  1.595000e+00
     vertex  1.372500e+02 -6.382500e+01  1.875000e+00
     vertex  1.337500e+02 -6.382500e+01  1.875000e+00
   endloop
 endfacet
 facet normal  0.000000e+00  0.000000e+00 -1.000000e+00
   outer loop
     vertex  1.346493e+02 -6.241875e+01  1.595000e+00
     vertex  1.337500e+02 -6.117500e+01  1.595000e+00
     vertex  1.346751e+02 -6.238510e+01  1.595000e+00
   endloop
 endfacet
 facet normal -0.000000e+00  0.000000e+00 -1.000000e+00
   outer loop
     vertex  1.347088e+02 -6.235927e+01  1.595000e+00
     vertex  1.346751e+02 -6.238510e+01  1.595000e+00
     vertex  1.337500e+02 -6.117500e+01  1.595000e+00
   endloop
 endfacet
 facet normal  0.000000e+00  0.000000e+00 -1.000000e+00
   outer loop
     vertex  1.346330e+02 -6.245794e+01  1.595000e+00
     vertex  1.337500e+02 -6.117500e+01  1.595000e+00
     vertex  1.346493e+02 -6.241875e+01  1.595000e+00
   endloop
 endfacet
 facet normal -0.000000e+00  0.000000e+00 -1.000000e+00
   outer loop
     vertex  1.347479e+02 -6.234304e+01  1.595000e+00
     vertex  1.347088e+02 -6.235927e+01  1.595000e+00
     vertex  1.337500e+02 -6.117500e+01  1.595000e+00
   endloop
 endfacet
 facet normal -0.000000e+00  0.000000e+00 -1.000000e+00
   outer loop
     vertex  1.347900e+02 -6.233750e+01  1.595000e+00
     vertex  1.347479e+02 -6.234304e+01  1.595000e+00
     vertex  1.337500e+02 -6.117500e+01  1.595000e+00
   endloop
 endfacet
 facet normal  0.000000e+00  0.000000e+00 -1.000000e+00
   outer loop
     vertex  1.346275e+02 -6.250000e+01  1.595000e+00
     vertex  1.337500e+02 -6.117500e+01  1.595000e+00
     vertex  1.346330e+02 -6.245794e+01  1.595000e+00
   endloop
 endfacet
 facet normal  0.000000e+00  0.000000e+00 -1.000000e+00
   outer loop
     vertex  1.348321e+02 -6.234304e+01  1.595000e+00
     vertex  1.347900e+02 -6.233750e+01  1.595000e+00
     vertex  1.337500e+02 -6.117500e+01  1.595000e+00
   endloop
 endfacet
 facet normal  0.000000e+00  0.000000e+00 -1.000000e+00
   outer loop
     vertex  1.337500e+02 -6.382500e+01  1.595000e+00
     vertex  1.347900e+02 -6.266250e+01  1.595000e+00
     vertex  1.348321e+02 -6.265696e+01  1.595000e+00
   endloop
 endfacet
 facet normal  0.000000e+00  0.000000e+00 -1.000000e+00
   outer loop
     vertex  1.337500e+02 -6.382500e+01  1.595000e+00
     vertex  1.346275e+02 -6.250000e+01  1.595000e+00
     vertex  1.346330e+02 -6.254206e+01  1.595000e+00
   endloop
 endfacet
 facet normal  0.000000e+00  0.000000e+00 -1.000000e+00
   outer loop
     vertex  1.337500e+02 -6.382500e+01  1.595000e+00
     vertex  1.346330e+02 -6.254206e+01  1.595000e+00
     vertex  1.346493e+02 -6.258125e+01  1.595000e+00
   endloop
 endfacet
 facet normal  0.000000e+00  0.000000e+00 -1.000000e+00
   outer loop
     vertex  1.337500e+02 -6.382500e+01  1.595000e+00
     vertex  1.346493e+02 -6.258125e+01  1.595000e+00
     vertex  1.346751e+02 -6.261490e+01  1.595000e+00
   endloop
 endfacet
 facet normal  0.000000e+00  0.000000e+00 -1.000000e+00
   outer loop
     vertex  1.337500e+02 -6.382500e+01  1.595000e+00
     vertex  1.346751e+02 -6.261490e+01  1.595000e+00
     vertex  1.347088e+02 -6.264073e+01  1.595000e+00
   endloop
 endfacet
 facet normal  0.000000e+00  0.000000e+00 -1.000000e+00
   outer loop
     vertex  1.337500e+02 -6.382500e+01  1.595000e+00
     vertex  1.347088e+02 -6.264073e+01  1.595000e+00
     vertex  1.347479e+02 -6.265696e+01  1.595000e+00
   endloop
 endfacet
 facet normal  0.000000e+00  0.000000e+00 -1.000000e+00
   outer loop
     vertex  1.337500e+02 -6.382500e+01  1.595000e+00
     vertex  1.347479e+02 -6.265696e+01  1.595000e+00
     vertex  1.347900e+02 -6.266250e+01  1.595000e+00
   endloop
 endfacet
 facet normal  0.000000e+00  0.000000e+00 -1.000000e+00
   outer loop
     vertex  1.337500e+02 -6.382500e+01  1.595000e+00
     vertex  1.337500e+02 -6.117500e+01  1.595000e+00
     vertex  1.346275e+02 -6.250000e+01  1.595000e+00
   endloop
 endfacet
 facet normal  0.000000e+00  0.000000e+00 -1.000000e+00
   outer loop
     vertex  1.372500e+02 -6.117500e+01  1.595000e+00
     vertex  1.349525e+02 -6.250000e+01  1.595000e+00
     vertex  1.349470e+02 -6.245794e+01  1.595000e+00
   endloop
 endfacet
 facet normal  0.000000e+00  0.000000e+00 -1.000000e+00
   outer loop
     vertex  1.372500e+02 -6.117500e+01  1.595000e+00
     vertex  1.349470e+02 -6.245794e+01  1.595000e+00
     vertex  1.349307e+02 -6.241875e+01  1.595000e+00
   endloop
 endfacet
 facet normal  0.000000e+00  0.000000e+00 -1.000000e+00
   outer loop
     vertex  1.372500e+02 -6.117500e+01  1.595000e+00
     vertex  1.349307e+02 -6.241875e+01  1.595000e+00
     vertex  1.349049e+02 -6.238510e+01  1.595000e+00
   endloop
 endfacet
 facet normal  0.000000e+00  0.000000e+00 -1.000000e+00
   outer loop
     vertex  1.372500e+02 -6.117500e+01  1.595000e+00
     vertex  1.349049e+02 -6.238510e+01  1.595000e+00
     vertex  1.348713e+02 -6.235927e+01  1.595000e+00
   endloop
 endfacet
 facet normal  0.000000e+00  0.000000e+00 -1.000000e+00
   outer loop
     vertex  1.372500e+02 -6.117500e+01  1.595000e+00
     vertex  1.348713e+02 -6.235927e+01  1.595000e+00
     vertex  1.348321e+02 -6.234304e+01  1.595000e+00
   endloop
 endfacet
 facet normal -0.000000e+00  0.000000e+00 -1.000000e+00
   outer loop
     vertex  1.372500e+02 -6.117500e+01  1.595000e+00
     vertex  1.348321e+02 -6.234304e+01  1.595000e+00
     vertex  1.337500e+02 -6.117500e+01  1.595000e+00
   endloop
 endfacet
 facet normal  0.000000e+00  0.000000e+00 -1.000000e+00
   outer loop
     vertex  1.372500e+02 -6.382500e+01  1.595000e+00
     vertex  1.348321e+02 -6.265696e+01  1.595000e+00
     vertex  1.348713e+02 -6.264073e+01  1.595000e+00
   endloop
 endfacet
 facet normal  0.000000e+00  0.000000e+00 -1.000000e+00
   outer loop
     vertex  1.372500e+02 -6.382500e+01  1.595000e+00
     vertex  1.348713e+02 -6.264073e+01  1.595000e+00
     vertex  1.349049e+02 -6.261490e+01  1.595000e+00
   endloop
 endfacet
 facet normal  0.000000e+00  0.000000e+00 -1.000000e+00
   outer loop
     vertex  1.372500e+02 -6.382500e+01  1.595000e+00
     vertex  1.349049e+02 -6.261490e+01  1.595000e+00
     vertex  1.349307e+02 -6.258125e+01  1.595000e+00
   endloop
 endfacet
 facet normal  0.000000e+00  0.000000e+00 -1.000000e+00
   outer loop
     vertex  1.372500e+02 -6.382500e+01  1.595000e+00
     vertex  1.349307e+02 -6.258125e+01  1.595000e+00
     vertex  1.349470e+02 -6.254206e+01  1.595000e+00
   endloop
 endfacet
 facet normal  0.000000e+00  0.000000e+00 -1.000000e+00
   outer loop
     vertex  1.372500e+02 -6.382500e+01  1.595000e+00
     vertex  1.349470e+02 -6.254206e+01  1.595000e+00
     vertex  1.349525e+02 -6.250000e+01  1.595000e+00
   endloop
 endfacet
 facet normal  0.000000e+00  0.000000e+00 -1.000000e+00
   outer loop
     vertex  1.372500e+02 -6.382500e+01  1.595000e+00
     vertex  1.337500e+02 -6.382500e+01  1.595000e+00
     vertex  1.348321e+02 -6.265696e+01  1.595000e+00
   endloop
 endfacet
 facet normal  0.000000e+00  0.000000e+00 -1.000000e+00
   outer loop
     vertex  1.372500e+02 -6.382500e+01  1.595000e+00
     vertex  1.349525e+02 -6.250000e+01  1.595000e+00
     vertex  1.372500e+02 -6.117500e+01  1.595000e+00
   endloop
 endfacet
 facet normal  0.000000e+00 -0.000000e+00  1.000000e+00
   outer loop
     vertex  1.346493e+02 -6.241875e+01  1.875000e+00
     vertex  1.346751e+02 -6.238510e+01  1.875000e+00
     vertex  1.337500e+02 -6.117500e+01  1.875000e+00
   endloop
 endfacet
 facet normal  0.000000e+00  0.000000e+00  1.000000e+00
   outer loop
     vertex  1.347088e+02 -6.235927e+01  1.875000e+00
     vertex  1.337500e+02 -6.117500e+01  1.875000e+00
     vertex  1.346751e+02 -6.238510e+01  1.875000e+00
   endloop
 endfacet
 facet normal  0.000000e+00 -0.000000e+00  1.000000e+00
   outer loop
     vertex  1.346330e+02 -6.245794e+01  1.875000e+00
     vertex  1.346493e+02 -6.241875e+01  1.875000e+00
     vertex  1.337500e+02 -6.117500e+01  1.875000e+00
   endloop
 endfacet
 facet normal  0.000000e+00  0.000000e+00  1.000000e+00
   outer loop
     vertex  1.347479e+02 -6.234304e+01  1.875000e+00
     vertex  1.337500e+02 -6.117500e+01  1.875000e+00
     vertex  1.347088e+02 -6.235927e+01  1.875000e+00
   endloop
 endfacet
 facet normal  0.000000e+00  0.000000e+00  1.000000e+00
   outer loop
     vertex  1.347900e+02 -6.233750e+01  1.875000e+00
     vertex  1.337500e+02 -6.117500e+01  1.875000e+00
     vertex  1.347479e+02 -6.234304e+01  1.875000e+00
   endloop
 endfacet
 facet normal  0.000000e+00 -0.000000e+00  1.000000e+00
   outer loop
     vertex  1.346275e+02 -6.250000e+01  1.875000e+00
     vertex  1.346330e+02 -6.245794e+01  1.875000e+00
     vertex  1.337500e+02 -6.117500e+01  1.875000e+00
   endloop
 endfacet
 facet normal  0.000000e+00  0.000000e+00  1.000000e+00
   outer loop
     vertex  1.348321e+02 -6.234304e+01  1.875000e+00
     vertex  1.337500e+02 -6.117500e+01  1.875000e+00
     vertex  1.347900e+02 -6.233750e+01  1.875000e+00
   endloop
 endfacet
 facet normal  0.000000e+00  0.000000e+00  1.000000e+00
   outer loop
     vertex  1.337500e+02 -6.382500e+01  1.875000e+00
     vertex  1.348321e+02 -6.265696e+01  1.875000e+00
     vertex  1.347900e+02 -6.266250e+01  1.875000e+00
   endloop
 endfacet
 facet normal  0.000000e+00  0.000000e+00  1.000000e+00
   outer loop
     vertex  1.337500e+02 -6.382500e+01  1.875000e+00
     vertex  1.346330e+02 -6.254206e+01  1.875000e+00
     vertex  1.346275e+02 -6.250000e+01  1.875000e+00
   endloop
 endfacet
 facet normal  0.000000e+00  0.000000e+00  1.000000e+00
   outer loop
     vertex  1.337500e+02 -6.382500e+01  1.875000e+00
     vertex  1.346493e+02 -6.258125e+01  1.875000e+00
     vertex  1.346330e+02 -6.254206e+01  1.875000e+00
   endloop
 endfacet
 facet normal  0.000000e+00  0.000000e+00  1.000000e+00
   outer loop
     vertex  1.337500e+02 -6.382500e+01  1.875000e+00
     vertex  1.346751e+02 -6.261490e+01  1.875000e+00
     vertex  1.346493e+02 -6.258125e+01  1.875000e+00
   endloop
 endfacet
 facet normal  0.000000e+00  0.000000e+00  1.000000e+00
   outer loop
     vertex  1.337500e+02 -6.382500e+01  1.875000e+00
     vertex  1.347088e+02 -6.264073e+01  1.875000e+00
     vertex  1.346751e+02 -6.261490e+01  1.875000e+00
   endloop
 endfacet
 facet normal  0.000000e+00  0.000000e+00  1.000000e+00
   outer loop
     vertex  1.337500e+02 -6.382500e+01  1.875000e+00
     vertex  1.347479e+02 -6.265696e+01  1.875000e+00
     vertex  1.347088e+02 -6.264073e+01  1.875000e+00
   endloop
 endfacet
 facet normal  0.000000e+00  0.000000e+00  1.000000e+00
   outer loop
     vertex  1.337500e+02 -6.382500e+01  1.875000e+00
     vertex  1.347900e+02 -6.266250e+01  1.875000e+00
     vertex  1.347479e+02 -6.265696e+01  1.875000e+00
   endloop
 endfacet
 facet normal  0.000000e+00  0.000000e+00  1.000000e+00
   outer loop
     vertex  1.337500e+02 -6.382500e+01  1.875000e+00
     vertex  1.346275e+02 -6.250000e+01  1.875000e+00
     vertex  1.337500e+02 -6.117500e+01  1.875000e+00
   endloop
 endfacet
 facet normal  0.000000e+00  0.000000e+00  1.000000e+00
   outer loop
     vertex  1.372500e+02 -6.117500e+01  1.875000e+00
     vertex  1.349470e+02 -6.245794e+01  1.875000e+00
     vertex  1.349525e+02 -6.250000e+01  1.875000e+00
   endloop
 endfacet
 facet normal  0.000000e+00  0.000000e+00  1.000000e+00
   outer loop
     vertex  1.372500e+02 -6.117500e+01  1.875000e+00
     vertex  1.349307e+02 -6.241875e+01  1.875000e+00
     vertex  1.349470e+02 -6.245794e+01  1.875000e+00
   endloop
 endfacet
 facet normal  0.000000e+00  0.000000e+00  1.000000e+00
   outer loop
     vertex  1.372500e+02 -6.117500e+01  1.875000e+00
     vertex  1.349049e+02 -6.238510e+01  1.875000e+00
     vertex  1.349307e+02 -6.241875e+01  1.875000e+00
   endloop
 endfacet
 facet normal  0.000000e+00  0.000000e+00  1.000000e+00
   outer loop
     vertex  1.372500e+02 -6.117500e+01  1.875000e+00
     vertex  1.348713e+02 -6.235927e+01  1.875000e+00
     vertex  1.349049e+02 -6.238510e+01  1.875000e+00
   endloop
 endfacet
 facet normal  0.000000e+00  0.000000e+00  1.000000e+00
   outer loop
     vertex  1.372500e+02 -6.117500e+01  1.875000e+00
     vertex  1.348321e+02 -6.234304e+01  1.875000e+00
     vertex  1.348713e+02 -6.235927e+01  1.875000e+00
   endloop
 endfacet
 facet normal  0.000000e+00  0.000000e+00  1.000000e+00
   outer loop
     vertex  1.372500e+02 -6.117500e+01  1.875000e+00
     vertex  1.337500e+02 -6.117500e+01  1.875000e+00
     vertex  1.348321e+02 -6.234304e+01  1.875000e+00
   endloop
 endfacet
 facet normal  0.000000e+00  0.000000e+00  1.000000e+00
   outer loop
     vertex  1.372500e+02 -6.382500e+01  1.875000e+00
     vertex  1.348713e+02 -6.264073e+01  1.875000e+00
     vertex  1.348321e+02 -6.265696e+01  1.875000e+00
   endloop
 endfacet
 facet normal  0.000000e+00  0.000000e+00  1.000000e+00
   outer loop
     vertex  1.372500e+02 -6.382500e+01  1.875000e+00
     vertex  1.349049e+02 -6.261490e+01  1.875000e+00
     vertex  1.348713e+02 -6.264073e+01  1.875000e+00
   endloop
 endfacet
 facet normal  0.000000e+00  0.000000e+00  1.000000e+00
   outer loop
     vertex  1.372500e+02 -6.382500e+01  1.875000e+00
     vertex  1.349307e+02 -6.258125e+01  1.875000e+00
     vertex  1.349049e+02 -6.261490e+01  1.875000e+00
   endloop
 endfacet
 facet normal  0.000000e+00  0.000000e+00  1.000000e+00
   outer loop
     vertex  1.372500e+02 -6.382500e+01  1.875000e+00
     vertex  1.349470e+02 -6.254206e+01  1.875000e+00
     vertex  1.349307e+02 -6.258125e+01  1.875000e+00
   endloop
 endfacet
 facet normal  0.000000e+00  0.000000e+00  1.000000e+00
   outer loop
     vertex  1.372500e+02 -6.382500e+01  1.875000e+00
     vertex  1.349525e+02 -6.250000e+01  1.875000e+00
     vertex  1.349470e+02 -6.254206e+01  1.875000e+00
   endloop
 endfacet
 facet normal  0.000000e+00  0.000000e+00  1.000000e+00
   outer loop
     vertex  1.372500e+02 -6.382500e+01  1.875000e+00
     vertex  1.348321e+02 -6.265696e+01  1.875000e+00
     vertex  1.337500e+02 -6.382500e+01  1.875000e+00
   endloop
 endfacet
 facet normal  0.000000e+00 -0.000000e+00  1.000000e+00
   outer loop
     vertex  1.372500e+02 -6.382500e+01  1.875000e+00
     vertex  1.372500e+02 -6.117500e+01  1.875000e+00
     vertex  1.349525e+02 -6.250000e+01  1.875000e+00
   endloop
 endfacet
 facet normal -1.000000e+00  0.000000e+00  0.000000e+00
   outer loop
     vertex  1.337500e+02 -6.117500e+01  1.595000e+00
     vertex  1.337500e+02 -6.382500e+01  1.595000e+00
     vertex  1.337500e+02 -6.382500e+01  1.875000e+00
   endloop
 endfacet
 facet normal -1.000000e+00  0.000000e+00  0.000000e+00
   outer loop
     vertex  1.337500e+02 -6.117500e+01  1.595000e+00
     vertex  1.337500e+02 -6.382500e+01  1.875000e+00
     vertex  1.337500e+02 -6.117500e+01  1.875000e+00
   endloop
 endfacet
 facet normal -1.305262e-01  9.914449e-01  0.000000e+00
   outer loop
     vertex  1.348321e+02 -6.265696e+01  1.875000e+00
     vertex  1.347900e+02 -6.266250e+01  1.595000e+00
     vertex  1.347900e+02 -6.266250e+01  1.875000e+00
   endloop
 endfacet
 facet normal -1.305262e-01  9.914449e-01  0.000000e+00
   outer loop
     vertex  1.348321e+02 -6.265696e+01  1.875000e+00
     vertex  1.348321e+02 -6.265696e+01  1.595000e+00
     vertex  1.347900e+02 -6.266250e+01  1.595000e+00
   endloop
 endfacet
 facet normal -3.826834e-01  9.238795e-01  0.000000e+00
   outer loop
     vertex  1.348713e+02 -6.264073e+01  1.875000e+00
     vertex  1.348713e+02 -6.264073e+01  1.595000e+00
     vertex  1.348321e+02 -6.265696e+01  1.595000e+00
   endloop
 endfacet
 facet normal -3.826834e-01  9.238795e-01  0.000000e+00
   outer loop
     vertex  1.348713e+02 -6.264073e+01  1.875000e+00
     vertex  1.348321e+02 -6.265696e+01  1.595000e+00
     vertex  1.348321e+02 -6.265696e+01  1.875000e+00
   endloop
 endfacet
 facet normal -6.087614e-01  7.933533e-01  0.000000e+00
   outer loop
     vertex  1.349049e+02 -6.261490e+01  1.875000e+00
     vertex  1.349049e+02 -6.261490e+01  1.595000e+00
     vertex  1.348713e+02 -6.264073e+01  1.595000e+00
   endloop
 endfacet
 facet normal -6.087614e-01  7.933533e-01  0.000000e+00
   outer loop
     vertex  1.349049e+02 -6.261490e+01  1.875000e+00
     vertex  1.348713e+02 -6.264073e+01  1.595000e+00
     vertex  1.348713e+02 -6.264073e+01  1.875000e+00
   endloop
 endfacet
 facet normal -7.933533e-01  6.087614e-01  0.000000e+00
   outer loop
     vertex  1.349307e+02 -6.258125e+01  1.875000e+00
     vertex  1.349307e+02 -6.258125e+01  1.595000e+00
     vertex  1.349049e+02 -6.261490e+01  1.595000e+00
   endloop
 endfacet
 facet normal -7.933533e-01  6.087614e-01  0.000000e+00
   outer loop
     vertex  1.349307e+02 -6.258125e+01  1.875000e+00
     vertex  1.349049e+02 -6.261490e+01  1.595000e+00
     vertex  1.349049e+02 -6.261490e+01  1.875000e+00
   endloop
 endfacet
 facet normal -9.238795e-01  3.826834e-01  0.000000e+00
   outer loop
     vertex  1.349470e+02 -6.254206e+01  1.875000e+00
     vertex  1.349470e+02 -6.254206e+01  1.595000e+00
     vertex  1.349307e+02 -6.258125e+01  1.595000e+00
   endloop
 endfacet
 facet normal -9.238795e-01  3.826834e-01  0.000000e+00
   outer loop
     vertex  1.349470e+02 -6.254206e+01  1.875000e+00
     vertex  1.349307e+02 -6.258125e+01  1.595000e+00
     vertex  1.349307e+02 -6.258125e+01  1.875000e+00
   endloop
 endfacet
 facet normal -9.914449e-01  1.305262e-01  0.000000e+00
   outer loop
     vertex  1.349525e+02 -6.250000e+01  1.875000e+00
     vertex  1.349525e+02 -6.250000e+01  1.595000e+00
     vertex  1.349470e+02 -6.254206e+01  1.595000e+00
   endloop
 endfacet
 facet normal -9.914449e-01  1.305262e-01  0.000000e+00
   outer loop
     vertex  1.349525e+02 -6.250000e+01  1.875000e+00
     vertex  1.349470e+02 -6.254206e+01  1.595000e+00
     vertex  1.349470e+02 -6.254206e+01  1.875000e+00
   endloop
 endfacet
 facet normal -9.914449e-01 -1.305262e-01 -0.000000e+00
   outer loop
     vertex  1.349470e+02 -6.245794e+01  1.875000e+00
     vertex  1.349470e+02 -6.245794e+01  1.595000e+00
     vertex  1.349525e+02 -6.250000e+01  1.595000e+00
   endloop
 endfacet
 facet normal -9.914449e-01 -1.305262e-01  0.000000e+00
   outer loop
     vertex  1.349470e+02 -6.245794e+01  1.875000e+00
     vertex  1.349525e+02 -6.250000e+01  1.595000e+00
     vertex  1.349525e+02 -6.250000e+01  1.875000e+00
   endloop
 endfacet
 facet normal -9.238795e-01 -3.826834e-01 -0.000000e+00
   outer loop
     vertex  1.349307e+02 -6.241875e+01  1.875000e+00
     vertex  1.349307e+02 -6.241875e+01  1.595000e+00
     vertex  1.349470e+02 -6.245794e+01  1.595000e+00
   endloop
 endfacet
 facet normal -9.238795e-01 -3.826834e-01  0.000000e+00
   outer loop
     vertex  1.349307e+02 -6.241875e+01  1.875000e+00
     vertex  1.349470e+02 -6.245794e+01  1.595000e+00
     vertex  1.349470e+02 -6.245794e+01  1.875000e+00
   endloop
 endfacet
 facet normal -7.933533e-01 -6.087614e-01 -0.000000e+00
   outer loop
     vertex  1.349049e+02 -6.238510e+01  1.875000e+00
     vertex  1.349049e+02 -6.238510e+01  1.595000e+00
     vertex  1.349307e+02 -6.241875e+01  1.595000e+00
   endloop
 endfacet
 facet normal -7.933533e-01 -6.087614e-01  0.000000e+00
   outer loop
     vertex  1.349049e+02 -6.238510e+01  1.875000e+00
     vertex  1.349307e+02 -6.241875e+01  1.595000e+00
     vertex  1.349307e+02 -6.241875e+01  1.875000e+00
   endloop
 endfacet
 facet normal -6.087614e-01 -7.933533e-01 -0.000000e+00
   outer loop
     vertex  1.348713e+02 -6.235927e+01  1.875000e+00
     vertex  1.348713e+02 -6.235927e+01  1.595000e+00
     vertex  1.349049e+02 -6.238510e+01  1.595000e+00
   endloop
 endfacet
 facet normal -3.826834e-01 -9.238795e-01 -0.000000e+00
   outer loop
     vertex  1.348713e+02 -6.235927e+01  1.875000e+00
     vertex  1.348321e+02 -6.234304e+01  1.595000e+00
     vertex  1.348713e+02 -6.235927e+01  1.595000e+00
   endloop
 endfacet
 facet normal -6.087614e-01 -7.933533e-01  0.000000e+00
   outer loop
     vertex  1.348713e+02 -6.235927e+01  1.875000e+00
     vertex  1.349049e+02 -6.238510e+01  1.595000e+00
     vertex  1.349049e+02 -6.238510e+01  1.875000e+00
   endloop
 endfacet
 facet normal -3.826834e-01 -9.238795e-01 -0.000000e+00
   outer loop
     vertex  1.348321e+02 -6.234304e+01  1.875000e+00
     vertex  1.348321e+02 -6.234304e+01  1.595000e+00
     vertex  1.348713e+02 -6.235927e+01  1.875000e+00
   endloop
 endfacet
 facet normal -1.305262e-01 -9.914449e-01  0.000000e+00
   outer loop
     vertex  1.347900e+02 -6.233750e+01  1.875000e+00
     vertex  1.348321e+02 -6.234304e+01  1.595000e+00
     vertex  1.348321e+02 -6.234304e+01  1.875000e+00
   endloop
 endfacet
 facet normal -1.305262e-01 -9.914449e-01 -0.000000e+00
   outer loop
     vertex  1.347900e+02 -6.233750e+01  1.875000e+00
     vertex  1.347900e+02 -6.233750e+01  1.595000e+00
     vertex  1.348321e+02 -6.234304e+01  1.595000e+00
   endloop
 endfacet
 facet normal  1.305262e-01 -9.914449e-01  0.000000e+00
   outer loop
     vertex  1.347900e+02 -6.233750e+01  1.875000e+00
     vertex  1.347479e+02 -6.234304e+01  1.595000e+00
     vertex  1.347900e+02 -6.233750e+01  1.595000e+00
   endloop
 endfacet
 facet normal  1.305262e-01 -9.914449e-01  0.000000e+00
   outer loop
     vertex  1.347479e+02 -6.234304e+01  1.875000e+00
     vertex  1.347479e+02 -6.234304e+01  1.595000e+00
     vertex  1.347900e+02 -6.233750e+01  1.875000e+00
   endloop
 endfacet
 facet normal  3.826834e-01 -9.238795e-01  0.000000e+00
   outer loop
     vertex  1.347088e+02 -6.235927e+01  1.875000e+00
     vertex  1.347479e+02 -6.234304e+01  1.595000e+00
     vertex  1.347479e+02 -6.234304e+01  1.875000e+00
   endloop
 endfacet
 facet normal  3.826834e-01 -9.238795e-01  0.000000e+00
   outer loop
     vertex  1.347088e+02 -6.235927e+01  1.875000e+00
     vertex  1.347088e+02 -6.235927e+01  1.595000e+00
     vertex  1.347479e+02 -6.234304e+01  1.595000e+00
   endloop
 endfacet
 facet normal  6.087614e-01 -7.933533e-01  0.000000e+00
   outer loop
     vertex  1.346751e+02 -6.238510e+01  1.875000e+00
     vertex  1.347088e+02 -6.235927e+01  1.595000e+00
     vertex  1.347088e+02 -6.235927e+01  1.875000e+00
   endloop
 endfacet
 facet normal  6.087614e-01 -7.933533e-01  0.000000e+00
   outer loop
     vertex  1.346751e+02 -6.238510e+01  1.875000e+00
     vertex  1.346751e+02 -6.238510e+01  1.595000e+00
     vertex  1.347088e+02 -6.235927e+01  1.595000e+00
   endloop
 endfacet
 facet normal  7.933533e-01 -6.087614e-01  0.000000e+00
   outer loop
     vertex  1.346493e+02 -6.241875e+01  1.875000e+00
     vertex  1.346751e+02 -6.238510e+01  1.595000e+00
     vertex  1.346751e+02 -6.238510e+01  1.875000e+00
   endloop
 endfacet
 facet normal  7.933533e-01 -6.087614e-01  0.000000e+00
   outer loop
     vertex  1.346493e+02 -6.241875e+01  1.875000e+00
     vertex  1.346493e+02 -6.241875e+01  1.595000e+00
     vertex  1.346751e+02 -6.238510e+01  1.595000e+00
   endloop
 endfacet
 facet normal  9.238795e-01 -3.826834e-01  0.000000e+00
   outer loop
     vertex  1.346330e+02 -6.245794e+01  1.875000e+00
     vertex  1.346493e+02 -6.241875e+01  1.595000e+00
     vertex  1.346493e+02 -6.241875e+01  1.875000e+00
   endloop
 endfacet
 facet normal  9.238795e-01 -3.826834e-01  0.000000e+00
   outer loop
     vertex  1.346330e+02 -6.245794e+01  1.875000e+00
     vertex  1.346330e+02 -6.245794e+01  1.595000e+00
     vertex  1.346493e+02 -6.241875e+01  1.595000e+00
   endloop
 endfacet
 facet normal  9.914449e-01 -1.305262e-01  0.000000e+00
   outer loop
     vertex  1.346275e+02 -6.250000e+01  1.875000e+00
     vertex  1.346330e+02 -6.245794e+01  1.595000e+00
     vertex  1.346330e+02 -6.245794e+01  1.875000e+00
   endloop
 endfacet
 facet normal  9.914449e-01 -1.305262e-01  0.000000e+00
   outer loop
     vertex  1.346275e+02 -6.250000e+01  1.875000e+00
     vertex  1.346275e+02 -6.250000e+01  1.595000e+00
     vertex  1.346330e+02 -6.245794e+01  1.595000e+00
   endloop
 endfacet
 facet normal  9.914449e-01  1.305262e-01  0.000000e+00
   outer loop
     vertex  1.346330e+02 -6.254206e+01  1.875000e+00
     vertex  1.346275e+02 -6.250000e+01  1.595000e+00
     vertex  1.346275e+02 -6.250000e+01  1.875000e+00
   endloop
 endfacet
 facet normal  9.914449e-01  1.305262e-01  0.000000e+00
   outer loop
     vertex  1.346330e+02 -6.254206e+01  1.875000e+00
     vertex  1.346330e+02 -6.254206e+01  1.595000e+00
     vertex  1.346275e+02 -6.250000e+01  1.595000e+00
   endloop
 endfacet
 facet normal  9.238795e-01  3.826834e-01  0.000000e+00
   outer loop
     vertex  1.346493e+02 -6.258125e+01  1.875000e+00
     vertex  1.346330e+02 -6.254206e+01  1.595000e+00
     vertex  1.346330e+02 -6.254206e+01  1.875000e+00
   endloop
 endfacet
 facet normal  9.238795e-01  3.826834e-01  0.000000e+00
   outer loop
     vertex  1.346493e+02 -6.258125e+01  1.875000e+00
     vertex  1.346493e+02 -6.258125e+01  1.595000e+00
     vertex  1.346330e+02 -6.254206e+01  1.595000e+00
   endloop
 endfacet
 facet normal  7.933533e-01  6.087614e-01  0.000000e+00
   outer loop
     vertex  1.346751e+02 -6.261490e+01  1.875000e+00
     vertex  1.346493e+02 -6.258125e+01  1.595000e+00
     vertex  1.346493e+02 -6.258125e+01  1.875000e+00
   endloop
 endfacet
 facet normal  7.933533e-01  6.087614e-01  0.000000e+00
   outer loop
     vertex  1.346751e+02 -6.261490e+01  1.875000e+00
     vertex  1.346751e+02 -6.261490e+01  1.595000e+00
     vertex  1.346493e+02 -6.258125e+01  1.595000e+00
   endloop
 endfacet
 facet normal  6.087614e-01  7.933533e-01  0.000000e+00
   outer loop
     vertex  1.347088e+02 -6.264073e+01  1.875000e+00
     vertex  1.346751e+02 -6.261490e+01  1.595000e+00
     vertex  1.346751e+02 -6.261490e+01  1.875000e+00
   endloop
 endfacet
 facet normal  6.087614e-01  7.933533e-01  0.000000e+00
   outer loop
     vertex  1.347088e+02 -6.264073e+01  1.875000e+00
     vertex  1.347088e+02 -6.264073e+01  1.595000e+00
     vertex  1.346751e+02 -6.261490e+01  1.595000e+00
   endloop
 endfacet
 facet normal  3.826834e-01  9.238795e-01  0.000000e+00
   outer loop
     vertex  1.347479e+02 -6.265696e+01  1.875000e+00
     vertex  1.347088e+02 -6.264073e+01  1.595000e+00
     vertex  1.347088e+02 -6.264073e+01  1.875000e+00
   endloop
 endfacet
 facet normal  3.826834e-01  9.238795e-01  0.000000e+00
   outer loop
     vertex  1.347479e+02 -6.265696e+01  1.875000e+00
     vertex  1.347479e+02 -6.265696e+01  1.595000e+00
     vertex  1.347088e+02 -6.264073e+01  1.595000e+00
   endloop
 endfacet
 facet normal  1.305262e-01  9.914449e-01  0.000000e+00
   outer loop
     vertex  1.347900e+02 -6.266250e+01  1.875000e+00
     vertex  1.347479e+02 -6.265696e+01  1.595000e+00
     vertex  1.347479e+02 -6.265696e+01  1.875000e+00
   endloop
 endfacet
 facet normal  1.305262e-01  9.914449e-01  0.000000e+00
   outer loop
     vertex  1.347900e+02 -6.266250e+01  1.875000e+00
     vertex  1.347900e+02 -6.266250e+01  1.595000e+00
     vertex  1.347479e+02 -6.265696e+01  1.595000e+00
   endloop
 endfacet
 facet normal  1.000000e+00  0.000000e+00  0.000000e+00
   outer loop
     vertex  1.371000e+02 -6.345000e+01  1.875000e+00
     vertex  1.371000e+02 -6.155000e+01  1.875000e+00
     vertex  1.371000e+02 -6.155000e+01  1.975000e+00
   endloop
 endfacet
 facet normal  1.000000e+00  0.000000e+00  0.000000e+00
   outer loop
     vertex  1.371000e+02 -6.345000e+01  1.875000e+00
     vertex  1.371000e+02 -6.155000e+01  1.975000e+00
     vertex  1.371000e+02 -6.345000e+01  1.975000e+00
   endloop
 endfacet
 facet normal  0.000000e+00  0.000000e+00 -1.000000e+00
   outer loop
     vertex  1.341500e+02 -6.130000e+01  1.875000e+00
     vertex  1.340250e+02 -6.133349e+01  1.875000e+00
     vertex  1.340853e+02 -6.130852e+01  1.875000e+00
   endloop
 endfacet
 facet normal  0.000000e+00  0.000000e+00 -1.000000e+00
   outer loop
     vertex  1.341500e+02 -6.130000e+01  1.875000e+00
     vertex  1.339732e+02 -6.137322e+01  1.875000e+00
     vertex  1.340250e+02 -6.133349e+01  1.875000e+00
   endloop
 endfacet
 facet normal  0.000000e+00  0.000000e+00 -1.000000e+00
   outer loop
     vertex  1.341500e+02 -6.130000e+01  1.875000e+00
     vertex  1.339335e+02 -6.142500e+01  1.875000e+00
     vertex  1.339732e+02 -6.137322e+01  1.875000e+00
   endloop
 endfacet
 facet normal  0.000000e+00  0.000000e+00 -1.000000e+00
   outer loop
     vertex  1.339000e+02 -6.155000e+01  1.875000e+00
     vertex  1.339085e+02 -6.148530e+01  1.875000e+00
     vertex  1.339335e+02 -6.142500e+01  1.875000e+00
   endloop
 endfacet
 facet normal  0.000000e+00  0.000000e+00 -1.000000e+00
   outer loop
     vertex  1.339000e+02 -6.155000e+01  1.875000e+00
     vertex  1.339335e+02 -6.142500e+01  1.875000e+00
     vertex  1.341500e+02 -6.130000e+01  1.875000e+00
   endloop
 endfacet
 facet normal  0.000000e+00  0.000000e+00 -1.000000e+00
   outer loop
     vertex  1.339732e+02 -6.362678e+01  1.875000e+00
     vertex  1.339335e+02 -6.357500e+01  1.875000e+00
     vertex  1.339085e+02 -6.351470e+01  1.875000e+00
   endloop
 endfacet
 facet normal  0.000000e+00  0.000000e+00 -1.000000e+00
   outer loop
     vertex  1.341500e+02 -6.370000e+01  1.875000e+00
     vertex  1.339000e+02 -6.345000e+01  1.875000e+00
     vertex  1.339000e+02 -6.155000e+01  1.875000e+00
   endloop
 endfacet
 facet normal  0.000000e+00  0.000000e+00 -1.000000e+00
   outer loop
     vertex  1.341500e+02 -6.370000e+01  1.875000e+00
     vertex  1.340853e+02 -6.369148e+01  1.875000e+00
     vertex  1.340250e+02 -6.366651e+01  1.875000e+00
   endloop
 endfacet
 facet normal  0.000000e+00  0.000000e+00 -1.000000e+00
   outer loop
     vertex  1.341500e+02 -6.370000e+01  1.875000e+00
     vertex  1.340250e+02 -6.366651e+01  1.875000e+00
     vertex  1.339732e+02 -6.362678e+01  1.875000e+00
   endloop
 endfacet
 facet normal  0.000000e+00  0.000000e+00 -1.000000e+00
   outer loop
     vertex  1.341500e+02 -6.370000e+01  1.875000e+00
     vertex  1.339085e+02 -6.351470e+01  1.875000e+00
     vertex  1.339000e+02 -6.345000e+01  1.875000e+00
   endloop
 endfacet
 facet normal  0.000000e+00  0.000000e+00 -1.000000e+00
   outer loop
     vertex  1.341500e+02 -6.370000e+01  1.875000e+00
     vertex  1.339000e+02 -6.155000e+01  1.875000e+00
     vertex  1.341500e+02 -6.130000e+01  1.875000e+00
   endloop
 endfacet
 facet normal  0.000000e+00  0.000000e+00 -1.000000e+00
   outer loop
     vertex  1.341500e+02 -6.370000e+01  1.875000e+00
     vertex  1.339732e+02 -6.362678e+01  1.875000e+00
     vertex  1.339085e+02 -6.351470e+01  1.875000e+00
   endloop
 endfacet
 facet normal  0.000000e+00  0.000000e+00 -1.000000e+00
   outer loop
     vertex  1.369750e+02 -6.133349e+01  1.875000e+00
     vertex  1.368500e+02 -6.130000e+01  1.875000e+00
     vertex  1.369147e+02 -6.130852e+01  1.875000e+00
   endloop
 endfacet
 facet normal  0.000000e+00  0.000000e+00 -1.000000e+00
   outer loop
     vertex  1.370268e+02 -6.137322e+01  1.875000e+00
     vertex  1.368500e+02 -6.130000e+01  1.875000e+00
     vertex  1.369750e+02 -6.133349e+01  1.875000e+00
   endloop
 endfacet
 facet normal  0.000000e+00  0.000000e+00 -1.000000e+00
   outer loop
     vertex  1.370915e+02 -6.148530e+01  1.875000e+00
     vertex  1.370268e+02 -6.137322e+01  1.875000e+00
     vertex  1.370665e+02 -6.142500e+01  1.875000e+00
   endloop
 endfacet
 facet normal  0.000000e+00  0.000000e+00 -1.000000e+00
   outer loop
     vertex  1.371000e+02 -6.155000e+01  1.875000e+00
     vertex  1.370268e+02 -6.137322e+01  1.875000e+00
     vertex  1.370915e+02 -6.148530e+01  1.875000e+00
   endloop
 endfacet
 facet normal  0.000000e+00  0.000000e+00 -1.000000e+00
   outer loop
     vertex  1.371000e+02 -6.155000e+01  1.875000e+00
     vertex  1.368500e+02 -6.130000e+01  1.875000e+00
     vertex  1.370268e+02 -6.137322e+01  1.875000e+00
   endloop
 endfacet
 facet normal  0.000000e+00  0.000000e+00 -1.000000e+00
   outer loop
     vertex  1.368500e+02 -6.370000e+01  1.875000e+00
     vertex  1.371000e+02 -6.155000e+01  1.875000e+00
     vertex  1.371000e+02 -6.345000e+01  1.875000e+00
   endloop
 endfacet
 facet normal  0.000000e+00  0.000000e+00 -1.000000e+00
   outer loop
     vertex  1.368500e+02 -6.370000e+01  1.875000e+00
     vertex  1.341500e+02 -6.130000e+01  1.875000e+00
     vertex  1.368500e+02 -6.130000e+01  1.875000e+00
   endloop
 endfacet
 facet normal  0.000000e+00  0.000000e+00 -1.000000e+00
   outer loop
     vertex  1.368500e+02 -6.370000e+01  1.875000e+00
     vertex  1.341500e+02 -6.370000e+01  1.875000e+00
     vertex  1.341500e+02 -6.130000e+01  1.875000e+00
   endloop
 endfacet
 facet normal  0.000000e+00  0.000000e+00 -1.000000e+00
   outer loop
     vertex  1.368500e+02 -6.370000e+01  1.875000e+00
     vertex  1.368500e+02 -6.130000e+01  1.875000e+00
     vertex  1.371000e+02 -6.155000e+01  1.875000e+00
   endloop
 endfacet
 facet normal -0.000000e+00  0.000000e+00 -1.000000e+00
   outer loop
     vertex  1.369147e+02 -6.369148e+01  1.875000e+00
     vertex  1.368500e+02 -6.370000e+01  1.875000e+00
     vertex  1.371000e+02 -6.345000e+01  1.875000e+00
   endloop
 endfacet
 facet normal  0.000000e+00  0.000000e+00 -1.000000e+00
   outer loop
     vertex  1.370268e+02 -6.362678e+01  1.875000e+00
     vertex  1.371000e+02 -6.345000e+01  1.875000e+00
     vertex  1.370915e+02 -6.351470e+01  1.875000e+00
   endloop
 endfacet
 facet normal  0.000000e+00  0.000000e+00 -1.000000e+00
   outer loop
     vertex  1.370268e+02 -6.362678e+01  1.875000e+00
     vertex  1.370915e+02 -6.351470e+01  1.875000e+00
     vertex  1.370665e+02 -6.357500e+01  1.875000e+00
   endloop
 endfacet
 facet normal  0.000000e+00  0.000000e+00 -1.000000e+00
   outer loop
     vertex  1.370268e+02 -6.362678e+01  1.875000e+00
     vertex  1.369750e+02 -6.366651e+01  1.875000e+00
     vertex  1.369147e+02 -6.369148e+01  1.875000e+00
   endloop
 endfacet
 facet normal -0.000000e+00  0.000000e+00 -1.000000e+00
   outer loop
     vertex  1.370268e+02 -6.362678e+01  1.875000e+00
     vertex  1.369147e+02 -6.369148e+01  1.875000e+00
     vertex  1.371000e+02 -6.345000e+01  1.875000e+00
   endloop
 endfacet
 facet normal  9.914449e-01  1.305262e-01  0.000000e+00
   outer loop
     vertex  1.370915e+02 -6.148530e+01  1.975000e+00
     vertex  1.371000e+02 -6.155000e+01  1.875000e+00
     vertex  1.370915e+02 -6.148530e+01  1.875000e+00
   endloop
 endfacet
 facet normal  9.914449e-01  1.305262e-01  0.000000e+00
   outer loop
     vertex  1.370915e+02 -6.148530e+01  1.975000e+00
     vertex  1.371000e+02 -6.155000e+01  1.975000e+00
     vertex  1.371000e+02 -6.155000e+01  1.875000e+00
   endloop
 endfacet
 facet normal  9.238795e-01  3.826834e-01  0.000000e+00
   outer loop
     vertex  1.370665e+02 -6.142500e+01  1.975000e+00
     vertex  1.370915e+02 -6.148530e+01  1.875000e+00
     vertex  1.370665e+02 -6.142500e+01  1.875000e+00
   endloop
 endfacet
 facet normal  9.238795e-01  3.826834e-01  0.000000e+00
   outer loop
     vertex  1.370665e+02 -6.142500e+01  1.975000e+00
     vertex  1.370915e+02 -6.148530e+01  1.975000e+00
     vertex  1.370915e+02 -6.148530e+01  1.875000e+00
   endloop
 endfacet
 facet normal  7.933533e-01  6.087614e-01  0.000000e+00
   outer loop
     vertex  1.370268e+02 -6.137322e+01  1.975000e+00
     vertex  1.370665e+02 -6.142500e+01  1.875000e+00
     vertex  1.370268e+02 -6.137322e+01  1.875000e+00
   endloop
 endfacet
 facet normal  7.933533e-01  6.087614e-01  0.000000e+00
   outer loop
     vertex  1.370268e+02 -6.137322e+01  1.975000e+00
     vertex  1.370665e+02 -6.142500e+01  1.975000e+00
     vertex  1.370665e+02 -6.142500e+01  1.875000e+00
   endloop
 endfacet
 facet normal  6.087614e-01  7.933533e-01  0.000000e+00
   outer loop
     vertex  1.369750e+02 -6.133349e+01  1.975000e+00
     vertex  1.370268e+02 -6.137322e+01  1.875000e+00
     vertex  1.369750e+02 -6.133349e+01  1.875000e+00
   endloop
 endfacet
 facet normal  6.087614e-01  7.933533e-01  0.000000e+00
   outer loop
     vertex  1.369750e+02 -6.133349e+01  1.975000e+00
     vertex  1.370268e+02 -6.137322e+01  1.975000e+00
     vertex  1.370268e+02 -6.137322e+01  1.875000e+00
   endloop
 endfacet
 facet normal  3.826834e-01  9.238795e-01  0.000000e+00
   outer loop
     vertex  1.369147e+02 -6.130852e+01  1.975000e+00
     vertex  1.369750e+02 -6.133349e+01  1.875000e+00
     vertex  1.369147e+02 -6.130852e+01  1.875000e+00
   endloop
 endfacet
 facet normal  3.826834e-01  9.238795e-01  0.000000e+00
   outer loop
     vertex  1.369147e+02 -6.130852e+01  1.975000e+00
     vertex  1.369750e+02 -6.133349e+01  1.975000e+00
     vertex  1.369750e+02 -6.133349e+01  1.875000e+00
   endloop
 endfacet
 facet normal  1.305262e-01  9.914449e-01  0.000000e+00
   outer loop
     vertex  1.368500e+02 -6.130000e+01  1.975000e+00
     vertex  1.369147e+02 -6.130852e+01  1.875000e+00
     vertex  1.368500e+02 -6.130000e+01  1.875000e+00
   endloop
 endfacet
 facet normal  1.305262e-01  9.914449e-01  0.000000e+00
   outer loop
     vertex  1.368500e+02 -6.130000e+01  1.975000e+00
     vertex  1.369147e+02 -6.130852e+01  1.975000e+00
     vertex  1.369147e+02 -6.130852e+01  1.875000e+00
   endloop
 endfacet
 facet normal  1.305262e-01 -9.914449e-01  0.000000e+00
   outer loop
     vertex  1.369147e+02 -6.369148e+01  1.975000e+00
     vertex  1.368500e+02 -6.370000e+01  1.975000e+00
     vertex  1.368500e+02 -6.370000e+01  1.875000e+00
   endloop
 endfacet
 facet normal  1.305262e-01 -9.914449e-01  0.000000e+00
   outer loop
     vertex  1.369147e+02 -6.369148e+01  1.975000e+00
     vertex  1.368500e+02 -6.370000e+01  1.875000e+00
     vertex  1.369147e+02 -6.369148e+01  1.875000e+00
   endloop
 endfacet
 facet normal  3.826834e-01 -9.238795e-01  0.000000e+00
   outer loop
     vertex  1.369750e+02 -6.366651e+01  1.975000e+00
     vertex  1.369147e+02 -6.369148e+01  1.875000e+00
     vertex  1.369750e+02 -6.366651e+01  1.875000e+00
   endloop
 endfacet
 facet normal  3.826834e-01 -9.238795e-01  0.000000e+00
   outer loop
     vertex  1.369750e+02 -6.366651e+01  1.975000e+00
     vertex  1.369147e+02 -6.369148e+01  1.975000e+00
     vertex  1.369147e+02 -6.369148e+01  1.875000e+00
   endloop
 endfacet
 facet normal  6.087614e-01 -7.933533e-01  0.000000e+00
   outer loop
     vertex  1.370268e+02 -6.362678e+01  1.975000e+00
     vertex  1.369750e+02 -6.366651e+01  1.875000e+00
     vertex  1.370268e+02 -6.362678e+01  1.875000e+00
   endloop
 endfacet
 facet normal  6.087614e-01 -7.933533e-01  0.000000e+00
   outer loop
     vertex  1.370268e+02 -6.362678e+01  1.975000e+00
     vertex  1.369750e+02 -6.366651e+01  1.975000e+00
     vertex  1.369750e+02 -6.366651e+01  1.875000e+00
   endloop
 endfacet
 facet normal  7.933533e-01 -6.087614e-01  0.000000e+00
   outer loop
     vertex  1.370665e+02 -6.357500e+01  1.975000e+00
     vertex  1.370268e+02 -6.362678e+01  1.875000e+00
     vertex  1.370665e+02 -6.357500e+01  1.875000e+00
   endloop
 endfacet
 facet normal  7.933533e-01 -6.087614e-01  0.000000e+00
   outer loop
     vertex  1.370665e+02 -6.357500e+01  1.975000e+00
     vertex  1.370268e+02 -6.362678e+01  1.975000e+00
     vertex  1.370268e+02 -6.362678e+01  1.875000e+00
   endloop
 endfacet
 facet normal  9.238795e-01 -3.826834e-01  0.000000e+00
   outer loop
     vertex  1.370915e+02 -6.351470e+01  1.975000e+00
     vertex  1.370665e+02 -6.357500e+01  1.875000e+00
     vertex  1.370915e+02 -6.351470e+01  1.875000e+00
   endloop
 endfacet
 facet normal  9.238795e-01 -3.826834e-01  0.000000e+00
   outer loop
     vertex  1.370915e+02 -6.351470e+01  1.975000e+00
     vertex  1.370665e+02 -6.357500e+01  1.975000e+00
     vertex  1.370665e+02 -6.357500e+01  1.875000e+00
   endloop
 endfacet
 facet normal  9.914449e-01 -1.305262e-01  0.000000e+00
   outer loop
     vertex  1.371000e+02 -6.345000e+01  1.975000e+00
     vertex  1.370915e+02 -6.351470e+01  1.875000e+00
     vertex  1.371000e+02 -6.345000e+01  1.875000e+00
   endloop
 endfacet
 facet normal  9.914449e-01 -1.305262e-01  0.000000e+00
   outer loop
     vertex  1.371000e+02 -6.345000e+01  1.975000e+00
     vertex  1.370915e+02 -6.351470e+01  1.975000e+00
     vertex  1.370915e+02 -6.351470e+01  1.875000e+00
   endloop
 endfacet
 facet normal  0.000000e+00 -0.000000e+00  1.000000e+00
   outer loop
     vertex  1.340232e+02 -6.142322e+01  1.975000e+00
     vertex  1.340250e+02 -6.133349e+01  1.975000e+00
     vertex  1.339732e+02 -6.137322e+01  1.975000e+00
   endloop
 endfacet
 facet normal  0.000000e+00  0.000000e+00  1.000000e+00
   outer loop
     vertex  1.340232e+02 -6.142322e+01  1.975000e+00
     vertex  1.339732e+02 -6.137322e+01  1.975000e+00
     vertex  1.339335e+02 -6.142500e+01  1.975000e+00
   endloop
 endfacet
 facet normal  0.000000e+00 -0.000000e+00  1.000000e+00
   outer loop
     vertex  1.340750e+02 -6.138349e+01  1.975000e+00
     vertex  1.340853e+02 -6.130852e+01  1.975000e+00
     vertex  1.340250e+02 -6.133349e+01  1.975000e+00
   endloop
 endfacet
 facet normal  0.000000e+00  0.000000e+00  1.000000e+00
   outer loop
     vertex  1.340750e+02 -6.138349e+01  1.975000e+00
     vertex  1.340250e+02 -6.133349e+01  1.975000e+00
     vertex  1.340232e+02 -6.142322e+01  1.975000e+00
   endloop
 endfacet
 facet normal  0.000000e+00  0.000000e+00  1.000000e+00
   outer loop
     vertex  1.339835e+02 -6.147500e+01  1.975000e+00
     vertex  1.339335e+02 -6.142500e+01  1.975000e+00
     vertex  1.339085e+02 -6.148530e+01  1.975000e+00
   endloop
 endfacet
 facet normal  0.000000e+00 -0.000000e+00  1.000000e+00
   outer loop
     vertex  1.339835e+02 -6.147500e+01  1.975000e+00
     vertex  1.340232e+02 -6.142322e+01  1.975000e+00
     vertex  1.339335e+02 -6.142500e+01  1.975000e+00
   endloop
 endfacet
 facet normal  0.000000e+00 -0.000000e+00  1.000000e+00
   outer loop
     vertex  1.341353e+02 -6.135852e+01  1.975000e+00
     vertex  1.341500e+02 -6.130000e+01  1.975000e+00
     vertex  1.340853e+02 -6.130852e+01  1.975000e+00
   endloop
 endfacet
 facet normal  0.000000e+00  0.000000e+00  1.000000e+00
   outer loop
     vertex  1.341353e+02 -6.135852e+01  1.975000e+00
     vertex  1.340853e+02 -6.130852e+01  1.975000e+00
     vertex  1.340750e+02 -6.138349e+01  1.975000e+00
   endloop
 endfacet
 facet normal  0.000000e+00  0.000000e+00  1.000000e+00
   outer loop
     vertex  1.339585e+02 -6.153530e+01  1.975000e+00
     vertex  1.339085e+02 -6.148530e+01  1.975000e+00
     vertex  1.339000e+02 -6.155000e+01  1.975000e+00
   endloop
 endfacet
 facet normal  0.000000e+00 -0.000000e+00  1.000000e+00
   outer loop
     vertex  1.339585e+02 -6.153530e+01  1.975000e+00
     vertex  1.339835e+02 -6.147500e+01  1.975000e+00
     vertex  1.339085e+02 -6.148530e+01  1.975000e+00
   endloop
 endfacet
 facet normal  0.000000e+00  0.000000e+00  1.000000e+00
   outer loop
     vertex  1.342000e+02 -6.135000e+01  1.975000e+00
     vertex  1.341500e+02 -6.130000e+01  1.975000e+00
     vertex  1.341353e+02 -6.135852e+01  1.975000e+00
   endloop
 endfacet
 facet normal  0.000000e+00 -0.000000e+00  1.000000e+00
   outer loop
     vertex  1.339500e+02 -6.160000e+01  1.975000e+00
     vertex  1.339585e+02 -6.153530e+01  1.975000e+00
     vertex  1.339000e+02 -6.155000e+01  1.975000e+00
   endloop
 endfacet
 facet normal  0.000000e+00  0.000000e+00  1.000000e+00
   outer loop
     vertex  1.339000e+02 -6.345000e+01  1.975000e+00
     vertex  1.339500e+02 -6.340000e+01  1.975000e+00
     vertex  1.339500e+02 -6.160000e+01  1.975000e+00
   endloop
 endfacet
 facet normal  0.000000e+00  0.000000e+00  1.000000e+00
   outer loop
     vertex  1.339000e+02 -6.345000e+01  1.975000e+00
     vertex  1.339500e+02 -6.160000e+01  1.975000e+00
     vertex  1.339000e+02 -6.155000e+01  1.975000e+00
   endloop
 endfacet
 facet normal  0.000000e+00  0.000000e+00  1.000000e+00
   outer loop
     vertex  1.339585e+02 -6.346470e+01  1.975000e+00
     vertex  1.339500e+02 -6.340000e+01  1.975000e+00
     vertex  1.339000e+02 -6.345000e+01  1.975000e+00
   endloop
 endfacet
 facet normal  0.000000e+00 -0.000000e+00  1.000000e+00
   outer loop
     vertex  1.339085e+02 -6.351470e+01  1.975000e+00
     vertex  1.339585e+02 -6.346470e+01  1.975000e+00
     vertex  1.339000e+02 -6.345000e+01  1.975000e+00
   endloop
 endfacet
 facet normal  0.000000e+00  0.000000e+00  1.000000e+00
   outer loop
     vertex  1.339835e+02 -6.352500e+01  1.975000e+00
     vertex  1.339585e+02 -6.346470e+01  1.975000e+00
     vertex  1.339085e+02 -6.351470e+01  1.975000e+00
   endloop
 endfacet
 facet normal  0.000000e+00 -0.000000e+00  1.000000e+00
   outer loop
     vertex  1.339335e+02 -6.357500e+01  1.975000e+00
     vertex  1.339835e+02 -6.352500e+01  1.975000e+00
     vertex  1.339085e+02 -6.351470e+01  1.975000e+00
   endloop
 endfacet
 facet normal  0.000000e+00  0.000000e+00  1.000000e+00
   outer loop
     vertex  1.340232e+02 -6.357678e+01  1.975000e+00
     vertex  1.339835e+02 -6.352500e+01  1.975000e+00
     vertex  1.339335e+02 -6.357500e+01  1.975000e+00
   endloop
 endfacet
 facet normal  0.000000e+00  0.000000e+00  1.000000e+00
   outer loop
     vertex  1.340232e+02 -6.357678e+01  1.975000e+00
     vertex  1.339335e+02 -6.357500e+01  1.975000e+00
     vertex  1.339732e+02 -6.362678e+01  1.975000e+00
   endloop
 endfacet
 facet normal  0.000000e+00 -0.000000e+00  1.000000e+00
   outer loop
     vertex  1.340250e+02 -6.366651e+01  1.975000e+00
     vertex  1.340750e+02 -6.361651e+01  1.975000e+00
     vertex  1.340232e+02 -6.357678e+01  1.975000e+00
   endloop
 endfacet
 facet normal  0.000000e+00  0.000000e+00  1.000000e+00
   outer loop
     vertex  1.340250e+02 -6.366651e+01  1.975000e+00
     vertex  1.340232e+02 -6.357678e+01  1.975000e+00
     vertex  1.339732e+02 -6.362678e+01  1.975000e+00
   endloop
 endfacet
 facet normal  0.000000e+00  0.000000e+00  1.000000e+00
   outer loop
     vertex  1.340853e+02 -6.369148e+01  1.975000e+00
     vertex  1.340750e+02 -6.361651e+01  1.975000e+00
     vertex  1.340250e+02 -6.366651e+01  1.975000e+00
   endloop
 endfacet
 facet normal  0.000000e+00 -0.000000e+00  1.000000e+00
   outer loop
     vertex  1.340853e+02 -6.369148e+01  1.975000e+00
     vertex  1.341353e+02 -6.364148e+01  1.975000e+00
     vertex  1.340750e+02 -6.361651e+01  1.975000e+00
   endloop
 endfacet
 facet normal  0.000000e+00  0.000000e+00  1.000000e+00
   outer loop
     vertex  1.341500e+02 -6.370000e+01  1.975000e+00
     vertex  1.341353e+02 -6.364148e+01  1.975000e+00
     vertex  1.340853e+02 -6.369148e+01  1.975000e+00
   endloop
 endfacet
 facet normal  0.000000e+00 -0.000000e+00  1.000000e+00
   outer loop
     vertex  1.341500e+02 -6.370000e+01  1.975000e+00
     vertex  1.342000e+02 -6.365000e+01  1.975000e+00
     vertex  1.341353e+02 -6.364148e+01  1.975000e+00
   endloop
 endfacet
 facet normal  0.000000e+00 -0.000000e+00  1.000000e+00
   outer loop
     vertex  1.368000e+02 -6.135000e+01  1.975000e+00
     vertex  1.368500e+02 -6.130000e+01  1.975000e+00
     vertex  1.341500e+02 -6.130000e+01  1.975000e+00
   endloop
 endfacet
 facet normal  0.000000e+00  0.000000e+00  1.000000e+00
   outer loop
     vertex  1.368000e+02 -6.135000e+01  1.975000e+00
     vertex  1.341500e+02 -6.130000e+01  1.975000e+00
     vertex  1.342000e+02 -6.135000e+01  1.975000e+00
   endloop
 endfacet
 facet normal  0.000000e+00  0.000000e+00  1.000000e+00
   outer loop
     vertex  1.368647e+02 -6.135852e+01  1.975000e+00
     vertex  1.368500e+02 -6.130000e+01  1.975000e+00
     vertex  1.368000e+02 -6.135000e+01  1.975000e+00
   endloop
 endfacet
 facet normal  0.000000e+00  0.000000e+00  1.000000e+00
   outer loop
     vertex  1.369147e+02 -6.130852e+01  1.975000e+00
     vertex  1.368500e+02 -6.130000e+01  1.975000e+00
     vertex  1.368647e+02 -6.135852e+01  1.975000e+00
   endloop
 endfacet
 facet normal  0.000000e+00 -0.000000e+00  1.000000e+00
   outer loop
     vertex  1.369250e+02 -6.138349e+01  1.975000e+00
     vertex  1.369750e+02 -6.133349e+01  1.975000e+00
     vertex  1.369147e+02 -6.130852e+01  1.975000e+00
   endloop
 endfacet
 facet normal  0.000000e+00  0.000000e+00  1.000000e+00
   outer loop
     vertex  1.369250e+02 -6.138349e+01  1.975000e+00
     vertex  1.369147e+02 -6.130852e+01  1.975000e+00
     vertex  1.368647e+02 -6.135852e+01  1.975000e+00
   endloop
 endfacet
 facet normal  0.000000e+00 -0.000000e+00  1.000000e+00
   outer loop
     vertex  1.369768e+02 -6.142322e+01  1.975000e+00
     vertex  1.370268e+02 -6.137322e+01  1.975000e+00
     vertex  1.369750e+02 -6.133349e+01  1.975000e+00
   endloop
 endfacet
 facet normal  0.000000e+00  0.000000e+00  1.000000e+00
   outer loop
     vertex  1.369768e+02 -6.142322e+01  1.975000e+00
     vertex  1.369750e+02 -6.133349e+01  1.975000e+00
     vertex  1.369250e+02 -6.138349e+01  1.975000e+00
   endloop
 endfacet
 facet normal  0.000000e+00  0.000000e+00  1.000000e+00
   outer loop
     vertex  1.370665e+02 -6.142500e+01  1.975000e+00
     vertex  1.370268e+02 -6.137322e+01  1.975000e+00
     vertex  1.369768e+02 -6.142322e+01  1.975000e+00
   endloop
 endfacet
 facet normal  0.000000e+00 -0.000000e+00  1.000000e+00
   outer loop
     vertex  1.370165e+02 -6.147500e+01  1.975000e+00
     vertex  1.370665e+02 -6.142500e+01  1.975000e+00
     vertex  1.369768e+02 -6.142322e+01  1.975000e+00
   endloop
 endfacet
 facet normal  0.000000e+00  0.000000e+00  1.000000e+00
   outer loop
     vertex  1.370915e+02 -6.148530e+01  1.975000e+00
     vertex  1.370665e+02 -6.142500e+01  1.975000e+00
     vertex  1.370165e+02 -6.147500e+01  1.975000e+00
   endloop
 endfacet
 facet normal  0.000000e+00 -0.000000e+00  1.000000e+00
   outer loop
     vertex  1.370415e+02 -6.153530e+01  1.975000e+00
     vertex  1.370915e+02 -6.148530e+01  1.975000e+00
     vertex  1.370165e+02 -6.147500e+01  1.975000e+00
   endloop
 endfacet
 facet normal  0.000000e+00  0.000000e+00  1.000000e+00
   outer loop
     vertex  1.371000e+02 -6.155000e+01  1.975000e+00
     vertex  1.370915e+02 -6.148530e+01  1.975000e+00
     vertex  1.370415e+02 -6.153530e+01  1.975000e+00
   endloop
 endfacet
 facet normal  0.000000e+00 -0.000000e+00  1.000000e+00
   outer loop
     vertex  1.370500e+02 -6.160000e+01  1.975000e+00
     vertex  1.371000e+02 -6.155000e+01  1.975000e+00
     vertex  1.370415e+02 -6.153530e+01  1.975000e+00
   endloop
 endfacet
 facet normal  0.000000e+00  0.000000e+00  1.000000e+00
   outer loop
     vertex  1.371000e+02 -6.345000e+01  1.975000e+00
     vertex  1.370500e+02 -6.160000e+01  1.975000e+00
     vertex  1.370500e+02 -6.340000e+01  1.975000e+00
   endloop
 endfacet
 facet normal  0.000000e+00  0.000000e+00  1.000000e+00
   outer loop
     vertex  1.371000e+02 -6.345000e+01  1.975000e+00
     vertex  1.370500e+02 -6.340000e+01  1.975000e+00
     vertex  1.370415e+02 -6.346470e+01  1.975000e+00
   endloop
 endfacet
 facet normal  0.000000e+00 -0.000000e+00  1.000000e+00
   outer loop
     vertex  1.371000e+02 -6.345000e+01  1.975000e+00
     vertex  1.371000e+02 -6.155000e+01  1.975000e+00
     vertex  1.370500e+02 -6.160000e+01  1.975000e+00
   endloop
 endfacet
 facet normal  0.000000e+00  0.000000e+00  1.000000e+00
   outer loop
     vertex  1.368500e+02 -6.370000e+01  1.975000e+00
     vertex  1.342000e+02 -6.365000e+01  1.975000e+00
     vertex  1.341500e+02 -6.370000e+01  1.975000e+00
   endloop
 endfacet
 facet normal  0.000000e+00 -0.000000e+00  1.000000e+00
   outer loop
     vertex  1.368500e+02 -6.370000e+01  1.975000e+00
     vertex  1.368647e+02 -6.364148e+01  1.975000e+00
     vertex  1.368000e+02 -6.365000e+01  1.975000e+00
   endloop
 endfacet
 facet normal  0.000000e+00  0.000000e+00  1.000000e+00
   outer loop
     vertex  1.368500e+02 -6.370000e+01  1.975000e+00
     vertex  1.368000e+02 -6.365000e+01  1.975000e+00
     vertex  1.342000e+02 -6.365000e+01  1.975000e+00
   endloop
 endfacet
 facet normal  0.000000e+00  0.000000e+00  1.000000e+00
   outer loop
     vertex  1.370915e+02 -6.351470e+01  1.975000e+00
     vertex  1.370415e+02 -6.346470e+01  1.975000e+00
     vertex  1.370165e+02 -6.352500e+01  1.975000e+00
   endloop
 endfacet
 facet normal  0.000000e+00 -0.000000e+00  1.000000e+00
   outer loop
     vertex  1.370915e+02 -6.351470e+01  1.975000e+00
     vertex  1.371000e+02 -6.345000e+01  1.975000e+00
     vertex  1.370415e+02 -6.346470e+01  1.975000e+00
   endloop
 endfacet
 facet normal  0.000000e+00 -0.000000e+00  1.000000e+00
   outer loop
     vertex  1.369147e+02 -6.369148e+01  1.975000e+00
     vertex  1.369250e+02 -6.361651e+01  1.975000e+00
     vertex  1.368647e+02 -6.364148e+01  1.975000e+00
   endloop
 endfacet
 facet normal  0.000000e+00  0.000000e+00  1.000000e+00
   outer loop
     vertex  1.369147e+02 -6.369148e+01  1.975000e+00
     vertex  1.368647e+02 -6.364148e+01  1.975000e+00
     vertex  1.368500e+02 -6.370000e+01  1.975000e+00
   endloop
 endfacet
 facet normal  0.000000e+00  0.000000e+00  1.000000e+00
   outer loop
     vertex  1.369750e+02 -6.366651e+01  1.975000e+00
     vertex  1.369250e+02 -6.361651e+01  1.975000e+00
     vertex  1.369147e+02 -6.369148e+01  1.975000e+00
   endloop
 endfacet
 facet normal  0.000000e+00 -0.000000e+00  1.000000e+00
   outer loop
     vertex  1.369750e+02 -6.366651e+01  1.975000e+00
     vertex  1.369768e+02 -6.357678e+01  1.975000e+00
     vertex  1.369250e+02 -6.361651e+01  1.975000e+00
   endloop
 endfacet
 facet normal  0.000000e+00  0.000000e+00  1.000000e+00
   outer loop
     vertex  1.370665e+02 -6.357500e+01  1.975000e+00
     vertex  1.370165e+02 -6.352500e+01  1.975000e+00
     vertex  1.369768e+02 -6.357678e+01  1.975000e+00
   endloop
 endfacet
 facet normal  0.000000e+00 -0.000000e+00  1.000000e+00
   outer loop
     vertex  1.370665e+02 -6.357500e+01  1.975000e+00
     vertex  1.370915e+02 -6.351470e+01  1.975000e+00
     vertex  1.370165e+02 -6.352500e+01  1.975000e+00
   endloop
 endfacet
 facet normal  0.000000e+00  0.000000e+00  1.000000e+00
   outer loop
     vertex  1.370268e+02 -6.362678e+01  1.975000e+00
     vertex  1.369768e+02 -6.357678e+01  1.975000e+00
     vertex  1.369750e+02 -6.366651e+01  1.975000e+00
   endloop
 endfacet
 facet normal  0.000000e+00 -0.000000e+00  1.000000e+00
   outer loop
     vertex  1.370268e+02 -6.362678e+01  1.975000e+00
     vertex  1.370665e+02 -6.357500e+01  1.975000e+00
     vertex  1.369768e+02 -6.357678e+01  1.975000e+00
   endloop
 endfacet
 facet normal  0.000000e+00  1.000000e+00  0.000000e+00
   outer loop
     vertex  1.368500e+02 -6.130000e+01  1.875000e+00
     vertex  1.341500e+02 -6.130000e+01  1.875000e+00
     vertex  1.341500e+02 -6.130000e+01  1.975000e+00
   endloop
 endfacet
 facet normal  0.000000e+00  1.000000e+00 -0.000000e+00
   outer loop
     vertex  1.368500e+02 -6.130000e+01  1.875000e+00
     vertex  1.341500e+02 -6.130000e+01  1.975000e+00
     vertex  1.368500e+02 -6.130000e+01  1.975000e+00
   endloop
 endfacet
 facet normal  0.000000e+00 -1.000000e+00  0.000000e+00
   outer loop
     vertex  1.341500e+02 -6.370000e+01  1.875000e+00
     vertex  1.368500e+02 -6.370000e+01  1.875000e+00
     vertex  1.368500e+02 -6.370000e+01  1.975000e+00
   endloop
 endfacet
 facet normal  0.000000e+00 -1.000000e+00  0.000000e+00
   outer loop
     vertex  1.341500e+02 -6.370000e+01  1.875000e+00
     vertex  1.368500e+02 -6.370000e+01  1.975000e+00
     vertex  1.341500e+02 -6.370000e+01  1.975000e+00
   endloop
 endfacet
 facet normal -1.305262e-01  9.914449e-01  0.000000e+00
   outer loop
     vertex  1.340853e+02 -6.130852e+01  1.975000e+00
     vertex  1.341500e+02 -6.130000e+01  1.875000e+00
     vertex  1.340853e+02 -6.130852e+01  1.875000e+00
   endloop
 endfacet
 facet normal -1.305262e-01  9.914449e-01  0.000000e+00
   outer loop
     vertex  1.340853e+02 -6.130852e+01  1.975000e+00
     vertex  1.341500e+02 -6.130000e+01  1.975000e+00
     vertex  1.341500e+02 -6.130000e+01  1.875000e+00
   endloop
 endfacet
 facet normal -3.826834e-01  9.238795e-01  0.000000e+00
   outer loop
     vertex  1.340250e+02 -6.133349e+01  1.975000e+00
     vertex  1.340853e+02 -6.130852e+01  1.875000e+00
     vertex  1.340250e+02 -6.133349e+01  1.875000e+00
   endloop
 endfacet
 facet normal -3.826834e-01  9.238795e-01  0.000000e+00
   outer loop
     vertex  1.340250e+02 -6.133349e+01  1.975000e+00
     vertex  1.340853e+02 -6.130852e+01  1.975000e+00
     vertex  1.340853e+02 -6.130852e+01  1.875000e+00
   endloop
 endfacet
 facet normal -6.087614e-01  7.933533e-01  0.000000e+00
   outer loop
     vertex  1.339732e+02 -6.137322e+01  1.975000e+00
     vertex  1.340250e+02 -6.133349e+01  1.875000e+00
     vertex  1.339732e+02 -6.137322e+01  1.875000e+00
   endloop
 endfacet
 facet normal -6.087614e-01  7.933533e-01  0.000000e+00
   outer loop
     vertex  1.339732e+02 -6.137322e+01  1.975000e+00
     vertex  1.340250e+02 -6.133349e+01  1.975000e+00
     vertex  1.340250e+02 -6.133349e+01  1.875000e+00
   endloop
 endfacet
 facet normal -7.933533e-01  6.087614e-01  0.000000e+00
   outer loop
     vertex  1.339335e+02 -6.142500e+01  1.975000e+00
     vertex  1.339732e+02 -6.137322e+01  1.875000e+00
     vertex  1.339335e+02 -6.142500e+01  1.875000e+00
   endloop
 endfacet
 facet normal -7.933533e-01  6.087614e-01  0.000000e+00
   outer loop
     vertex  1.339335e+02 -6.142500e+01  1.975000e+00
     vertex  1.339732e+02 -6.137322e+01  1.975000e+00
     vertex  1.339732e+02 -6.137322e+01  1.875000e+00
   endloop
 endfacet
 facet normal -9.238795e-01  3.826834e-01  0.000000e+00
   outer loop
     vertex  1.339085e+02 -6.148530e+01  1.975000e+00
     vertex  1.339335e+02 -6.142500e+01  1.875000e+00
     vertex  1.339085e+02 -6.148530e+01  1.875000e+00
   endloop
 endfacet
 facet normal -9.238795e-01  3.826834e-01  0.000000e+00
   outer loop
     vertex  1.339085e+02 -6.148530e+01  1.975000e+00
     vertex  1.339335e+02 -6.142500e+01  1.975000e+00
     vertex  1.339335e+02 -6.142500e+01  1.875000e+00
   endloop
 endfacet
 facet normal -9.914449e-01  1.305262e-01  0.000000e+00
   outer loop
     vertex  1.339000e+02 -6.155000e+01  1.975000e+00
     vertex  1.339085e+02 -6.148530e+01  1.875000e+00
     vertex  1.339000e+02 -6.155000e+01  1.875000e+00
   endloop
 endfacet
 facet normal -9.914449e-01  1.305262e-01  0.000000e+00
   outer loop
     vertex  1.339000e+02 -6.155000e+01  1.975000e+00
     vertex  1.339085e+02 -6.148530e+01  1.975000e+00
     vertex  1.339085e+02 -6.148530e+01  1.875000e+00
   endloop
 endfacet
 facet normal -9.914449e-01 -1.305262e-01  0.000000e+00
   outer loop
     vertex  1.339085e+02 -6.351470e+01  1.975000e+00
     vertex  1.339000e+02 -6.345000e+01  1.975000e+00
     vertex  1.339000e+02 -6.345000e+01  1.875000e+00
   endloop
 endfacet
 facet normal -9.914449e-01 -1.305262e-01 -0.000000e+00
   outer loop
     vertex  1.339085e+02 -6.351470e+01  1.975000e+00
     vertex  1.339000e+02 -6.345000e+01  1.875000e+00
     vertex  1.339085e+02 -6.351470e+01  1.875000e+00
   endloop
 endfacet
 facet normal -9.238795e-01 -3.826834e-01 -0.000000e+00
   outer loop
     vertex  1.339335e+02 -6.357500e+01  1.975000e+00
     vertex  1.339085e+02 -6.351470e+01  1.875000e+00
     vertex  1.339335e+02 -6.357500e+01  1.875000e+00
   endloop
 endfacet
 facet normal -9.238795e-01 -3.826834e-01  0.000000e+00
   outer loop
     vertex  1.339335e+02 -6.357500e+01  1.975000e+00
     vertex  1.339085e+02 -6.351470e+01  1.975000e+00
     vertex  1.339085e+02 -6.351470e+01  1.875000e+00
   endloop
 endfacet
 facet normal -7.933533e-01 -6.087614e-01 -0.000000e+00
   outer loop
     vertex  1.339732e+02 -6.362678e+01  1.975000e+00
     vertex  1.339335e+02 -6.357500e+01  1.875000e+00
     vertex  1.339732e+02 -6.362678e+01  1.875000e+00
   endloop
 endfacet
 facet normal -7.933533e-01 -6.087614e-01  0.000000e+00
   outer loop
     vertex  1.339732e+02 -6.362678e+01  1.975000e+00
     vertex  1.339335e+02 -6.357500e+01  1.975000e+00
     vertex  1.339335e+02 -6.357500e+01  1.875000e+00
   endloop
 endfacet
 facet normal -6.087614e-01 -7.933533e-01 -0.000000e+00
   outer loop
     vertex  1.340250e+02 -6.366651e+01  1.975000e+00
     vertex  1.339732e+02 -6.362678e+01  1.875000e+00
     vertex  1.340250e+02 -6.366651e+01  1.875000e+00
   endloop
 endfacet
 facet normal -6.087614e-01 -7.933533e-01  0.000000e+00
   outer loop
     vertex  1.340250e+02 -6.366651e+01  1.975000e+00
     vertex  1.339732e+02 -6.362678e+01  1.975000e+00
     vertex  1.339732e+02 -6.362678e+01  1.875000e+00
   endloop
 endfacet
 facet normal -3.826834e-01 -9.238795e-01 -0.000000e+00
   outer loop
     vertex  1.340853e+02 -6.369148e+01  1.975000e+00
     vertex  1.340250e+02 -6.366651e+01  1.875000e+00
     vertex  1.340853e+02 -6.369148e+01  1.875000e+00
   endloop
 endfacet
 facet normal -3.826834e-01 -9.238795e-01  0.000000e+00
   outer loop
     vertex  1.340853e+02 -6.369148e+01  1.975000e+00
     vertex  1.340250e+02 -6.366651e+01  1.975000e+00
     vertex  1.340250e+02 -6.366651e+01  1.875000e+00
   endloop
 endfacet
 facet normal -1.305262e-01 -9.914449e-01 -0.000000e+00
   outer loop
     vertex  1.341500e+02 -6.370000e+01  1.975000e+00
     vertex  1.340853e+02 -6.369148e+01  1.875000e+00
     vertex  1.341500e+02 -6.370000e+01  1.875000e+00
   endloop
 endfacet
 facet normal -1.305262e-01 -9.914449e-01  0.000000e+00
   outer loop
     vertex  1.341500e+02 -6.370000e+01  1.975000e+00
     vertex  1.340853e+02 -6.369148e+01  1.975000e+00
     vertex  1.340853e+02 -6.369148e+01  1.875000e+00
   endloop
 endfacet
 facet normal -1.000000e+00  0.000000e+00  0.000000e+00
   outer loop
     vertex  1.339000e+02 -6.155000e+01  1.875000e+00
     vertex  1.339000e+02 -6.345000e+01  1.875000e+00
     vertex  1.339000e+02 -6.345000e+01  1.975000e+00
   endloop
 endfacet
 facet normal -1.000000e+00  0.000000e+00  0.000000e+00
   outer loop
     vertex  1.339000e+02 -6.155000e+01  1.875000e+00
     vertex  1.339000e+02 -6.345000e+01  1.975000e+00
     vertex  1.339000e+02 -6.155000e+01  1.975000e+00
   endloop
 endfacet
 facet normal  0.000000e+00  1.000000e+00  0.000000e+00
   outer loop
     vertex  1.368000e+02 -6.135000e+01  1.975000e+00
     vertex  1.342000e+02 -6.135000e+01  1.975000e+00
     vertex  1.342000e+02 -6.135000e+01  2.325000e+00
   endloop
 endfacet
 facet normal  0.000000e+00  1.000000e+00 -0.000000e+00
   outer loop
     vertex  1.368000e+02 -6.135000e+01  1.975000e+00
     vertex  1.342000e+02 -6.135000e+01  2.325000e+00
     vertex  1.368000e+02 -6.135000e+01  2.325000e+00
   endloop
 endfacet
 facet normal -1.305262e-01  9.914449e-01  0.000000e+00
   outer loop
     vertex  1.341353e+02 -6.135852e+01  2.325000e+00
     vertex  1.342000e+02 -6.135000e+01  1.975000e+00
     vertex  1.341353e+02 -6.135852e+01  1.975000e+00
   endloop
 endfacet
 facet normal -1.305262e-01  9.914449e-01  0.000000e+00
   outer loop
     vertex  1.341353e+02 -6.135852e+01  2.325000e+00
     vertex  1.342000e+02 -6.135000e+01  2.325000e+00
     vertex  1.342000e+02 -6.135000e+01  1.975000e+00
   endloop
 endfacet
 facet normal -3.826834e-01  9.238795e-01  0.000000e+00
   outer loop
     vertex  1.340750e+02 -6.138349e+01  2.325000e+00
     vertex  1.341353e+02 -6.135852e+01  1.975000e+00
     vertex  1.340750e+02 -6.138349e+01  1.975000e+00
   endloop
 endfacet
 facet normal -3.826834e-01  9.238795e-01  0.000000e+00
   outer loop
     vertex  1.340750e+02 -6.138349e+01  2.325000e+00
     vertex  1.341353e+02 -6.135852e+01  2.325000e+00
     vertex  1.341353e+02 -6.135852e+01  1.975000e+00
   endloop
 endfacet
 facet normal -6.087614e-01  7.933533e-01  0.000000e+00
   outer loop
     vertex  1.340232e+02 -6.142322e+01  2.325000e+00
     vertex  1.340750e+02 -6.138349e+01  1.975000e+00
     vertex  1.340232e+02 -6.142322e+01  1.975000e+00
   endloop
 endfacet
 facet normal -6.087614e-01  7.933533e-01  0.000000e+00
   outer loop
     vertex  1.340232e+02 -6.142322e+01  2.325000e+00
     vertex  1.340750e+02 -6.138349e+01  2.325000e+00
     vertex  1.340750e+02 -6.138349e+01  1.975000e+00
   endloop
 endfacet
 facet normal -7.933533e-01  6.087614e-01  0.000000e+00
   outer loop
     vertex  1.339835e+02 -6.147500e+01  2.325000e+00
     vertex  1.340232e+02 -6.142322e+01  1.975000e+00
     vertex  1.339835e+02 -6.147500e+01  1.975000e+00
   endloop
 endfacet
 facet normal -7.933533e-01  6.087614e-01  0.000000e+00
   outer loop
     vertex  1.339835e+02 -6.147500e+01  2.325000e+00
     vertex  1.340232e+02 -6.142322e+01  2.325000e+00
     vertex  1.340232e+02 -6.142322e+01  1.975000e+00
   endloop
 endfacet
 facet normal -9.238795e-01  3.826834e-01  0.000000e+00
   outer loop
     vertex  1.339585e+02 -6.153530e+01  2.325000e+00
     vertex  1.339835e+02 -6.147500e+01  1.975000e+00
     vertex  1.339585e+02 -6.153530e+01  1.975000e+00
   endloop
 endfacet
 facet normal -9.238795e-01  3.826834e-01  0.000000e+00
   outer loop
     vertex  1.339585e+02 -6.153530e+01  2.325000e+00
     vertex  1.339835e+02 -6.147500e+01  2.325000e+00
     vertex  1.339835e+02 -6.147500e+01  1.975000e+00
   endloop
 endfacet
 facet normal -9.914449e-01  1.305262e-01  0.000000e+00
   outer loop
     vertex  1.339500e+02 -6.160000e+01  2.325000e+00
     vertex  1.339585e+02 -6.153530e+01  1.975000e+00
     vertex  1.339500e+02 -6.160000e+01  1.975000e+00
   endloop
 endfacet
 facet normal -9.914449e-01  1.305262e-01  0.000000e+00
   outer loop
     vertex  1.339500e+02 -6.160000e+01  2.325000e+00
     vertex  1.339585e+02 -6.153530e+01  2.325000e+00
     vertex  1.339585e+02 -6.153530e+01  1.975000e+00
   endloop
 endfacet
 facet normal  9.914449e-01  1.305262e-01  0.000000e+00
   outer loop
     vertex  1.370415e+02 -6.153530e+01  2.325000e+00
     vertex  1.370500e+02 -6.160000e+01  2.325000e+00
     vertex  1.370500e+02 -6.160000e+01  1.975000e+00
   endloop
 endfacet
 facet normal  9.914449e-01  1.305262e-01  0.000000e+00
   outer loop
     vertex  1.370415e+02 -6.153530e+01  2.325000e+00
     vertex  1.370500e+02 -6.160000e+01  1.975000e+00
     vertex  1.370415e+02 -6.153530e+01  1.975000e+00
   endloop
 endfacet
 facet normal  9.238795e-01  3.826834e-01  0.000000e+00
   outer loop
     vertex  1.370165e+02 -6.147500e+01  2.325000e+00
     vertex  1.370415e+02 -6.153530e+01  1.975000e+00
     vertex  1.370165e+02 -6.147500e+01  1.975000e+00
   endloop
 endfacet
 facet normal  9.238795e-01  3.826834e-01  0.000000e+00
   outer loop
     vertex  1.370165e+02 -6.147500e+01  2.325000e+00
     vertex  1.370415e+02 -6.153530e+01  2.325000e+00
     vertex  1.370415e+02 -6.153530e+01  1.975000e+00
   endloop
 endfacet
 facet normal  7.933533e-01  6.087614e-01  0.000000e+00
   outer loop
     vertex  1.369768e+02 -6.142322e+01  2.325000e+00
     vertex  1.370165e+02 -6.147500e+01  1.975000e+00
     vertex  1.369768e+02 -6.142322e+01  1.975000e+00
   endloop
 endfacet
 facet normal  7.933533e-01  6.087614e-01  0.000000e+00
   outer loop
     vertex  1.369768e+02 -6.142322e+01  2.325000e+00
     vertex  1.370165e+02 -6.147500e+01  2.325000e+00
     vertex  1.370165e+02 -6.147500e+01  1.975000e+00
   endloop
 endfacet
 facet normal  6.087614e-01  7.933533e-01  0.000000e+00
   outer loop
     vertex  1.369250e+02 -6.138349e+01  2.325000e+00
     vertex  1.369768e+02 -6.142322e+01  1.975000e+00
     vertex  1.369250e+02 -6.138349e+01  1.975000e+00
   endloop
 endfacet
 facet normal  6.087614e-01  7.933533e-01  0.000000e+00
   outer loop
     vertex  1.369250e+02 -6.138349e+01  2.325000e+00
     vertex  1.369768e+02 -6.142322e+01  2.325000e+00
     vertex  1.369768e+02 -6.142322e+01  1.975000e+00
   endloop
 endfacet
 facet normal  3.826834e-01  9.238795e-01  0.000000e+00
   outer loop
     vertex  1.368647e+02 -6.135852e+01  2.325000e+00
     vertex  1.369250e+02 -6.138349e+01  1.975000e+00
     vertex  1.368647e+02 -6.135852e+01  1.975000e+00
   endloop
 endfacet
 facet normal  3.826834e-01  9.238795e-01  0.000000e+00
   outer loop
     vertex  1.368647e+02 -6.135852e+01  2.325000e+00
     vertex  1.369250e+02 -6.138349e+01  2.325000e+00
     vertex  1.369250e+02 -6.138349e+01  1.975000e+00
   endloop
 endfacet
 facet normal  1.305262e-01  9.914449e-01  0.000000e+00
   outer loop
     vertex  1.368000e+02 -6.135000e+01  2.325000e+00
     vertex  1.368647e+02 -6.135852e+01  1.975000e+00
     vertex  1.368000e+02 -6.135000e+01  1.975000e+00
   endloop
 endfacet
 facet normal  1.305262e-01  9.914449e-01  0.000000e+00
   outer loop
     vertex  1.368000e+02 -6.135000e+01  2.325000e+00
     vertex  1.368647e+02 -6.135852e+01  2.325000e+00
     vertex  1.368647e+02 -6.135852e+01  1.975000e+00
   endloop
 endfacet
 facet normal -1.000000e+00  0.000000e+00  0.000000e+00
   outer loop
     vertex  1.339500e+02 -6.160000e+01  1.975000e+00
     vertex  1.339500e+02 -6.340000e+01  1.975000e+00
     vertex  1.339500e+02 -6.340000e+01  2.325000e+00
   endloop
 endfacet
 facet normal -1.000000e+00  0.000000e+00  0.000000e+00
   outer loop
     vertex  1.339500e+02 -6.160000e+01  1.975000e+00
     vertex  1.339500e+02 -6.340000e+01  2.325000e+00
     vertex  1.339500e+02 -6.160000e+01  2.325000e+00
   endloop
 endfacet
 facet normal  1.000000e+00  0.000000e+00  0.000000e+00
   outer loop
     vertex  1.370500e+02 -6.340000e+01  1.975000e+00
     vertex  1.370500e+02 -6.160000e+01  1.975000e+00
     vertex  1.370500e+02 -6.160000e+01  2.325000e+00
   endloop
 endfacet
 facet normal  1.000000e+00  0.000000e+00  0.000000e+00
   outer loop
     vertex  1.370500e+02 -6.340000e+01  1.975000e+00
     vertex  1.370500e+02 -6.160000e+01  2.325000e+00
     vertex  1.370500e+02 -6.340000e+01  2.325000e+00
   endloop
 endfacet
 facet normal -9.914449e-01 -1.305262e-01 -0.000000e+00
   outer loop
     vertex  1.339585e+02 -6.346470e+01  2.325000e+00
     vertex  1.339500e+02 -6.340000e+01  1.975000e+00
     vertex  1.339585e+02 -6.346470e+01  1.975000e+00
   endloop
 endfacet
 facet normal -9.914449e-01 -1.305262e-01  0.000000e+00
   outer loop
     vertex  1.339585e+02 -6.346470e+01  2.325000e+00
     vertex  1.339500e+02 -6.340000e+01  2.325000e+00
     vertex  1.339500e+02 -6.340000e+01  1.975000e+00
   endloop
 endfacet
 facet normal -9.238795e-01 -3.826834e-01 -0.000000e+00
   outer loop
     vertex  1.339835e+02 -6.352500e+01  2.325000e+00
     vertex  1.339585e+02 -6.346470e+01  1.975000e+00
     vertex  1.339835e+02 -6.352500e+01  1.975000e+00
   endloop
 endfacet
 facet normal -9.238795e-01 -3.826834e-01  0.000000e+00
   outer loop
     vertex  1.339835e+02 -6.352500e+01  2.325000e+00
     vertex  1.339585e+02 -6.346470e+01  2.325000e+00
     vertex  1.339585e+02 -6.346470e+01  1.975000e+00
   endloop
 endfacet
 facet normal -7.933533e-01 -6.087614e-01 -0.000000e+00
   outer loop
     vertex  1.340232e+02 -6.357678e+01  2.325000e+00
     vertex  1.339835e+02 -6.352500e+01  1.975000e+00
     vertex  1.340232e+02 -6.357678e+01  1.975000e+00
   endloop
 endfacet
 facet normal -7.933533e-01 -6.087614e-01  0.000000e+00
   outer loop
     vertex  1.340232e+02 -6.357678e+01  2.325000e+00
     vertex  1.339835e+02 -6.352500e+01  2.325000e+00
     vertex  1.339835e+02 -6.352500e+01  1.975000e+00
   endloop
 endfacet
 facet normal -6.087614e-01 -7.933533e-01 -0.000000e+00
   outer loop
     vertex  1.340750e+02 -6.361651e+01  2.325000e+00
     vertex  1.340232e+02 -6.357678e+01  1.975000e+00
     vertex  1.340750e+02 -6.361651e+01  1.975000e+00
   endloop
 endfacet
 facet normal -6.087614e-01 -7.933533e-01  0.000000e+00
   outer loop
     vertex  1.340750e+02 -6.361651e+01  2.325000e+00
     vertex  1.340232e+02 -6.357678e+01  2.325000e+00
     vertex  1.340232e+02 -6.357678e+01  1.975000e+00
   endloop
 endfacet
 facet normal -3.826834e-01 -9.238795e-01 -0.000000e+00
   outer loop
     vertex  1.341353e+02 -6.364148e+01  2.325000e+00
     vertex  1.340750e+02 -6.361651e+01  1.975000e+00
     vertex  1.341353e+02 -6.364148e+01  1.975000e+00
   endloop
 endfacet
 facet normal -3.826834e-01 -9.238795e-01  0.000000e+00
   outer loop
     vertex  1.341353e+02 -6.364148e+01  2.325000e+00
     vertex  1.340750e+02 -6.361651e+01  2.325000e+00
     vertex  1.340750e+02 -6.361651e+01  1.975000e+00
   endloop
 endfacet
 facet normal -1.305262e-01 -9.914449e-01 -0.000000e+00
   outer loop
     vertex  1.342000e+02 -6.365000e+01  2.325000e+00
     vertex  1.341353e+02 -6.364148e+01  1.975000e+00
     vertex  1.342000e+02 -6.365000e+01  1.975000e+00
   endloop
 endfacet
 facet normal -1.305262e-01 -9.914449e-01  0.000000e+00
   outer loop
     vertex  1.342000e+02 -6.365000e+01  2.325000e+00
     vertex  1.341353e+02 -6.364148e+01  2.325000e+00
     vertex  1.341353e+02 -6.364148e+01  1.975000e+00
   endloop
 endfacet
 facet normal  1.305262e-01 -9.914449e-01  0.000000e+00
   outer loop
     vertex  1.368647e+02 -6.364148e+01  2.325000e+00
     vertex  1.368000e+02 -6.365000e+01  1.975000e+00
     vertex  1.368647e+02 -6.364148e+01  1.975000e+00
   endloop
 endfacet
 facet normal  3.826834e-01 -9.238795e-01  0.000000e+00
   outer loop
     vertex  1.368647e+02 -6.364148e+01  2.325000e+00
     vertex  1.368647e+02 -6.364148e+01  1.975000e+00
     vertex  1.369250e+02 -6.361651e+01  1.975000e+00
   endloop
 endfacet
 facet normal  1.305262e-01 -9.914449e-01  0.000000e+00
   outer loop
     vertex  1.368647e+02 -6.364148e+01  2.325000e+00
     vertex  1.368000e+02 -6.365000e+01  2.325000e+00
     vertex  1.368000e+02 -6.365000e+01  1.975000e+00
   endloop
 endfacet
 facet normal  6.087614e-01 -7.933533e-01  0.000000e+00
   outer loop
     vertex  1.369250e+02 -6.361651e+01  2.325000e+00
     vertex  1.369250e+02 -6.361651e+01  1.975000e+00
     vertex  1.369768e+02 -6.357678e+01  1.975000e+00
   endloop
 endfacet
 facet normal  3.826834e-01 -9.238795e-01  0.000000e+00
   outer loop
     vertex  1.369250e+02 -6.361651e+01  2.325000e+00
     vertex  1.368647e+02 -6.364148e+01  2.325000e+00
     vertex  1.369250e+02 -6.361651e+01  1.975000e+00
   endloop
 endfacet
 facet normal  6.087614e-01 -7.933533e-01  0.000000e+00
   outer loop
     vertex  1.369768e+02 -6.357678e+01  2.325000e+00
     vertex  1.369250e+02 -6.361651e+01  2.325000e+00
     vertex  1.369768e+02 -6.357678e+01  1.975000e+00
   endloop
 endfacet
 facet normal  7.933533e-01 -6.087614e-01  0.000000e+00
   outer loop
     vertex  1.370165e+02 -6.352500e+01  2.325000e+00
     vertex  1.369768e+02 -6.357678e+01  1.975000e+00
     vertex  1.370165e+02 -6.352500e+01  1.975000e+00
   endloop
 endfacet
 facet normal  7.933533e-01 -6.087614e-01  0.000000e+00
   outer loop
     vertex  1.370165e+02 -6.352500e+01  2.325000e+00
     vertex  1.369768e+02 -6.357678e+01  2.325000e+00
     vertex  1.369768e+02 -6.357678e+01  1.975000e+00
   endloop
 endfacet
 facet normal  9.238795e-01 -3.826834e-01  0.000000e+00
   outer loop
     vertex  1.370415e+02 -6.346470e+01  2.325000e+00
     vertex  1.370165e+02 -6.352500e+01  1.975000e+00
     vertex  1.370415e+02 -6.346470e+01  1.975000e+00
   endloop
 endfacet
 facet normal  9.238795e-01 -3.826834e-01  0.000000e+00
   outer loop
     vertex  1.370415e+02 -6.346470e+01  2.325000e+00
     vertex  1.370165e+02 -6.352500e+01  2.325000e+00
     vertex  1.370165e+02 -6.352500e+01  1.975000e+00
   endloop
 endfacet
 facet normal  9.914449e-01 -1.305262e-01  0.000000e+00
   outer loop
     vertex  1.370500e+02 -6.340000e+01  2.325000e+00
     vertex  1.370415e+02 -6.346470e+01  1.975000e+00
     vertex  1.370500e+02 -6.340000e+01  1.975000e+00
   endloop
 endfacet
 facet normal  9.914449e-01 -1.305262e-01  0.000000e+00
   outer loop
     vertex  1.370500e+02 -6.340000e+01  2.325000e+00
     vertex  1.370415e+02 -6.346470e+01  2.325000e+00
     vertex  1.370415e+02 -6.346470e+01  1.975000e+00
   endloop
 endfacet
 facet normal  0.000000e+00 -1.000000e+00  0.000000e+00
   outer loop
     vertex  1.342000e+02 -6.365000e+01  1.975000e+00
     vertex  1.368000e+02 -6.365000e+01  1.975000e+00
     vertex  1.368000e+02 -6.365000e+01  2.325000e+00
   endloop
 endfacet
 facet normal  0.000000e+00 -1.000000e+00  0.000000e+00
   outer loop
     vertex  1.342000e+02 -6.365000e+01  1.975000e+00
     vertex  1.368000e+02 -6.365000e+01  2.325000e+00
     vertex  1.342000e+02 -6.365000e+01  2.325000e+00
   endloop
 endfacet
 facet normal  0.000000e+00  9.914449e-01  1.305262e-01
   outer loop
     vertex  1.368000e+02 -6.135000e+01  2.325000e+00
     vertex  1.342000e+02 -6.135000e+01  2.325000e+00
     vertex  1.342000e+02 -6.135852e+01  2.389705e+00
   endloop
 endfacet
 facet normal -6.536369e-17  9.238795e-01  3.826834e-01
   outer loop
     vertex  1.368000e+02 -6.135852e+01  2.389705e+00
     vertex  1.342000e+02 -6.135852e+01  2.389705e+00
     vertex  1.342000e+02 -6.138349e+01  2.450000e+00
   endloop
 endfacet
 facet normal -2.229434e-17  9.914449e-01  1.305262e-01
   outer loop
     vertex  1.368000e+02 -6.135852e+01  2.389705e+00
     vertex  1.368000e+02 -6.135000e+01  2.325000e+00
     vertex  1.342000e+02 -6.135852e+01  2.389705e+00
   endloop
 endfacet
 facet normal -1.039786e-16  7.933533e-01  6.087614e-01
   outer loop
     vertex  1.368000e+02 -6.138349e+01  2.450000e+00
     vertex  1.342000e+02 -6.138349e+01  2.450000e+00
     vertex  1.342000e+02 -6.142322e+01  2.501777e+00
   endloop
 endfacet
 facet normal -6.536369e-17  9.238795e-01  3.826834e-01
   outer loop
     vertex  1.368000e+02 -6.138349e+01  2.450000e+00
     vertex  1.368000e+02 -6.135852e+01  2.389705e+00
     vertex  1.342000e+02 -6.138349e+01  2.450000e+00
   endloop
 endfacet
 facet normal -1.355076e-16  6.087614e-01  7.933533e-01
   outer loop
     vertex  1.368000e+02 -6.142322e+01  2.501777e+00
     vertex  1.342000e+02 -6.142322e+01  2.501777e+00
     vertex  1.342000e+02 -6.147500e+01  2.541506e+00
   endloop
 endfacet
 facet normal -1.039786e-16  7.933533e-01  6.087614e-01
   outer loop
     vertex  1.368000e+02 -6.142322e+01  2.501777e+00
     vertex  1.368000e+02 -6.138349e+01  2.450000e+00
     vertex  1.342000e+02 -6.142322e+01  2.501777e+00
   endloop
 endfacet
 facet normal  0.000000e+00  3.826834e-01  9.238795e-01
   outer loop
     vertex  1.368000e+02 -6.147500e+01  2.541506e+00
     vertex  1.342000e+02 -6.147500e+01  2.541506e+00
     vertex  1.342000e+02 -6.153530e+01  2.566481e+00
   endloop
 endfacet
 facet normal  0.000000e+00  6.087614e-01  7.933533e-01
   outer loop
     vertex  1.368000e+02 -6.147500e+01  2.541506e+00
     vertex  1.368000e+02 -6.142322e+01  2.501777e+00
     vertex  1.342000e+02 -6.147500e+01  2.541506e+00
   endloop
 endfacet
 facet normal  1.873671e-16  1.305262e-01  9.914449e-01
   outer loop
     vertex  1.368000e+02 -6.153530e+01  2.566481e+00
     vertex  1.342000e+02 -6.153530e+01  2.566481e+00
     vertex  1.342000e+02 -6.160000e+01  2.575000e+00
   endloop
 endfacet
 facet normal  8.880171e-16  3.826834e-01  9.238795e-01
   outer loop
     vertex  1.368000e+02 -6.153530e+01  2.566481e+00
     vertex  1.368000e+02 -6.147500e+01  2.541506e+00
     vertex  1.342000e+02 -6.153530e+01  2.566481e+00
   endloop
 endfacet
 facet normal  0.000000e+00  1.305262e-01  9.914449e-01
   outer loop
     vertex  1.368000e+02 -6.160000e+01  2.575000e+00
     vertex  1.368000e+02 -6.153530e+01  2.566481e+00
     vertex  1.342000e+02 -6.160000e+01  2.575000e+00
   endloop
 endfacet
 facet normal -1.294283e-01  1.294283e-01  9.831056e-01
   outer loop
     vertex  1.341353e+02 -6.160000e+01  2.566481e+00
     vertex  1.342000e+02 -6.160000e+01  2.575000e+00
     vertex  1.342000e+02 -6.153530e+01  2.566481e+00
   endloop
 endfacet
 facet normal -9.831056e-01  1.294283e-01  1.294283e-01
   outer loop
     vertex  1.339500e+02 -6.160000e+01  2.325000e+00
     vertex  1.339585e+02 -6.160000e+01  2.389705e+00
     vertex  1.339585e+02 -6.153530e+01  2.325000e+00
   endloop
 endfacet
 facet normal -1.768607e-01  9.758156e-01  1.284686e-01
   outer loop
     vertex  1.341879e+02 -6.136224e+01  2.401303e+00
     vertex  1.342000e+02 -6.135852e+01  2.389705e+00
     vertex  1.342000e+02 -6.135000e+01  2.325000e+00
   endloop
 endfacet
 facet normal  8.280266e-02  9.207069e-01  3.813693e-01
   outer loop
     vertex  1.341879e+02 -6.136224e+01  2.401303e+00
     vertex  1.342000e+02 -6.138349e+01  2.450000e+00
     vertex  1.342000e+02 -6.135852e+01  2.389705e+00
   endloop
 endfacet
 facet normal -4.892847e-02  9.873853e-01  1.505863e-01
   outer loop
     vertex  1.341649e+02 -6.136224e+01  2.393834e+00
     vertex  1.341879e+02 -6.136224e+01  2.401303e+00
     vertex  1.342000e+02 -6.135000e+01  2.325000e+00
   endloop
 endfacet
 facet normal  0.000000e+00  0.000000e+00  0.000000e+00
   outer loop
     vertex  1.341454e+02 -6.136224e+01  2.379627e+00
     vertex  1.342000e+02 -6.135000e+01  2.325000e+00
     vertex  1.342000e+02 -6.135000e+01  2.325000e+00
   endloop
 endfacet
 facet normal -9.306748e-02  9.873853e-01  1.280964e-01
   outer loop
     vertex  1.341454e+02 -6.136224e+01  2.379627e+00
     vertex  1.341649e+02 -6.136224e+01  2.393834e+00
     vertex  1.342000e+02 -6.135000e+01  2.325000e+00
   endloop
 endfacet
 facet normal -5.113740e-02  7.923153e-01  6.079649e-01
   outer loop
     vertex  1.341546e+02 -6.139775e+01  2.464754e+00
     vertex  1.342000e+02 -6.142322e+01  2.501777e+00
     vertex  1.342000e+02 -6.138349e+01  2.450000e+00
   endloop
 endfacet
 facet normal -1.387850e-01  8.934726e-01  4.271363e-01
   outer loop
     vertex  1.341546e+02 -6.139775e+01  2.464754e+00
     vertex  1.341879e+02 -6.136224e+01  2.401303e+00
     vertex  1.341649e+02 -6.136224e+01  2.393834e+00
   endloop
 endfacet
 facet normal -1.422701e-01  8.937292e-01  4.254495e-01
   outer loop
     vertex  1.341546e+02 -6.139775e+01  2.464754e+00
     vertex  1.342000e+02 -6.138349e+01  2.450000e+00
     vertex  1.341879e+02 -6.136224e+01  2.401303e+00
   endloop
 endfacet
 facet normal -1.280964e-01  9.873853e-01  9.306748e-02
   outer loop
     vertex  1.341312e+02 -6.136224e+01  2.360073e+00
     vertex  1.341454e+02 -6.136224e+01  2.379627e+00
     vertex  1.342000e+02 -6.135000e+01  2.325000e+00
   endloop
 endfacet
 facet normal -2.639847e-01  8.934726e-01  3.633438e-01
   outer loop
     vertex  1.341136e+02 -6.139775e+01  2.443882e+00
     vertex  1.341649e+02 -6.136224e+01  2.393834e+00
     vertex  1.341454e+02 -6.136224e+01  2.379627e+00
   endloop
 endfacet
 facet normal -2.104323e-01  8.860880e-01  4.129966e-01
   outer loop
     vertex  1.341136e+02 -6.139775e+01  2.443882e+00
     vertex  1.341546e+02 -6.139775e+01  2.464754e+00
     vertex  1.341649e+02 -6.136224e+01  2.393834e+00
   endloop
 endfacet
 facet normal  2.452567e-03  6.087596e-01  7.933510e-01
   outer loop
     vertex  1.341684e+02 -6.145305e+01  2.524764e+00
     vertex  1.342000e+02 -6.147500e+01  2.541506e+00
     vertex  1.342000e+02 -6.142322e+01  2.501777e+00
   endloop
 endfacet
 facet normal -1.653254e-01  7.060144e-01  6.886300e-01
   outer loop
     vertex  1.341684e+02 -6.145305e+01  2.524764e+00
     vertex  1.342000e+02 -6.142322e+01  2.501777e+00
     vertex  1.341546e+02 -6.139775e+01  2.464754e+00
   endloop
 endfacet
 facet normal -1.284686e-01  9.758156e-01  1.768607e-01
   outer loop
     vertex  1.341237e+02 -6.136224e+01  2.337085e+00
     vertex  1.342000e+02 -6.135000e+01  2.325000e+00
     vertex  1.341353e+02 -6.135852e+01  2.325000e+00
   endloop
 endfacet
 facet normal -3.813693e-01  9.207069e-01 -8.280266e-02
   outer loop
     vertex  1.341237e+02 -6.136224e+01  2.337085e+00
     vertex  1.341353e+02 -6.135852e+01  2.325000e+00
     vertex  1.340750e+02 -6.138349e+01  2.325000e+00
   endloop
 endfacet
 facet normal -1.505863e-01  9.873853e-01  4.892847e-02
   outer loop
     vertex  1.341237e+02 -6.136224e+01  2.337085e+00
     vertex  1.341312e+02 -6.136224e+01  2.360073e+00
     vertex  1.342000e+02 -6.135000e+01  2.325000e+00
   endloop
 endfacet
 facet normal -3.633438e-01  8.934726e-01  2.639847e-01
   outer loop
     vertex  1.340811e+02 -6.139775e+01  2.411373e+00
     vertex  1.341454e+02 -6.136224e+01  2.379627e+00
     vertex  1.341312e+02 -6.136224e+01  2.360073e+00
   endloop
 endfacet
 facet normal -3.277560e-01  8.860880e-01  3.277560e-01
   outer loop
     vertex  1.340811e+02 -6.139775e+01  2.411373e+00
     vertex  1.341136e+02 -6.139775e+01  2.443882e+00
     vertex  1.341454e+02 -6.136224e+01  2.379627e+00
   endloop
 endfacet
 facet normal -3.158130e-01  7.183926e-01  6.198179e-01
   outer loop
     vertex  1.341082e+02 -6.145305e+01  2.505210e+00
     vertex  1.341546e+02 -6.139775e+01  2.464754e+00
     vertex  1.341136e+02 -6.139775e+01  2.443882e+00
   endloop
 endfacet
 facet normal -2.234809e-01  6.906393e-01  6.878035e-01
   outer loop
     vertex  1.341082e+02 -6.145305e+01  2.505210e+00
     vertex  1.341684e+02 -6.145305e+01  2.524764e+00
     vertex  1.341546e+02 -6.139775e+01  2.464754e+00
   endloop
 endfacet
 facet normal -6.079649e-01  7.923153e-01  5.113740e-02
   outer loop
     vertex  1.340602e+02 -6.139775e+01  2.370409e+00
     vertex  1.340750e+02 -6.138349e+01  2.325000e+00
     vertex  1.340232e+02 -6.142322e+01  2.325000e+00
   endloop
 endfacet
 facet normal -4.129966e-01  8.860880e-01  2.104323e-01
   outer loop
     vertex  1.340602e+02 -6.139775e+01  2.370409e+00
     vertex  1.340811e+02 -6.139775e+01  2.411373e+00
     vertex  1.341312e+02 -6.136224e+01  2.360073e+00
   endloop
 endfacet
 facet normal -4.254495e-01  8.937292e-01  1.422701e-01
   outer loop
     vertex  1.340602e+02 -6.139775e+01  2.370409e+00
     vertex  1.341237e+02 -6.136224e+01  2.337085e+00
     vertex  1.340750e+02 -6.138349e+01  2.325000e+00
   endloop
 endfacet
 facet normal -4.271363e-01  8.934726e-01  1.387850e-01
   outer loop
     vertex  1.340602e+02 -6.139775e+01  2.370409e+00
     vertex  1.341312e+02 -6.136224e+01  2.360073e+00
     vertex  1.341237e+02 -6.136224e+01  2.337085e+00
   endloop
 endfacet
 facet normal -4.918903e-01  7.183926e-01  4.918903e-01
   outer loop
     vertex  1.340570e+02 -6.145305e+01  2.468015e+00
     vertex  1.341136e+02 -6.139775e+01  2.443882e+00
     vertex  1.340811e+02 -6.139775e+01  2.411373e+00
   endloop
 endfacet
 facet normal -4.250859e-01  6.906393e-01  5.850806e-01
   outer loop
     vertex  1.340570e+02 -6.145305e+01  2.468015e+00
     vertex  1.341082e+02 -6.145305e+01  2.505210e+00
     vertex  1.341136e+02 -6.139775e+01  2.443882e+00
   endloop
 endfacet
 facet normal -3.789776e-01  1.388294e-01  9.149330e-01
   outer loop
     vertex  1.341265e+02 -6.152275e+01  2.551127e+00
     vertex  1.340750e+02 -6.160000e+01  2.541506e+00
     vertex  1.341353e+02 -6.160000e+01  2.566481e+00
   endloop
 endfacet
 facet normal -1.266787e-01  3.796005e-01  9.164366e-01
   outer loop
     vertex  1.341265e+02 -6.152275e+01  2.551127e+00
     vertex  1.342000e+02 -6.153530e+01  2.566481e+00
     vertex  1.342000e+02 -6.147500e+01  2.541506e+00
   endloop
 endfacet
 facet normal -1.730632e-01  1.730632e-01  9.695866e-01
   outer loop
     vertex  1.341265e+02 -6.152275e+01  2.551127e+00
     vertex  1.341353e+02 -6.160000e+01  2.566481e+00
     vertex  1.342000e+02 -6.153530e+01  2.566481e+00
   endloop
 endfacet
 facet normal -1.666792e-01  4.348126e-01  8.849611e-01
   outer loop
     vertex  1.341265e+02 -6.152275e+01  2.551127e+00
     vertex  1.342000e+02 -6.147500e+01  2.541506e+00
     vertex  1.341684e+02 -6.145305e+01  2.524764e+00
   endloop
 endfacet
 facet normal -2.713074e-01  4.787173e-01  8.349982e-01
   outer loop
     vertex  1.341265e+02 -6.152275e+01  2.551127e+00
     vertex  1.341684e+02 -6.145305e+01  2.524764e+00
     vertex  1.341082e+02 -6.145305e+01  2.505210e+00
   endloop
 endfacet
 facet normal -6.198179e-01  7.183926e-01  3.158130e-01
   outer loop
     vertex  1.340198e+02 -6.145305e+01  2.416822e+00
     vertex  1.340811e+02 -6.139775e+01  2.411373e+00
     vertex  1.340602e+02 -6.139775e+01  2.370409e+00
   endloop
 endfacet
 facet normal -5.850806e-01  6.906393e-01  4.250859e-01
   outer loop
     vertex  1.340198e+02 -6.145305e+01  2.416822e+00
     vertex  1.340570e+02 -6.145305e+01  2.468015e+00
     vertex  1.340811e+02 -6.139775e+01  2.411373e+00
   endloop
 endfacet
 facet normal -6.035455e-01  1.306252e-01  7.865557e-01
   outer loop
     vertex  1.340602e+02 -6.152275e+01  2.517355e+00
     vertex  1.340232e+02 -6.160000e+01  2.501777e+00
     vertex  1.340750e+02 -6.160000e+01  2.541506e+00
   endloop
 endfacet
 facet normal -4.458601e-01  1.884053e-01  8.750498e-01
   outer loop
     vertex  1.340602e+02 -6.152275e+01  2.517355e+00
     vertex  1.340750e+02 -6.160000e+01  2.541506e+00
     vertex  1.341265e+02 -6.152275e+01  2.551127e+00
   endloop
 endfacet
 facet normal -5.160573e-01  4.787173e-01  7.102919e-01
   outer loop
     vertex  1.340602e+02 -6.152275e+01  2.517355e+00
     vertex  1.341082e+02 -6.145305e+01  2.505210e+00
     vertex  1.340570e+02 -6.145305e+01  2.468015e+00
   endloop
 endfacet
 facet normal -4.112636e-01  4.235220e-01  8.071502e-01
   outer loop
     vertex  1.340602e+02 -6.152275e+01  2.517355e+00
     vertex  1.341265e+02 -6.152275e+01  2.551127e+00
     vertex  1.341082e+02 -6.145305e+01  2.505210e+00
   endloop
 endfacet
 facet normal -7.933510e-01  6.087596e-01 -2.452567e-03
   outer loop
     vertex  1.340002e+02 -6.145305e+01  2.356640e+00
     vertex  1.340232e+02 -6.142322e+01  2.325000e+00
     vertex  1.339835e+02 -6.147500e+01  2.325000e+00
   endloop
 endfacet
 facet normal -6.878035e-01  6.906393e-01  2.234809e-01
   outer loop
     vertex  1.340002e+02 -6.145305e+01  2.356640e+00
     vertex  1.340198e+02 -6.145305e+01  2.416822e+00
     vertex  1.340602e+02 -6.139775e+01  2.370409e+00
   endloop
 endfacet
 facet normal -6.886300e-01  7.060144e-01  1.653254e-01
   outer loop
     vertex  1.340002e+02 -6.145305e+01  2.356640e+00
     vertex  1.340602e+02 -6.139775e+01  2.370409e+00
     vertex  1.340232e+02 -6.142322e+01  2.325000e+00
   endloop
 endfacet
 facet normal -7.865557e-01  1.306252e-01  6.035455e-01
   outer loop
     vertex  1.340076e+02 -6.152275e+01  2.464754e+00
     vertex  1.339835e+02 -6.160000e+01  2.450000e+00
     vertex  1.340232e+02 -6.160000e+01  2.501777e+00
   endloop
 endfacet
 facet normal -6.938677e-01  1.926010e-01  6.938677e-01
   outer loop
     vertex  1.340076e+02 -6.152275e+01  2.464754e+00
     vertex  1.340232e+02 -6.160000e+01  2.501777e+00
     vertex  1.340602e+02 -6.152275e+01  2.517355e+00
   endloop
 endfacet
 facet normal -7.102919e-01  4.787173e-01  5.160573e-01
   outer loop
     vertex  1.340076e+02 -6.152275e+01  2.464754e+00
     vertex  1.340570e+02 -6.145305e+01  2.468015e+00
     vertex  1.340198e+02 -6.145305e+01  2.416822e+00
   endloop
 endfacet
 facet normal -6.405580e-01  4.235220e-01  6.405580e-01
   outer loop
     vertex  1.340076e+02 -6.152275e+01  2.464754e+00
     vertex  1.340602e+02 -6.152275e+01  2.517355e+00
     vertex  1.340570e+02 -6.145305e+01  2.468015e+00
   endloop
 endfacet
 facet normal -9.149330e-01  1.388294e-01  3.789776e-01
   outer loop
     vertex  1.339739e+02 -6.152275e+01  2.398473e+00
     vertex  1.339585e+02 -6.160000e+01  2.389705e+00
     vertex  1.339835e+02 -6.160000e+01  2.450000e+00
   endloop
 endfacet
 facet normal -9.164366e-01  3.796005e-01  1.266787e-01
   outer loop
     vertex  1.339739e+02 -6.152275e+01  2.398473e+00
     vertex  1.339835e+02 -6.147500e+01  2.325000e+00
     vertex  1.339585e+02 -6.153530e+01  2.325000e+00
   endloop
 endfacet
 facet normal -9.695866e-01  1.730632e-01  1.730632e-01
   outer loop
     vertex  1.339739e+02 -6.152275e+01  2.398473e+00
     vertex  1.339585e+02 -6.153530e+01  2.325000e+00
     vertex  1.339585e+02 -6.160000e+01  2.389705e+00
   endloop
 endfacet
 facet normal -8.750498e-01  1.884053e-01  4.458601e-01
   outer loop
     vertex  1.339739e+02 -6.152275e+01  2.398473e+00
     vertex  1.339835e+02 -6.160000e+01  2.450000e+00
     vertex  1.340076e+02 -6.152275e+01  2.464754e+00
   endloop
 endfacet
 facet normal -8.849611e-01  4.348126e-01  1.666792e-01
   outer loop
     vertex  1.339739e+02 -6.152275e+01  2.398473e+00
     vertex  1.340002e+02 -6.145305e+01  2.356640e+00
     vertex  1.339835e+02 -6.147500e+01  2.325000e+00
   endloop
 endfacet
 facet normal -8.349982e-01  4.787173e-01  2.713074e-01
   outer loop
     vertex  1.339739e+02 -6.152275e+01  2.398473e+00
     vertex  1.340198e+02 -6.145305e+01  2.416822e+00
     vertex  1.340002e+02 -6.145305e+01  2.356640e+00
   endloop
 endfacet
 facet normal -8.071502e-01  4.235220e-01  4.112636e-01
   outer loop
     vertex  1.339739e+02 -6.152275e+01  2.398473e+00
     vertex  1.340076e+02 -6.152275e+01  2.464754e+00
     vertex  1.340198e+02 -6.145305e+01  2.416822e+00
   endloop
 endfacet
 facet normal  1.294283e-01  9.831056e-01  1.294283e-01
   outer loop
     vertex  1.368647e+02 -6.135852e+01  2.325000e+00
     vertex  1.368000e+02 -6.135000e+01  2.325000e+00
     vertex  1.368000e+02 -6.135852e+01  2.389705e+00
   endloop
 endfacet
 facet normal  9.831056e-01  1.294283e-01  1.294283e-01
   outer loop
     vertex  1.370500e+02 -6.160000e+01  2.325000e+00
     vertex  1.370415e+02 -6.153530e+01  2.325000e+00
     vertex  1.370415e+02 -6.160000e+01  2.389705e+00
   endloop
 endfacet
 facet normal  1.768607e-01  1.284686e-01  9.758156e-01
   outer loop
     vertex  1.368121e+02 -6.152370e+01  2.562764e+00
     vertex  1.368000e+02 -6.153530e+01  2.566481e+00
     vertex  1.368000e+02 -6.160000e+01  2.575000e+00
   endloop
 endfacet
 facet normal -8.280266e-02  3.813693e-01  9.207069e-01
   outer loop
     vertex  1.368121e+02 -6.152370e+01  2.562764e+00
     vertex  1.368000e+02 -6.147500e+01  2.541506e+00
     vertex  1.368000e+02 -6.153530e+01  2.566481e+00
   endloop
 endfacet
 facet normal  4.892847e-02  1.505863e-01  9.873853e-01
   outer loop
     vertex  1.368351e+02 -6.153117e+01  2.562764e+00
     vertex  1.368121e+02 -6.152370e+01  2.562764e+00
     vertex  1.368000e+02 -6.160000e+01  2.575000e+00
   endloop
 endfacet
 facet normal  0.000000e+00  0.000000e+00  0.000000e+00
   outer loop
     vertex  1.368546e+02 -6.154537e+01  2.562764e+00
     vertex  1.368000e+02 -6.160000e+01  2.575000e+00
     vertex  1.368000e+02 -6.160000e+01  2.575000e+00
   endloop
 endfacet
 facet normal  9.306748e-02  1.280964e-01  9.873853e-01
   outer loop
     vertex  1.368546e+02 -6.154537e+01  2.562764e+00
     vertex  1.368351e+02 -6.153117e+01  2.562764e+00
     vertex  1.368000e+02 -6.160000e+01  2.575000e+00
   endloop
 endfacet
 facet normal  5.113740e-02  6.079649e-01  7.923153e-01
   outer loop
     vertex  1.368454e+02 -6.146025e+01  2.527254e+00
     vertex  1.368000e+02 -6.142322e+01  2.501777e+00
     vertex  1.368000e+02 -6.147500e+01  2.541506e+00
   endloop
 endfacet
 facet normal  1.387850e-01  4.271363e-01  8.934726e-01
   outer loop
     vertex  1.368454e+02 -6.146025e+01  2.527254e+00
     vertex  1.368121e+02 -6.152370e+01  2.562764e+00
     vertex  1.368351e+02 -6.153117e+01  2.562764e+00
   endloop
 endfacet
 facet normal  1.422701e-01  4.254495e-01  8.937292e-01
   outer loop
     vertex  1.368454e+02 -6.146025e+01  2.527254e+00
     vertex  1.368000e+02 -6.147500e+01  2.541506e+00
     vertex  1.368121e+02 -6.152370e+01  2.562764e+00
   endloop
 endfacet
 facet normal  1.280964e-01  9.306748e-02  9.873853e-01
   outer loop
     vertex  1.368688e+02 -6.156493e+01  2.562764e+00
     vertex  1.368546e+02 -6.154537e+01  2.562764e+00
     vertex  1.368000e+02 -6.160000e+01  2.575000e+00
   endloop
 endfacet
 facet normal  2.639847e-01  3.633438e-01  8.934726e-01
   outer loop
     vertex  1.368864e+02 -6.148112e+01  2.527254e+00
     vertex  1.368351e+02 -6.153117e+01  2.562764e+00
     vertex  1.368546e+02 -6.154537e+01  2.562764e+00
   endloop
 endfacet
 facet normal  2.104323e-01  4.129966e-01  8.860880e-01
   outer loop
     vertex  1.368864e+02 -6.148112e+01  2.527254e+00
     vertex  1.368454e+02 -6.146025e+01  2.527254e+00
     vertex  1.368351e+02 -6.153117e+01  2.562764e+00
   endloop
 endfacet
 facet normal -2.452567e-03  7.933510e-01  6.087596e-01
   outer loop
     vertex  1.368316e+02 -6.140024e+01  2.471946e+00
     vertex  1.368000e+02 -6.138349e+01  2.450000e+00
     vertex  1.368000e+02 -6.142322e+01  2.501777e+00
   endloop
 endfacet
 facet normal  1.653254e-01  6.886300e-01  7.060144e-01
   outer loop
     vertex  1.368316e+02 -6.140024e+01  2.471946e+00
     vertex  1.368000e+02 -6.142322e+01  2.501777e+00
     vertex  1.368454e+02 -6.146025e+01  2.527254e+00
   endloop
 endfacet
 facet normal  1.284686e-01  1.768607e-01  9.758156e-01
   outer loop
     vertex  1.368763e+02 -6.158791e+01  2.562764e+00
     vertex  1.368000e+02 -6.160000e+01  2.575000e+00
     vertex  1.368647e+02 -6.160000e+01  2.566481e+00
   endloop
 endfacet
 facet normal  3.813693e-01 -8.280266e-02  9.207069e-01
   outer loop
     vertex  1.368763e+02 -6.158791e+01  2.562764e+00
     vertex  1.368647e+02 -6.160000e+01  2.566481e+00
     vertex  1.369250e+02 -6.160000e+01  2.541506e+00
   endloop
 endfacet
 facet normal  1.505863e-01  4.892847e-02  9.873853e-01
   outer loop
     vertex  1.368763e+02 -6.158791e+01  2.562764e+00
     vertex  1.368688e+02 -6.156493e+01  2.562764e+00
     vertex  1.368000e+02 -6.160000e+01  2.575000e+00
   endloop
 endfacet
 facet normal  3.633438e-01  2.639847e-01  8.934726e-01
   outer loop
     vertex  1.369189e+02 -6.151363e+01  2.527254e+00
     vertex  1.368546e+02 -6.154537e+01  2.562764e+00
     vertex  1.368688e+02 -6.156493e+01  2.562764e+00
   endloop
 endfacet
 facet normal  3.277560e-01  3.277560e-01  8.860880e-01
   outer loop
     vertex  1.369189e+02 -6.151363e+01  2.527254e+00
     vertex  1.368864e+02 -6.148112e+01  2.527254e+00
     vertex  1.368546e+02 -6.154537e+01  2.562764e+00
   endloop
 endfacet
 facet normal  3.158130e-01  6.198179e-01  7.183926e-01
   outer loop
     vertex  1.368918e+02 -6.141979e+01  2.471946e+00
     vertex  1.368454e+02 -6.146025e+01  2.527254e+00
     vertex  1.368864e+02 -6.148112e+01  2.527254e+00
   endloop
 endfacet
 facet normal  2.234809e-01  6.878035e-01  6.906393e-01
   outer loop
     vertex  1.368918e+02 -6.141979e+01  2.471946e+00
     vertex  1.368316e+02 -6.140024e+01  2.471946e+00
     vertex  1.368454e+02 -6.146025e+01  2.527254e+00
   endloop
 endfacet
 facet normal  6.079649e-01  5.113740e-02  7.923153e-01
   outer loop
     vertex  1.369398e+02 -6.155459e+01  2.527254e+00
     vertex  1.369250e+02 -6.160000e+01  2.541506e+00
     vertex  1.369768e+02 -6.160000e+01  2.501777e+00
   endloop
 endfacet
 facet normal  4.129966e-01  2.104323e-01  8.860880e-01
   outer loop
     vertex  1.369398e+02 -6.155459e+01  2.527254e+00
     vertex  1.369189e+02 -6.151363e+01  2.527254e+00
     vertex  1.368688e+02 -6.156493e+01  2.562764e+00
   endloop
 endfacet
 facet normal  4.254495e-01  1.422701e-01  8.937292e-01
   outer loop
     vertex  1.369398e+02 -6.155459e+01  2.527254e+00
     vertex  1.368763e+02 -6.158791e+01  2.562764e+00
     vertex  1.369250e+02 -6.160000e+01  2.541506e+00
   endloop
 endfacet
 facet normal  4.271363e-01  1.387850e-01  8.934726e-01
   outer loop
     vertex  1.369398e+02 -6.155459e+01  2.527254e+00
     vertex  1.368688e+02 -6.156493e+01  2.562764e+00
     vertex  1.368763e+02 -6.158791e+01  2.562764e+00
   endloop
 endfacet
 facet normal  4.918903e-01  4.918903e-01  7.183926e-01
   outer loop
     vertex  1.369430e+02 -6.145698e+01  2.471946e+00
     vertex  1.368864e+02 -6.148112e+01  2.527254e+00
     vertex  1.369189e+02 -6.151363e+01  2.527254e+00
   endloop
 endfacet
 facet normal  4.250859e-01  5.850806e-01  6.906393e-01
   outer loop
     vertex  1.369430e+02 -6.145698e+01  2.471946e+00
     vertex  1.368918e+02 -6.141979e+01  2.471946e+00
     vertex  1.368864e+02 -6.148112e+01  2.527254e+00
   endloop
 endfacet
 facet normal  3.789776e-01  9.149330e-01  1.388294e-01
   outer loop
     vertex  1.368735e+02 -6.137387e+01  2.402254e+00
     vertex  1.369250e+02 -6.138349e+01  2.325000e+00
     vertex  1.368647e+02 -6.135852e+01  2.325000e+00
   endloop
 endfacet
 facet normal  1.266787e-01  9.164366e-01  3.796005e-01
   outer loop
     vertex  1.368735e+02 -6.137387e+01  2.402254e+00
     vertex  1.368000e+02 -6.135852e+01  2.389705e+00
     vertex  1.368000e+02 -6.138349e+01  2.450000e+00
   endloop
 endfacet
 facet normal  1.730632e-01  9.695866e-01  1.730632e-01
   outer loop
     vertex  1.368735e+02 -6.137387e+01  2.402254e+00
     vertex  1.368647e+02 -6.135852e+01  2.325000e+00
     vertex  1.368000e+02 -6.135852e+01  2.389705e+00
   endloop
 endfacet
 facet normal  1.666792e-01  8.849611e-01  4.348126e-01
   outer loop
     vertex  1.368735e+02 -6.137387e+01  2.402254e+00
     vertex  1.368000e+02 -6.138349e+01  2.450000e+00
     vertex  1.368316e+02 -6.140024e+01  2.471946e+00
   endloop
 endfacet
 facet normal  2.713074e-01  8.349982e-01  4.787173e-01
   outer loop
     vertex  1.368735e+02 -6.137387e+01  2.402254e+00
     vertex  1.368316e+02 -6.140024e+01  2.471946e+00
     vertex  1.368918e+02 -6.141979e+01  2.471946e+00
   endloop
 endfacet
 facet normal  6.198179e-01  3.158130e-01  7.183926e-01
   outer loop
     vertex  1.369802e+02 -6.150818e+01  2.471946e+00
     vertex  1.369189e+02 -6.151363e+01  2.527254e+00
     vertex  1.369398e+02 -6.155459e+01  2.527254e+00
   endloop
 endfacet
 facet normal  5.850806e-01  4.250859e-01  6.906393e-01
   outer loop
     vertex  1.369802e+02 -6.150818e+01  2.471946e+00
     vertex  1.369430e+02 -6.145698e+01  2.471946e+00
     vertex  1.369189e+02 -6.151363e+01  2.527254e+00
   endloop
 endfacet
 facet normal  6.035455e-01  7.865557e-01  1.306252e-01
   outer loop
     vertex  1.369398e+02 -6.140764e+01  2.402254e+00
     vertex  1.369768e+02 -6.142322e+01  2.325000e+00
     vertex  1.369250e+02 -6.138349e+01  2.325000e+00
   endloop
 endfacet
 facet normal  4.458601e-01  8.750498e-01  1.884053e-01
   outer loop
     vertex  1.369398e+02 -6.140764e+01  2.402254e+00
     vertex  1.369250e+02 -6.138349e+01  2.325000e+00
     vertex  1.368735e+02 -6.137387e+01  2.402254e+00
   endloop
 endfacet
 facet normal  5.160573e-01  7.102919e-01  4.787173e-01
   outer loop
     vertex  1.369398e+02 -6.140764e+01  2.402254e+00
     vertex  1.368918e+02 -6.141979e+01  2.471946e+00
     vertex  1.369430e+02 -6.145698e+01  2.471946e+00
   endloop
 endfacet
 facet normal  4.112636e-01  8.071502e-01  4.235220e-01
   outer loop
     vertex  1.369398e+02 -6.140764e+01  2.402254e+00
     vertex  1.368735e+02 -6.137387e+01  2.402254e+00
     vertex  1.368918e+02 -6.141979e+01  2.471946e+00
   endloop
 endfacet
 facet normal  7.933510e-01 -2.452567e-03  6.087596e-01
   outer loop
     vertex  1.369998e+02 -6.156836e+01  2.471946e+00
     vertex  1.369768e+02 -6.160000e+01  2.501777e+00
     vertex  1.370165e+02 -6.160000e+01  2.450000e+00
   endloop
 endfacet
 facet normal  6.878035e-01  2.234809e-01  6.906393e-01
   outer loop
     vertex  1.369998e+02 -6.156836e+01  2.471946e+00
     vertex  1.369802e+02 -6.150818e+01  2.471946e+00
     vertex  1.369398e+02 -6.155459e+01  2.527254e+00
   endloop
 endfacet
 facet normal  6.886300e-01  1.653254e-01  7.060144e-01
   outer loop
     vertex  1.369998e+02 -6.156836e+01  2.471946e+00
     vertex  1.369398e+02 -6.155459e+01  2.527254e+00
     vertex  1.369768e+02 -6.160000e+01  2.501777e+00
   endloop
 endfacet
 facet normal  7.865557e-01  6.035455e-01  1.306252e-01
   outer loop
     vertex  1.369924e+02 -6.146025e+01  2.402254e+00
     vertex  1.370165e+02 -6.147500e+01  2.325000e+00
     vertex  1.369768e+02 -6.142322e+01  2.325000e+00
   endloop
 endfacet
 facet normal  6.938677e-01  6.938677e-01  1.926010e-01
   outer loop
     vertex  1.369924e+02 -6.146025e+01  2.402254e+00
     vertex  1.369768e+02 -6.142322e+01  2.325000e+00
     vertex  1.369398e+02 -6.140764e+01  2.402254e+00
   endloop
 endfacet
 facet normal  7.102919e-01  5.160573e-01  4.787173e-01
   outer loop
     vertex  1.369924e+02 -6.146025e+01  2.402254e+00
     vertex  1.369430e+02 -6.145698e+01  2.471946e+00
     vertex  1.369802e+02 -6.150818e+01  2.471946e+00
   endloop
 endfacet
 facet normal  6.405580e-01  6.405580e-01  4.235220e-01
   outer loop
     vertex  1.369924e+02 -6.146025e+01  2.402254e+00
     vertex  1.369398e+02 -6.140764e+01  2.402254e+00
     vertex  1.369430e+02 -6.145698e+01  2.471946e+00
   endloop
 endfacet
 facet normal  9.149330e-01  3.789776e-01  1.388294e-01
   outer loop
     vertex  1.370261e+02 -6.152653e+01  2.402254e+00
     vertex  1.370415e+02 -6.153530e+01  2.325000e+00
     vertex  1.370165e+02 -6.147500e+01  2.325000e+00
   endloop
 endfacet
 facet normal  9.164366e-01  1.266787e-01  3.796005e-01
   outer loop
     vertex  1.370261e+02 -6.152653e+01  2.402254e+00
     vertex  1.370165e+02 -6.160000e+01  2.450000e+00
     vertex  1.370415e+02 -6.160000e+01  2.389705e+00
   endloop
 endfacet
 facet normal  9.695866e-01  1.730632e-01  1.730632e-01
   outer loop
     vertex  1.370261e+02 -6.152653e+01  2.402254e+00
     vertex  1.370415e+02 -6.160000e+01  2.389705e+00
     vertex  1.370415e+02 -6.153530e+01  2.325000e+00
   endloop
 endfacet
 facet normal  8.750498e-01  4.458601e-01  1.884053e-01
   outer loop
     vertex  1.370261e+02 -6.152653e+01  2.402254e+00
     vertex  1.370165e+02 -6.147500e+01  2.325000e+00
     vertex  1.369924e+02 -6.146025e+01  2.402254e+00
   endloop
 endfacet
 facet normal  8.849611e-01  1.666792e-01  4.348126e-01
   outer loop
     vertex  1.370261e+02 -6.152653e+01  2.402254e+00
     vertex  1.369998e+02 -6.156836e+01  2.471946e+00
     vertex  1.370165e+02 -6.160000e+01  2.450000e+00
   endloop
 endfacet
 facet normal  8.349982e-01  2.713074e-01  4.787173e-01
   outer loop
     vertex  1.370261e+02 -6.152653e+01  2.402254e+00
     vertex  1.369802e+02 -6.150818e+01  2.471946e+00
     vertex  1.369998e+02 -6.156836e+01  2.471946e+00
   endloop
 endfacet
 facet normal  8.071502e-01  4.112636e-01  4.235220e-01
   outer loop
     vertex  1.370261e+02 -6.152653e+01  2.402254e+00
     vertex  1.369924e+02 -6.146025e+01  2.402254e+00
     vertex  1.369802e+02 -6.150818e+01  2.471946e+00
   endloop
 endfacet
 facet normal -9.914449e-01  3.220293e-17  1.305262e-01
   outer loop
     vertex  1.339585e+02 -6.160000e+01  2.389705e+00
     vertex  1.339500e+02 -6.340000e+01  2.325000e+00
     vertex  1.339585e+02 -6.340000e+01  2.389705e+00
   endloop
 endfacet
 facet normal -9.914449e-01  0.000000e+00  1.305262e-01
   outer loop
     vertex  1.339585e+02 -6.160000e+01  2.389705e+00
     vertex  1.339500e+02 -6.160000e+01  2.325000e+00
     vertex  1.339500e+02 -6.340000e+01  2.325000e+00
   endloop
 endfacet
 facet normal -9.238795e-01  0.000000e+00  3.826834e-01
   outer loop
     vertex  1.339835e+02 -6.160000e+01  2.450000e+00
     vertex  1.339585e+02 -6.340000e+01  2.389705e+00
     vertex  1.339835e+02 -6.340000e+01  2.450000e+00
   endloop
 endfacet
 facet normal -9.238795e-01  9.413915e-17  3.826834e-01
   outer loop
     vertex  1.339835e+02 -6.160000e+01  2.450000e+00
     vertex  1.339585e+02 -6.160000e+01  2.389705e+00
     vertex  1.339585e+02 -6.340000e+01  2.389705e+00
   endloop
 endfacet
 facet normal -7.933533e-01  1.501913e-16  6.087614e-01
   outer loop
     vertex  1.340232e+02 -6.160000e+01  2.501777e+00
     vertex  1.339835e+02 -6.340000e+01  2.450000e+00
     vertex  1.340232e+02 -6.340000e+01  2.501777e+00
   endloop
 endfacet
 facet normal -7.933533e-01  0.000000e+00  6.087614e-01
   outer loop
     vertex  1.340232e+02 -6.160000e+01  2.501777e+00
     vertex  1.339835e+02 -6.160000e+01  2.450000e+00
     vertex  1.339835e+02 -6.340000e+01  2.450000e+00
   endloop
 endfacet
 facet normal -6.087614e-01  0.000000e+00  7.933533e-01
   outer loop
     vertex  1.340750e+02 -6.160000e+01  2.541506e+00
     vertex  1.340232e+02 -6.340000e+01  2.501777e+00
     vertex  1.340750e+02 -6.340000e+01  2.541506e+00
   endloop
 endfacet
 facet normal -6.087614e-01  1.993535e-16  7.933533e-01
   outer loop
     vertex  1.340750e+02 -6.160000e+01  2.541506e+00
     vertex  1.340232e+02 -6.160000e+01  2.501777e+00
     vertex  1.340232e+02 -6.340000e+01  2.501777e+00
   endloop
 endfacet
 facet normal -3.826834e-01  0.000000e+00  9.238795e-01
   outer loop
     vertex  1.341353e+02 -6.160000e+01  2.566481e+00
     vertex  1.340750e+02 -6.340000e+01  2.541506e+00
     vertex  1.341353e+02 -6.340000e+01  2.566481e+00
   endloop
 endfacet
 facet normal -3.826834e-01  0.000000e+00  9.238795e-01
   outer loop
     vertex  1.341353e+02 -6.160000e+01  2.566481e+00
     vertex  1.340750e+02 -6.160000e+01  2.541506e+00
     vertex  1.340750e+02 -6.340000e+01  2.541506e+00
   endloop
 endfacet
 facet normal -1.305262e-01  0.000000e+00  9.914449e-01
   outer loop
     vertex  1.342000e+02 -6.160000e+01  2.575000e+00
     vertex  1.341353e+02 -6.340000e+01  2.566481e+00
     vertex  1.342000e+02 -6.340000e+01  2.575000e+00
   endloop
 endfacet
 facet normal -1.305262e-01  0.000000e+00  9.914449e-01
   outer loop
     vertex  1.342000e+02 -6.160000e+01  2.575000e+00
     vertex  1.341353e+02 -6.160000e+01  2.566481e+00
     vertex  1.341353e+02 -6.340000e+01  2.566481e+00
   endloop
 endfacet
 facet normal  9.914449e-01 -3.220293e-17  1.305262e-01
   outer loop
     vertex  1.370415e+02 -6.340000e+01  2.389705e+00
     vertex  1.370500e+02 -6.160000e+01  2.325000e+00
     vertex  1.370415e+02 -6.160000e+01  2.389705e+00
   endloop
 endfacet
 facet normal  9.914449e-01  0.000000e+00  1.305262e-01
   outer loop
     vertex  1.370415e+02 -6.340000e+01  2.389705e+00
     vertex  1.370500e+02 -6.340000e+01  2.325000e+00
     vertex  1.370500e+02 -6.160000e+01  2.325000e+00
   endloop
 endfacet
 facet normal  9.238795e-01 -9.441421e-17  3.826834e-01
   outer loop
     vertex  1.370165e+02 -6.340000e+01  2.450000e+00
     vertex  1.370415e+02 -6.160000e+01  2.389705e+00
     vertex  1.370165e+02 -6.160000e+01  2.450000e+00
   endloop
 endfacet
 facet normal  9.238795e-01 -9.413915e-17  3.826834e-01
   outer loop
     vertex  1.370165e+02 -6.340000e+01  2.450000e+00
     vertex  1.370415e+02 -6.340000e+01  2.389705e+00
     vertex  1.370415e+02 -6.160000e+01  2.389705e+00
   endloop
 endfacet
 facet normal  7.933533e-01 -1.501913e-16  6.087614e-01
   outer loop
     vertex  1.369768e+02 -6.340000e+01  2.501777e+00
     vertex  1.370165e+02 -6.160000e+01  2.450000e+00
     vertex  1.369768e+02 -6.160000e+01  2.501777e+00
   endloop
 endfacet
 facet normal  7.933533e-01 -1.513610e-16  6.087614e-01
   outer loop
     vertex  1.369768e+02 -6.340000e+01  2.501777e+00
     vertex  1.370165e+02 -6.340000e+01  2.450000e+00
     vertex  1.370165e+02 -6.160000e+01  2.450000e+00
   endloop
 endfacet
 facet normal  6.087614e-01 -0.000000e+00  7.933533e-01
   outer loop
     vertex  1.369250e+02 -6.340000e+01  2.541506e+00
     vertex  1.369768e+02 -6.160000e+01  2.501777e+00
     vertex  1.369250e+02 -6.160000e+01  2.541506e+00
   endloop
 endfacet
 facet normal  6.087614e-01 -1.993535e-16  7.933533e-01
   outer loop
     vertex  1.369250e+02 -6.340000e+01  2.541506e+00
     vertex  1.369768e+02 -6.340000e+01  2.501777e+00
     vertex  1.369768e+02 -6.160000e+01  2.501777e+00
   endloop
 endfacet
 facet normal  3.826834e-01 -2.279361e-16  9.238795e-01
   outer loop
     vertex  1.368647e+02 -6.340000e+01  2.566481e+00
     vertex  1.369250e+02 -6.160000e+01  2.541506e+00
     vertex  1.368647e+02 -6.160000e+01  2.566481e+00
   endloop
 endfacet
 facet normal  3.826834e-01  0.000000e+00  9.238795e-01
   outer loop
     vertex  1.368647e+02 -6.340000e+01  2.566481e+00
     vertex  1.369250e+02 -6.340000e+01  2.541506e+00
     vertex  1.369250e+02 -6.160000e+01  2.541506e+00
   endloop
 endfacet
 facet normal  1.305262e-01 -0.000000e+00  9.914449e-01
   outer loop
     vertex  1.368000e+02 -6.340000e+01  2.575000e+00
     vertex  1.368647e+02 -6.160000e+01  2.566481e+00
     vertex  1.368000e+02 -6.160000e+01  2.575000e+00
   endloop
 endfacet
 facet normal  1.305262e-01 -2.445772e-16  9.914449e-01
   outer loop
     vertex  1.368000e+02 -6.340000e+01  2.575000e+00
     vertex  1.368647e+02 -6.340000e+01  2.566481e+00
     vertex  1.368647e+02 -6.160000e+01  2.566481e+00
   endloop
 endfacet
 facet normal -1.294283e-01 -9.831056e-01  1.294283e-01
   outer loop
     vertex  1.341353e+02 -6.364148e+01  2.325000e+00
     vertex  1.342000e+02 -6.365000e+01  2.325000e+00
     vertex  1.342000e+02 -6.364148e+01  2.389705e+00
   endloop
 endfacet
 facet normal -9.831056e-01 -1.294283e-01  1.294283e-01
   outer loop
     vertex  1.339500e+02 -6.340000e+01  2.325000e+00
     vertex  1.339585e+02 -6.346470e+01  2.325000e+00
     vertex  1.339585e+02 -6.340000e+01  2.389705e+00
   endloop
 endfacet
 facet normal -1.768607e-01 -1.284686e-01  9.758156e-01
   outer loop
     vertex  1.341879e+02 -6.347630e+01  2.562764e+00
     vertex  1.342000e+02 -6.346470e+01  2.566481e+00
     vertex  1.342000e+02 -6.340000e+01  2.575000e+00
   endloop
 endfacet
 facet normal  8.280266e-02 -3.813693e-01  9.207069e-01
   outer loop
     vertex  1.341879e+02 -6.347630e+01  2.562764e+00
     vertex  1.342000e+02 -6.352500e+01  2.541506e+00
     vertex  1.342000e+02 -6.346470e+01  2.566481e+00
   endloop
 endfacet
 facet normal -4.892847e-02 -1.505863e-01  9.873853e-01
   outer loop
     vertex  1.341649e+02 -6.346883e+01  2.562764e+00
     vertex  1.341879e+02 -6.347630e+01  2.562764e+00
     vertex  1.342000e+02 -6.340000e+01  2.575000e+00
   endloop
 endfacet
 facet normal  0.000000e+00  0.000000e+00  0.000000e+00
   outer loop
     vertex  1.341454e+02 -6.345463e+01  2.562764e+00
     vertex  1.342000e+02 -6.340000e+01  2.575000e+00
     vertex  1.342000e+02 -6.340000e+01  2.575000e+00
   endloop
 endfacet
 facet normal -9.306748e-02 -1.280964e-01  9.873853e-01
   outer loop
     vertex  1.341454e+02 -6.345463e+01  2.562764e+00
     vertex  1.341649e+02 -6.346883e+01  2.562764e+00
     vertex  1.342000e+02 -6.340000e+01  2.575000e+00
   endloop
 endfacet
 facet normal -5.113740e-02 -6.079649e-01  7.923153e-01
   outer loop
     vertex  1.341546e+02 -6.353975e+01  2.527254e+00
     vertex  1.342000e+02 -6.357678e+01  2.501777e+00
     vertex  1.342000e+02 -6.352500e+01  2.541506e+00
   endloop
 endfacet
 facet normal -1.422701e-01 -4.254495e-01  8.937292e-01
   outer loop
     vertex  1.341546e+02 -6.353975e+01  2.527254e+00
     vertex  1.342000e+02 -6.352500e+01  2.541506e+00
     vertex  1.341879e+02 -6.347630e+01  2.562764e+00
   endloop
 endfacet
 facet normal -1.387850e-01 -4.271363e-01  8.934726e-01
   outer loop
     vertex  1.341546e+02 -6.353975e+01  2.527254e+00
     vertex  1.341879e+02 -6.347630e+01  2.562764e+00
     vertex  1.341649e+02 -6.346883e+01  2.562764e+00
   endloop
 endfacet
 facet normal -1.280964e-01 -9.306748e-02  9.873853e-01
   outer loop
     vertex  1.341312e+02 -6.343507e+01  2.562764e+00
     vertex  1.341454e+02 -6.345463e+01  2.562764e+00
     vertex  1.342000e+02 -6.340000e+01  2.575000e+00
   endloop
 endfacet
 facet normal -2.639847e-01 -3.633438e-01  8.934726e-01
   outer loop
     vertex  1.341136e+02 -6.351888e+01  2.527254e+00
     vertex  1.341649e+02 -6.346883e+01  2.562764e+00
     vertex  1.341454e+02 -6.345463e+01  2.562764e+00
   endloop
 endfacet
 facet normal -2.104323e-01 -4.129966e-01  8.860880e-01
   outer loop
     vertex  1.341136e+02 -6.351888e+01  2.527254e+00
     vertex  1.341546e+02 -6.353975e+01  2.527254e+00
     vertex  1.341649e+02 -6.346883e+01  2.562764e+00
   endloop
 endfacet
 facet normal  2.452567e-03 -7.933510e-01  6.087596e-01
   outer loop
     vertex  1.341684e+02 -6.359976e+01  2.471946e+00
     vertex  1.342000e+02 -6.361651e+01  2.450000e+00
     vertex  1.342000e+02 -6.357678e+01  2.501777e+00
   endloop
 endfacet
 facet normal -1.653254e-01 -6.886300e-01  7.060144e-01
   outer loop
     vertex  1.341684e+02 -6.359976e+01  2.471946e+00
     vertex  1.342000e+02 -6.357678e+01  2.501777e+00
     vertex  1.341546e+02 -6.353975e+01  2.527254e+00
   endloop
 endfacet
 facet normal -1.284686e-01 -1.768607e-01  9.758156e-01
   outer loop
     vertex  1.341237e+02 -6.341209e+01  2.562764e+00
     vertex  1.342000e+02 -6.340000e+01  2.575000e+00
     vertex  1.341353e+02 -6.340000e+01  2.566481e+00
   endloop
 endfacet
 facet normal -3.813693e-01  8.280266e-02  9.207069e-01
   outer loop
     vertex  1.341237e+02 -6.341209e+01  2.562764e+00
     vertex  1.341353e+02 -6.340000e+01  2.566481e+00
     vertex  1.340750e+02 -6.340000e+01  2.541506e+00
   endloop
 endfacet
 facet normal -1.505863e-01 -4.892847e-02  9.873853e-01
   outer loop
     vertex  1.341237e+02 -6.341209e+01  2.562764e+00
     vertex  1.341312e+02 -6.343507e+01  2.562764e+00
     vertex  1.342000e+02 -6.340000e+01  2.575000e+00
   endloop
 endfacet
 facet normal -3.277560e-01 -3.277560e-01  8.860880e-01
   outer loop
     vertex  1.340811e+02 -6.348637e+01  2.527254e+00
     vertex  1.341136e+02 -6.351888e+01  2.527254e+00
     vertex  1.341454e+02 -6.345463e+01  2.562764e+00
   endloop
 endfacet
 facet normal -3.633438e-01 -2.639847e-01  8.934726e-01
   outer loop
     vertex  1.340811e+02 -6.348637e+01  2.527254e+00
     vertex  1.341454e+02 -6.345463e+01  2.562764e+00
     vertex  1.341312e+02 -6.343507e+01  2.562764e+00
   endloop
 endfacet
 facet normal -3.158130e-01 -6.198179e-01  7.183926e-01
   outer loop
     vertex  1.341082e+02 -6.358021e+01  2.471946e+00
     vertex  1.341546e+02 -6.353975e+01  2.527254e+00
     vertex  1.341136e+02 -6.351888e+01  2.527254e+00
   endloop
 endfacet
 facet normal -2.234809e-01 -6.878035e-01  6.906393e-01
   outer loop
     vertex  1.341082e+02 -6.358021e+01  2.471946e+00
     vertex  1.341684e+02 -6.359976e+01  2.471946e+00
     vertex  1.341546e+02 -6.353975e+01  2.527254e+00
   endloop
 endfacet
 facet normal -6.079649e-01 -5.113740e-02  7.923153e-01
   outer loop
     vertex  1.340602e+02 -6.344541e+01  2.527254e+00
     vertex  1.340750e+02 -6.340000e+01  2.541506e+00
     vertex  1.340232e+02 -6.340000e+01  2.501777e+00
   endloop
 endfacet
 facet normal -4.254495e-01 -1.422701e-01  8.937292e-01
   outer loop
     vertex  1.340602e+02 -6.344541e+01  2.527254e+00
     vertex  1.341237e+02 -6.341209e+01  2.562764e+00
     vertex  1.340750e+02 -6.340000e+01  2.541506e+00
   endloop
 endfacet
 facet normal -4.129966e-01 -2.104323e-01  8.860880e-01
   outer loop
     vertex  1.340602e+02 -6.344541e+01  2.527254e+00
     vertex  1.340811e+02 -6.348637e+01  2.527254e+00
     vertex  1.341312e+02 -6.343507e+01  2.562764e+00
   endloop
 endfacet
 facet normal -4.271363e-01 -1.387850e-01  8.934726e-01
   outer loop
     vertex  1.340602e+02 -6.344541e+01  2.527254e+00
     vertex  1.341312e+02 -6.343507e+01  2.562764e+00
     vertex  1.341237e+02 -6.341209e+01  2.562764e+00
   endloop
 endfacet
 facet normal -4.918903e-01 -4.918903e-01  7.183926e-01
   outer loop
     vertex  1.340570e+02 -6.354302e+01  2.471946e+00
     vertex  1.341136e+02 -6.351888e+01  2.527254e+00
     vertex  1.340811e+02 -6.348637e+01  2.527254e+00
   endloop
 endfacet
 facet normal -4.250859e-01 -5.850806e-01  6.906393e-01
   outer loop
     vertex  1.340570e+02 -6.354302e+01  2.471946e+00
     vertex  1.341082e+02 -6.358021e+01  2.471946e+00
     vertex  1.341136e+02 -6.351888e+01  2.527254e+00
   endloop
 endfacet
 facet normal -1.266787e-01 -9.164366e-01  3.796005e-01
   outer loop
     vertex  1.341265e+02 -6.362613e+01  2.402254e+00
     vertex  1.342000e+02 -6.364148e+01  2.389705e+00
     vertex  1.342000e+02 -6.361651e+01  2.450000e+00
   endloop
 endfacet
 facet normal -3.789776e-01 -9.149330e-01  1.388294e-01
   outer loop
     vertex  1.341265e+02 -6.362613e+01  2.402254e+00
     vertex  1.340750e+02 -6.361651e+01  2.325000e+00
     vertex  1.341353e+02 -6.364148e+01  2.325000e+00
   endloop
 endfacet
 facet normal -1.666792e-01 -8.849611e-01  4.348126e-01
   outer loop
     vertex  1.341265e+02 -6.362613e+01  2.402254e+00
     vertex  1.342000e+02 -6.361651e+01  2.450000e+00
     vertex  1.341684e+02 -6.359976e+01  2.471946e+00
   endloop
 endfacet
 facet normal -1.730632e-01 -9.695866e-01  1.730632e-01
   outer loop
     vertex  1.341265e+02 -6.362613e+01  2.402254e+00
     vertex  1.341353e+02 -6.364148e+01  2.325000e+00
     vertex  1.342000e+02 -6.364148e+01  2.389705e+00
   endloop
 endfacet
 facet normal -2.713074e-01 -8.349982e-01  4.787173e-01
   outer loop
     vertex  1.341265e+02 -6.362613e+01  2.402254e+00
     vertex  1.341684e+02 -6.359976e+01  2.471946e+00
     vertex  1.341082e+02 -6.358021e+01  2.471946e+00
   endloop
 endfacet
 facet normal -6.198179e-01 -3.158130e-01  7.183926e-01
   outer loop
     vertex  1.340198e+02 -6.349182e+01  2.471946e+00
     vertex  1.340811e+02 -6.348637e+01  2.527254e+00
     vertex  1.340602e+02 -6.344541e+01  2.527254e+00
   endloop
 endfacet
 facet normal -5.850806e-01 -4.250859e-01  6.906393e-01
   outer loop
     vertex  1.340198e+02 -6.349182e+01  2.471946e+00
     vertex  1.340570e+02 -6.354302e+01  2.471946e+00
     vertex  1.340811e+02 -6.348637e+01  2.527254e+00
   endloop
 endfacet
 facet normal -6.035455e-01 -7.865557e-01  1.306252e-01
   outer loop
     vertex  1.340602e+02 -6.359236e+01  2.402254e+00
     vertex  1.340232e+02 -6.357678e+01  2.325000e+00
     vertex  1.340750e+02 -6.361651e+01  2.325000e+00
   endloop
 endfacet
 facet normal -4.458601e-01 -8.750498e-01  1.884053e-01
   outer loop
     vertex  1.340602e+02 -6.359236e+01  2.402254e+00
     vertex  1.340750e+02 -6.361651e+01  2.325000e+00
     vertex  1.341265e+02 -6.362613e+01  2.402254e+00
   endloop
 endfacet
 facet normal -5.160573e-01 -7.102919e-01  4.787173e-01
   outer loop
     vertex  1.340602e+02 -6.359236e+01  2.402254e+00
     vertex  1.341082e+02 -6.358021e+01  2.471946e+00
     vertex  1.340570e+02 -6.354302e+01  2.471946e+00
   endloop
 endfacet
 facet normal -4.112636e-01 -8.071502e-01  4.235220e-01
   outer loop
     vertex  1.340602e+02 -6.359236e+01  2.402254e+00
     vertex  1.341265e+02 -6.362613e+01  2.402254e+00
     vertex  1.341082e+02 -6.358021e+01  2.471946e+00
   endloop
 endfacet
 facet normal -7.933510e-01  2.452567e-03  6.087596e-01
   outer loop
     vertex  1.340002e+02 -6.343164e+01  2.471946e+00
     vertex  1.340232e+02 -6.340000e+01  2.501777e+00
     vertex  1.339835e+02 -6.340000e+01  2.450000e+00
   endloop
 endfacet
 facet normal -6.886300e-01 -1.653254e-01  7.060144e-01
   outer loop
     vertex  1.340002e+02 -6.343164e+01  2.471946e+00
     vertex  1.340602e+02 -6.344541e+01  2.527254e+00
     vertex  1.340232e+02 -6.340000e+01  2.501777e+00
   endloop
 endfacet
 facet normal -6.878035e-01 -2.234809e-01  6.906393e-01
   outer loop
     vertex  1.340002e+02 -6.343164e+01  2.471946e+00
     vertex  1.340198e+02 -6.349182e+01  2.471946e+00
     vertex  1.340602e+02 -6.344541e+01  2.527254e+00
   endloop
 endfacet
 facet normal -7.865557e-01 -6.035455e-01  1.306252e-01
   outer loop
     vertex  1.340076e+02 -6.353975e+01  2.402254e+00
     vertex  1.339835e+02 -6.352500e+01  2.325000e+00
     vertex  1.340232e+02 -6.357678e+01  2.325000e+00
   endloop
 endfacet
 facet normal -6.938677e-01 -6.938677e-01  1.926010e-01
   outer loop
     vertex  1.340076e+02 -6.353975e+01  2.402254e+00
     vertex  1.340232e+02 -6.357678e+01  2.325000e+00
     vertex  1.340602e+02 -6.359236e+01  2.402254e+00
   endloop
 endfacet
 facet normal -7.102919e-01 -5.160573e-01  4.787173e-01
   outer loop
     vertex  1.340076e+02 -6.353975e+01  2.402254e+00
     vertex  1.340570e+02 -6.354302e+01  2.471946e+00
     vertex  1.340198e+02 -6.349182e+01  2.471946e+00
   endloop
 endfacet
 facet normal -6.405580e-01 -6.405580e-01  4.235220e-01
   outer loop
     vertex  1.340076e+02 -6.353975e+01  2.402254e+00
     vertex  1.340602e+02 -6.359236e+01  2.402254e+00
     vertex  1.340570e+02 -6.354302e+01  2.471946e+00
   endloop
 endfacet
 facet normal -9.164366e-01 -1.266787e-01  3.796005e-01
   outer loop
     vertex  1.339739e+02 -6.347347e+01  2.402254e+00
     vertex  1.339835e+02 -6.340000e+01  2.450000e+00
     vertex  1.339585e+02 -6.340000e+01  2.389705e+00
   endloop
 endfacet
 facet normal -9.149330e-01 -3.789776e-01  1.388294e-01
   outer loop
     vertex  1.339739e+02 -6.347347e+01  2.402254e+00
     vertex  1.339585e+02 -6.346470e+01  2.325000e+00
     vertex  1.339835e+02 -6.352500e+01  2.325000e+00
   endloop
 endfacet
 facet normal -8.750498e-01 -4.458601e-01  1.884053e-01
   outer loop
     vertex  1.339739e+02 -6.347347e+01  2.402254e+00
     vertex  1.339835e+02 -6.352500e+01  2.325000e+00
     vertex  1.340076e+02 -6.353975e+01  2.402254e+00
   endloop
 endfacet
 facet normal -9.695866e-01 -1.730632e-01  1.730632e-01
   outer loop
     vertex  1.339739e+02 -6.347347e+01  2.402254e+00
     vertex  1.339585e+02 -6.340000e+01  2.389705e+00
     vertex  1.339585e+02 -6.346470e+01  2.325000e+00
   endloop
 endfacet
 facet normal -8.849611e-01 -1.666792e-01  4.348126e-01
   outer loop
     vertex  1.339739e+02 -6.347347e+01  2.402254e+00
     vertex  1.340002e+02 -6.343164e+01  2.471946e+00
     vertex  1.339835e+02 -6.340000e+01  2.450000e+00
   endloop
 endfacet
 facet normal -8.349982e-01 -2.713074e-01  4.787173e-01
   outer loop
     vertex  1.339739e+02 -6.347347e+01  2.402254e+00
     vertex  1.340198e+02 -6.349182e+01  2.471946e+00
     vertex  1.340002e+02 -6.343164e+01  2.471946e+00
   endloop
 endfacet
 facet normal -8.071502e-01 -4.112636e-01  4.235220e-01
   outer loop
     vertex  1.339739e+02 -6.347347e+01  2.402254e+00
     vertex  1.340076e+02 -6.353975e+01  2.402254e+00
     vertex  1.340198e+02 -6.349182e+01  2.471946e+00
   endloop
 endfacet
 facet normal  1.294283e-01 -9.831056e-01  1.294283e-01
   outer loop
     vertex  1.368000e+02 -6.364148e+01  2.389705e+00
     vertex  1.368000e+02 -6.365000e+01  2.325000e+00
     vertex  1.368647e+02 -6.364148e+01  2.325000e+00
   endloop
 endfacet
 facet normal  1.294283e-01 -1.294283e-01  9.831056e-01
   outer loop
     vertex  1.368000e+02 -6.340000e+01  2.575000e+00
     vertex  1.368000e+02 -6.346470e+01  2.566481e+00
     vertex  1.368647e+02 -6.340000e+01  2.566481e+00
   endloop
 endfacet
 facet normal  9.758156e-01 -1.284686e-01  1.768607e-01
   outer loop
     vertex  1.370378e+02 -6.347630e+01  2.337085e+00
     vertex  1.370415e+02 -6.346470e+01  2.325000e+00
     vertex  1.370500e+02 -6.340000e+01  2.325000e+00
   endloop
 endfacet
 facet normal  9.207069e-01 -3.813693e-01 -8.280266e-02
   outer loop
     vertex  1.370378e+02 -6.347630e+01  2.337085e+00
     vertex  1.370165e+02 -6.352500e+01  2.325000e+00
     vertex  1.370415e+02 -6.346470e+01  2.325000e+00
   endloop
 endfacet
 facet normal  9.873853e-01 -1.505863e-01  4.892847e-02
   outer loop
     vertex  1.370378e+02 -6.346883e+01  2.360073e+00
     vertex  1.370378e+02 -6.347630e+01  2.337085e+00
     vertex  1.370500e+02 -6.340000e+01  2.325000e+00
   endloop
 endfacet
 facet normal  0.000000e+00  0.000000e+00  0.000000e+00
   outer loop
     vertex  1.370378e+02 -6.345463e+01  2.379627e+00
     vertex  1.370500e+02 -6.340000e+01  2.325000e+00
     vertex  1.370500e+02 -6.340000e+01  2.325000e+00
   endloop
 endfacet
 facet normal  9.873853e-01 -1.280964e-01  9.306748e-02
   outer loop
     vertex  1.370378e+02 -6.345463e+01  2.379627e+00
     vertex  1.370378e+02 -6.346883e+01  2.360073e+00
     vertex  1.370500e+02 -6.340000e+01  2.325000e+00
   endloop
 endfacet
 facet normal  7.923153e-01 -6.079649e-01  5.113740e-02
   outer loop
     vertex  1.370023e+02 -6.353975e+01  2.370409e+00
     vertex  1.369768e+02 -6.357678e+01  2.325000e+00
     vertex  1.370165e+02 -6.352500e+01  2.325000e+00
   endloop
 endfacet
 facet normal  8.937292e-01 -4.254495e-01  1.422701e-01
   outer loop
     vertex  1.370023e+02 -6.353975e+01  2.370409e+00
     vertex  1.370165e+02 -6.352500e+01  2.325000e+00
     vertex  1.370378e+02 -6.347630e+01  2.337085e+00
   endloop
 endfacet
 facet normal  8.934726e-01 -4.271363e-01  1.387850e-01
   outer loop
     vertex  1.370023e+02 -6.353975e+01  2.370409e+00
     vertex  1.370378e+02 -6.347630e+01  2.337085e+00
     vertex  1.370378e+02 -6.346883e+01  2.360073e+00
   endloop
 endfacet
 facet normal  9.873853e-01 -9.306748e-02  1.280964e-01
   outer loop
     vertex  1.370378e+02 -6.343507e+01  2.393834e+00
     vertex  1.370378e+02 -6.345463e+01  2.379627e+00
     vertex  1.370500e+02 -6.340000e+01  2.325000e+00
   endloop
 endfacet
 facet normal  8.934726e-01 -3.633438e-01  2.639847e-01
   outer loop
     vertex  1.370023e+02 -6.351888e+01  2.411373e+00
     vertex  1.370378e+02 -6.346883e+01  2.360073e+00
     vertex  1.370378e+02 -6.345463e+01  2.379627e+00
   endloop
 endfacet
 facet normal  8.860880e-01 -4.129966e-01  2.104323e-01
   outer loop
     vertex  1.370023e+02 -6.351888e+01  2.411373e+00
     vertex  1.370023e+02 -6.353975e+01  2.370409e+00
     vertex  1.370378e+02 -6.346883e+01  2.360073e+00
   endloop
 endfacet
 facet normal  6.087596e-01 -7.933510e-01 -2.452567e-03
   outer loop
     vertex  1.369469e+02 -6.359976e+01  2.356640e+00
     vertex  1.369250e+02 -6.361651e+01  2.325000e+00
     vertex  1.369768e+02 -6.357678e+01  2.325000e+00
   endloop
 endfacet
 facet normal  7.060144e-01 -6.886300e-01  1.653254e-01
   outer loop
     vertex  1.369469e+02 -6.359976e+01  2.356640e+00
     vertex  1.369768e+02 -6.357678e+01  2.325000e+00
     vertex  1.370023e+02 -6.353975e+01  2.370409e+00
   endloop
 endfacet
 facet normal  9.758156e-01 -1.768607e-01  1.284686e-01
   outer loop
     vertex  1.370378e+02 -6.341209e+01  2.401303e+00
     vertex  1.370500e+02 -6.340000e+01  2.325000e+00
     vertex  1.370415e+02 -6.340000e+01  2.389705e+00
   endloop
 endfacet
 facet normal  9.207069e-01  8.280266e-02  3.813693e-01
   outer loop
     vertex  1.370378e+02 -6.341209e+01  2.401303e+00
     vertex  1.370415e+02 -6.340000e+01  2.389705e+00
     vertex  1.370165e+02 -6.340000e+01  2.450000e+00
   endloop
 endfacet
 facet normal  9.873853e-01 -4.892847e-02  1.505863e-01
   outer loop
     vertex  1.370378e+02 -6.341209e+01  2.401303e+00
     vertex  1.370378e+02 -6.343507e+01  2.393834e+00
     vertex  1.370500e+02 -6.340000e+01  2.325000e+00
   endloop
 endfacet
 facet normal  8.860880e-01 -3.277560e-01  3.277560e-01
   outer loop
     vertex  1.370023e+02 -6.348637e+01  2.443882e+00
     vertex  1.370023e+02 -6.351888e+01  2.411373e+00
     vertex  1.370378e+02 -6.345463e+01  2.379627e+00
   endloop
 endfacet
 facet normal  8.934726e-01 -2.639847e-01  3.633438e-01
   outer loop
     vertex  1.370023e+02 -6.348637e+01  2.443882e+00
     vertex  1.370378e+02 -6.345463e+01  2.379627e+00
     vertex  1.370378e+02 -6.343507e+01  2.393834e+00
   endloop
 endfacet
 facet normal  7.183926e-01 -6.198179e-01  3.158130e-01
   outer loop
     vertex  1.369469e+02 -6.358021e+01  2.416822e+00
     vertex  1.370023e+02 -6.353975e+01  2.370409e+00
     vertex  1.370023e+02 -6.351888e+01  2.411373e+00
   endloop
 endfacet
 facet normal  6.906393e-01 -6.878035e-01  2.234809e-01
   outer loop
     vertex  1.369469e+02 -6.358021e+01  2.416822e+00
     vertex  1.369469e+02 -6.359976e+01  2.356640e+00
     vertex  1.370023e+02 -6.353975e+01  2.370409e+00
   endloop
 endfacet
 facet normal  7.923153e-01 -5.113740e-02  6.079649e-01
   outer loop
     vertex  1.370023e+02 -6.344541e+01  2.464754e+00
     vertex  1.370165e+02 -6.340000e+01  2.450000e+00
     vertex  1.369768e+02 -6.340000e+01  2.501777e+00
   endloop
 endfacet
 facet normal  8.937292e-01 -1.422701e-01  4.254495e-01
   outer loop
     vertex  1.370023e+02 -6.344541e+01  2.464754e+00
     vertex  1.370378e+02 -6.341209e+01  2.401303e+00
     vertex  1.370165e+02 -6.340000e+01  2.450000e+00
   endloop
 endfacet
 facet normal  8.860880e-01 -2.104323e-01  4.129966e-01
   outer loop
     vertex  1.370023e+02 -6.344541e+01  2.464754e+00
     vertex  1.370023e+02 -6.348637e+01  2.443882e+00
     vertex  1.370378e+02 -6.343507e+01  2.393834e+00
   endloop
 endfacet
 facet normal  8.934726e-01 -1.387850e-01  4.271363e-01
   outer loop
     vertex  1.370023e+02 -6.344541e+01  2.464754e+00
     vertex  1.370378e+02 -6.343507e+01  2.393834e+00
     vertex  1.370378e+02 -6.341209e+01  2.401303e+00
   endloop
 endfacet
 facet normal  7.183926e-01 -4.918903e-01  4.918903e-01
   outer loop
     vertex  1.369469e+02 -6.354302e+01  2.468015e+00
     vertex  1.370023e+02 -6.351888e+01  2.411373e+00
     vertex  1.370023e+02 -6.348637e+01  2.443882e+00
   endloop
 endfacet
 facet normal  6.906393e-01 -5.850806e-01  4.250859e-01
   outer loop
     vertex  1.369469e+02 -6.354302e+01  2.468015e+00
     vertex  1.369469e+02 -6.358021e+01  2.416822e+00
     vertex  1.370023e+02 -6.351888e+01  2.411373e+00
   endloop
 endfacet
 facet normal  3.796005e-01 -9.164366e-01  1.266787e-01
   outer loop
     vertex  1.368773e+02 -6.362613e+01  2.398473e+00
     vertex  1.368647e+02 -6.364148e+01  2.325000e+00
     vertex  1.369250e+02 -6.361651e+01  2.325000e+00
   endloop
 endfacet
 facet normal  1.388294e-01 -9.149330e-01  3.789776e-01
   outer loop
     vertex  1.368773e+02 -6.362613e+01  2.398473e+00
     vertex  1.368000e+02 -6.361651e+01  2.450000e+00
     vertex  1.368000e+02 -6.364148e+01  2.389705e+00
   endloop
 endfacet
 facet normal  4.348126e-01 -8.849611e-01  1.666792e-01
   outer loop
     vertex  1.368773e+02 -6.362613e+01  2.398473e+00
     vertex  1.369250e+02 -6.361651e+01  2.325000e+00
     vertex  1.369469e+02 -6.359976e+01  2.356640e+00
   endloop
 endfacet
 facet normal  1.730632e-01 -9.695866e-01  1.730632e-01
   outer loop
     vertex  1.368773e+02 -6.362613e+01  2.398473e+00
     vertex  1.368000e+02 -6.364148e+01  2.389705e+00
     vertex  1.368647e+02 -6.364148e+01  2.325000e+00
   endloop
 endfacet
 facet normal  4.787173e-01 -8.349982e-01  2.713074e-01
   outer loop
     vertex  1.368773e+02 -6.362613e+01  2.398473e+00
     vertex  1.369469e+02 -6.359976e+01  2.356640e+00
     vertex  1.369469e+02 -6.358021e+01  2.416822e+00
   endloop
 endfacet
 facet normal  7.183926e-01 -3.158130e-01  6.198179e-01
   outer loop
     vertex  1.369469e+02 -6.349182e+01  2.505210e+00
     vertex  1.370023e+02 -6.348637e+01  2.443882e+00
     vertex  1.370023e+02 -6.344541e+01  2.464754e+00
   endloop
 endfacet
 facet normal  6.906393e-01 -4.250859e-01  5.850806e-01
   outer loop
     vertex  1.369469e+02 -6.349182e+01  2.505210e+00
     vertex  1.369469e+02 -6.354302e+01  2.468015e+00
     vertex  1.370023e+02 -6.348637e+01  2.443882e+00
   endloop
 endfacet
 facet normal  1.306252e-01 -7.865557e-01  6.035455e-01
   outer loop
     vertex  1.368773e+02 -6.359236e+01  2.464754e+00
     vertex  1.368000e+02 -6.357678e+01  2.501777e+00
     vertex  1.368000e+02 -6.361651e+01  2.450000e+00
   endloop
 endfacet
 facet normal  1.884053e-01 -8.750498e-01  4.458601e-01
   outer loop
     vertex  1.368773e+02 -6.359236e+01  2.464754e+00
     vertex  1.368000e+02 -6.361651e+01  2.450000e+00
     vertex  1.368773e+02 -6.362613e+01  2.398473e+00
   endloop
 endfacet
 facet normal  4.787173e-01 -7.102919e-01  5.160573e-01
   outer loop
     vertex  1.368773e+02 -6.359236e+01  2.464754e+00
     vertex  1.369469e+02 -6.358021e+01  2.416822e+00
     vertex  1.369469e+02 -6.354302e+01  2.468015e+00
   endloop
 endfacet
 facet normal  4.235220e-01 -8.071502e-01  4.112636e-01
   outer loop
     vertex  1.368773e+02 -6.359236e+01  2.464754e+00
     vertex  1.368773e+02 -6.362613e+01  2.398473e+00
     vertex  1.369469e+02 -6.358021e+01  2.416822e+00
   endloop
 endfacet
 facet normal  6.087596e-01  2.452567e-03  7.933510e-01
   outer loop
     vertex  1.369469e+02 -6.343164e+01  2.524764e+00
     vertex  1.369768e+02 -6.340000e+01  2.501777e+00
     vertex  1.369250e+02 -6.340000e+01  2.541506e+00
   endloop
 endfacet
 facet normal  7.060144e-01 -1.653254e-01  6.886300e-01
   outer loop
     vertex  1.369469e+02 -6.343164e+01  2.524764e+00
     vertex  1.370023e+02 -6.344541e+01  2.464754e+00
     vertex  1.369768e+02 -6.340000e+01  2.501777e+00
   endloop
 endfacet
 facet normal  6.906393e-01 -2.234809e-01  6.878035e-01
   outer loop
     vertex  1.369469e+02 -6.343164e+01  2.524764e+00
     vertex  1.369469e+02 -6.349182e+01  2.505210e+00
     vertex  1.370023e+02 -6.344541e+01  2.464754e+00
   endloop
 endfacet
 facet normal  1.306252e-01 -6.035455e-01  7.865557e-01
   outer loop
     vertex  1.368773e+02 -6.353975e+01  2.517355e+00
     vertex  1.368000e+02 -6.352500e+01  2.541506e+00
     vertex  1.368000e+02 -6.357678e+01  2.501777e+00
   endloop
 endfacet
 facet normal  1.926010e-01 -6.938677e-01  6.938677e-01
   outer loop
     vertex  1.368773e+02 -6.353975e+01  2.517355e+00
     vertex  1.368000e+02 -6.357678e+01  2.501777e+00
     vertex  1.368773e+02 -6.359236e+01  2.464754e+00
   endloop
 endfacet
 facet normal  4.787173e-01 -5.160573e-01  7.102919e-01
   outer loop
     vertex  1.368773e+02 -6.353975e+01  2.517355e+00
     vertex  1.369469e+02 -6.354302e+01  2.468015e+00
     vertex  1.369469e+02 -6.349182e+01  2.505210e+00
   endloop
 endfacet
 facet normal  4.235220e-01 -6.405580e-01  6.405580e-01
   outer loop
     vertex  1.368773e+02 -6.353975e+01  2.517355e+00
     vertex  1.368773e+02 -6.359236e+01  2.464754e+00
     vertex  1.369469e+02 -6.354302e+01  2.468015e+00
   endloop
 endfacet
 facet normal  3.796005e-01 -1.266787e-01  9.164366e-01
   outer loop
     vertex  1.368773e+02 -6.347347e+01  2.551127e+00
     vertex  1.369250e+02 -6.340000e+01  2.541506e+00
     vertex  1.368647e+02 -6.340000e+01  2.566481e+00
   endloop
 endfacet
 facet normal  1.388294e-01 -3.789776e-01  9.149330e-01
   outer loop
     vertex  1.368773e+02 -6.347347e+01  2.551127e+00
     vertex  1.368000e+02 -6.346470e+01  2.566481e+00
     vertex  1.368000e+02 -6.352500e+01  2.541506e+00
   endloop
 endfacet
 facet normal  1.884053e-01 -4.458601e-01  8.750498e-01
   outer loop
     vertex  1.368773e+02 -6.347347e+01  2.551127e+00
     vertex  1.368000e+02 -6.352500e+01  2.541506e+00
     vertex  1.368773e+02 -6.353975e+01  2.517355e+00
   endloop
 endfacet
 facet normal  1.730632e-01 -1.730632e-01  9.695866e-01
   outer loop
     vertex  1.368773e+02 -6.347347e+01  2.551127e+00
     vertex  1.368647e+02 -6.340000e+01  2.566481e+00
     vertex  1.368000e+02 -6.346470e+01  2.566481e+00
   endloop
 endfacet
 facet normal  4.348126e-01 -1.666792e-01  8.849611e-01
   outer loop
     vertex  1.368773e+02 -6.347347e+01  2.551127e+00
     vertex  1.369469e+02 -6.343164e+01  2.524764e+00
     vertex  1.369250e+02 -6.340000e+01  2.541506e+00
   endloop
 endfacet
 facet normal  4.787173e-01 -2.713074e-01  8.349982e-01
   outer loop
     vertex  1.368773e+02 -6.347347e+01  2.551127e+00
     vertex  1.369469e+02 -6.349182e+01  2.505210e+00
     vertex  1.369469e+02 -6.343164e+01  2.524764e+00
   endloop
 endfacet
 facet normal  4.235220e-01 -4.112636e-01  8.071502e-01
   outer loop
     vertex  1.368773e+02 -6.347347e+01  2.551127e+00
     vertex  1.368773e+02 -6.353975e+01  2.517355e+00
     vertex  1.369469e+02 -6.349182e+01  2.505210e+00
   endloop
 endfacet
 facet normal  0.000000e+00 -9.914449e-01  1.305262e-01
   outer loop
     vertex  1.342000e+02 -6.365000e+01  2.325000e+00
     vertex  1.368000e+02 -6.365000e+01  2.325000e+00
     vertex  1.368000e+02 -6.364148e+01  2.389705e+00
   endloop
 endfacet
 facet normal  6.536369e-17 -9.238795e-01  3.826834e-01
   outer loop
     vertex  1.342000e+02 -6.364148e+01  2.389705e+00
     vertex  1.368000e+02 -6.364148e+01  2.389705e+00
     vertex  1.368000e+02 -6.361651e+01  2.450000e+00
   endloop
 endfacet
 facet normal  2.229434e-17 -9.914449e-01  1.305262e-01
   outer loop
     vertex  1.342000e+02 -6.364148e+01  2.389705e+00
     vertex  1.342000e+02 -6.365000e+01  2.325000e+00
     vertex  1.368000e+02 -6.364148e+01  2.389705e+00
   endloop
 endfacet
 facet normal  0.000000e+00 -7.933533e-01  6.087614e-01
   outer loop
     vertex  1.342000e+02 -6.361651e+01  2.450000e+00
     vertex  1.368000e+02 -6.361651e+01  2.450000e+00
     vertex  1.368000e+02 -6.357678e+01  2.501777e+00
   endloop
 endfacet
 facet normal  0.000000e+00 -9.238795e-01  3.826834e-01
   outer loop
     vertex  1.342000e+02 -6.361651e+01  2.450000e+00
     vertex  1.342000e+02 -6.364148e+01  2.389705e+00
     vertex  1.368000e+02 -6.361651e+01  2.450000e+00
   endloop
 endfacet
 facet normal  1.355076e-16 -6.087614e-01  7.933533e-01
   outer loop
     vertex  1.342000e+02 -6.357678e+01  2.501777e+00
     vertex  1.368000e+02 -6.357678e+01  2.501777e+00
     vertex  1.368000e+02 -6.352500e+01  2.541506e+00
   endloop
 endfacet
 facet normal  1.039786e-16 -7.933533e-01  6.087614e-01
   outer loop
     vertex  1.342000e+02 -6.357678e+01  2.501777e+00
     vertex  1.342000e+02 -6.361651e+01  2.450000e+00
     vertex  1.368000e+02 -6.357678e+01  2.501777e+00
   endloop
 endfacet
 facet normal  0.000000e+00 -6.087614e-01  7.933533e-01
   outer loop
     vertex  1.342000e+02 -6.352500e+01  2.541506e+00
     vertex  1.342000e+02 -6.357678e+01  2.501777e+00
     vertex  1.368000e+02 -6.352500e+01  2.541506e+00
   endloop
 endfacet
 facet normal  0.000000e+00 -3.826834e-01  9.238795e-01
   outer loop
     vertex  1.342000e+02 -6.346470e+01  2.566481e+00
     vertex  1.368000e+02 -6.352500e+01  2.541506e+00
     vertex  1.368000e+02 -6.346470e+01  2.566481e+00
   endloop
 endfacet
 facet normal  0.000000e+00 -1.305262e-01  9.914449e-01
   outer loop
     vertex  1.342000e+02 -6.346470e+01  2.566481e+00
     vertex  1.368000e+02 -6.346470e+01  2.566481e+00
     vertex  1.368000e+02 -6.340000e+01  2.575000e+00
   endloop
 endfacet
 facet normal  0.000000e+00 -3.826834e-01  9.238795e-01
   outer loop
     vertex  1.342000e+02 -6.346470e+01  2.566481e+00
     vertex  1.342000e+02 -6.352500e+01  2.541506e+00
     vertex  1.368000e+02 -6.352500e+01  2.541506e+00
   endloop
 endfacet
 facet normal  0.000000e+00 -1.305262e-01  9.914449e-01
   outer loop
     vertex  1.342000e+02 -6.340000e+01  2.575000e+00
     vertex  1.342000e+02 -6.346470e+01  2.566481e+00
     vertex  1.368000e+02 -6.340000e+01  2.575000e+00
   endloop
 endfacet
 facet normal  0.000000e+00  0.000000e+00  1.000000e+00
   outer loop
     vertex  1.363500e+02 -6.191340e+01  2.575000e+00
     vertex  1.342000e+02 -6.160000e+01  2.575000e+00
     vertex  1.363293e+02 -6.192929e+01  2.575000e+00
   endloop
 endfacet
 facet normal  0.000000e+00 -0.000000e+00  1.000000e+00
   outer loop
     vertex  1.363134e+02 -6.195000e+01  2.575000e+00
     vertex  1.363293e+02 -6.192929e+01  2.575000e+00
     vertex  1.342000e+02 -6.160000e+01  2.575000e+00
   endloop
 endfacet
 facet normal  0.000000e+00 -0.000000e+00  1.000000e+00
   outer loop
     vertex  1.363034e+02 -6.197412e+01  2.575000e+00
     vertex  1.363134e+02 -6.195000e+01  2.575000e+00
     vertex  1.342000e+02 -6.160000e+01  2.575000e+00
   endloop
 endfacet
 facet normal  0.000000e+00 -0.000000e+00  1.000000e+00
   outer loop
     vertex  1.363000e+02 -6.200000e+01  2.575000e+00
     vertex  1.363034e+02 -6.197412e+01  2.575000e+00
     vertex  1.342000e+02 -6.160000e+01  2.575000e+00
   endloop
 endfacet
 facet normal  0.000000e+00  0.000000e+00  1.000000e+00
   outer loop
     vertex  1.363034e+02 -6.202588e+01  2.575000e+00
     vertex  1.342000e+02 -6.160000e+01  2.575000e+00
     vertex  1.342000e+02 -6.340000e+01  2.575000e+00
   endloop
 endfacet
 facet normal  0.000000e+00  0.000000e+00  1.000000e+00
   outer loop
     vertex  1.363034e+02 -6.202588e+01  2.575000e+00
     vertex  1.363000e+02 -6.200000e+01  2.575000e+00
     vertex  1.342000e+02 -6.160000e+01  2.575000e+00
   endloop
 endfacet
 facet normal  0.000000e+00  0.000000e+00  1.000000e+00
   outer loop
     vertex  1.363134e+02 -6.205000e+01  2.575000e+00
     vertex  1.363034e+02 -6.202588e+01  2.575000e+00
     vertex  1.342000e+02 -6.340000e+01  2.575000e+00
   endloop
 endfacet
 facet normal  0.000000e+00  0.000000e+00  1.000000e+00
   outer loop
     vertex  1.363293e+02 -6.207071e+01  2.575000e+00
     vertex  1.363134e+02 -6.205000e+01  2.575000e+00
     vertex  1.342000e+02 -6.340000e+01  2.575000e+00
   endloop
 endfacet
 facet normal  0.000000e+00  0.000000e+00  1.000000e+00
   outer loop
     vertex  1.368000e+02 -6.160000e+01  2.575000e+00
     vertex  1.364500e+02 -6.191340e+01  2.575000e+00
     vertex  1.364707e+02 -6.192929e+01  2.575000e+00
   endloop
 endfacet
 facet normal  0.000000e+00  0.000000e+00  1.000000e+00
   outer loop
     vertex  1.368000e+02 -6.160000e+01  2.575000e+00
     vertex  1.364259e+02 -6.190341e+01  2.575000e+00
     vertex  1.364500e+02 -6.191340e+01  2.575000e+00
   endloop
 endfacet
 facet normal  0.000000e+00  0.000000e+00  1.000000e+00
   outer loop
     vertex  1.368000e+02 -6.160000e+01  2.575000e+00
     vertex  1.364000e+02 -6.190000e+01  2.575000e+00
     vertex  1.364259e+02 -6.190341e+01  2.575000e+00
   endloop
 endfacet
 facet normal  0.000000e+00  0.000000e+00  1.000000e+00
   outer loop
     vertex  1.368000e+02 -6.160000e+01  2.575000e+00
     vertex  1.363741e+02 -6.190341e+01  2.575000e+00
     vertex  1.364000e+02 -6.190000e+01  2.575000e+00
   endloop
 endfacet
 facet normal  0.000000e+00  0.000000e+00  1.000000e+00
   outer loop
     vertex  1.368000e+02 -6.160000e+01  2.575000e+00
     vertex  1.363500e+02 -6.191340e+01  2.575000e+00
     vertex  1.363741e+02 -6.190341e+01  2.575000e+00
   endloop
 endfacet
 facet normal  0.000000e+00  0.000000e+00  1.000000e+00
   outer loop
     vertex  1.368000e+02 -6.160000e+01  2.575000e+00
     vertex  1.342000e+02 -6.160000e+01  2.575000e+00
     vertex  1.363500e+02 -6.191340e+01  2.575000e+00
   endloop
 endfacet
 facet normal  0.000000e+00 -0.000000e+00  1.000000e+00
   outer loop
     vertex  1.364866e+02 -6.195000e+01  2.575000e+00
     vertex  1.368000e+02 -6.160000e+01  2.575000e+00
     vertex  1.364707e+02 -6.192929e+01  2.575000e+00
   endloop
 endfacet
 facet normal  0.000000e+00 -0.000000e+00  1.000000e+00
   outer loop
     vertex  1.364966e+02 -6.197412e+01  2.575000e+00
     vertex  1.368000e+02 -6.160000e+01  2.575000e+00
     vertex  1.364866e+02 -6.195000e+01  2.575000e+00
   endloop
 endfacet
 facet normal  0.000000e+00 -0.000000e+00  1.000000e+00
   outer loop
     vertex  1.365000e+02 -6.200000e+01  2.575000e+00
     vertex  1.368000e+02 -6.160000e+01  2.575000e+00
     vertex  1.364966e+02 -6.197412e+01  2.575000e+00
   endloop
 endfacet
 facet normal  0.000000e+00  0.000000e+00  1.000000e+00
   outer loop
     vertex  1.364966e+02 -6.202588e+01  2.575000e+00
     vertex  1.368000e+02 -6.160000e+01  2.575000e+00
     vertex  1.365000e+02 -6.200000e+01  2.575000e+00
   endloop
 endfacet
 facet normal  0.000000e+00  0.000000e+00  1.000000e+00
   outer loop
     vertex  1.368000e+02 -6.340000e+01  2.575000e+00
     vertex  1.364259e+02 -6.209659e+01  2.575000e+00
     vertex  1.364000e+02 -6.210000e+01  2.575000e+00
   endloop
 endfacet
 facet normal  0.000000e+00  0.000000e+00  1.000000e+00
   outer loop
     vertex  1.368000e+02 -6.340000e+01  2.575000e+00
     vertex  1.364500e+02 -6.208660e+01  2.575000e+00
     vertex  1.364259e+02 -6.209659e+01  2.575000e+00
   endloop
 endfacet
 facet normal  0.000000e+00  0.000000e+00  1.000000e+00
   outer loop
     vertex  1.368000e+02 -6.340000e+01  2.575000e+00
     vertex  1.364707e+02 -6.207071e+01  2.575000e+00
     vertex  1.364500e+02 -6.208660e+01  2.575000e+00
   endloop
 endfacet
 facet normal  0.000000e+00  0.000000e+00  1.000000e+00
   outer loop
     vertex  1.368000e+02 -6.340000e+01  2.575000e+00
     vertex  1.364866e+02 -6.205000e+01  2.575000e+00
     vertex  1.364707e+02 -6.207071e+01  2.575000e+00
   endloop
 endfacet
 facet normal  0.000000e+00  0.000000e+00  1.000000e+00
   outer loop
     vertex  1.368000e+02 -6.340000e+01  2.575000e+00
     vertex  1.364966e+02 -6.202588e+01  2.575000e+00
     vertex  1.364866e+02 -6.205000e+01  2.575000e+00
   endloop
 endfacet
 facet normal  0.000000e+00  0.000000e+00  1.000000e+00
   outer loop
     vertex  1.368000e+02 -6.340000e+01  2.575000e+00
     vertex  1.363500e+02 -6.208660e+01  2.575000e+00
     vertex  1.363293e+02 -6.207071e+01  2.575000e+00
   endloop
 endfacet
 facet normal  0.000000e+00  0.000000e+00  1.000000e+00
   outer loop
     vertex  1.368000e+02 -6.340000e+01  2.575000e+00
     vertex  1.363741e+02 -6.209659e+01  2.575000e+00
     vertex  1.363500e+02 -6.208660e+01  2.575000e+00
   endloop
 endfacet
 facet normal  0.000000e+00  0.000000e+00  1.000000e+00
   outer loop
     vertex  1.368000e+02 -6.340000e+01  2.575000e+00
     vertex  1.364000e+02 -6.210000e+01  2.575000e+00
     vertex  1.363741e+02 -6.209659e+01  2.575000e+00
   endloop
 endfacet
 facet normal  0.000000e+00  0.000000e+00  1.000000e+00
   outer loop
     vertex  1.368000e+02 -6.340000e+01  2.575000e+00
     vertex  1.363293e+02 -6.207071e+01  2.575000e+00
     vertex  1.342000e+02 -6.340000e+01  2.575000e+00
   endloop
 endfacet
 facet normal  0.000000e+00 -0.000000e+00  1.000000e+00
   outer loop
     vertex  1.368000e+02 -6.340000e+01  2.575000e+00
     vertex  1.368000e+02 -6.160000e+01  2.575000e+00
     vertex  1.364966e+02 -6.202588e+01  2.575000e+00
   endloop
 endfacet
 facet normal -1.305262e-01  9.914449e-01  0.000000e+00
   outer loop
     vertex  1.364259e+02 -6.209659e+01  2.575000e+00
     vertex  1.364000e+02 -6.210000e+01  2.525000e+00
     vertex  1.364000e+02 -6.210000e+01  2.575000e+00
   endloop
 endfacet
 facet normal -1.305262e-01  9.914449e-01  0.000000e+00
   outer loop
     vertex  1.364259e+02 -6.209659e+01  2.575000e+00
     vertex  1.364259e+02 -6.209659e+01  2.525000e+00
     vertex  1.364000e+02 -6.210000e+01  2.525000e+00
   endloop
 endfacet
 facet normal -3.826834e-01  9.238795e-01  0.000000e+00
   outer loop
     vertex  1.364500e+02 -6.208660e+01  2.575000e+00
     vertex  1.364500e+02 -6.208660e+01  2.525000e+00
     vertex  1.364259e+02 -6.209659e+01  2.525000e+00
   endloop
 endfacet
 facet normal -3.826834e-01  9.238795e-01  0.000000e+00
   outer loop
     vertex  1.364500e+02 -6.208660e+01  2.575000e+00
     vertex  1.364259e+02 -6.209659e+01  2.525000e+00
     vertex  1.364259e+02 -6.209659e+01  2.575000e+00
   endloop
 endfacet
 facet normal -6.087614e-01  7.933533e-01  0.000000e+00
   outer loop
     vertex  1.364707e+02 -6.207071e+01  2.575000e+00
     vertex  1.364707e+02 -6.207071e+01  2.525000e+00
     vertex  1.364500e+02 -6.208660e+01  2.525000e+00
   endloop
 endfacet
 facet normal -6.087614e-01  7.933533e-01  0.000000e+00
   outer loop
     vertex  1.364707e+02 -6.207071e+01  2.575000e+00
     vertex  1.364500e+02 -6.208660e+01  2.525000e+00
     vertex  1.364500e+02 -6.208660e+01  2.575000e+00
   endloop
 endfacet
 facet normal -7.933533e-01  6.087614e-01  0.000000e+00
   outer loop
     vertex  1.364866e+02 -6.205000e+01  2.575000e+00
     vertex  1.364866e+02 -6.205000e+01  2.525000e+00
     vertex  1.364707e+02 -6.207071e+01  2.525000e+00
   endloop
 endfacet
 facet normal -7.933533e-01  6.087614e-01  0.000000e+00
   outer loop
     vertex  1.364866e+02 -6.205000e+01  2.575000e+00
     vertex  1.364707e+02 -6.207071e+01  2.525000e+00
     vertex  1.364707e+02 -6.207071e+01  2.575000e+00
   endloop
 endfacet
 facet normal -9.238795e-01  3.826834e-01  0.000000e+00
   outer loop
     vertex  1.364966e+02 -6.202588e+01  2.575000e+00
     vertex  1.364966e+02 -6.202588e+01  2.525000e+00
     vertex  1.364866e+02 -6.205000e+01  2.525000e+00
   endloop
 endfacet
 facet normal -9.238795e-01  3.826834e-01  0.000000e+00
   outer loop
     vertex  1.364966e+02 -6.202588e+01  2.575000e+00
     vertex  1.364866e+02 -6.205000e+01  2.525000e+00
     vertex  1.364866e+02 -6.205000e+01  2.575000e+00
   endloop
 endfacet
 facet normal -9.914449e-01  1.305262e-01  0.000000e+00
   outer loop
     vertex  1.365000e+02 -6.200000e+01  2.575000e+00
     vertex  1.365000e+02 -6.200000e+01  2.525000e+00
     vertex  1.364966e+02 -6.202588e+01  2.525000e+00
   endloop
 endfacet
 facet normal -9.914449e-01  1.305262e-01  0.000000e+00
   outer loop
     vertex  1.365000e+02 -6.200000e+01  2.575000e+00
     vertex  1.364966e+02 -6.202588e+01  2.525000e+00
     vertex  1.364966e+02 -6.202588e+01  2.575000e+00
   endloop
 endfacet
 facet normal -9.914449e-01 -1.305262e-01 -0.000000e+00
   outer loop
     vertex  1.364966e+02 -6.197412e+01  2.575000e+00
     vertex  1.364966e+02 -6.197412e+01  2.525000e+00
     vertex  1.365000e+02 -6.200000e+01  2.525000e+00
   endloop
 endfacet
 facet normal -9.914449e-01 -1.305262e-01  0.000000e+00
   outer loop
     vertex  1.364966e+02 -6.197412e+01  2.575000e+00
     vertex  1.365000e+02 -6.200000e+01  2.525000e+00
     vertex  1.365000e+02 -6.200000e+01  2.575000e+00
   endloop
 endfacet
 facet normal -9.238795e-01 -3.826834e-01 -0.000000e+00
   outer loop
     vertex  1.364866e+02 -6.195000e+01  2.575000e+00
     vertex  1.364866e+02 -6.195000e+01  2.525000e+00
     vertex  1.364966e+02 -6.197412e+01  2.525000e+00
   endloop
 endfacet
 facet normal -9.238795e-01 -3.826834e-01  0.000000e+00
   outer loop
     vertex  1.364866e+02 -6.195000e+01  2.575000e+00
     vertex  1.364966e+02 -6.197412e+01  2.525000e+00
     vertex  1.364966e+02 -6.197412e+01  2.575000e+00
   endloop
 endfacet
 facet normal -7.933533e-01 -6.087614e-01 -0.000000e+00
   outer loop
     vertex  1.364707e+02 -6.192929e+01  2.575000e+00
     vertex  1.364707e+02 -6.192929e+01  2.525000e+00
     vertex  1.364866e+02 -6.195000e+01  2.525000e+00
   endloop
 endfacet
 facet normal -7.933533e-01 -6.087614e-01  0.000000e+00
   outer loop
     vertex  1.364707e+02 -6.192929e+01  2.575000e+00
     vertex  1.364866e+02 -6.195000e+01  2.525000e+00
     vertex  1.364866e+02 -6.195000e+01  2.575000e+00
   endloop
 endfacet
 facet normal -6.087614e-01 -7.933533e-01 -0.000000e+00
   outer loop
     vertex  1.364500e+02 -6.191340e+01  2.575000e+00
     vertex  1.364500e+02 -6.191340e+01  2.525000e+00
     vertex  1.364707e+02 -6.192929e+01  2.525000e+00
   endloop
 endfacet
 facet normal -6.087614e-01 -7.933533e-01  0.000000e+00
   outer loop
     vertex  1.364500e+02 -6.191340e+01  2.575000e+00
     vertex  1.364707e+02 -6.192929e+01  2.525000e+00
     vertex  1.364707e+02 -6.192929e+01  2.575000e+00
   endloop
 endfacet
 facet normal -3.826834e-01 -9.238795e-01 -0.000000e+00
   outer loop
     vertex  1.364259e+02 -6.190341e+01  2.575000e+00
     vertex  1.364259e+02 -6.190341e+01  2.525000e+00
     vertex  1.364500e+02 -6.191340e+01  2.525000e+00
   endloop
 endfacet
 facet normal -3.826834e-01 -9.238795e-01  0.000000e+00
   outer loop
     vertex  1.364259e+02 -6.190341e+01  2.575000e+00
     vertex  1.364500e+02 -6.191340e+01  2.525000e+00
     vertex  1.364500e+02 -6.191340e+01  2.575000e+00
   endloop
 endfacet
 facet normal -1.305262e-01 -9.914449e-01  0.000000e+00
   outer loop
     vertex  1.364000e+02 -6.190000e+01  2.575000e+00
     vertex  1.364259e+02 -6.190341e+01  2.525000e+00
     vertex  1.364259e+02 -6.190341e+01  2.575000e+00
   endloop
 endfacet
 facet normal -1.305262e-01 -9.914449e-01 -0.000000e+00
   outer loop
     vertex  1.364000e+02 -6.190000e+01  2.575000e+00
     vertex  1.364000e+02 -6.190000e+01  2.525000e+00
     vertex  1.364259e+02 -6.190341e+01  2.525000e+00
   endloop
 endfacet
 facet normal  1.305262e-01 -9.914449e-01  0.000000e+00
   outer loop
     vertex  1.363741e+02 -6.190341e+01  2.575000e+00
     vertex  1.364000e+02 -6.190000e+01  2.525000e+00
     vertex  1.364000e+02 -6.190000e+01  2.575000e+00
   endloop
 endfacet
 facet normal  1.305262e-01 -9.914449e-01  0.000000e+00
   outer loop
     vertex  1.363741e+02 -6.190341e+01  2.575000e+00
     vertex  1.363741e+02 -6.190341e+01  2.525000e+00
     vertex  1.364000e+02 -6.190000e+01  2.525000e+00
   endloop
 endfacet
 facet normal  3.826834e-01 -9.238795e-01  0.000000e+00
   outer loop
     vertex  1.363500e+02 -6.191340e+01  2.575000e+00
     vertex  1.363741e+02 -6.190341e+01  2.525000e+00
     vertex  1.363741e+02 -6.190341e+01  2.575000e+00
   endloop
 endfacet
 facet normal  3.826834e-01 -9.238795e-01  0.000000e+00
   outer loop
     vertex  1.363500e+02 -6.191340e+01  2.575000e+00
     vertex  1.363500e+02 -6.191340e+01  2.525000e+00
     vertex  1.363741e+02 -6.190341e+01  2.525000e+00
   endloop
 endfacet
 facet normal  6.087614e-01 -7.933533e-01  0.000000e+00
   outer loop
     vertex  1.363293e+02 -6.192929e+01  2.575000e+00
     vertex  1.363500e+02 -6.191340e+01  2.525000e+00
     vertex  1.363500e+02 -6.191340e+01  2.575000e+00
   endloop
 endfacet
 facet normal  6.087614e-01 -7.933533e-01  0.000000e+00
   outer loop
     vertex  1.363293e+02 -6.192929e+01  2.575000e+00
     vertex  1.363293e+02 -6.192929e+01  2.525000e+00
     vertex  1.363500e+02 -6.191340e+01  2.525000e+00
   endloop
 endfacet
 facet normal  7.933533e-01 -6.087614e-01  0.000000e+00
   outer loop
     vertex  1.363134e+02 -6.195000e+01  2.575000e+00
     vertex  1.363134e+02 -6.195000e+01  2.525000e+00
     vertex  1.363293e+02 -6.192929e+01  2.525000e+00
   endloop
 endfacet
 facet normal  7.933533e-01 -6.087614e-01  0.000000e+00
   outer loop
     vertex  1.363134e+02 -6.195000e+01  2.575000e+00
     vertex  1.363293e+02 -6.192929e+01  2.525000e+00
     vertex  1.363293e+02 -6.192929e+01  2.575000e+00
   endloop
 endfacet
 facet normal  9.238795e-01 -3.826834e-01  0.000000e+00
   outer loop
     vertex  1.363034e+02 -6.197412e+01  2.575000e+00
     vertex  1.363034e+02 -6.197412e+01  2.525000e+00
     vertex  1.363134e+02 -6.195000e+01  2.525000e+00
   endloop
 endfacet
 facet normal  9.238795e-01 -3.826834e-01  0.000000e+00
   outer loop
     vertex  1.363034e+02 -6.197412e+01  2.575000e+00
     vertex  1.363134e+02 -6.195000e+01  2.525000e+00
     vertex  1.363134e+02 -6.195000e+01  2.575000e+00
   endloop
 endfacet
 facet normal  9.914449e-01 -1.305262e-01  0.000000e+00
   outer loop
     vertex  1.363000e+02 -6.200000e+01  2.575000e+00
     vertex  1.363000e+02 -6.200000e+01  2.525000e+00
     vertex  1.363034e+02 -6.197412e+01  2.525000e+00
   endloop
 endfacet
 facet normal  9.914449e-01 -1.305262e-01  0.000000e+00
   outer loop
     vertex  1.363000e+02 -6.200000e+01  2.575000e+00
     vertex  1.363034e+02 -6.197412e+01  2.525000e+00
     vertex  1.363034e+02 -6.197412e+01  2.575000e+00
   endloop
 endfacet
 facet normal  9.914449e-01  1.305262e-01  0.000000e+00
   outer loop
     vertex  1.363034e+02 -6.202588e+01  2.575000e+00
     vertex  1.363034e+02 -6.202588e+01  2.525000e+00
     vertex  1.363000e+02 -6.200000e+01  2.525000e+00
   endloop
 endfacet
 facet normal  9.914449e-01  1.305262e-01  0.000000e+00
   outer loop
     vertex  1.363034e+02 -6.202588e+01  2.575000e+00
     vertex  1.363000e+02 -6.200000e+01  2.525000e+00
     vertex  1.363000e+02 -6.200000e+01  2.575000e+00
   endloop
 endfacet
 facet normal  9.238795e-01  3.826834e-01  0.000000e+00
   outer loop
     vertex  1.363134e+02 -6.205000e+01  2.575000e+00
     vertex  1.363134e+02 -6.205000e+01  2.525000e+00
     vertex  1.363034e+02 -6.202588e+01  2.525000e+00
   endloop
 endfacet
 facet normal  9.238795e-01  3.826834e-01  0.000000e+00
   outer loop
     vertex  1.363134e+02 -6.205000e+01  2.575000e+00
     vertex  1.363034e+02 -6.202588e+01  2.525000e+00
     vertex  1.363034e+02 -6.202588e+01  2.575000e+00
   endloop
 endfacet
 facet normal  7.933533e-01  6.087614e-01  0.000000e+00
   outer loop
     vertex  1.363293e+02 -6.207071e+01  2.575000e+00
     vertex  1.363293e+02 -6.207071e+01  2.525000e+00
     vertex  1.363134e+02 -6.205000e+01  2.525000e+00
   endloop
 endfacet
 facet normal  7.933533e-01  6.087614e-01  0.000000e+00
   outer loop
     vertex  1.363293e+02 -6.207071e+01  2.575000e+00
     vertex  1.363134e+02 -6.205000e+01  2.525000e+00
     vertex  1.363134e+02 -6.205000e+01  2.575000e+00
   endloop
 endfacet
 facet normal  6.087614e-01  7.933533e-01  0.000000e+00
   outer loop
     vertex  1.363500e+02 -6.208660e+01  2.575000e+00
     vertex  1.363500e+02 -6.208660e+01  2.525000e+00
     vertex  1.363293e+02 -6.207071e+01  2.525000e+00
   endloop
 endfacet
 facet normal  6.087614e-01  7.933533e-01  0.000000e+00
   outer loop
     vertex  1.363500e+02 -6.208660e+01  2.575000e+00
     vertex  1.363293e+02 -6.207071e+01  2.525000e+00
     vertex  1.363293e+02 -6.207071e+01  2.575000e+00
   endloop
 endfacet
 facet normal  3.826834e-01  9.238795e-01  0.000000e+00
   outer loop
     vertex  1.363741e+02 -6.209659e+01  2.575000e+00
     vertex  1.363741e+02 -6.209659e+01  2.525000e+00
     vertex  1.363500e+02 -6.208660e+01  2.525000e+00
   endloop
 endfacet
 facet normal  3.826834e-01  9.238795e-01  0.000000e+00
   outer loop
     vertex  1.363741e+02 -6.209659e+01  2.575000e+00
     vertex  1.363500e+02 -6.208660e+01  2.525000e+00
     vertex  1.363500e+02 -6.208660e+01  2.575000e+00
   endloop
 endfacet
 facet normal  1.305262e-01  9.914449e-01  0.000000e+00
   outer loop
     vertex  1.364000e+02 -6.210000e+01  2.575000e+00
     vertex  1.364000e+02 -6.210000e+01  2.525000e+00
     vertex  1.363741e+02 -6.209659e+01  2.525000e+00
   endloop
 endfacet
 facet normal  1.305262e-01  9.914449e-01  0.000000e+00
   outer loop
     vertex  1.364000e+02 -6.210000e+01  2.575000e+00
     vertex  1.363741e+02 -6.209659e+01  2.525000e+00
     vertex  1.363741e+02 -6.209659e+01  2.575000e+00
   endloop
 endfacet
 facet normal  0.000000e+00  0.000000e+00  1.000000e+00
   outer loop
     vertex  1.364707e+02 -6.207071e+01  2.525000e+00
     vertex  1.364000e+02 -6.210000e+01  2.525000e+00
     vertex  1.364259e+02 -6.209659e+01  2.525000e+00
   endloop
 endfacet
 facet normal  0.000000e+00  0.000000e+00  1.000000e+00
   outer loop
     vertex  1.364707e+02 -6.207071e+01  2.525000e+00
     vertex  1.364259e+02 -6.209659e+01  2.525000e+00
     vertex  1.364500e+02 -6.208660e+01  2.525000e+00
   endloop
 endfacet
 facet normal  0.000000e+00  0.000000e+00  1.000000e+00
   outer loop
     vertex  1.364707e+02 -6.207071e+01  2.525000e+00
     vertex  1.363293e+02 -6.207071e+01  2.525000e+00
     vertex  1.363500e+02 -6.208660e+01  2.525000e+00
   endloop
 endfacet
 facet normal  0.000000e+00  0.000000e+00  1.000000e+00
   outer loop
     vertex  1.364707e+02 -6.207071e+01  2.525000e+00
     vertex  1.363500e+02 -6.208660e+01  2.525000e+00
     vertex  1.363741e+02 -6.209659e+01  2.525000e+00
   endloop
 endfacet
 facet normal  0.000000e+00  0.000000e+00  1.000000e+00
   outer loop
     vertex  1.364707e+02 -6.207071e+01  2.525000e+00
     vertex  1.363741e+02 -6.209659e+01  2.525000e+00
     vertex  1.364000e+02 -6.210000e+01  2.525000e+00
   endloop
 endfacet
 facet normal  0.000000e+00  0.000000e+00  1.000000e+00
   outer loop
     vertex  1.364866e+02 -6.205000e+01  2.525000e+00
     vertex  1.363134e+02 -6.205000e+01  2.525000e+00
     vertex  1.363293e+02 -6.207071e+01  2.525000e+00
   endloop
 endfacet
 facet normal  0.000000e+00  0.000000e+00  1.000000e+00
   outer loop
     vertex  1.364866e+02 -6.205000e+01  2.525000e+00
     vertex  1.363293e+02 -6.207071e+01  2.525000e+00
     vertex  1.364707e+02 -6.207071e+01  2.525000e+00
   endloop
 endfacet
 facet normal  0.000000e+00  0.000000e+00  1.000000e+00
   outer loop
     vertex  1.364966e+02 -6.202588e+01  2.525000e+00
     vertex  1.363034e+02 -6.202588e+01  2.525000e+00
     vertex  1.363134e+02 -6.205000e+01  2.525000e+00
   endloop
 endfacet
 facet normal  0.000000e+00  0.000000e+00  1.000000e+00
   outer loop
     vertex  1.364966e+02 -6.202588e+01  2.525000e+00
     vertex  1.363134e+02 -6.205000e+01  2.525000e+00
     vertex  1.364866e+02 -6.205000e+01  2.525000e+00
   endloop
 endfacet
 facet normal  0.000000e+00  0.000000e+00  1.000000e+00
   outer loop
     vertex  1.365000e+02 -6.200000e+01  2.525000e+00
     vertex  1.363000e+02 -6.200000e+01  2.525000e+00
     vertex  1.363034e+02 -6.202588e+01  2.525000e+00
   endloop
 endfacet
 facet normal  0.000000e+00  0.000000e+00  1.000000e+00
   outer loop
     vertex  1.365000e+02 -6.200000e+01  2.525000e+00
     vertex  1.363034e+02 -6.202588e+01  2.525000e+00
     vertex  1.364966e+02 -6.202588e+01  2.525000e+00
   endloop
 endfacet
 facet normal  0.000000e+00  0.000000e+00  1.000000e+00
   outer loop
     vertex  1.364966e+02 -6.197412e+01  2.525000e+00
     vertex  1.363034e+02 -6.197412e+01  2.525000e+00
     vertex  1.363000e+02 -6.200000e+01  2.525000e+00
   endloop
 endfacet
 facet normal  0.000000e+00  0.000000e+00  1.000000e+00
   outer loop
     vertex  1.364966e+02 -6.197412e+01  2.525000e+00
     vertex  1.363000e+02 -6.200000e+01  2.525000e+00
     vertex  1.365000e+02 -6.200000e+01  2.525000e+00
   endloop
 endfacet
 facet normal  0.000000e+00  0.000000e+00  1.000000e+00
   outer loop
     vertex  1.364866e+02 -6.195000e+01  2.525000e+00
     vertex  1.363134e+02 -6.195000e+01  2.525000e+00
     vertex  1.363034e+02 -6.197412e+01  2.525000e+00
   endloop
 endfacet
 facet normal  0.000000e+00  0.000000e+00  1.000000e+00
   outer loop
     vertex  1.364866e+02 -6.195000e+01  2.525000e+00
     vertex  1.363034e+02 -6.197412e+01  2.525000e+00
     vertex  1.364966e+02 -6.197412e+01  2.525000e+00
   endloop
 endfacet
 facet normal  0.000000e+00  0.000000e+00  1.000000e+00
   outer loop
     vertex  1.364707e+02 -6.192929e+01  2.525000e+00
     vertex  1.364500e+02 -6.191340e+01  2.525000e+00
     vertex  1.364259e+02 -6.190341e+01  2.525000e+00
   endloop
 endfacet
 facet normal  0.000000e+00  0.000000e+00  1.000000e+00
   outer loop
     vertex  1.364707e+02 -6.192929e+01  2.525000e+00
     vertex  1.364259e+02 -6.190341e+01  2.525000e+00
     vertex  1.364000e+02 -6.190000e+01  2.525000e+00
   endloop
 endfacet
 facet normal  0.000000e+00  0.000000e+00  1.000000e+00
   outer loop
     vertex  1.364707e+02 -6.192929e+01  2.525000e+00
     vertex  1.364000e+02 -6.190000e+01  2.525000e+00
     vertex  1.363741e+02 -6.190341e+01  2.525000e+00
   endloop
 endfacet
 facet normal  0.000000e+00  0.000000e+00  1.000000e+00
   outer loop
     vertex  1.364707e+02 -6.192929e+01  2.525000e+00
     vertex  1.363741e+02 -6.190341e+01  2.525000e+00
     vertex  1.363500e+02 -6.191340e+01  2.525000e+00
   endloop
 endfacet
 facet normal  0.000000e+00  0.000000e+00  1.000000e+00
   outer loop
     vertex  1.364707e+02 -6.192929e+01  2.525000e+00
     vertex  1.363500e+02 -6.191340e+01  2.525000e+00
     vertex  1.363293e+02 -6.192929e+01  2.525000e+00
   endloop
 endfacet
 facet normal  0.000000e+00  0.000000e+00  1.000000e+00
   outer loop
     vertex  1.364707e+02 -6.192929e+01  2.525000e+00
     vertex  1.363293e+02 -6.192929e+01  2.525000e+00
     vertex  1.363134e+02 -6.195000e+01  2.525000e+00
   endloop
 endfacet
 facet normal  0.000000e+00  0.000000e+00  1.000000e+00
   outer loop
     vertex  1.364707e+02 -6.192929e+01  2.525000e+00
     vertex  1.363134e+02 -6.195000e+01  2.525000e+00
     vertex  1.364866e+02 -6.195000e+01  2.525000e+00
   endloop
 endfacet
 facet normal  1.000000e+00  0.000000e+00  0.000000e+00
   outer loop
     vertex  1.592500e+02 -8.190000e+01  2.000000e+00
     vertex  1.592500e+02 -8.310000e+01  1.640000e+00
     vertex  1.592500e+02 -8.190000e+01  1.640000e+00
   endloop
 endfacet
 facet normal  1.000000e+00  0.000000e+00  0.000000e+00
   outer loop
     vertex  1.592500e+02 -8.190000e+01  2.000000e+00
     vertex  1.592500e+02 -8.310000e+01  2.000000e+00
     vertex  1.592500e+02 -8.310000e+01  1.640000e+00
   endloop
 endfacet
 facet normal -0.000000e+00  1.000000e+00  0.000000e+00
   outer loop
     vertex  1.592050e+02 -8.190000e+01  1.640000e+00
     vertex  1.592500e+02 -8.190000e+01  1.640000e+00
     vertex  1.592485e+02 -8.190000e+01  1.628353e+00
   endloop
 endfacet
 facet normal  0.000000e+00  1.000000e+00  0.000000e+00
   outer loop
     vertex  1.592050e+02 -8.190000e+01  1.640000e+00
     vertex  1.592485e+02 -8.190000e+01  1.628353e+00
     vertex  1.592440e+02 -8.190000e+01  1.617500e+00
   endloop
 endfacet
 facet normal  0.000000e+00  1.000000e+00  0.000000e+00
   outer loop
     vertex  1.592050e+02 -8.190000e+01  1.640000e+00
     vertex  1.592440e+02 -8.190000e+01  1.617500e+00
     vertex  1.592368e+02 -8.190000e+01  1.608180e+00
   endloop
 endfacet
 facet normal  0.000000e+00  1.000000e+00  0.000000e+00
   outer loop
     vertex  1.592050e+02 -8.190000e+01  1.640000e+00
     vertex  1.592368e+02 -8.190000e+01  1.608180e+00
     vertex  1.592275e+02 -8.190000e+01  1.601029e+00
   endloop
 endfacet
 facet normal  0.000000e+00  1.000000e+00  0.000000e+00
   outer loop
     vertex  1.592050e+02 -8.190000e+01  1.640000e+00
     vertex  1.592275e+02 -8.190000e+01  1.601029e+00
     vertex  1.592166e+02 -8.190000e+01  1.596533e+00
   endloop
 endfacet
 facet normal  0.000000e+00  1.000000e+00  0.000000e+00
   outer loop
     vertex  1.592050e+02 -8.190000e+01  1.640000e+00
     vertex  1.592166e+02 -8.190000e+01  1.596533e+00
     vertex  1.592050e+02 -8.190000e+01  1.595000e+00
   endloop
 endfacet
 facet normal  0.000000e+00  1.000000e+00  0.000000e+00
   outer loop
     vertex  1.589950e+02 -8.190000e+01  1.595000e+00
     vertex  1.592050e+02 -8.190000e+01  1.640000e+00
     vertex  1.592050e+02 -8.190000e+01  1.595000e+00
   endloop
 endfacet
 facet normal  0.000000e+00  1.000000e+00  0.000000e+00
   outer loop
     vertex  1.589500e+02 -8.190000e+01  1.640000e+00
     vertex  1.589560e+02 -8.190000e+01  1.617500e+00
     vertex  1.589515e+02 -8.190000e+01  1.628353e+00
   endloop
 endfacet
 facet normal  0.000000e+00  1.000000e+00  0.000000e+00
   outer loop
     vertex  1.589500e+02 -8.190000e+01  1.640000e+00
     vertex  1.589632e+02 -8.190000e+01  1.608180e+00
     vertex  1.589560e+02 -8.190000e+01  1.617500e+00
   endloop
 endfacet
 facet normal  0.000000e+00  1.000000e+00  0.000000e+00
   outer loop
     vertex  1.589500e+02 -8.190000e+01  1.640000e+00
     vertex  1.589725e+02 -8.190000e+01  1.601029e+00
     vertex  1.589632e+02 -8.190000e+01  1.608180e+00
   endloop
 endfacet
 facet normal  0.000000e+00  1.000000e+00  0.000000e+00
   outer loop
     vertex  1.589500e+02 -8.190000e+01  1.640000e+00
     vertex  1.589834e+02 -8.190000e+01  1.596533e+00
     vertex  1.589725e+02 -8.190000e+01  1.601029e+00
   endloop
 endfacet
 facet normal  0.000000e+00  1.000000e+00  0.000000e+00
   outer loop
     vertex  1.589500e+02 -8.190000e+01  1.640000e+00
     vertex  1.589950e+02 -8.190000e+01  1.595000e+00
     vertex  1.589834e+02 -8.190000e+01  1.596533e+00
   endloop
 endfacet
 facet normal -0.000000e+00  1.000000e+00  0.000000e+00
   outer loop
     vertex  1.589500e+02 -8.190000e+01  1.640000e+00
     vertex  1.592050e+02 -8.190000e+01  1.640000e+00
     vertex  1.589950e+02 -8.190000e+01  1.595000e+00
   endloop
 endfacet
 facet normal -0.000000e+00  1.000000e+00  0.000000e+00
   outer loop
     vertex  1.592050e+02 -8.190000e+01  2.000000e+00
     vertex  1.592500e+02 -8.190000e+01  2.000000e+00
     vertex  1.592500e+02 -8.190000e+01  1.640000e+00
   endloop
 endfacet
 facet normal  0.000000e+00  1.000000e+00  0.000000e+00
   outer loop
     vertex  1.592050e+02 -8.190000e+01  2.000000e+00
     vertex  1.592485e+02 -8.190000e+01  2.011647e+00
     vertex  1.592500e+02 -8.190000e+01  2.000000e+00
   endloop
 endfacet
 facet normal  0.000000e+00  1.000000e+00  0.000000e+00
   outer loop
     vertex  1.592050e+02 -8.190000e+01  2.000000e+00
     vertex  1.592440e+02 -8.190000e+01  2.022500e+00
     vertex  1.592485e+02 -8.190000e+01  2.011647e+00
   endloop
 endfacet
 facet normal  0.000000e+00  1.000000e+00  0.000000e+00
   outer loop
     vertex  1.592050e+02 -8.190000e+01  2.000000e+00
     vertex  1.592368e+02 -8.190000e+01  2.031820e+00
     vertex  1.592440e+02 -8.190000e+01  2.022500e+00
   endloop
 endfacet
 facet normal  0.000000e+00  1.000000e+00  0.000000e+00
   outer loop
     vertex  1.592050e+02 -8.190000e+01  2.000000e+00
     vertex  1.592500e+02 -8.190000e+01  1.640000e+00
     vertex  1.592050e+02 -8.190000e+01  1.640000e+00
   endloop
 endfacet
 facet normal  0.000000e+00  1.000000e+00  0.000000e+00
   outer loop
     vertex  1.592275e+02 -8.190000e+01  2.038971e+00
     vertex  1.592368e+02 -8.190000e+01  2.031820e+00
     vertex  1.592050e+02 -8.190000e+01  2.000000e+00
   endloop
 endfacet
 facet normal  0.000000e+00  1.000000e+00  0.000000e+00
   outer loop
     vertex  1.592166e+02 -8.190000e+01  2.043467e+00
     vertex  1.592275e+02 -8.190000e+01  2.038971e+00
     vertex  1.592050e+02 -8.190000e+01  2.000000e+00
   endloop
 endfacet
 facet normal  0.000000e+00  1.000000e+00  0.000000e+00
   outer loop
     vertex  1.592050e+02 -8.190000e+01  2.045000e+00
     vertex  1.592166e+02 -8.190000e+01  2.043467e+00
     vertex  1.592050e+02 -8.190000e+01  2.000000e+00
   endloop
 endfacet
 facet normal -0.000000e+00  1.000000e+00  0.000000e+00
   outer loop
     vertex  1.589950e+02 -8.190000e+01  2.045000e+00
     vertex  1.592050e+02 -8.190000e+01  2.045000e+00
     vertex  1.592050e+02 -8.190000e+01  2.000000e+00
   endloop
 endfacet
 facet normal  0.000000e+00  1.000000e+00  0.000000e+00
   outer loop
     vertex  1.589500e+02 -8.190000e+01  2.000000e+00
     vertex  1.589950e+02 -8.190000e+01  2.045000e+00
     vertex  1.592050e+02 -8.190000e+01  2.000000e+00
   endloop
 endfacet
 facet normal  0.000000e+00  1.000000e+00  0.000000e+00
   outer loop
     vertex  1.589725e+02 -8.190000e+01  2.038971e+00
     vertex  1.589834e+02 -8.190000e+01  2.043467e+00
     vertex  1.589950e+02 -8.190000e+01  2.045000e+00
   endloop
 endfacet
 facet normal  0.000000e+00  1.000000e+00  0.000000e+00
   outer loop
     vertex  1.589632e+02 -8.190000e+01  2.031820e+00
     vertex  1.589500e+02 -8.190000e+01  2.000000e+00
     vertex  1.589515e+02 -8.190000e+01  2.011647e+00
   endloop
 endfacet
 facet normal  0.000000e+00  1.000000e+00  0.000000e+00
   outer loop
     vertex  1.589632e+02 -8.190000e+01  2.031820e+00
     vertex  1.589515e+02 -8.190000e+01  2.011647e+00
     vertex  1.589560e+02 -8.190000e+01  2.022500e+00
   endloop
 endfacet
 facet normal -0.000000e+00  1.000000e+00  0.000000e+00
   outer loop
     vertex  1.589632e+02 -8.190000e+01  2.031820e+00
     vertex  1.589950e+02 -8.190000e+01  2.045000e+00
     vertex  1.589500e+02 -8.190000e+01  2.000000e+00
   endloop
 endfacet
 facet normal  0.000000e+00  1.000000e+00  0.000000e+00
   outer loop
     vertex  1.589632e+02 -8.190000e+01  2.031820e+00
     vertex  1.589725e+02 -8.190000e+01  2.038971e+00
     vertex  1.589950e+02 -8.190000e+01  2.045000e+00
   endloop
 endfacet
 facet normal  1.305262e-01  0.000000e+00 -9.914449e-01
   outer loop
     vertex  1.592166e+02 -8.310000e+01  1.596533e+00
     vertex  1.592050e+02 -8.310000e+01  1.595000e+00
     vertex  1.592050e+02 -8.190000e+01  1.595000e+00
   endloop
 endfacet
 facet normal  1.305262e-01  0.000000e+00 -9.914449e-01
   outer loop
     vertex  1.592166e+02 -8.310000e+01  1.596533e+00
     vertex  1.592050e+02 -8.190000e+01  1.595000e+00
     vertex  1.592166e+02 -8.190000e+01  1.596533e+00
   endloop
 endfacet
 facet normal  3.826834e-01  0.000000e+00 -9.238795e-01
   outer loop
     vertex  1.592275e+02 -8.310000e+01  1.601029e+00
     vertex  1.592166e+02 -8.190000e+01  1.596533e+00
     vertex  1.592275e+02 -8.190000e+01  1.601029e+00
   endloop
 endfacet
 facet normal  3.826834e-01  0.000000e+00 -9.238795e-01
   outer loop
     vertex  1.592275e+02 -8.310000e+01  1.601029e+00
     vertex  1.592166e+02 -8.310000e+01  1.596533e+00
     vertex  1.592166e+02 -8.190000e+01  1.596533e+00
   endloop
 endfacet
 facet normal  6.087614e-01  0.000000e+00 -7.933533e-01
   outer loop
     vertex  1.592368e+02 -8.310000e+01  1.608180e+00
     vertex  1.592275e+02 -8.190000e+01  1.601029e+00
     vertex  1.592368e+02 -8.190000e+01  1.608180e+00
   endloop
 endfacet
 facet normal  6.087614e-01  0.000000e+00 -7.933533e-01
   outer loop
     vertex  1.592368e+02 -8.310000e+01  1.608180e+00
     vertex  1.592275e+02 -8.310000e+01  1.601029e+00
     vertex  1.592275e+02 -8.190000e+01  1.601029e+00
   endloop
 endfacet
 facet normal  7.933533e-01  0.000000e+00 -6.087614e-01
   outer loop
     vertex  1.592440e+02 -8.310000e+01  1.617500e+00
     vertex  1.592368e+02 -8.190000e+01  1.608180e+00
     vertex  1.592440e+02 -8.190000e+01  1.617500e+00
   endloop
 endfacet
 facet normal  7.933533e-01  0.000000e+00 -6.087614e-01
   outer loop
     vertex  1.592440e+02 -8.310000e+01  1.617500e+00
     vertex  1.592368e+02 -8.310000e+01  1.608180e+00
     vertex  1.592368e+02 -8.190000e+01  1.608180e+00
   endloop
 endfacet
 facet normal  9.238795e-01  0.000000e+00 -3.826834e-01
   outer loop
     vertex  1.592485e+02 -8.310000e+01  1.628353e+00
     vertex  1.592440e+02 -8.190000e+01  1.617500e+00
     vertex  1.592485e+02 -8.190000e+01  1.628353e+00
   endloop
 endfacet
 facet normal  9.238795e-01  0.000000e+00 -3.826834e-01
   outer loop
     vertex  1.592485e+02 -8.310000e+01  1.628353e+00
     vertex  1.592440e+02 -8.310000e+01  1.617500e+00
     vertex  1.592440e+02 -8.190000e+01  1.617500e+00
   endloop
 endfacet
 facet normal  9.914449e-01  0.000000e+00 -1.305262e-01
   outer loop
     vertex  1.592500e+02 -8.310000e+01  1.640000e+00
     vertex  1.592485e+02 -8.190000e+01  1.628353e+00
     vertex  1.592500e+02 -8.190000e+01  1.640000e+00
   endloop
 endfacet
 facet normal  9.914449e-01  0.000000e+00 -1.305262e-01
   outer loop
     vertex  1.592500e+02 -8.310000e+01  1.640000e+00
     vertex  1.592485e+02 -8.310000e+01  1.628353e+00
     vertex  1.592485e+02 -8.190000e+01  1.628353e+00
   endloop
 endfacet
 facet normal  9.914449e-01 -0.000000e+00  1.305262e-01
   outer loop
     vertex  1.592485e+02 -8.310000e+01  2.011647e+00
     vertex  1.592500e+02 -8.190000e+01  2.000000e+00
     vertex  1.592485e+02 -8.190000e+01  2.011647e+00
   endloop
 endfacet
 facet normal  9.914449e-01  0.000000e+00  1.305262e-01
   outer loop
     vertex  1.592485e+02 -8.310000e+01  2.011647e+00
     vertex  1.592500e+02 -8.310000e+01  2.000000e+00
     vertex  1.592500e+02 -8.190000e+01  2.000000e+00
   endloop
 endfacet
 facet normal  9.238795e-01 -0.000000e+00  3.826834e-01
   outer loop
     vertex  1.592440e+02 -8.310000e+01  2.022500e+00
     vertex  1.592485e+02 -8.190000e+01  2.011647e+00
     vertex  1.592440e+02 -8.190000e+01  2.022500e+00
   endloop
 endfacet
 facet normal  9.238795e-01  0.000000e+00  3.826834e-01
   outer loop
     vertex  1.592440e+02 -8.310000e+01  2.022500e+00
     vertex  1.592485e+02 -8.310000e+01  2.011647e+00
     vertex  1.592485e+02 -8.190000e+01  2.011647e+00
   endloop
 endfacet
 facet normal  7.933533e-01 -0.000000e+00  6.087614e-01
   outer loop
     vertex  1.592368e+02 -8.310000e+01  2.031820e+00
     vertex  1.592440e+02 -8.190000e+01  2.022500e+00
     vertex  1.592368e+02 -8.190000e+01  2.031820e+00
   endloop
 endfacet
 facet normal  6.087614e-01 -0.000000e+00  7.933533e-01
   outer loop
     vertex  1.592368e+02 -8.310000e+01  2.031820e+00
     vertex  1.592368e+02 -8.190000e+01  2.031820e+00
     vertex  1.592275e+02 -8.190000e+01  2.038971e+00
   endloop
 endfacet
 facet normal  7.933533e-01  0.000000e+00  6.087614e-01
   outer loop
     vertex  1.592368e+02 -8.310000e+01  2.031820e+00
     vertex  1.592440e+02 -8.310000e+01  2.022500e+00
     vertex  1.592440e+02 -8.190000e+01  2.022500e+00
   endloop
 endfacet
 facet normal  6.087614e-01 -0.000000e+00  7.933533e-01
   outer loop
     vertex  1.592275e+02 -8.310000e+01  2.038971e+00
     vertex  1.592368e+02 -8.310000e+01  2.031820e+00
     vertex  1.592275e+02 -8.190000e+01  2.038971e+00
   endloop
 endfacet
 facet normal  3.826834e-01 -0.000000e+00  9.238795e-01
   outer loop
     vertex  1.592166e+02 -8.310000e+01  2.043467e+00
     vertex  1.592275e+02 -8.190000e+01  2.038971e+00
     vertex  1.592166e+02 -8.190000e+01  2.043467e+00
   endloop
 endfacet
 facet normal  3.826834e-01  0.000000e+00  9.238795e-01
   outer loop
     vertex  1.592166e+02 -8.310000e+01  2.043467e+00
     vertex  1.592275e+02 -8.310000e+01  2.038971e+00
     vertex  1.592275e+02 -8.190000e+01  2.038971e+00
   endloop
 endfacet
 facet normal  1.305262e-01 -0.000000e+00  9.914449e-01
   outer loop
     vertex  1.592050e+02 -8.310000e+01  2.045000e+00
     vertex  1.592166e+02 -8.190000e+01  2.043467e+00
     vertex  1.592050e+02 -8.190000e+01  2.045000e+00
   endloop
 endfacet
 facet normal  1.305262e-01  0.000000e+00  9.914449e-01
   outer loop
     vertex  1.592050e+02 -8.310000e+01  2.045000e+00
     vertex  1.592166e+02 -8.310000e+01  2.043467e+00
     vertex  1.592166e+02 -8.190000e+01  2.043467e+00
   endloop
 endfacet
 facet normal  0.000000e+00 -1.000000e+00  0.000000e+00
   outer loop
     vertex  1.592050e+02 -8.310000e+01  1.640000e+00
     vertex  1.592485e+02 -8.310000e+01  1.628353e+00
     vertex  1.592500e+02 -8.310000e+01  1.640000e+00
   endloop
 endfacet
 facet normal  0.000000e+00 -1.000000e+00  0.000000e+00
   outer loop
     vertex  1.592050e+02 -8.310000e+01  1.640000e+00
     vertex  1.592440e+02 -8.310000e+01  1.617500e+00
     vertex  1.592485e+02 -8.310000e+01  1.628353e+00
   endloop
 endfacet
 facet normal  0.000000e+00 -1.000000e+00  0.000000e+00
   outer loop
     vertex  1.592050e+02 -8.310000e+01  1.640000e+00
     vertex  1.592368e+02 -8.310000e+01  1.608180e+00
     vertex  1.592440e+02 -8.310000e+01  1.617500e+00
   endloop
 endfacet
 facet normal  0.000000e+00 -1.000000e+00  0.000000e+00
   outer loop
     vertex  1.592050e+02 -8.310000e+01  1.640000e+00
     vertex  1.592275e+02 -8.310000e+01  1.601029e+00
     vertex  1.592368e+02 -8.310000e+01  1.608180e+00
   endloop
 endfacet
 facet normal  0.000000e+00 -1.000000e+00  0.000000e+00
   outer loop
     vertex  1.592050e+02 -8.310000e+01  1.640000e+00
     vertex  1.592166e+02 -8.310000e+01  1.596533e+00
     vertex  1.592275e+02 -8.310000e+01  1.601029e+00
   endloop
 endfacet
 facet normal  0.000000e+00 -1.000000e+00  0.000000e+00
   outer loop
     vertex  1.592050e+02 -8.310000e+01  1.640000e+00
     vertex  1.592050e+02 -8.310000e+01  1.595000e+00
     vertex  1.592166e+02 -8.310000e+01  1.596533e+00
   endloop
 endfacet
 facet normal  0.000000e+00 -1.000000e+00  0.000000e+00
   outer loop
     vertex  1.589950e+02 -8.310000e+01  1.595000e+00
     vertex  1.592050e+02 -8.310000e+01  1.595000e+00
     vertex  1.592050e+02 -8.310000e+01  1.640000e+00
   endloop
 endfacet
 facet normal  0.000000e+00 -1.000000e+00  0.000000e+00
   outer loop
     vertex  1.589500e+02 -8.310000e+01  1.640000e+00
     vertex  1.589515e+02 -8.310000e+01  1.628353e+00
     vertex  1.589560e+02 -8.310000e+01  1.617500e+00
   endloop
 endfacet
 facet normal  0.000000e+00 -1.000000e+00  0.000000e+00
   outer loop
     vertex  1.589500e+02 -8.310000e+01  1.640000e+00
     vertex  1.589560e+02 -8.310000e+01  1.617500e+00
     vertex  1.589632e+02 -8.310000e+01  1.608180e+00
   endloop
 endfacet
 facet normal  0.000000e+00 -1.000000e+00  0.000000e+00
   outer loop
     vertex  1.589500e+02 -8.310000e+01  1.640000e+00
     vertex  1.589632e+02 -8.310000e+01  1.608180e+00
     vertex  1.589725e+02 -8.310000e+01  1.601029e+00
   endloop
 endfacet
 facet normal  0.000000e+00 -1.000000e+00  0.000000e+00
   outer loop
     vertex  1.589500e+02 -8.310000e+01  1.640000e+00
     vertex  1.589725e+02 -8.310000e+01  1.601029e+00
     vertex  1.589834e+02 -8.310000e+01  1.596533e+00
   endloop
 endfacet
 facet normal  0.000000e+00 -1.000000e+00  0.000000e+00
   outer loop
     vertex  1.589500e+02 -8.310000e+01  1.640000e+00
     vertex  1.589834e+02 -8.310000e+01  1.596533e+00
     vertex  1.589950e+02 -8.310000e+01  1.595000e+00
   endloop
 endfacet
 facet normal  0.000000e+00 -1.000000e+00  0.000000e+00
   outer loop
     vertex  1.589500e+02 -8.310000e+01  1.640000e+00
     vertex  1.589950e+02 -8.310000e+01  1.595000e+00
     vertex  1.592050e+02 -8.310000e+01  1.640000e+00
   endloop
 endfacet
 facet normal  0.000000e+00 -1.000000e+00  0.000000e+00
   outer loop
     vertex  1.592050e+02 -8.310000e+01  2.000000e+00
     vertex  1.592500e+02 -8.310000e+01  1.640000e+00
     vertex  1.592500e+02 -8.310000e+01  2.000000e+00
   endloop
 endfacet
 facet normal  0.000000e+00 -1.000000e+00  0.000000e+00
   outer loop
     vertex  1.592050e+02 -8.310000e+01  2.000000e+00
     vertex  1.592500e+02 -8.310000e+01  2.000000e+00
     vertex  1.592485e+02 -8.310000e+01  2.011647e+00
   endloop
 endfacet
 facet normal  0.000000e+00 -1.000000e+00  0.000000e+00
   outer loop
     vertex  1.592050e+02 -8.310000e+01  2.000000e+00
     vertex  1.592485e+02 -8.310000e+01  2.011647e+00
     vertex  1.592440e+02 -8.310000e+01  2.022500e+00
   endloop
 endfacet
 facet normal  0.000000e+00 -1.000000e+00  0.000000e+00
   outer loop
     vertex  1.592050e+02 -8.310000e+01  2.000000e+00
     vertex  1.592440e+02 -8.310000e+01  2.022500e+00
     vertex  1.592368e+02 -8.310000e+01  2.031820e+00
   endloop
 endfacet
 facet normal  0.000000e+00 -1.000000e+00  0.000000e+00
   outer loop
     vertex  1.592050e+02 -8.310000e+01  2.000000e+00
     vertex  1.592050e+02 -8.310000e+01  1.640000e+00
     vertex  1.592500e+02 -8.310000e+01  1.640000e+00
   endloop
 endfacet
 facet normal  0.000000e+00 -1.000000e+00 -0.000000e+00
   outer loop
     vertex  1.592275e+02 -8.310000e+01  2.038971e+00
     vertex  1.592050e+02 -8.310000e+01  2.000000e+00
     vertex  1.592368e+02 -8.310000e+01  2.031820e+00
   endloop
 endfacet
 facet normal  0.000000e+00 -1.000000e+00 -0.000000e+00
   outer loop
     vertex  1.592166e+02 -8.310000e+01  2.043467e+00
     vertex  1.592050e+02 -8.310000e+01  2.000000e+00
     vertex  1.592275e+02 -8.310000e+01  2.038971e+00
   endloop
 endfacet
 facet normal  0.000000e+00 -1.000000e+00  0.000000e+00
   outer loop
     vertex  1.592050e+02 -8.310000e+01  2.045000e+00
     vertex  1.592050e+02 -8.310000e+01  2.000000e+00
     vertex  1.592166e+02 -8.310000e+01  2.043467e+00
   endloop
 endfacet
 facet normal  0.000000e+00 -1.000000e+00  0.000000e+00
   outer loop
     vertex  1.589950e+02 -8.310000e+01  2.045000e+00
     vertex  1.592050e+02 -8.310000e+01  2.000000e+00
     vertex  1.592050e+02 -8.310000e+01  2.045000e+00
   endloop
 endfacet
 facet normal  0.000000e+00 -1.000000e+00  0.000000e+00
   outer loop
     vertex  1.589500e+02 -8.310000e+01  2.000000e+00
     vertex  1.592050e+02 -8.310000e+01  2.000000e+00
     vertex  1.589950e+02 -8.310000e+01  2.045000e+00
   endloop
 endfacet
 facet normal  0.000000e+00 -1.000000e+00  0.000000e+00
   outer loop
     vertex  1.589725e+02 -8.310000e+01  2.038971e+00
     vertex  1.589950e+02 -8.310000e+01  2.045000e+00
     vertex  1.589834e+02 -8.310000e+01  2.043467e+00
   endloop
 endfacet
 facet normal  0.000000e+00 -1.000000e+00  0.000000e+00
   outer loop
     vertex  1.589632e+02 -8.310000e+01  2.031820e+00
     vertex  1.589515e+02 -8.310000e+01  2.011647e+00
     vertex  1.589500e+02 -8.310000e+01  2.000000e+00
   endloop
 endfacet
 facet normal  0.000000e+00 -1.000000e+00  0.000000e+00
   outer loop
     vertex  1.589632e+02 -8.310000e+01  2.031820e+00
     vertex  1.589560e+02 -8.310000e+01  2.022500e+00
     vertex  1.589515e+02 -8.310000e+01  2.011647e+00
   endloop
 endfacet
 facet normal  0.000000e+00 -1.000000e+00 -0.000000e+00
   outer loop
     vertex  1.589632e+02 -8.310000e+01  2.031820e+00
     vertex  1.589500e+02 -8.310000e+01  2.000000e+00
     vertex  1.589950e+02 -8.310000e+01  2.045000e+00
   endloop
 endfacet
 facet normal  0.000000e+00 -1.000000e+00  0.000000e+00
   outer loop
     vertex  1.589632e+02 -8.310000e+01  2.031820e+00
     vertex  1.589950e+02 -8.310000e+01  2.045000e+00
     vertex  1.589725e+02 -8.310000e+01  2.038971e+00
   endloop
 endfacet
 facet normal  0.000000e+00  0.000000e+00 -1.000000e+00
   outer loop
     vertex  1.589950e+02 -8.310000e+01  1.595000e+00
     vertex  1.592050e+02 -8.190000e+01  1.595000e+00
     vertex  1.592050e+02 -8.310000e+01  1.595000e+00
   endloop
 endfacet
 facet normal  0.000000e+00  0.000000e+00 -1.000000e+00
   outer loop
     vertex  1.589950e+02 -8.310000e+01  1.595000e+00
     vertex  1.589950e+02 -8.190000e+01  1.595000e+00
     vertex  1.592050e+02 -8.190000e+01  1.595000e+00
   endloop
 endfacet
 facet normal -9.914449e-01  0.000000e+00 -1.305262e-01
   outer loop
     vertex  1.589515e+02 -8.310000e+01  1.628353e+00
     vertex  1.589500e+02 -8.190000e+01  1.640000e+00
     vertex  1.589515e+02 -8.190000e+01  1.628353e+00
   endloop
 endfacet
 facet normal -9.914449e-01  0.000000e+00 -1.305262e-01
   outer loop
     vertex  1.589515e+02 -8.310000e+01  1.628353e+00
     vertex  1.589500e+02 -8.310000e+01  1.640000e+00
     vertex  1.589500e+02 -8.190000e+01  1.640000e+00
   endloop
 endfacet
 facet normal -9.238795e-01  0.000000e+00 -3.826834e-01
   outer loop
     vertex  1.589560e+02 -8.310000e+01  1.617500e+00
     vertex  1.589515e+02 -8.190000e+01  1.628353e+00
     vertex  1.589560e+02 -8.190000e+01  1.617500e+00
   endloop
 endfacet
 facet normal -9.238795e-01  0.000000e+00 -3.826834e-01
   outer loop
     vertex  1.589560e+02 -8.310000e+01  1.617500e+00
     vertex  1.589515e+02 -8.310000e+01  1.628353e+00
     vertex  1.589515e+02 -8.190000e+01  1.628353e+00
   endloop
 endfacet
 facet normal -7.933533e-01  0.000000e+00 -6.087614e-01
   outer loop
     vertex  1.589632e+02 -8.310000e+01  1.608180e+00
     vertex  1.589560e+02 -8.190000e+01  1.617500e+00
     vertex  1.589632e+02 -8.190000e+01  1.608180e+00
   endloop
 endfacet
 facet normal -7.933533e-01  0.000000e+00 -6.087614e-01
   outer loop
     vertex  1.589632e+02 -8.310000e+01  1.608180e+00
     vertex  1.589560e+02 -8.310000e+01  1.617500e+00
     vertex  1.589560e+02 -8.190000e+01  1.617500e+00
   endloop
 endfacet
 facet normal -6.087614e-01  0.000000e+00 -7.933533e-01
   outer loop
     vertex  1.589725e+02 -8.310000e+01  1.601029e+00
     vertex  1.589632e+02 -8.190000e+01  1.608180e+00
     vertex  1.589725e+02 -8.190000e+01  1.601029e+00
   endloop
 endfacet
 facet normal -6.087614e-01  0.000000e+00 -7.933533e-01
   outer loop
     vertex  1.589725e+02 -8.310000e+01  1.601029e+00
     vertex  1.589632e+02 -8.310000e+01  1.608180e+00
     vertex  1.589632e+02 -8.190000e+01  1.608180e+00
   endloop
 endfacet
 facet normal -3.826834e-01  0.000000e+00 -9.238795e-01
   outer loop
     vertex  1.589834e+02 -8.310000e+01  1.596533e+00
     vertex  1.589725e+02 -8.190000e+01  1.601029e+00
     vertex  1.589834e+02 -8.190000e+01  1.596533e+00
   endloop
 endfacet
 facet normal -3.826834e-01  0.000000e+00 -9.238795e-01
   outer loop
     vertex  1.589834e+02 -8.310000e+01  1.596533e+00
     vertex  1.589725e+02 -8.310000e+01  1.601029e+00
     vertex  1.589725e+02 -8.190000e+01  1.601029e+00
   endloop
 endfacet
 facet normal -1.305262e-01  0.000000e+00 -9.914449e-01
   outer loop
     vertex  1.589950e+02 -8.310000e+01  1.595000e+00
     vertex  1.589834e+02 -8.190000e+01  1.596533e+00
     vertex  1.589950e+02 -8.190000e+01  1.595000e+00
   endloop
 endfacet
 facet normal -1.305262e-01  0.000000e+00 -9.914449e-01
   outer loop
     vertex  1.589950e+02 -8.310000e+01  1.595000e+00
     vertex  1.589834e+02 -8.310000e+01  1.596533e+00
     vertex  1.589834e+02 -8.190000e+01  1.596533e+00
   endloop
 endfacet
 facet normal  0.000000e+00  1.000000e+00  0.000000e+00
   outer loop
     vertex  1.589500e+02 -8.190000e+01  2.000000e+00
     vertex  1.592050e+02 -8.190000e+01  1.640000e+00
     vertex  1.589500e+02 -8.190000e+01  1.640000e+00
   endloop
 endfacet
 facet normal -0.000000e+00  1.000000e+00  0.000000e+00
   outer loop
     vertex  1.589500e+02 -8.190000e+01  2.000000e+00
     vertex  1.592050e+02 -8.190000e+01  2.000000e+00
     vertex  1.592050e+02 -8.190000e+01  1.640000e+00
   endloop
 endfacet
 facet normal  0.000000e+00  1.000000e+00  0.000000e+00
   outer loop
     vertex  1.575500e+02 -8.190000e+01  2.000000e+00
     vertex  1.589500e+02 -8.190000e+01  1.640000e+00
     vertex  1.575500e+02 -8.190000e+01  1.640000e+00
   endloop
 endfacet
 facet normal -0.000000e+00  1.000000e+00  0.000000e+00
   outer loop
     vertex  1.575500e+02 -8.190000e+01  2.000000e+00
     vertex  1.589500e+02 -8.190000e+01  2.000000e+00
     vertex  1.589500e+02 -8.190000e+01  1.640000e+00
   endloop
 endfacet
 facet normal  0.000000e+00  1.000000e+00  0.000000e+00
   outer loop
     vertex  1.572950e+02 -8.190000e+01  2.000000e+00
     vertex  1.575500e+02 -8.190000e+01  1.640000e+00
     vertex  1.572950e+02 -8.190000e+01  1.640000e+00
   endloop
 endfacet
 facet normal -0.000000e+00  1.000000e+00  0.000000e+00
   outer loop
     vertex  1.572950e+02 -8.190000e+01  2.000000e+00
     vertex  1.575500e+02 -8.190000e+01  2.000000e+00
     vertex  1.575500e+02 -8.190000e+01  1.640000e+00
   endloop
 endfacet
 facet normal  0.000000e+00  0.000000e+00  1.000000e+00
   outer loop
     vertex  1.589950e+02 -8.310000e+01  2.045000e+00
     vertex  1.592050e+02 -8.310000e+01  2.045000e+00
     vertex  1.592050e+02 -8.190000e+01  2.045000e+00
   endloop
 endfacet
 facet normal  0.000000e+00  0.000000e+00  1.000000e+00
   outer loop
     vertex  1.589950e+02 -8.310000e+01  2.045000e+00
     vertex  1.592050e+02 -8.190000e+01  2.045000e+00
     vertex  1.589950e+02 -8.190000e+01  2.045000e+00
   endloop
 endfacet
 facet normal -1.305262e-01  0.000000e+00  9.914449e-01
   outer loop
     vertex  1.589834e+02 -8.310000e+01  2.043467e+00
     vertex  1.589950e+02 -8.310000e+01  2.045000e+00
     vertex  1.589950e+02 -8.190000e+01  2.045000e+00
   endloop
 endfacet
 facet normal -1.305262e-01  0.000000e+00  9.914449e-01
   outer loop
     vertex  1.589834e+02 -8.310000e+01  2.043467e+00
     vertex  1.589950e+02 -8.190000e+01  2.045000e+00
     vertex  1.589834e+02 -8.190000e+01  2.043467e+00
   endloop
 endfacet
 facet normal -3.826834e-01  0.000000e+00  9.238795e-01
   outer loop
     vertex  1.589725e+02 -8.310000e+01  2.038971e+00
     vertex  1.589834e+02 -8.190000e+01  2.043467e+00
     vertex  1.589725e+02 -8.190000e+01  2.038971e+00
   endloop
 endfacet
 facet normal -3.826834e-01  0.000000e+00  9.238795e-01
   outer loop
     vertex  1.589725e+02 -8.310000e+01  2.038971e+00
     vertex  1.589834e+02 -8.310000e+01  2.043467e+00
     vertex  1.589834e+02 -8.190000e+01  2.043467e+00
   endloop
 endfacet
 facet normal -6.087614e-01  0.000000e+00  7.933533e-01
   outer loop
     vertex  1.589632e+02 -8.310000e+01  2.031820e+00
     vertex  1.589725e+02 -8.190000e+01  2.038971e+00
     vertex  1.589632e+02 -8.190000e+01  2.031820e+00
   endloop
 endfacet
 facet normal -6.087614e-01  0.000000e+00  7.933533e-01
   outer loop
     vertex  1.589632e+02 -8.310000e+01  2.031820e+00
     vertex  1.589725e+02 -8.310000e+01  2.038971e+00
     vertex  1.589725e+02 -8.190000e+01  2.038971e+00
   endloop
 endfacet
 facet normal -7.933533e-01  0.000000e+00  6.087614e-01
   outer loop
     vertex  1.589560e+02 -8.310000e+01  2.022500e+00
     vertex  1.589632e+02 -8.190000e+01  2.031820e+00
     vertex  1.589560e+02 -8.190000e+01  2.022500e+00
   endloop
 endfacet
 facet normal -7.933533e-01  0.000000e+00  6.087614e-01
   outer loop
     vertex  1.589560e+02 -8.310000e+01  2.022500e+00
     vertex  1.589632e+02 -8.310000e+01  2.031820e+00
     vertex  1.589632e+02 -8.190000e+01  2.031820e+00
   endloop
 endfacet
 facet normal -9.238795e-01  0.000000e+00  3.826834e-01
   outer loop
     vertex  1.589515e+02 -8.310000e+01  2.011647e+00
     vertex  1.589560e+02 -8.190000e+01  2.022500e+00
     vertex  1.589515e+02 -8.190000e+01  2.011647e+00
   endloop
 endfacet
 facet normal -9.238795e-01  0.000000e+00  3.826834e-01
   outer loop
     vertex  1.589515e+02 -8.310000e+01  2.011647e+00
     vertex  1.589560e+02 -8.310000e+01  2.022500e+00
     vertex  1.589560e+02 -8.190000e+01  2.022500e+00
   endloop
 endfacet
 facet normal -9.914449e-01  0.000000e+00  1.305262e-01
   outer loop
     vertex  1.589500e+02 -8.310000e+01  2.000000e+00
     vertex  1.589515e+02 -8.190000e+01  2.011647e+00
     vertex  1.589500e+02 -8.190000e+01  2.000000e+00
   endloop
 endfacet
 facet normal -9.914449e-01  0.000000e+00  1.305262e-01
   outer loop
     vertex  1.589500e+02 -8.310000e+01  2.000000e+00
     vertex  1.589515e+02 -8.310000e+01  2.011647e+00
     vertex  1.589515e+02 -8.190000e+01  2.011647e+00
   endloop
 endfacet
 facet normal  0.000000e+00 -1.000000e+00  0.000000e+00
   outer loop
     vertex  1.589500e+02 -8.310000e+01  2.000000e+00
     vertex  1.589500e+02 -8.310000e+01  1.640000e+00
     vertex  1.592050e+02 -8.310000e+01  1.640000e+00
   endloop
 endfacet
 facet normal  0.000000e+00 -1.000000e+00  0.000000e+00
   outer loop
     vertex  1.589500e+02 -8.310000e+01  2.000000e+00
     vertex  1.592050e+02 -8.310000e+01  1.640000e+00
     vertex  1.592050e+02 -8.310000e+01  2.000000e+00
   endloop
 endfacet
 facet normal  0.000000e+00 -1.000000e+00  0.000000e+00
   outer loop
     vertex  1.575500e+02 -8.310000e+01  2.000000e+00
     vertex  1.575500e+02 -8.310000e+01  1.640000e+00
     vertex  1.589500e+02 -8.310000e+01  1.640000e+00
   endloop
 endfacet
 facet normal  0.000000e+00 -1.000000e+00  0.000000e+00
   outer loop
     vertex  1.575500e+02 -8.310000e+01  2.000000e+00
     vertex  1.589500e+02 -8.310000e+01  1.640000e+00
     vertex  1.589500e+02 -8.310000e+01  2.000000e+00
   endloop
 endfacet
 facet normal  0.000000e+00 -1.000000e+00  0.000000e+00
   outer loop
     vertex  1.572950e+02 -8.310000e+01  2.000000e+00
     vertex  1.572950e+02 -8.310000e+01  1.640000e+00
     vertex  1.575500e+02 -8.310000e+01  1.640000e+00
   endloop
 endfacet
 facet normal  0.000000e+00 -1.000000e+00  0.000000e+00
   outer loop
     vertex  1.572950e+02 -8.310000e+01  2.000000e+00
     vertex  1.575500e+02 -8.310000e+01  1.640000e+00
     vertex  1.575500e+02 -8.310000e+01  2.000000e+00
   endloop
 endfacet
 facet normal  0.000000e+00  0.000000e+00 -1.000000e+00
   outer loop
     vertex  1.575500e+02 -8.310000e+01  1.640000e+00
     vertex  1.589500e+02 -8.190000e+01  1.640000e+00
     vertex  1.589500e+02 -8.310000e+01  1.640000e+00
   endloop
 endfacet
 facet normal  0.000000e+00  0.000000e+00 -1.000000e+00
   outer loop
     vertex  1.575500e+02 -8.310000e+01  1.640000e+00
     vertex  1.575500e+02 -8.190000e+01  1.640000e+00
     vertex  1.589500e+02 -8.190000e+01  1.640000e+00
   endloop
 endfacet
 facet normal  0.000000e+00  1.000000e+00  0.000000e+00
   outer loop
     vertex  1.575500e+02 -8.190000e+01  1.640000e+00
     vertex  1.575485e+02 -8.190000e+01  1.628353e+00
     vertex  1.575440e+02 -8.190000e+01  1.617500e+00
   endloop
 endfacet
 facet normal  0.000000e+00  1.000000e+00  0.000000e+00
   outer loop
     vertex  1.575500e+02 -8.190000e+01  1.640000e+00
     vertex  1.575440e+02 -8.190000e+01  1.617500e+00
     vertex  1.575368e+02 -8.190000e+01  1.608180e+00
   endloop
 endfacet
 facet normal  0.000000e+00  1.000000e+00  0.000000e+00
   outer loop
     vertex  1.575500e+02 -8.190000e+01  1.640000e+00
     vertex  1.575368e+02 -8.190000e+01  1.608180e+00
     vertex  1.575275e+02 -8.190000e+01  1.601029e+00
   endloop
 endfacet
 facet normal  0.000000e+00  1.000000e+00  0.000000e+00
   outer loop
     vertex  1.575050e+02 -8.190000e+01  1.595000e+00
     vertex  1.575275e+02 -8.190000e+01  1.601029e+00
     vertex  1.575166e+02 -8.190000e+01  1.596533e+00
   endloop
 endfacet
 facet normal  0.000000e+00  1.000000e+00  0.000000e+00
   outer loop
     vertex  1.575050e+02 -8.190000e+01  1.595000e+00
     vertex  1.575500e+02 -8.190000e+01  1.640000e+00
     vertex  1.575275e+02 -8.190000e+01  1.601029e+00
   endloop
 endfacet
 facet normal  0.000000e+00  1.000000e+00  0.000000e+00
   outer loop
     vertex  1.572950e+02 -8.190000e+01  1.640000e+00
     vertex  1.575050e+02 -8.190000e+01  1.595000e+00
     vertex  1.572950e+02 -8.190000e+01  1.595000e+00
   endloop
 endfacet
 facet normal  0.000000e+00  1.000000e+00  0.000000e+00
   outer loop
     vertex  1.572950e+02 -8.190000e+01  1.640000e+00
     vertex  1.572834e+02 -8.190000e+01  1.596533e+00
     vertex  1.572725e+02 -8.190000e+01  1.601029e+00
   endloop
 endfacet
 facet normal  0.000000e+00  1.000000e+00  0.000000e+00
   outer loop
     vertex  1.572950e+02 -8.190000e+01  1.640000e+00
     vertex  1.572950e+02 -8.190000e+01  1.595000e+00
     vertex  1.572834e+02 -8.190000e+01  1.596533e+00
   endloop
 endfacet
 facet normal -0.000000e+00  1.000000e+00  0.000000e+00
   outer loop
     vertex  1.572950e+02 -8.190000e+01  1.640000e+00
     vertex  1.575500e+02 -8.190000e+01  1.640000e+00
     vertex  1.575050e+02 -8.190000e+01  1.595000e+00
   endloop
 endfacet
 facet normal -0.000000e+00  1.000000e+00  0.000000e+00
   outer loop
     vertex  1.572632e+02 -8.190000e+01  1.608180e+00
     vertex  1.572950e+02 -8.190000e+01  1.640000e+00
     vertex  1.572725e+02 -8.190000e+01  1.601029e+00
   endloop
 endfacet
 facet normal -0.000000e+00  1.000000e+00  0.000000e+00
   outer loop
     vertex  1.572560e+02 -8.190000e+01  1.617500e+00
     vertex  1.572950e+02 -8.190000e+01  1.640000e+00
     vertex  1.572632e+02 -8.190000e+01  1.608180e+00
   endloop
 endfacet
 facet normal -0.000000e+00  1.000000e+00  0.000000e+00
   outer loop
     vertex  1.572515e+02 -8.190000e+01  1.628353e+00
     vertex  1.572950e+02 -8.190000e+01  1.640000e+00
     vertex  1.572560e+02 -8.190000e+01  1.617500e+00
   endloop
 endfacet
 facet normal -0.000000e+00  1.000000e+00  0.000000e+00
   outer loop
     vertex  1.572500e+02 -8.190000e+01  1.640000e+00
     vertex  1.572950e+02 -8.190000e+01  1.640000e+00
     vertex  1.572515e+02 -8.190000e+01  1.628353e+00
   endloop
 endfacet
 facet normal  0.000000e+00  1.000000e+00  0.000000e+00
   outer loop
     vertex  1.575440e+02 -8.190000e+01  2.022500e+00
     vertex  1.575485e+02 -8.190000e+01  2.011647e+00
     vertex  1.575500e+02 -8.190000e+01  2.000000e+00
   endloop
 endfacet
 facet normal  0.000000e+00  1.000000e+00  0.000000e+00
   outer loop
     vertex  1.575275e+02 -8.190000e+01  2.038971e+00
     vertex  1.575368e+02 -8.190000e+01  2.031820e+00
     vertex  1.575440e+02 -8.190000e+01  2.022500e+00
   endloop
 endfacet
 facet normal  0.000000e+00  1.000000e+00  0.000000e+00
   outer loop
     vertex  1.575050e+02 -8.190000e+01  2.045000e+00
     vertex  1.575166e+02 -8.190000e+01  2.043467e+00
     vertex  1.575275e+02 -8.190000e+01  2.038971e+00
   endloop
 endfacet
 facet normal  0.000000e+00  1.000000e+00  0.000000e+00
   outer loop
     vertex  1.575050e+02 -8.190000e+01  2.045000e+00
     vertex  1.575440e+02 -8.190000e+01  2.022500e+00
     vertex  1.575500e+02 -8.190000e+01  2.000000e+00
   endloop
 endfacet
 facet normal  0.000000e+00  1.000000e+00  0.000000e+00
   outer loop
     vertex  1.575050e+02 -8.190000e+01  2.045000e+00
     vertex  1.575275e+02 -8.190000e+01  2.038971e+00
     vertex  1.575440e+02 -8.190000e+01  2.022500e+00
   endloop
 endfacet
 facet normal  0.000000e+00  1.000000e+00  0.000000e+00
   outer loop
     vertex  1.572950e+02 -8.190000e+01  2.000000e+00
     vertex  1.575050e+02 -8.190000e+01  2.045000e+00
     vertex  1.575500e+02 -8.190000e+01  2.000000e+00
   endloop
 endfacet
 facet normal -0.000000e+00  1.000000e+00  0.000000e+00
   outer loop
     vertex  1.572950e+02 -8.190000e+01  2.045000e+00
     vertex  1.575050e+02 -8.190000e+01  2.045000e+00
     vertex  1.572950e+02 -8.190000e+01  2.000000e+00
   endloop
 endfacet
 facet normal -0.000000e+00  1.000000e+00  0.000000e+00
   outer loop
     vertex  1.572500e+02 -8.190000e+01  2.000000e+00
     vertex  1.572950e+02 -8.190000e+01  2.000000e+00
     vertex  1.572950e+02 -8.190000e+01  1.640000e+00
   endloop
 endfacet
 facet normal  0.000000e+00  1.000000e+00  0.000000e+00
   outer loop
     vertex  1.572500e+02 -8.190000e+01  2.000000e+00
     vertex  1.572950e+02 -8.190000e+01  1.640000e+00
     vertex  1.572500e+02 -8.190000e+01  1.640000e+00
   endloop
 endfacet
 facet normal -0.000000e+00  1.000000e+00  0.000000e+00
   outer loop
     vertex  1.572834e+02 -8.190000e+01  2.043467e+00
     vertex  1.572950e+02 -8.190000e+01  2.045000e+00
     vertex  1.572950e+02 -8.190000e+01  2.000000e+00
   endloop
 endfacet
 facet normal  0.000000e+00  1.000000e+00  0.000000e+00
   outer loop
     vertex  1.572515e+02 -8.190000e+01  2.011647e+00
     vertex  1.572950e+02 -8.190000e+01  2.000000e+00
     vertex  1.572500e+02 -8.190000e+01  2.000000e+00
   endloop
 endfacet
 facet normal -0.000000e+00  1.000000e+00  0.000000e+00
   outer loop
     vertex  1.572725e+02 -8.190000e+01  2.038971e+00
     vertex  1.572834e+02 -8.190000e+01  2.043467e+00
     vertex  1.572950e+02 -8.190000e+01  2.000000e+00
   endloop
 endfacet
 facet normal  0.000000e+00  1.000000e+00  0.000000e+00
   outer loop
     vertex  1.572560e+02 -8.190000e+01  2.022500e+00
     vertex  1.572950e+02 -8.190000e+01  2.000000e+00
     vertex  1.572515e+02 -8.190000e+01  2.011647e+00
   endloop
 endfacet
 facet normal  0.000000e+00  1.000000e+00  0.000000e+00
   outer loop
     vertex  1.572632e+02 -8.190000e+01  2.031820e+00
     vertex  1.572950e+02 -8.190000e+01  2.000000e+00
     vertex  1.572560e+02 -8.190000e+01  2.022500e+00
   endloop
 endfacet
 facet normal -0.000000e+00  1.000000e+00  0.000000e+00
   outer loop
     vertex  1.572632e+02 -8.190000e+01  2.031820e+00
     vertex  1.572725e+02 -8.190000e+01  2.038971e+00
     vertex  1.572950e+02 -8.190000e+01  2.000000e+00
   endloop
 endfacet
 facet normal  0.000000e+00  1.000000e+00  0.000000e+00
   outer loop
     vertex  1.575500e+02 -8.190000e+01  2.045000e+00
     vertex  1.589500e+02 -8.190000e+01  2.000000e+00
     vertex  1.575500e+02 -8.190000e+01  2.000000e+00
   endloop
 endfacet
 facet normal -0.000000e+00  1.000000e+00  0.000000e+00
   outer loop
     vertex  1.575500e+02 -8.190000e+01  2.045000e+00
     vertex  1.589500e+02 -8.190000e+01  2.045000e+00
     vertex  1.589500e+02 -8.190000e+01  2.000000e+00
   endloop
 endfacet
 facet normal  1.000000e+00  0.000000e+00  0.000000e+00
   outer loop
     vertex  1.589500e+02 -8.190000e+01  2.045000e+00
     vertex  1.589500e+02 -8.310000e+01  2.000000e+00
     vertex  1.589500e+02 -8.190000e+01  2.000000e+00
   endloop
 endfacet
 facet normal  1.000000e+00  0.000000e+00  0.000000e+00
   outer loop
     vertex  1.589500e+02 -8.190000e+01  2.045000e+00
     vertex  1.589500e+02 -8.310000e+01  2.045000e+00
     vertex  1.589500e+02 -8.310000e+01  2.000000e+00
   endloop
 endfacet
 facet normal  0.000000e+00 -1.000000e+00  0.000000e+00
   outer loop
     vertex  1.575500e+02 -8.310000e+01  1.640000e+00
     vertex  1.575440e+02 -8.310000e+01  1.617500e+00
     vertex  1.575485e+02 -8.310000e+01  1.628353e+00
   endloop
 endfacet
 facet normal  0.000000e+00 -1.000000e+00  0.000000e+00
   outer loop
     vertex  1.575500e+02 -8.310000e+01  1.640000e+00
     vertex  1.575368e+02 -8.310000e+01  1.608180e+00
     vertex  1.575440e+02 -8.310000e+01  1.617500e+00
   endloop
 endfacet
 facet normal  0.000000e+00 -1.000000e+00  0.000000e+00
   outer loop
     vertex  1.575500e+02 -8.310000e+01  1.640000e+00
     vertex  1.575275e+02 -8.310000e+01  1.601029e+00
     vertex  1.575368e+02 -8.310000e+01  1.608180e+00
   endloop
 endfacet
 facet normal  0.000000e+00 -1.000000e+00  0.000000e+00
   outer loop
     vertex  1.575050e+02 -8.310000e+01  1.595000e+00
     vertex  1.575166e+02 -8.310000e+01  1.596533e+00
     vertex  1.575275e+02 -8.310000e+01  1.601029e+00
   endloop
 endfacet
 facet normal  0.000000e+00 -1.000000e+00  0.000000e+00
   outer loop
     vertex  1.575050e+02 -8.310000e+01  1.595000e+00
     vertex  1.575275e+02 -8.310000e+01  1.601029e+00
     vertex  1.575500e+02 -8.310000e+01  1.640000e+00
   endloop
 endfacet
 facet normal  0.000000e+00 -1.000000e+00  0.000000e+00
   outer loop
     vertex  1.572950e+02 -8.310000e+01  1.640000e+00
     vertex  1.572950e+02 -8.310000e+01  1.595000e+00
     vertex  1.575050e+02 -8.310000e+01  1.595000e+00
   endloop
 endfacet
 facet normal  0.000000e+00 -1.000000e+00  0.000000e+00
   outer loop
     vertex  1.572950e+02 -8.310000e+01  1.640000e+00
     vertex  1.572725e+02 -8.310000e+01  1.601029e+00
     vertex  1.572834e+02 -8.310000e+01  1.596533e+00
   endloop
 endfacet
 facet normal  0.000000e+00 -1.000000e+00 -0.000000e+00
   outer loop
     vertex  1.572950e+02 -8.310000e+01  1.640000e+00
     vertex  1.572834e+02 -8.310000e+01  1.596533e+00
     vertex  1.572950e+02 -8.310000e+01  1.595000e+00
   endloop
 endfacet
 facet normal  0.000000e+00 -1.000000e+00  0.000000e+00
   outer loop
     vertex  1.572950e+02 -8.310000e+01  1.640000e+00
     vertex  1.575050e+02 -8.310000e+01  1.595000e+00
     vertex  1.575500e+02 -8.310000e+01  1.640000e+00
   endloop
 endfacet
 facet normal  0.000000e+00 -1.000000e+00  0.000000e+00
   outer loop
     vertex  1.572632e+02 -8.310000e+01  1.608180e+00
     vertex  1.572725e+02 -8.310000e+01  1.601029e+00
     vertex  1.572950e+02 -8.310000e+01  1.640000e+00
   endloop
 endfacet
 facet normal  0.000000e+00 -1.000000e+00  0.000000e+00
   outer loop
     vertex  1.572560e+02 -8.310000e+01  1.617500e+00
     vertex  1.572632e+02 -8.310000e+01  1.608180e+00
     vertex  1.572950e+02 -8.310000e+01  1.640000e+00
   endloop
 endfacet
 facet normal  0.000000e+00 -1.000000e+00  0.000000e+00
   outer loop
     vertex  1.572515e+02 -8.310000e+01  1.628353e+00
     vertex  1.572560e+02 -8.310000e+01  1.617500e+00
     vertex  1.572950e+02 -8.310000e+01  1.640000e+00
   endloop
 endfacet
 facet normal  0.000000e+00 -1.000000e+00  0.000000e+00
   outer loop
     vertex  1.572500e+02 -8.310000e+01  1.640000e+00
     vertex  1.572515e+02 -8.310000e+01  1.628353e+00
     vertex  1.572950e+02 -8.310000e+01  1.640000e+00
   endloop
 endfacet
 facet normal  0.000000e+00 -1.000000e+00  0.000000e+00
   outer loop
     vertex  1.575440e+02 -8.310000e+01  2.022500e+00
     vertex  1.575500e+02 -8.310000e+01  2.000000e+00
     vertex  1.575485e+02 -8.310000e+01  2.011647e+00
   endloop
 endfacet
 facet normal  0.000000e+00 -1.000000e+00  0.000000e+00
   outer loop
     vertex  1.575275e+02 -8.310000e+01  2.038971e+00
     vertex  1.575440e+02 -8.310000e+01  2.022500e+00
     vertex  1.575368e+02 -8.310000e+01  2.031820e+00
   endloop
 endfacet
 facet normal  0.000000e+00 -1.000000e+00  0.000000e+00
   outer loop
     vertex  1.575050e+02 -8.310000e+01  2.045000e+00
     vertex  1.575275e+02 -8.310000e+01  2.038971e+00
     vertex  1.575166e+02 -8.310000e+01  2.043467e+00
   endloop
 endfacet
 facet normal  0.000000e+00 -1.000000e+00  0.000000e+00
   outer loop
     vertex  1.575050e+02 -8.310000e+01  2.045000e+00
     vertex  1.575500e+02 -8.310000e+01  2.000000e+00
     vertex  1.575440e+02 -8.310000e+01  2.022500e+00
   endloop
 endfacet
 facet normal  0.000000e+00 -1.000000e+00  0.000000e+00
   outer loop
     vertex  1.575050e+02 -8.310000e+01  2.045000e+00
     vertex  1.575440e+02 -8.310000e+01  2.022500e+00
     vertex  1.575275e+02 -8.310000e+01  2.038971e+00
   endloop
 endfacet
 facet normal  0.000000e+00 -1.000000e+00  0.000000e+00
   outer loop
     vertex  1.572950e+02 -8.310000e+01  2.000000e+00
     vertex  1.575500e+02 -8.310000e+01  2.000000e+00
     vertex  1.575050e+02 -8.310000e+01  2.045000e+00
   endloop
 endfacet
 facet normal  0.000000e+00 -1.000000e+00  0.000000e+00
   outer loop
     vertex  1.572950e+02 -8.310000e+01  2.045000e+00
     vertex  1.572950e+02 -8.310000e+01  2.000000e+00
     vertex  1.575050e+02 -8.310000e+01  2.045000e+00
   endloop
 endfacet
 facet normal  0.000000e+00 -1.000000e+00  0.000000e+00
   outer loop
     vertex  1.572500e+02 -8.310000e+01  2.000000e+00
     vertex  1.572950e+02 -8.310000e+01  1.640000e+00
     vertex  1.572950e+02 -8.310000e+01  2.000000e+00
   endloop
 endfacet
 facet normal  0.000000e+00 -1.000000e+00  0.000000e+00
   outer loop
     vertex  1.572500e+02 -8.310000e+01  2.000000e+00
     vertex  1.572500e+02 -8.310000e+01  1.640000e+00
     vertex  1.572950e+02 -8.310000e+01  1.640000e+00
   endloop
 endfacet
 facet normal  0.000000e+00 -1.000000e+00  0.000000e+00
   outer loop
     vertex  1.572834e+02 -8.310000e+01  2.043467e+00
     vertex  1.572950e+02 -8.310000e+01  2.000000e+00
     vertex  1.572950e+02 -8.310000e+01  2.045000e+00
   endloop
 endfacet
 facet normal  0.000000e+00 -1.000000e+00 -0.000000e+00
   outer loop
     vertex  1.572515e+02 -8.310000e+01  2.011647e+00
     vertex  1.572500e+02 -8.310000e+01  2.000000e+00
     vertex  1.572950e+02 -8.310000e+01  2.000000e+00
   endloop
 endfacet
 facet normal  0.000000e+00 -1.000000e+00  0.000000e+00
   outer loop
     vertex  1.572725e+02 -8.310000e+01  2.038971e+00
     vertex  1.572950e+02 -8.310000e+01  2.000000e+00
     vertex  1.572834e+02 -8.310000e+01  2.043467e+00
   endloop
 endfacet
 facet normal  0.000000e+00 -1.000000e+00 -0.000000e+00
   outer loop
     vertex  1.572560e+02 -8.310000e+01  2.022500e+00
     vertex  1.572515e+02 -8.310000e+01  2.011647e+00
     vertex  1.572950e+02 -8.310000e+01  2.000000e+00
   endloop
 endfacet
 facet normal  0.000000e+00 -1.000000e+00 -0.000000e+00
   outer loop
     vertex  1.572632e+02 -8.310000e+01  2.031820e+00
     vertex  1.572560e+02 -8.310000e+01  2.022500e+00
     vertex  1.572950e+02 -8.310000e+01  2.000000e+00
   endloop
 endfacet
 facet normal  0.000000e+00 -1.000000e+00  0.000000e+00
   outer loop
     vertex  1.572632e+02 -8.310000e+01  2.031820e+00
     vertex  1.572950e+02 -8.310000e+01  2.000000e+00
     vertex  1.572725e+02 -8.310000e+01  2.038971e+00
   endloop
 endfacet
 facet normal  0.000000e+00 -1.000000e+00  0.000000e+00
   outer loop
     vertex  1.575500e+02 -8.310000e+01  2.045000e+00
     vertex  1.575500e+02 -8.310000e+01  2.000000e+00
     vertex  1.589500e+02 -8.310000e+01  2.000000e+00
   endloop
 endfacet
 facet normal  0.000000e+00 -1.000000e+00  0.000000e+00
   outer loop
     vertex  1.575500e+02 -8.310000e+01  2.045000e+00
     vertex  1.589500e+02 -8.310000e+01  2.000000e+00
     vertex  1.589500e+02 -8.310000e+01  2.045000e+00
   endloop
 endfacet
 facet normal  1.305262e-01  0.000000e+00 -9.914449e-01
   outer loop
     vertex  1.575166e+02 -8.310000e+01  1.596533e+00
     vertex  1.575050e+02 -8.310000e+01  1.595000e+00
     vertex  1.575050e+02 -8.190000e+01  1.595000e+00
   endloop
 endfacet
 facet normal  1.305262e-01  0.000000e+00 -9.914449e-01
   outer loop
     vertex  1.575166e+02 -8.310000e+01  1.596533e+00
     vertex  1.575050e+02 -8.190000e+01  1.595000e+00
     vertex  1.575166e+02 -8.190000e+01  1.596533e+00
   endloop
 endfacet
 facet normal  3.826834e-01  0.000000e+00 -9.238795e-01
   outer loop
     vertex  1.575275e+02 -8.310000e+01  1.601029e+00
     vertex  1.575166e+02 -8.190000e+01  1.596533e+00
     vertex  1.575275e+02 -8.190000e+01  1.601029e+00
   endloop
 endfacet
 facet normal  3.826834e-01  0.000000e+00 -9.238795e-01
   outer loop
     vertex  1.575275e+02 -8.310000e+01  1.601029e+00
     vertex  1.575166e+02 -8.310000e+01  1.596533e+00
     vertex  1.575166e+02 -8.190000e+01  1.596533e+00
   endloop
 endfacet
 facet normal  6.087614e-01  0.000000e+00 -7.933533e-01
   outer loop
     vertex  1.575368e+02 -8.310000e+01  1.608180e+00
     vertex  1.575275e+02 -8.190000e+01  1.601029e+00
     vertex  1.575368e+02 -8.190000e+01  1.608180e+00
   endloop
 endfacet
 facet normal  6.087614e-01  0.000000e+00 -7.933533e-01
   outer loop
     vertex  1.575368e+02 -8.310000e+01  1.608180e+00
     vertex  1.575275e+02 -8.310000e+01  1.601029e+00
     vertex  1.575275e+02 -8.190000e+01  1.601029e+00
   endloop
 endfacet
 facet normal  7.933533e-01  0.000000e+00 -6.087614e-01
   outer loop
     vertex  1.575440e+02 -8.310000e+01  1.617500e+00
     vertex  1.575368e+02 -8.190000e+01  1.608180e+00
     vertex  1.575440e+02 -8.190000e+01  1.617500e+00
   endloop
 endfacet
 facet normal  7.933533e-01  0.000000e+00 -6.087614e-01
   outer loop
     vertex  1.575440e+02 -8.310000e+01  1.617500e+00
     vertex  1.575368e+02 -8.310000e+01  1.608180e+00
     vertex  1.575368e+02 -8.190000e+01  1.608180e+00
   endloop
 endfacet
 facet normal  9.238795e-01  0.000000e+00 -3.826834e-01
   outer loop
     vertex  1.575485e+02 -8.310000e+01  1.628353e+00
     vertex  1.575440e+02 -8.190000e+01  1.617500e+00
     vertex  1.575485e+02 -8.190000e+01  1.628353e+00
   endloop
 endfacet
 facet normal  9.238795e-01  0.000000e+00 -3.826834e-01
   outer loop
     vertex  1.575485e+02 -8.310000e+01  1.628353e+00
     vertex  1.575440e+02 -8.310000e+01  1.617500e+00
     vertex  1.575440e+02 -8.190000e+01  1.617500e+00
   endloop
 endfacet
 facet normal  9.914449e-01  0.000000e+00 -1.305262e-01
   outer loop
     vertex  1.575500e+02 -8.310000e+01  1.640000e+00
     vertex  1.575485e+02 -8.190000e+01  1.628353e+00
     vertex  1.575500e+02 -8.190000e+01  1.640000e+00
   endloop
 endfacet
 facet normal  9.914449e-01  0.000000e+00 -1.305262e-01
   outer loop
     vertex  1.575500e+02 -8.310000e+01  1.640000e+00
     vertex  1.575485e+02 -8.310000e+01  1.628353e+00
     vertex  1.575485e+02 -8.190000e+01  1.628353e+00
   endloop
 endfacet
 facet normal  0.000000e+00  0.000000e+00 -1.000000e+00
   outer loop
     vertex  1.572950e+02 -8.310000e+01  1.595000e+00
     vertex  1.575050e+02 -8.190000e+01  1.595000e+00
     vertex  1.575050e+02 -8.310000e+01  1.595000e+00
   endloop
 endfacet
 facet normal  0.000000e+00  0.000000e+00 -1.000000e+00
   outer loop
     vertex  1.572950e+02 -8.310000e+01  1.595000e+00
     vertex  1.572950e+02 -8.190000e+01  1.595000e+00
     vertex  1.575050e+02 -8.190000e+01  1.595000e+00
   endloop
 endfacet
 facet normal -9.914449e-01  0.000000e+00 -1.305262e-01
   outer loop
     vertex  1.572515e+02 -8.310000e+01  1.628353e+00
     vertex  1.572500e+02 -8.190000e+01  1.640000e+00
     vertex  1.572515e+02 -8.190000e+01  1.628353e+00
   endloop
 endfacet
 facet normal -9.914449e-01  0.000000e+00 -1.305262e-01
   outer loop
     vertex  1.572515e+02 -8.310000e+01  1.628353e+00
     vertex  1.572500e+02 -8.310000e+01  1.640000e+00
     vertex  1.572500e+02 -8.190000e+01  1.640000e+00
   endloop
 endfacet
 facet normal -9.238795e-01  0.000000e+00 -3.826834e-01
   outer loop
     vertex  1.572560e+02 -8.310000e+01  1.617500e+00
     vertex  1.572515e+02 -8.190000e+01  1.628353e+00
     vertex  1.572560e+02 -8.190000e+01  1.617500e+00
   endloop
 endfacet
 facet normal -9.238795e-01  0.000000e+00 -3.826834e-01
   outer loop
     vertex  1.572560e+02 -8.310000e+01  1.617500e+00
     vertex  1.572515e+02 -8.310000e+01  1.628353e+00
     vertex  1.572515e+02 -8.190000e+01  1.628353e+00
   endloop
 endfacet
 facet normal -7.933533e-01  0.000000e+00 -6.087614e-01
   outer loop
     vertex  1.572632e+02 -8.310000e+01  1.608180e+00
     vertex  1.572560e+02 -8.190000e+01  1.617500e+00
     vertex  1.572632e+02 -8.190000e+01  1.608180e+00
   endloop
 endfacet
 facet normal -7.933533e-01  0.000000e+00 -6.087614e-01
   outer loop
     vertex  1.572632e+02 -8.310000e+01  1.608180e+00
     vertex  1.572560e+02 -8.310000e+01  1.617500e+00
     vertex  1.572560e+02 -8.190000e+01  1.617500e+00
   endloop
 endfacet
 facet normal -6.087614e-01  0.000000e+00 -7.933533e-01
   outer loop
     vertex  1.572725e+02 -8.310000e+01  1.601029e+00
     vertex  1.572632e+02 -8.190000e+01  1.608180e+00
     vertex  1.572725e+02 -8.190000e+01  1.601029e+00
   endloop
 endfacet
 facet normal -6.087614e-01  0.000000e+00 -7.933533e-01
   outer loop
     vertex  1.572725e+02 -8.310000e+01  1.601029e+00
     vertex  1.572632e+02 -8.310000e+01  1.608180e+00
     vertex  1.572632e+02 -8.190000e+01  1.608180e+00
   endloop
 endfacet
 facet normal -3.826834e-01  0.000000e+00 -9.238795e-01
   outer loop
     vertex  1.572834e+02 -8.310000e+01  1.596533e+00
     vertex  1.572725e+02 -8.190000e+01  1.601029e+00
     vertex  1.572834e+02 -8.190000e+01  1.596533e+00
   endloop
 endfacet
 facet normal -3.826834e-01  0.000000e+00 -9.238795e-01
   outer loop
     vertex  1.572834e+02 -8.310000e+01  1.596533e+00
     vertex  1.572725e+02 -8.310000e+01  1.601029e+00
     vertex  1.572725e+02 -8.190000e+01  1.601029e+00
   endloop
 endfacet
 facet normal -1.305262e-01  0.000000e+00 -9.914449e-01
   outer loop
     vertex  1.572950e+02 -8.310000e+01  1.595000e+00
     vertex  1.572834e+02 -8.190000e+01  1.596533e+00
     vertex  1.572950e+02 -8.190000e+01  1.595000e+00
   endloop
 endfacet
 facet normal -1.305262e-01  0.000000e+00 -9.914449e-01
   outer loop
     vertex  1.572950e+02 -8.310000e+01  1.595000e+00
     vertex  1.572834e+02 -8.310000e+01  1.596533e+00
     vertex  1.572834e+02 -8.190000e+01  1.596533e+00
   endloop
 endfacet
 facet normal -1.000000e+00  0.000000e+00 -0.000000e+00
   outer loop
     vertex  1.572500e+02 -8.190000e+01  2.000000e+00
     vertex  1.572500e+02 -8.190000e+01  1.640000e+00
     vertex  1.572500e+02 -8.310000e+01  1.640000e+00
   endloop
 endfacet
 facet normal -1.000000e+00 -0.000000e+00  0.000000e+00
   outer loop
     vertex  1.572500e+02 -8.190000e+01  2.000000e+00
     vertex  1.572500e+02 -8.310000e+01  1.640000e+00
     vertex  1.572500e+02 -8.310000e+01  2.000000e+00
   endloop
 endfacet
 facet normal -1.305262e-01  0.000000e+00  9.914449e-01
   outer loop
     vertex  1.572834e+02 -8.310000e+01  2.043467e+00
     vertex  1.572950e+02 -8.310000e+01  2.045000e+00
     vertex  1.572950e+02 -8.190000e+01  2.045000e+00
   endloop
 endfacet
 facet normal -1.305262e-01  0.000000e+00  9.914449e-01
   outer loop
     vertex  1.572834e+02 -8.310000e+01  2.043467e+00
     vertex  1.572950e+02 -8.190000e+01  2.045000e+00
     vertex  1.572834e+02 -8.190000e+01  2.043467e+00
   endloop
 endfacet
 facet normal -3.826834e-01  0.000000e+00  9.238795e-01
   outer loop
     vertex  1.572725e+02 -8.310000e+01  2.038971e+00
     vertex  1.572834e+02 -8.190000e+01  2.043467e+00
     vertex  1.572725e+02 -8.190000e+01  2.038971e+00
   endloop
 endfacet
 facet normal -3.826834e-01  0.000000e+00  9.238795e-01
   outer loop
     vertex  1.572725e+02 -8.310000e+01  2.038971e+00
     vertex  1.572834e+02 -8.310000e+01  2.043467e+00
     vertex  1.572834e+02 -8.190000e+01  2.043467e+00
   endloop
 endfacet
 facet normal -6.087614e-01  0.000000e+00  7.933533e-01
   outer loop
     vertex  1.572632e+02 -8.310000e+01  2.031820e+00
     vertex  1.572725e+02 -8.190000e+01  2.038971e+00
     vertex  1.572632e+02 -8.190000e+01  2.031820e+00
   endloop
 endfacet
 facet normal -6.087614e-01  0.000000e+00  7.933533e-01
   outer loop
     vertex  1.572632e+02 -8.310000e+01  2.031820e+00
     vertex  1.572725e+02 -8.310000e+01  2.038971e+00
     vertex  1.572725e+02 -8.190000e+01  2.038971e+00
   endloop
 endfacet
 facet normal -7.933533e-01  0.000000e+00  6.087614e-01
   outer loop
     vertex  1.572560e+02 -8.310000e+01  2.022500e+00
     vertex  1.572632e+02 -8.190000e+01  2.031820e+00
     vertex  1.572560e+02 -8.190000e+01  2.022500e+00
   endloop
 endfacet
 facet normal -7.933533e-01  0.000000e+00  6.087614e-01
   outer loop
     vertex  1.572560e+02 -8.310000e+01  2.022500e+00
     vertex  1.572632e+02 -8.310000e+01  2.031820e+00
     vertex  1.572632e+02 -8.190000e+01  2.031820e+00
   endloop
 endfacet
 facet normal -9.238795e-01  0.000000e+00  3.826834e-01
   outer loop
     vertex  1.572515e+02 -8.310000e+01  2.011647e+00
     vertex  1.572560e+02 -8.190000e+01  2.022500e+00
     vertex  1.572515e+02 -8.190000e+01  2.011647e+00
   endloop
 endfacet
 facet normal -9.238795e-01  0.000000e+00  3.826834e-01
   outer loop
     vertex  1.572515e+02 -8.310000e+01  2.011647e+00
     vertex  1.572560e+02 -8.310000e+01  2.022500e+00
     vertex  1.572560e+02 -8.190000e+01  2.022500e+00
   endloop
 endfacet
 facet normal -9.914449e-01  0.000000e+00  1.305262e-01
   outer loop
     vertex  1.572500e+02 -8.310000e+01  2.000000e+00
     vertex  1.572515e+02 -8.190000e+01  2.011647e+00
     vertex  1.572500e+02 -8.190000e+01  2.000000e+00
   endloop
 endfacet
 facet normal -9.914449e-01  0.000000e+00  1.305262e-01
   outer loop
     vertex  1.572500e+02 -8.310000e+01  2.000000e+00
     vertex  1.572515e+02 -8.310000e+01  2.011647e+00
     vertex  1.572515e+02 -8.190000e+01  2.011647e+00
   endloop
 endfacet
 facet normal  0.000000e+00  0.000000e+00  1.000000e+00
   outer loop
     vertex  1.572950e+02 -8.310000e+01  2.045000e+00
     vertex  1.575050e+02 -8.310000e+01  2.045000e+00
     vertex  1.575050e+02 -8.190000e+01  2.045000e+00
   endloop
 endfacet
 facet normal  0.000000e+00  0.000000e+00  1.000000e+00
   outer loop
     vertex  1.572950e+02 -8.310000e+01  2.045000e+00
     vertex  1.575050e+02 -8.190000e+01  2.045000e+00
     vertex  1.572950e+02 -8.190000e+01  2.045000e+00
   endloop
 endfacet
 facet normal  9.914449e-01 -0.000000e+00  1.305262e-01
   outer loop
     vertex  1.575485e+02 -8.310000e+01  2.011647e+00
     vertex  1.575500e+02 -8.190000e+01  2.000000e+00
     vertex  1.575485e+02 -8.190000e+01  2.011647e+00
   endloop
 endfacet
 facet normal  9.914449e-01  0.000000e+00  1.305262e-01
   outer loop
     vertex  1.575485e+02 -8.310000e+01  2.011647e+00
     vertex  1.575500e+02 -8.310000e+01  2.000000e+00
     vertex  1.575500e+02 -8.190000e+01  2.000000e+00
   endloop
 endfacet
 facet normal  9.238795e-01 -0.000000e+00  3.826834e-01
   outer loop
     vertex  1.575440e+02 -8.310000e+01  2.022500e+00
     vertex  1.575485e+02 -8.190000e+01  2.011647e+00
     vertex  1.575440e+02 -8.190000e+01  2.022500e+00
   endloop
 endfacet
 facet normal  9.238795e-01  0.000000e+00  3.826834e-01
   outer loop
     vertex  1.575440e+02 -8.310000e+01  2.022500e+00
     vertex  1.575485e+02 -8.310000e+01  2.011647e+00
     vertex  1.575485e+02 -8.190000e+01  2.011647e+00
   endloop
 endfacet
 facet normal  7.933533e-01 -0.000000e+00  6.087614e-01
   outer loop
     vertex  1.575368e+02 -8.310000e+01  2.031820e+00
     vertex  1.575440e+02 -8.190000e+01  2.022500e+00
     vertex  1.575368e+02 -8.190000e+01  2.031820e+00
   endloop
 endfacet
 facet normal  6.087614e-01 -0.000000e+00  7.933533e-01
   outer loop
     vertex  1.575368e+02 -8.310000e+01  2.031820e+00
     vertex  1.575368e+02 -8.190000e+01  2.031820e+00
     vertex  1.575275e+02 -8.190000e+01  2.038971e+00
   endloop
 endfacet
 facet normal  7.933533e-01  0.000000e+00  6.087614e-01
   outer loop
     vertex  1.575368e+02 -8.310000e+01  2.031820e+00
     vertex  1.575440e+02 -8.310000e+01  2.022500e+00
     vertex  1.575440e+02 -8.190000e+01  2.022500e+00
   endloop
 endfacet
 facet normal  6.087614e-01 -0.000000e+00  7.933533e-01
   outer loop
     vertex  1.575275e+02 -8.310000e+01  2.038971e+00
     vertex  1.575368e+02 -8.310000e+01  2.031820e+00
     vertex  1.575275e+02 -8.190000e+01  2.038971e+00
   endloop
 endfacet
 facet normal  3.826834e-01 -0.000000e+00  9.238795e-01
   outer loop
     vertex  1.575166e+02 -8.310000e+01  2.043467e+00
     vertex  1.575275e+02 -8.190000e+01  2.038971e+00
     vertex  1.575166e+02 -8.190000e+01  2.043467e+00
   endloop
 endfacet
 facet normal  3.826834e-01  0.000000e+00  9.238795e-01
   outer loop
     vertex  1.575166e+02 -8.310000e+01  2.043467e+00
     vertex  1.575275e+02 -8.310000e+01  2.038971e+00
     vertex  1.575275e+02 -8.190000e+01  2.038971e+00
   endloop
 endfacet
 facet normal  1.305262e-01 -0.000000e+00  9.914449e-01
   outer loop
     vertex  1.575050e+02 -8.310000e+01  2.045000e+00
     vertex  1.575166e+02 -8.190000e+01  2.043467e+00
     vertex  1.575050e+02 -8.190000e+01  2.045000e+00
   endloop
 endfacet
 facet normal  1.305262e-01  0.000000e+00  9.914449e-01
   outer loop
     vertex  1.575050e+02 -8.310000e+01  2.045000e+00
     vertex  1.575166e+02 -8.310000e+01  2.043467e+00
     vertex  1.575166e+02 -8.190000e+01  2.043467e+00
   endloop
 endfacet
 facet normal -1.000000e+00  0.000000e+00 -0.000000e+00
   outer loop
     vertex  1.575500e+02 -8.190000e+01  2.045000e+00
     vertex  1.575500e+02 -8.190000e+01  2.000000e+00
     vertex  1.575500e+02 -8.310000e+01  2.000000e+00
   endloop
 endfacet
 facet normal -1.000000e+00 -0.000000e+00  0.000000e+00
   outer loop
     vertex  1.575500e+02 -8.190000e+01  2.045000e+00
     vertex  1.575500e+02 -8.310000e+01  2.000000e+00
     vertex  1.575500e+02 -8.310000e+01  2.045000e+00
   endloop
 endfacet
 facet normal  0.000000e+00  0.000000e+00  1.000000e+00
   outer loop
     vertex  1.575500e+02 -8.310000e+01  2.045000e+00
     vertex  1.589500e+02 -8.310000e+01  2.045000e+00
     vertex  1.589500e+02 -8.190000e+01  2.045000e+00
   endloop
 endfacet
 facet normal  0.000000e+00  0.000000e+00  1.000000e+00
   outer loop
     vertex  1.575500e+02 -8.310000e+01  2.045000e+00
     vertex  1.589500e+02 -8.190000e+01  2.045000e+00
     vertex  1.575500e+02 -8.190000e+01  2.045000e+00
   endloop
 endfacet
 facet normal  1.000000e+00  0.000000e+00  0.000000e+00
   outer loop
     vertex  1.592500e+02 -7.940000e+01  2.000000e+00
     vertex  1.592500e+02 -8.060000e+01  1.640000e+00
     vertex  1.592500e+02 -7.940000e+01  1.640000e+00
   endloop
 endfacet
 facet normal  1.000000e+00  0.000000e+00  0.000000e+00
   outer loop
     vertex  1.592500e+02 -7.940000e+01  2.000000e+00
     vertex  1.592500e+02 -8.060000e+01  2.000000e+00
     vertex  1.592500e+02 -8.060000e+01  1.640000e+00
   endloop
 endfacet
 facet normal -0.000000e+00  1.000000e+00  0.000000e+00
   outer loop
     vertex  1.592050e+02 -7.940000e+01  1.640000e+00
     vertex  1.592500e+02 -7.940000e+01  1.640000e+00
     vertex  1.592485e+02 -7.940000e+01  1.628353e+00
   endloop
 endfacet
 facet normal  0.000000e+00  1.000000e+00  0.000000e+00
   outer loop
     vertex  1.592050e+02 -7.940000e+01  1.640000e+00
     vertex  1.592485e+02 -7.940000e+01  1.628353e+00
     vertex  1.592440e+02 -7.940000e+01  1.617500e+00
   endloop
 endfacet
 facet normal  0.000000e+00  1.000000e+00  0.000000e+00
   outer loop
     vertex  1.592050e+02 -7.940000e+01  1.640000e+00
     vertex  1.592440e+02 -7.940000e+01  1.617500e+00
     vertex  1.592368e+02 -7.940000e+01  1.608180e+00
   endloop
 endfacet
 facet normal  0.000000e+00  1.000000e+00  0.000000e+00
   outer loop
     vertex  1.592050e+02 -7.940000e+01  1.640000e+00
     vertex  1.592368e+02 -7.940000e+01  1.608180e+00
     vertex  1.592275e+02 -7.940000e+01  1.601029e+00
   endloop
 endfacet
 facet normal  0.000000e+00  1.000000e+00  0.000000e+00
   outer loop
     vertex  1.592050e+02 -7.940000e+01  1.640000e+00
     vertex  1.592275e+02 -7.940000e+01  1.601029e+00
     vertex  1.592166e+02 -7.940000e+01  1.596533e+00
   endloop
 endfacet
 facet normal  0.000000e+00  1.000000e+00  0.000000e+00
   outer loop
     vertex  1.592050e+02 -7.940000e+01  1.640000e+00
     vertex  1.592166e+02 -7.940000e+01  1.596533e+00
     vertex  1.592050e+02 -7.940000e+01  1.595000e+00
   endloop
 endfacet
 facet normal  0.000000e+00  1.000000e+00  0.000000e+00
   outer loop
     vertex  1.589950e+02 -7.940000e+01  1.595000e+00
     vertex  1.592050e+02 -7.940000e+01  1.640000e+00
     vertex  1.592050e+02 -7.940000e+01  1.595000e+00
   endloop
 endfacet
 facet normal  0.000000e+00  1.000000e+00  0.000000e+00
   outer loop
     vertex  1.589500e+02 -7.940000e+01  1.640000e+00
     vertex  1.589560e+02 -7.940000e+01  1.617500e+00
     vertex  1.589515e+02 -7.940000e+01  1.628353e+00
   endloop
 endfacet
 facet normal  0.000000e+00  1.000000e+00  0.000000e+00
   outer loop
     vertex  1.589500e+02 -7.940000e+01  1.640000e+00
     vertex  1.589632e+02 -7.940000e+01  1.608180e+00
     vertex  1.589560e+02 -7.940000e+01  1.617500e+00
   endloop
 endfacet
 facet normal  0.000000e+00  1.000000e+00  0.000000e+00
   outer loop
     vertex  1.589500e+02 -7.940000e+01  1.640000e+00
     vertex  1.589725e+02 -7.940000e+01  1.601029e+00
     vertex  1.589632e+02 -7.940000e+01  1.608180e+00
   endloop
 endfacet
 facet normal  0.000000e+00  1.000000e+00  0.000000e+00
   outer loop
     vertex  1.589500e+02 -7.940000e+01  1.640000e+00
     vertex  1.589834e+02 -7.940000e+01  1.596533e+00
     vertex  1.589725e+02 -7.940000e+01  1.601029e+00
   endloop
 endfacet
 facet normal  0.000000e+00  1.000000e+00  0.000000e+00
   outer loop
     vertex  1.589500e+02 -7.940000e+01  1.640000e+00
     vertex  1.589950e+02 -7.940000e+01  1.595000e+00
     vertex  1.589834e+02 -7.940000e+01  1.596533e+00
   endloop
 endfacet
 facet normal -0.000000e+00  1.000000e+00  0.000000e+00
   outer loop
     vertex  1.589500e+02 -7.940000e+01  1.640000e+00
     vertex  1.592050e+02 -7.940000e+01  1.640000e+00
     vertex  1.589950e+02 -7.940000e+01  1.595000e+00
   endloop
 endfacet
 facet normal -0.000000e+00  1.000000e+00  0.000000e+00
   outer loop
     vertex  1.592050e+02 -7.940000e+01  2.000000e+00
     vertex  1.592500e+02 -7.940000e+01  2.000000e+00
     vertex  1.592500e+02 -7.940000e+01  1.640000e+00
   endloop
 endfacet
 facet normal  0.000000e+00  1.000000e+00  0.000000e+00
   outer loop
     vertex  1.592050e+02 -7.940000e+01  2.000000e+00
     vertex  1.592485e+02 -7.940000e+01  2.011647e+00
     vertex  1.592500e+02 -7.940000e+01  2.000000e+00
   endloop
 endfacet
 facet normal  0.000000e+00  1.000000e+00  0.000000e+00
   outer loop
     vertex  1.592050e+02 -7.940000e+01  2.000000e+00
     vertex  1.592440e+02 -7.940000e+01  2.022500e+00
     vertex  1.592485e+02 -7.940000e+01  2.011647e+00
   endloop
 endfacet
 facet normal  0.000000e+00  1.000000e+00  0.000000e+00
   outer loop
     vertex  1.592050e+02 -7.940000e+01  2.000000e+00
     vertex  1.592368e+02 -7.940000e+01  2.031820e+00
     vertex  1.592440e+02 -7.940000e+01  2.022500e+00
   endloop
 endfacet
 facet normal  0.000000e+00  1.000000e+00  0.000000e+00
   outer loop
     vertex  1.592050e+02 -7.940000e+01  2.000000e+00
     vertex  1.592500e+02 -7.940000e+01  1.640000e+00
     vertex  1.592050e+02 -7.940000e+01  1.640000e+00
   endloop
 endfacet
 facet normal  0.000000e+00  1.000000e+00  0.000000e+00
   outer loop
     vertex  1.592275e+02 -7.940000e+01  2.038971e+00
     vertex  1.592368e+02 -7.940000e+01  2.031820e+00
     vertex  1.592050e+02 -7.940000e+01  2.000000e+00
   endloop
 endfacet
 facet normal  0.000000e+00  1.000000e+00  0.000000e+00
   outer loop
     vertex  1.592166e+02 -7.940000e+01  2.043467e+00
     vertex  1.592275e+02 -7.940000e+01  2.038971e+00
     vertex  1.592050e+02 -7.940000e+01  2.000000e+00
   endloop
 endfacet
 facet normal  0.000000e+00  1.000000e+00  0.000000e+00
   outer loop
     vertex  1.592050e+02 -7.940000e+01  2.045000e+00
     vertex  1.592166e+02 -7.940000e+01  2.043467e+00
     vertex  1.592050e+02 -7.940000e+01  2.000000e+00
   endloop
 endfacet
 facet normal -0.000000e+00  1.000000e+00  0.000000e+00
   outer loop
     vertex  1.589950e+02 -7.940000e+01  2.045000e+00
     vertex  1.592050e+02 -7.940000e+01  2.045000e+00
     vertex  1.592050e+02 -7.940000e+01  2.000000e+00
   endloop
 endfacet
 facet normal  0.000000e+00  1.000000e+00  0.000000e+00
   outer loop
     vertex  1.589500e+02 -7.940000e+01  2.000000e+00
     vertex  1.589950e+02 -7.940000e+01  2.045000e+00
     vertex  1.592050e+02 -7.940000e+01  2.000000e+00
   endloop
 endfacet
 facet normal  0.000000e+00  1.000000e+00  0.000000e+00
   outer loop
     vertex  1.589725e+02 -7.940000e+01  2.038971e+00
     vertex  1.589834e+02 -7.940000e+01  2.043467e+00
     vertex  1.589950e+02 -7.940000e+01  2.045000e+00
   endloop
 endfacet
 facet normal  0.000000e+00  1.000000e+00  0.000000e+00
   outer loop
     vertex  1.589632e+02 -7.940000e+01  2.031820e+00
     vertex  1.589500e+02 -7.940000e+01  2.000000e+00
     vertex  1.589515e+02 -7.940000e+01  2.011647e+00
   endloop
 endfacet
 facet normal  0.000000e+00  1.000000e+00  0.000000e+00
   outer loop
     vertex  1.589632e+02 -7.940000e+01  2.031820e+00
     vertex  1.589515e+02 -7.940000e+01  2.011647e+00
     vertex  1.589560e+02 -7.940000e+01  2.022500e+00
   endloop
 endfacet
 facet normal -0.000000e+00  1.000000e+00  0.000000e+00
   outer loop
     vertex  1.589632e+02 -7.940000e+01  2.031820e+00
     vertex  1.589950e+02 -7.940000e+01  2.045000e+00
     vertex  1.589500e+02 -7.940000e+01  2.000000e+00
   endloop
 endfacet
 facet normal  0.000000e+00  1.000000e+00  0.000000e+00
   outer loop
     vertex  1.589632e+02 -7.940000e+01  2.031820e+00
     vertex  1.589725e+02 -7.940000e+01  2.038971e+00
     vertex  1.589950e+02 -7.940000e+01  2.045000e+00
   endloop
 endfacet
 facet normal  1.305262e-01  0.000000e+00 -9.914449e-01
   outer loop
     vertex  1.592166e+02 -8.060000e+01  1.596533e+00
     vertex  1.592050e+02 -8.060000e+01  1.595000e+00
     vertex  1.592050e+02 -7.940000e+01  1.595000e+00
   endloop
 endfacet
 facet normal  1.305262e-01  0.000000e+00 -9.914449e-01
   outer loop
     vertex  1.592166e+02 -8.060000e+01  1.596533e+00
     vertex  1.592050e+02 -7.940000e+01  1.595000e+00
     vertex  1.592166e+02 -7.940000e+01  1.596533e+00
   endloop
 endfacet
 facet normal  3.826834e-01  0.000000e+00 -9.238795e-01
   outer loop
     vertex  1.592275e+02 -8.060000e+01  1.601029e+00
     vertex  1.592166e+02 -7.940000e+01  1.596533e+00
     vertex  1.592275e+02 -7.940000e+01  1.601029e+00
   endloop
 endfacet
 facet normal  3.826834e-01  0.000000e+00 -9.238795e-01
   outer loop
     vertex  1.592275e+02 -8.060000e+01  1.601029e+00
     vertex  1.592166e+02 -8.060000e+01  1.596533e+00
     vertex  1.592166e+02 -7.940000e+01  1.596533e+00
   endloop
 endfacet
 facet normal  6.087614e-01  0.000000e+00 -7.933533e-01
   outer loop
     vertex  1.592368e+02 -8.060000e+01  1.608180e+00
     vertex  1.592275e+02 -7.940000e+01  1.601029e+00
     vertex  1.592368e+02 -7.940000e+01  1.608180e+00
   endloop
 endfacet
 facet normal  6.087614e-01  0.000000e+00 -7.933533e-01
   outer loop
     vertex  1.592368e+02 -8.060000e+01  1.608180e+00
     vertex  1.592275e+02 -8.060000e+01  1.601029e+00
     vertex  1.592275e+02 -7.940000e+01  1.601029e+00
   endloop
 endfacet
 facet normal  7.933533e-01  0.000000e+00 -6.087614e-01
   outer loop
     vertex  1.592440e+02 -8.060000e+01  1.617500e+00
     vertex  1.592368e+02 -7.940000e+01  1.608180e+00
     vertex  1.592440e+02 -7.940000e+01  1.617500e+00
   endloop
 endfacet
 facet normal  7.933533e-01  0.000000e+00 -6.087614e-01
   outer loop
     vertex  1.592440e+02 -8.060000e+01  1.617500e+00
     vertex  1.592368e+02 -8.060000e+01  1.608180e+00
     vertex  1.592368e+02 -7.940000e+01  1.608180e+00
   endloop
 endfacet
 facet normal  9.238795e-01  0.000000e+00 -3.826834e-01
   outer loop
     vertex  1.592485e+02 -8.060000e+01  1.628353e+00
     vertex  1.592440e+02 -7.940000e+01  1.617500e+00
     vertex  1.592485e+02 -7.940000e+01  1.628353e+00
   endloop
 endfacet
 facet normal  9.238795e-01  0.000000e+00 -3.826834e-01
   outer loop
     vertex  1.592485e+02 -8.060000e+01  1.628353e+00
     vertex  1.592440e+02 -8.060000e+01  1.617500e+00
     vertex  1.592440e+02 -7.940000e+01  1.617500e+00
   endloop
 endfacet
 facet normal  9.914449e-01  0.000000e+00 -1.305262e-01
   outer loop
     vertex  1.592500e+02 -8.060000e+01  1.640000e+00
     vertex  1.592485e+02 -7.940000e+01  1.628353e+00
     vertex  1.592500e+02 -7.940000e+01  1.640000e+00
   endloop
 endfacet
 facet normal  9.914449e-01  0.000000e+00 -1.305262e-01
   outer loop
     vertex  1.592500e+02 -8.060000e+01  1.640000e+00
     vertex  1.592485e+02 -8.060000e+01  1.628353e+00
     vertex  1.592485e+02 -7.940000e+01  1.628353e+00
   endloop
 endfacet
 facet normal  9.914449e-01 -0.000000e+00  1.305262e-01
   outer loop
     vertex  1.592485e+02 -8.060000e+01  2.011647e+00
     vertex  1.592500e+02 -7.940000e+01  2.000000e+00
     vertex  1.592485e+02 -7.940000e+01  2.011647e+00
   endloop
 endfacet
 facet normal  9.914449e-01  0.000000e+00  1.305262e-01
   outer loop
     vertex  1.592485e+02 -8.060000e+01  2.011647e+00
     vertex  1.592500e+02 -8.060000e+01  2.000000e+00
     vertex  1.592500e+02 -7.940000e+01  2.000000e+00
   endloop
 endfacet
 facet normal  9.238795e-01 -0.000000e+00  3.826834e-01
   outer loop
     vertex  1.592440e+02 -8.060000e+01  2.022500e+00
     vertex  1.592485e+02 -7.940000e+01  2.011647e+00
     vertex  1.592440e+02 -7.940000e+01  2.022500e+00
   endloop
 endfacet
 facet normal  9.238795e-01  0.000000e+00  3.826834e-01
   outer loop
     vertex  1.592440e+02 -8.060000e+01  2.022500e+00
     vertex  1.592485e+02 -8.060000e+01  2.011647e+00
     vertex  1.592485e+02 -7.940000e+01  2.011647e+00
   endloop
 endfacet
 facet normal  7.933533e-01 -0.000000e+00  6.087614e-01
   outer loop
     vertex  1.592368e+02 -8.060000e+01  2.031820e+00
     vertex  1.592440e+02 -7.940000e+01  2.022500e+00
     vertex  1.592368e+02 -7.940000e+01  2.031820e+00
   endloop
 endfacet
 facet normal  6.087614e-01 -0.000000e+00  7.933533e-01
   outer loop
     vertex  1.592368e+02 -8.060000e+01  2.031820e+00
     vertex  1.592368e+02 -7.940000e+01  2.031820e+00
     vertex  1.592275e+02 -7.940000e+01  2.038971e+00
   endloop
 endfacet
 facet normal  7.933533e-01  0.000000e+00  6.087614e-01
   outer loop
     vertex  1.592368e+02 -8.060000e+01  2.031820e+00
     vertex  1.592440e+02 -8.060000e+01  2.022500e+00
     vertex  1.592440e+02 -7.940000e+01  2.022500e+00
   endloop
 endfacet
 facet normal  6.087614e-01 -0.000000e+00  7.933533e-01
   outer loop
     vertex  1.592275e+02 -8.060000e+01  2.038971e+00
     vertex  1.592368e+02 -8.060000e+01  2.031820e+00
     vertex  1.592275e+02 -7.940000e+01  2.038971e+00
   endloop
 endfacet
 facet normal  3.826834e-01 -0.000000e+00  9.238795e-01
   outer loop
     vertex  1.592166e+02 -8.060000e+01  2.043467e+00
     vertex  1.592275e+02 -7.940000e+01  2.038971e+00
     vertex  1.592166e+02 -7.940000e+01  2.043467e+00
   endloop
 endfacet
 facet normal  3.826834e-01  0.000000e+00  9.238795e-01
   outer loop
     vertex  1.592166e+02 -8.060000e+01  2.043467e+00
     vertex  1.592275e+02 -8.060000e+01  2.038971e+00
     vertex  1.592275e+02 -7.940000e+01  2.038971e+00
   endloop
 endfacet
 facet normal  1.305262e-01 -0.000000e+00  9.914449e-01
   outer loop
     vertex  1.592050e+02 -8.060000e+01  2.045000e+00
     vertex  1.592166e+02 -7.940000e+01  2.043467e+00
     vertex  1.592050e+02 -7.940000e+01  2.045000e+00
   endloop
 endfacet
 facet normal  1.305262e-01  0.000000e+00  9.914449e-01
   outer loop
     vertex  1.592050e+02 -8.060000e+01  2.045000e+00
     vertex  1.592166e+02 -8.060000e+01  2.043467e+00
     vertex  1.592166e+02 -7.940000e+01  2.043467e+00
   endloop
 endfacet
 facet normal  0.000000e+00 -1.000000e+00  0.000000e+00
   outer loop
     vertex  1.592050e+02 -8.060000e+01  1.640000e+00
     vertex  1.592485e+02 -8.060000e+01  1.628353e+00
     vertex  1.592500e+02 -8.060000e+01  1.640000e+00
   endloop
 endfacet
 facet normal  0.000000e+00 -1.000000e+00  0.000000e+00
   outer loop
     vertex  1.592050e+02 -8.060000e+01  1.640000e+00
     vertex  1.592440e+02 -8.060000e+01  1.617500e+00
     vertex  1.592485e+02 -8.060000e+01  1.628353e+00
   endloop
 endfacet
 facet normal  0.000000e+00 -1.000000e+00  0.000000e+00
   outer loop
     vertex  1.592050e+02 -8.060000e+01  1.640000e+00
     vertex  1.592368e+02 -8.060000e+01  1.608180e+00
     vertex  1.592440e+02 -8.060000e+01  1.617500e+00
   endloop
 endfacet
 facet normal  0.000000e+00 -1.000000e+00  0.000000e+00
   outer loop
     vertex  1.592050e+02 -8.060000e+01  1.640000e+00
     vertex  1.592275e+02 -8.060000e+01  1.601029e+00
     vertex  1.592368e+02 -8.060000e+01  1.608180e+00
   endloop
 endfacet
 facet normal  0.000000e+00 -1.000000e+00  0.000000e+00
   outer loop
     vertex  1.592050e+02 -8.060000e+01  1.640000e+00
     vertex  1.592166e+02 -8.060000e+01  1.596533e+00
     vertex  1.592275e+02 -8.060000e+01  1.601029e+00
   endloop
 endfacet
 facet normal  0.000000e+00 -1.000000e+00  0.000000e+00
   outer loop
     vertex  1.592050e+02 -8.060000e+01  1.640000e+00
     vertex  1.592050e+02 -8.060000e+01  1.595000e+00
     vertex  1.592166e+02 -8.060000e+01  1.596533e+00
   endloop
 endfacet
 facet normal  0.000000e+00 -1.000000e+00  0.000000e+00
   outer loop
     vertex  1.589950e+02 -8.060000e+01  1.595000e+00
     vertex  1.592050e+02 -8.060000e+01  1.595000e+00
     vertex  1.592050e+02 -8.060000e+01  1.640000e+00
   endloop
 endfacet
 facet normal  0.000000e+00 -1.000000e+00  0.000000e+00
   outer loop
     vertex  1.589500e+02 -8.060000e+01  1.640000e+00
     vertex  1.589515e+02 -8.060000e+01  1.628353e+00
     vertex  1.589560e+02 -8.060000e+01  1.617500e+00
   endloop
 endfacet
 facet normal  0.000000e+00 -1.000000e+00  0.000000e+00
   outer loop
     vertex  1.589500e+02 -8.060000e+01  1.640000e+00
     vertex  1.589560e+02 -8.060000e+01  1.617500e+00
     vertex  1.589632e+02 -8.060000e+01  1.608180e+00
   endloop
 endfacet
 facet normal  0.000000e+00 -1.000000e+00  0.000000e+00
   outer loop
     vertex  1.589500e+02 -8.060000e+01  1.640000e+00
     vertex  1.589632e+02 -8.060000e+01  1.608180e+00
     vertex  1.589725e+02 -8.060000e+01  1.601029e+00
   endloop
 endfacet
 facet normal  0.000000e+00 -1.000000e+00  0.000000e+00
   outer loop
     vertex  1.589500e+02 -8.060000e+01  1.640000e+00
     vertex  1.589725e+02 -8.060000e+01  1.601029e+00
     vertex  1.589834e+02 -8.060000e+01  1.596533e+00
   endloop
 endfacet
 facet normal  0.000000e+00 -1.000000e+00  0.000000e+00
   outer loop
     vertex  1.589500e+02 -8.060000e+01  1.640000e+00
     vertex  1.589834e+02 -8.060000e+01  1.596533e+00
     vertex  1.589950e+02 -8.060000e+01  1.595000e+00
   endloop
 endfacet
 facet normal  0.000000e+00 -1.000000e+00  0.000000e+00
   outer loop
     vertex  1.589500e+02 -8.060000e+01  1.640000e+00
     vertex  1.589950e+02 -8.060000e+01  1.595000e+00
     vertex  1.592050e+02 -8.060000e+01  1.640000e+00
   endloop
 endfacet
 facet normal  0.000000e+00 -1.000000e+00  0.000000e+00
   outer loop
     vertex  1.592050e+02 -8.060000e+01  2.000000e+00
     vertex  1.592500e+02 -8.060000e+01  1.640000e+00
     vertex  1.592500e+02 -8.060000e+01  2.000000e+00
   endloop
 endfacet
 facet normal  0.000000e+00 -1.000000e+00  0.000000e+00
   outer loop
     vertex  1.592050e+02 -8.060000e+01  2.000000e+00
     vertex  1.592500e+02 -8.060000e+01  2.000000e+00
     vertex  1.592485e+02 -8.060000e+01  2.011647e+00
   endloop
 endfacet
 facet normal  0.000000e+00 -1.000000e+00  0.000000e+00
   outer loop
     vertex  1.592050e+02 -8.060000e+01  2.000000e+00
     vertex  1.592485e+02 -8.060000e+01  2.011647e+00
     vertex  1.592440e+02 -8.060000e+01  2.022500e+00
   endloop
 endfacet
 facet normal  0.000000e+00 -1.000000e+00  0.000000e+00
   outer loop
     vertex  1.592050e+02 -8.060000e+01  2.000000e+00
     vertex  1.592440e+02 -8.060000e+01  2.022500e+00
     vertex  1.592368e+02 -8.060000e+01  2.031820e+00
   endloop
 endfacet
 facet normal  0.000000e+00 -1.000000e+00  0.000000e+00
   outer loop
     vertex  1.592050e+02 -8.060000e+01  2.000000e+00
     vertex  1.592050e+02 -8.060000e+01  1.640000e+00
     vertex  1.592500e+02 -8.060000e+01  1.640000e+00
   endloop
 endfacet
 facet normal  0.000000e+00 -1.000000e+00 -0.000000e+00
   outer loop
     vertex  1.592275e+02 -8.060000e+01  2.038971e+00
     vertex  1.592050e+02 -8.060000e+01  2.000000e+00
     vertex  1.592368e+02 -8.060000e+01  2.031820e+00
   endloop
 endfacet
 facet normal  0.000000e+00 -1.000000e+00 -0.000000e+00
   outer loop
     vertex  1.592166e+02 -8.060000e+01  2.043467e+00
     vertex  1.592050e+02 -8.060000e+01  2.000000e+00
     vertex  1.592275e+02 -8.060000e+01  2.038971e+00
   endloop
 endfacet
 facet normal  0.000000e+00 -1.000000e+00  0.000000e+00
   outer loop
     vertex  1.592050e+02 -8.060000e+01  2.045000e+00
     vertex  1.592050e+02 -8.060000e+01  2.000000e+00
     vertex  1.592166e+02 -8.060000e+01  2.043467e+00
   endloop
 endfacet
 facet normal  0.000000e+00 -1.000000e+00  0.000000e+00
   outer loop
     vertex  1.589950e+02 -8.060000e+01  2.045000e+00
     vertex  1.592050e+02 -8.060000e+01  2.000000e+00
     vertex  1.592050e+02 -8.060000e+01  2.045000e+00
   endloop
 endfacet
 facet normal  0.000000e+00 -1.000000e+00  0.000000e+00
   outer loop
     vertex  1.589500e+02 -8.060000e+01  2.000000e+00
     vertex  1.592050e+02 -8.060000e+01  2.000000e+00
     vertex  1.589950e+02 -8.060000e+01  2.045000e+00
   endloop
 endfacet
 facet normal  0.000000e+00 -1.000000e+00  0.000000e+00
   outer loop
     vertex  1.589725e+02 -8.060000e+01  2.038971e+00
     vertex  1.589950e+02 -8.060000e+01  2.045000e+00
     vertex  1.589834e+02 -8.060000e+01  2.043467e+00
   endloop
 endfacet
 facet normal  0.000000e+00 -1.000000e+00  0.000000e+00
   outer loop
     vertex  1.589632e+02 -8.060000e+01  2.031820e+00
     vertex  1.589515e+02 -8.060000e+01  2.011647e+00
     vertex  1.589500e+02 -8.060000e+01  2.000000e+00
   endloop
 endfacet
 facet normal  0.000000e+00 -1.000000e+00  0.000000e+00
   outer loop
     vertex  1.589632e+02 -8.060000e+01  2.031820e+00
     vertex  1.589560e+02 -8.060000e+01  2.022500e+00
     vertex  1.589515e+02 -8.060000e+01  2.011647e+00
   endloop
 endfacet
 facet normal  0.000000e+00 -1.000000e+00 -0.000000e+00
   outer loop
     vertex  1.589632e+02 -8.060000e+01  2.031820e+00
     vertex  1.589500e+02 -8.060000e+01  2.000000e+00
     vertex  1.589950e+02 -8.060000e+01  2.045000e+00
   endloop
 endfacet
 facet normal  0.000000e+00 -1.000000e+00  0.000000e+00
   outer loop
     vertex  1.589632e+02 -8.060000e+01  2.031820e+00
     vertex  1.589950e+02 -8.060000e+01  2.045000e+00
     vertex  1.589725e+02 -8.060000e+01  2.038971e+00
   endloop
 endfacet
 facet normal  0.000000e+00  0.000000e+00 -1.000000e+00
   outer loop
     vertex  1.589950e+02 -8.060000e+01  1.595000e+00
     vertex  1.592050e+02 -7.940000e+01  1.595000e+00
     vertex  1.592050e+02 -8.060000e+01  1.595000e+00
   endloop
 endfacet
 facet normal  0.000000e+00  0.000000e+00 -1.000000e+00
   outer loop
     vertex  1.589950e+02 -8.060000e+01  1.595000e+00
     vertex  1.589950e+02 -7.940000e+01  1.595000e+00
     vertex  1.592050e+02 -7.940000e+01  1.595000e+00
   endloop
 endfacet
 facet normal -9.914449e-01  0.000000e+00 -1.305262e-01
   outer loop
     vertex  1.589515e+02 -8.060000e+01  1.628353e+00
     vertex  1.589500e+02 -7.940000e+01  1.640000e+00
     vertex  1.589515e+02 -7.940000e+01  1.628353e+00
   endloop
 endfacet
 facet normal -9.914449e-01  0.000000e+00 -1.305262e-01
   outer loop
     vertex  1.589515e+02 -8.060000e+01  1.628353e+00
     vertex  1.589500e+02 -8.060000e+01  1.640000e+00
     vertex  1.589500e+02 -7.940000e+01  1.640000e+00
   endloop
 endfacet
 facet normal -9.238795e-01  0.000000e+00 -3.826834e-01
   outer loop
     vertex  1.589560e+02 -8.060000e+01  1.617500e+00
     vertex  1.589515e+02 -7.940000e+01  1.628353e+00
     vertex  1.589560e+02 -7.940000e+01  1.617500e+00
   endloop
 endfacet
 facet normal -9.238795e-01  0.000000e+00 -3.826834e-01
   outer loop
     vertex  1.589560e+02 -8.060000e+01  1.617500e+00
     vertex  1.589515e+02 -8.060000e+01  1.628353e+00
     vertex  1.589515e+02 -7.940000e+01  1.628353e+00
   endloop
 endfacet
 facet normal -7.933533e-01  0.000000e+00 -6.087614e-01
   outer loop
     vertex  1.589632e+02 -8.060000e+01  1.608180e+00
     vertex  1.589560e+02 -7.940000e+01  1.617500e+00
     vertex  1.589632e+02 -7.940000e+01  1.608180e+00
   endloop
 endfacet
 facet normal -7.933533e-01  0.000000e+00 -6.087614e-01
   outer loop
     vertex  1.589632e+02 -8.060000e+01  1.608180e+00
     vertex  1.589560e+02 -8.060000e+01  1.617500e+00
     vertex  1.589560e+02 -7.940000e+01  1.617500e+00
   endloop
 endfacet
 facet normal -6.087614e-01  0.000000e+00 -7.933533e-01
   outer loop
     vertex  1.589725e+02 -8.060000e+01  1.601029e+00
     vertex  1.589632e+02 -7.940000e+01  1.608180e+00
     vertex  1.589725e+02 -7.940000e+01  1.601029e+00
   endloop
 endfacet
 facet normal -6.087614e-01  0.000000e+00 -7.933533e-01
   outer loop
     vertex  1.589725e+02 -8.060000e+01  1.601029e+00
     vertex  1.589632e+02 -8.060000e+01  1.608180e+00
     vertex  1.589632e+02 -7.940000e+01  1.608180e+00
   endloop
 endfacet
 facet normal -3.826834e-01  0.000000e+00 -9.238795e-01
   outer loop
     vertex  1.589834e+02 -8.060000e+01  1.596533e+00
     vertex  1.589725e+02 -7.940000e+01  1.601029e+00
     vertex  1.589834e+02 -7.940000e+01  1.596533e+00
   endloop
 endfacet
 facet normal -3.826834e-01  0.000000e+00 -9.238795e-01
   outer loop
     vertex  1.589834e+02 -8.060000e+01  1.596533e+00
     vertex  1.589725e+02 -8.060000e+01  1.601029e+00
     vertex  1.589725e+02 -7.940000e+01  1.601029e+00
   endloop
 endfacet
 facet normal -1.305262e-01  0.000000e+00 -9.914449e-01
   outer loop
     vertex  1.589950e+02 -8.060000e+01  1.595000e+00
     vertex  1.589834e+02 -7.940000e+01  1.596533e+00
     vertex  1.589950e+02 -7.940000e+01  1.595000e+00
   endloop
 endfacet
 facet normal -1.305262e-01  0.000000e+00 -9.914449e-01
   outer loop
     vertex  1.589950e+02 -8.060000e+01  1.595000e+00
     vertex  1.589834e+02 -8.060000e+01  1.596533e+00
     vertex  1.589834e+02 -7.940000e+01  1.596533e+00
   endloop
 endfacet
 facet normal  0.000000e+00  1.000000e+00  0.000000e+00
   outer loop
     vertex  1.589500e+02 -7.940000e+01  2.000000e+00
     vertex  1.592050e+02 -7.940000e+01  1.640000e+00
     vertex  1.589500e+02 -7.940000e+01  1.640000e+00
   endloop
 endfacet
 facet normal -0.000000e+00  1.000000e+00  0.000000e+00
   outer loop
     vertex  1.589500e+02 -7.940000e+01  2.000000e+00
     vertex  1.592050e+02 -7.940000e+01  2.000000e+00
     vertex  1.592050e+02 -7.940000e+01  1.640000e+00
   endloop
 endfacet
 facet normal  0.000000e+00  1.000000e+00  0.000000e+00
   outer loop
     vertex  1.575500e+02 -7.940000e+01  2.000000e+00
     vertex  1.589500e+02 -7.940000e+01  1.640000e+00
     vertex  1.575500e+02 -7.940000e+01  1.640000e+00
   endloop
 endfacet
 facet normal -0.000000e+00  1.000000e+00  0.000000e+00
   outer loop
     vertex  1.575500e+02 -7.940000e+01  2.000000e+00
     vertex  1.589500e+02 -7.940000e+01  2.000000e+00
     vertex  1.589500e+02 -7.940000e+01  1.640000e+00
   endloop
 endfacet
 facet normal  0.000000e+00  1.000000e+00  0.000000e+00
   outer loop
     vertex  1.572950e+02 -7.940000e+01  2.000000e+00
     vertex  1.575500e+02 -7.940000e+01  1.640000e+00
     vertex  1.572950e+02 -7.940000e+01  1.640000e+00
   endloop
 endfacet
 facet normal -0.000000e+00  1.000000e+00  0.000000e+00
   outer loop
     vertex  1.572950e+02 -7.940000e+01  2.000000e+00
     vertex  1.575500e+02 -7.940000e+01  2.000000e+00
     vertex  1.575500e+02 -7.940000e+01  1.640000e+00
   endloop
 endfacet
 facet normal  0.000000e+00  0.000000e+00  1.000000e+00
   outer loop
     vertex  1.589950e+02 -8.060000e+01  2.045000e+00
     vertex  1.592050e+02 -8.060000e+01  2.045000e+00
     vertex  1.592050e+02 -7.940000e+01  2.045000e+00
   endloop
 endfacet
 facet normal  0.000000e+00  0.000000e+00  1.000000e+00
   outer loop
     vertex  1.589950e+02 -8.060000e+01  2.045000e+00
     vertex  1.592050e+02 -7.940000e+01  2.045000e+00
     vertex  1.589950e+02 -7.940000e+01  2.045000e+00
   endloop
 endfacet
 facet normal -1.305262e-01  0.000000e+00  9.914449e-01
   outer loop
     vertex  1.589834e+02 -8.060000e+01  2.043467e+00
     vertex  1.589950e+02 -8.060000e+01  2.045000e+00
     vertex  1.589950e+02 -7.940000e+01  2.045000e+00
   endloop
 endfacet
 facet normal -1.305262e-01  0.000000e+00  9.914449e-01
   outer loop
     vertex  1.589834e+02 -8.060000e+01  2.043467e+00
     vertex  1.589950e+02 -7.940000e+01  2.045000e+00
     vertex  1.589834e+02 -7.940000e+01  2.043467e+00
   endloop
 endfacet
 facet normal -3.826834e-01  0.000000e+00  9.238795e-01
   outer loop
     vertex  1.589725e+02 -8.060000e+01  2.038971e+00
     vertex  1.589834e+02 -7.940000e+01  2.043467e+00
     vertex  1.589725e+02 -7.940000e+01  2.038971e+00
   endloop
 endfacet
 facet normal -3.826834e-01  0.000000e+00  9.238795e-01
   outer loop
     vertex  1.589725e+02 -8.060000e+01  2.038971e+00
     vertex  1.589834e+02 -8.060000e+01  2.043467e+00
     vertex  1.589834e+02 -7.940000e+01  2.043467e+00
   endloop
 endfacet
 facet normal -6.087614e-01  0.000000e+00  7.933533e-01
   outer loop
     vertex  1.589632e+02 -8.060000e+01  2.031820e+00
     vertex  1.589725e+02 -7.940000e+01  2.038971e+00
     vertex  1.589632e+02 -7.940000e+01  2.031820e+00
   endloop
 endfacet
 facet normal -6.087614e-01  0.000000e+00  7.933533e-01
   outer loop
     vertex  1.589632e+02 -8.060000e+01  2.031820e+00
     vertex  1.589725e+02 -8.060000e+01  2.038971e+00
     vertex  1.589725e+02 -7.940000e+01  2.038971e+00
   endloop
 endfacet
 facet normal -7.933533e-01  0.000000e+00  6.087614e-01
   outer loop
     vertex  1.589560e+02 -8.060000e+01  2.022500e+00
     vertex  1.589632e+02 -7.940000e+01  2.031820e+00
     vertex  1.589560e+02 -7.940000e+01  2.022500e+00
   endloop
 endfacet
 facet normal -7.933533e-01  0.000000e+00  6.087614e-01
   outer loop
     vertex  1.589560e+02 -8.060000e+01  2.022500e+00
     vertex  1.589632e+02 -8.060000e+01  2.031820e+00
     vertex  1.589632e+02 -7.940000e+01  2.031820e+00
   endloop
 endfacet
 facet normal -9.238795e-01  0.000000e+00  3.826834e-01
   outer loop
     vertex  1.589515e+02 -8.060000e+01  2.011647e+00
     vertex  1.589560e+02 -7.940000e+01  2.022500e+00
     vertex  1.589515e+02 -7.940000e+01  2.011647e+00
   endloop
 endfacet
 facet normal -9.238795e-01  0.000000e+00  3.826834e-01
   outer loop
     vertex  1.589515e+02 -8.060000e+01  2.011647e+00
     vertex  1.589560e+02 -8.060000e+01  2.022500e+00
     vertex  1.589560e+02 -7.940000e+01  2.022500e+00
   endloop
 endfacet
 facet normal -9.914449e-01  0.000000e+00  1.305262e-01
   outer loop
     vertex  1.589500e+02 -8.060000e+01  2.000000e+00
     vertex  1.589515e+02 -7.940000e+01  2.011647e+00
     vertex  1.589500e+02 -7.940000e+01  2.000000e+00
   endloop
 endfacet
 facet normal -9.914449e-01  0.000000e+00  1.305262e-01
   outer loop
     vertex  1.589500e+02 -8.060000e+01  2.000000e+00
     vertex  1.589515e+02 -8.060000e+01  2.011647e+00
     vertex  1.589515e+02 -7.940000e+01  2.011647e+00
   endloop
 endfacet
 facet normal  0.000000e+00 -1.000000e+00  0.000000e+00
   outer loop
     vertex  1.589500e+02 -8.060000e+01  2.000000e+00
     vertex  1.589500e+02 -8.060000e+01  1.640000e+00
     vertex  1.592050e+02 -8.060000e+01  1.640000e+00
   endloop
 endfacet
 facet normal  0.000000e+00 -1.000000e+00  0.000000e+00
   outer loop
     vertex  1.589500e+02 -8.060000e+01  2.000000e+00
     vertex  1.592050e+02 -8.060000e+01  1.640000e+00
     vertex  1.592050e+02 -8.060000e+01  2.000000e+00
   endloop
 endfacet
 facet normal  0.000000e+00 -1.000000e+00  0.000000e+00
   outer loop
     vertex  1.575500e+02 -8.060000e+01  2.000000e+00
     vertex  1.575500e+02 -8.060000e+01  1.640000e+00
     vertex  1.589500e+02 -8.060000e+01  1.640000e+00
   endloop
 endfacet
 facet normal  0.000000e+00 -1.000000e+00  0.000000e+00
   outer loop
     vertex  1.575500e+02 -8.060000e+01  2.000000e+00
     vertex  1.589500e+02 -8.060000e+01  1.640000e+00
     vertex  1.589500e+02 -8.060000e+01  2.000000e+00
   endloop
 endfacet
 facet normal  0.000000e+00 -1.000000e+00  0.000000e+00
   outer loop
     vertex  1.572950e+02 -8.060000e+01  2.000000e+00
     vertex  1.572950e+02 -8.060000e+01  1.640000e+00
     vertex  1.575500e+02 -8.060000e+01  1.640000e+00
   endloop
 endfacet
 facet normal  0.000000e+00 -1.000000e+00  0.000000e+00
   outer loop
     vertex  1.572950e+02 -8.060000e+01  2.000000e+00
     vertex  1.575500e+02 -8.060000e+01  1.640000e+00
     vertex  1.575500e+02 -8.060000e+01  2.000000e+00
   endloop
 endfacet
 facet normal  0.000000e+00  0.000000e+00 -1.000000e+00
   outer loop
     vertex  1.575500e+02 -8.060000e+01  1.640000e+00
     vertex  1.589500e+02 -7.940000e+01  1.640000e+00
     vertex  1.589500e+02 -8.060000e+01  1.640000e+00
   endloop
 endfacet
 facet normal  0.000000e+00  0.000000e+00 -1.000000e+00
   outer loop
     vertex  1.575500e+02 -8.060000e+01  1.640000e+00
     vertex  1.575500e+02 -7.940000e+01  1.640000e+00
     vertex  1.589500e+02 -7.940000e+01  1.640000e+00
   endloop
 endfacet
 facet normal  0.000000e+00  1.000000e+00  0.000000e+00
   outer loop
     vertex  1.575500e+02 -7.940000e+01  1.640000e+00
     vertex  1.575485e+02 -7.940000e+01  1.628353e+00
     vertex  1.575440e+02 -7.940000e+01  1.617500e+00
   endloop
 endfacet
 facet normal  0.000000e+00  1.000000e+00  0.000000e+00
   outer loop
     vertex  1.575500e+02 -7.940000e+01  1.640000e+00
     vertex  1.575440e+02 -7.940000e+01  1.617500e+00
     vertex  1.575368e+02 -7.940000e+01  1.608180e+00
   endloop
 endfacet
 facet normal  0.000000e+00  1.000000e+00  0.000000e+00
   outer loop
     vertex  1.575500e+02 -7.940000e+01  1.640000e+00
     vertex  1.575368e+02 -7.940000e+01  1.608180e+00
     vertex  1.575275e+02 -7.940000e+01  1.601029e+00
   endloop
 endfacet
 facet normal  0.000000e+00  1.000000e+00  0.000000e+00
   outer loop
     vertex  1.575050e+02 -7.940000e+01  1.595000e+00
     vertex  1.575275e+02 -7.940000e+01  1.601029e+00
     vertex  1.575166e+02 -7.940000e+01  1.596533e+00
   endloop
 endfacet
 facet normal  0.000000e+00  1.000000e+00  0.000000e+00
   outer loop
     vertex  1.575050e+02 -7.940000e+01  1.595000e+00
     vertex  1.575500e+02 -7.940000e+01  1.640000e+00
     vertex  1.575275e+02 -7.940000e+01  1.601029e+00
   endloop
 endfacet
 facet normal  0.000000e+00  1.000000e+00  0.000000e+00
   outer loop
     vertex  1.572950e+02 -7.940000e+01  1.640000e+00
     vertex  1.575050e+02 -7.940000e+01  1.595000e+00
     vertex  1.572950e+02 -7.940000e+01  1.595000e+00
   endloop
 endfacet
 facet normal  0.000000e+00  1.000000e+00  0.000000e+00
   outer loop
     vertex  1.572950e+02 -7.940000e+01  1.640000e+00
     vertex  1.572834e+02 -7.940000e+01  1.596533e+00
     vertex  1.572725e+02 -7.940000e+01  1.601029e+00
   endloop
 endfacet
 facet normal  0.000000e+00  1.000000e+00  0.000000e+00
   outer loop
     vertex  1.572950e+02 -7.940000e+01  1.640000e+00
     vertex  1.572950e+02 -7.940000e+01  1.595000e+00
     vertex  1.572834e+02 -7.940000e+01  1.596533e+00
   endloop
 endfacet
 facet normal -0.000000e+00  1.000000e+00  0.000000e+00
   outer loop
     vertex  1.572950e+02 -7.940000e+01  1.640000e+00
     vertex  1.575500e+02 -7.940000e+01  1.640000e+00
     vertex  1.575050e+02 -7.940000e+01  1.595000e+00
   endloop
 endfacet
 facet normal -0.000000e+00  1.000000e+00  0.000000e+00
   outer loop
     vertex  1.572632e+02 -7.940000e+01  1.608180e+00
     vertex  1.572950e+02 -7.940000e+01  1.640000e+00
     vertex  1.572725e+02 -7.940000e+01  1.601029e+00
   endloop
 endfacet
 facet normal -0.000000e+00  1.000000e+00  0.000000e+00
   outer loop
     vertex  1.572560e+02 -7.940000e+01  1.617500e+00
     vertex  1.572950e+02 -7.940000e+01  1.640000e+00
     vertex  1.572632e+02 -7.940000e+01  1.608180e+00
   endloop
 endfacet
 facet normal -0.000000e+00  1.000000e+00  0.000000e+00
   outer loop
     vertex  1.572515e+02 -7.940000e+01  1.628353e+00
     vertex  1.572950e+02 -7.940000e+01  1.640000e+00
     vertex  1.572560e+02 -7.940000e+01  1.617500e+00
   endloop
 endfacet
 facet normal -0.000000e+00  1.000000e+00  0.000000e+00
   outer loop
     vertex  1.572500e+02 -7.940000e+01  1.640000e+00
     vertex  1.572950e+02 -7.940000e+01  1.640000e+00
     vertex  1.572515e+02 -7.940000e+01  1.628353e+00
   endloop
 endfacet
 facet normal  0.000000e+00  1.000000e+00  0.000000e+00
   outer loop
     vertex  1.575440e+02 -7.940000e+01  2.022500e+00
     vertex  1.575485e+02 -7.940000e+01  2.011647e+00
     vertex  1.575500e+02 -7.940000e+01  2.000000e+00
   endloop
 endfacet
 facet normal  0.000000e+00  1.000000e+00  0.000000e+00
   outer loop
     vertex  1.575275e+02 -7.940000e+01  2.038971e+00
     vertex  1.575368e+02 -7.940000e+01  2.031820e+00
     vertex  1.575440e+02 -7.940000e+01  2.022500e+00
   endloop
 endfacet
 facet normal  0.000000e+00  1.000000e+00  0.000000e+00
   outer loop
     vertex  1.575050e+02 -7.940000e+01  2.045000e+00
     vertex  1.575166e+02 -7.940000e+01  2.043467e+00
     vertex  1.575275e+02 -7.940000e+01  2.038971e+00
   endloop
 endfacet
 facet normal  0.000000e+00  1.000000e+00  0.000000e+00
   outer loop
     vertex  1.575050e+02 -7.940000e+01  2.045000e+00
     vertex  1.575440e+02 -7.940000e+01  2.022500e+00
     vertex  1.575500e+02 -7.940000e+01  2.000000e+00
   endloop
 endfacet
 facet normal  0.000000e+00  1.000000e+00  0.000000e+00
   outer loop
     vertex  1.575050e+02 -7.940000e+01  2.045000e+00
     vertex  1.575275e+02 -7.940000e+01  2.038971e+00
     vertex  1.575440e+02 -7.940000e+01  2.022500e+00
   endloop
 endfacet
 facet normal  0.000000e+00  1.000000e+00  0.000000e+00
   outer loop
     vertex  1.572950e+02 -7.940000e+01  2.000000e+00
     vertex  1.575050e+02 -7.940000e+01  2.045000e+00
     vertex  1.575500e+02 -7.940000e+01  2.000000e+00
   endloop
 endfacet
 facet normal -0.000000e+00  1.000000e+00  0.000000e+00
   outer loop
     vertex  1.572950e+02 -7.940000e+01  2.045000e+00
     vertex  1.575050e+02 -7.940000e+01  2.045000e+00
     vertex  1.572950e+02 -7.940000e+01  2.000000e+00
   endloop
 endfacet
 facet normal -0.000000e+00  1.000000e+00  0.000000e+00
   outer loop
     vertex  1.572500e+02 -7.940000e+01  2.000000e+00
     vertex  1.572950e+02 -7.940000e+01  2.000000e+00
     vertex  1.572950e+02 -7.940000e+01  1.640000e+00
   endloop
 endfacet
 facet normal  0.000000e+00  1.000000e+00  0.000000e+00
   outer loop
     vertex  1.572500e+02 -7.940000e+01  2.000000e+00
     vertex  1.572950e+02 -7.940000e+01  1.640000e+00
     vertex  1.572500e+02 -7.940000e+01  1.640000e+00
   endloop
 endfacet
 facet normal -0.000000e+00  1.000000e+00  0.000000e+00
   outer loop
     vertex  1.572834e+02 -7.940000e+01  2.043467e+00
     vertex  1.572950e+02 -7.940000e+01  2.045000e+00
     vertex  1.572950e+02 -7.940000e+01  2.000000e+00
   endloop
 endfacet
 facet normal  0.000000e+00  1.000000e+00  0.000000e+00
   outer loop
     vertex  1.572515e+02 -7.940000e+01  2.011647e+00
     vertex  1.572950e+02 -7.940000e+01  2.000000e+00
     vertex  1.572500e+02 -7.940000e+01  2.000000e+00
   endloop
 endfacet
 facet normal -0.000000e+00  1.000000e+00  0.000000e+00
   outer loop
     vertex  1.572725e+02 -7.940000e+01  2.038971e+00
     vertex  1.572834e+02 -7.940000e+01  2.043467e+00
     vertex  1.572950e+02 -7.940000e+01  2.000000e+00
   endloop
 endfacet
 facet normal  0.000000e+00  1.000000e+00  0.000000e+00
   outer loop
     vertex  1.572560e+02 -7.940000e+01  2.022500e+00
     vertex  1.572950e+02 -7.940000e+01  2.000000e+00
     vertex  1.572515e+02 -7.940000e+01  2.011647e+00
   endloop
 endfacet
 facet normal  0.000000e+00  1.000000e+00  0.000000e+00
   outer loop
     vertex  1.572632e+02 -7.940000e+01  2.031820e+00
     vertex  1.572950e+02 -7.940000e+01  2.000000e+00
     vertex  1.572560e+02 -7.940000e+01  2.022500e+00
   endloop
 endfacet
 facet normal -0.000000e+00  1.000000e+00  0.000000e+00
   outer loop
     vertex  1.572632e+02 -7.940000e+01  2.031820e+00
     vertex  1.572725e+02 -7.940000e+01  2.038971e+00
     vertex  1.572950e+02 -7.940000e+01  2.000000e+00
   endloop
 endfacet
 facet normal  0.000000e+00  1.000000e+00  0.000000e+00
   outer loop
     vertex  1.575500e+02 -7.940000e+01  2.045000e+00
     vertex  1.589500e+02 -7.940000e+01  2.000000e+00
     vertex  1.575500e+02 -7.940000e+01  2.000000e+00
   endloop
 endfacet
 facet normal -0.000000e+00  1.000000e+00  0.000000e+00
   outer loop
     vertex  1.575500e+02 -7.940000e+01  2.045000e+00
     vertex  1.589500e+02 -7.940000e+01  2.045000e+00
     vertex  1.589500e+02 -7.940000e+01  2.000000e+00
   endloop
 endfacet
 facet normal  1.000000e+00  0.000000e+00  0.000000e+00
   outer loop
     vertex  1.589500e+02 -7.940000e+01  2.045000e+00
     vertex  1.589500e+02 -8.060000e+01  2.000000e+00
     vertex  1.589500e+02 -7.940000e+01  2.000000e+00
   endloop
 endfacet
 facet normal  1.000000e+00  0.000000e+00  0.000000e+00
   outer loop
     vertex  1.589500e+02 -7.940000e+01  2.045000e+00
     vertex  1.589500e+02 -8.060000e+01  2.045000e+00
     vertex  1.589500e+02 -8.060000e+01  2.000000e+00
   endloop
 endfacet
 facet normal  0.000000e+00 -1.000000e+00  0.000000e+00
   outer loop
     vertex  1.575500e+02 -8.060000e+01  1.640000e+00
     vertex  1.575440e+02 -8.060000e+01  1.617500e+00
     vertex  1.575485e+02 -8.060000e+01  1.628353e+00
   endloop
 endfacet
 facet normal  0.000000e+00 -1.000000e+00  0.000000e+00
   outer loop
     vertex  1.575500e+02 -8.060000e+01  1.640000e+00
     vertex  1.575368e+02 -8.060000e+01  1.608180e+00
     vertex  1.575440e+02 -8.060000e+01  1.617500e+00
   endloop
 endfacet
 facet normal  0.000000e+00 -1.000000e+00  0.000000e+00
   outer loop
     vertex  1.575500e+02 -8.060000e+01  1.640000e+00
     vertex  1.575275e+02 -8.060000e+01  1.601029e+00
     vertex  1.575368e+02 -8.060000e+01  1.608180e+00
   endloop
 endfacet
 facet normal  0.000000e+00 -1.000000e+00  0.000000e+00
   outer loop
     vertex  1.575050e+02 -8.060000e+01  1.595000e+00
     vertex  1.575166e+02 -8.060000e+01  1.596533e+00
     vertex  1.575275e+02 -8.060000e+01  1.601029e+00
   endloop
 endfacet
 facet normal  0.000000e+00 -1.000000e+00  0.000000e+00
   outer loop
     vertex  1.575050e+02 -8.060000e+01  1.595000e+00
     vertex  1.575275e+02 -8.060000e+01  1.601029e+00
     vertex  1.575500e+02 -8.060000e+01  1.640000e+00
   endloop
 endfacet
 facet normal  0.000000e+00 -1.000000e+00  0.000000e+00
   outer loop
     vertex  1.572950e+02 -8.060000e+01  1.640000e+00
     vertex  1.572950e+02 -8.060000e+01  1.595000e+00
     vertex  1.575050e+02 -8.060000e+01  1.595000e+00
   endloop
 endfacet
 facet normal  0.000000e+00 -1.000000e+00  0.000000e+00
   outer loop
     vertex  1.572950e+02 -8.060000e+01  1.640000e+00
     vertex  1.572725e+02 -8.060000e+01  1.601029e+00
     vertex  1.572834e+02 -8.060000e+01  1.596533e+00
   endloop
 endfacet
 facet normal  0.000000e+00 -1.000000e+00 -0.000000e+00
   outer loop
     vertex  1.572950e+02 -8.060000e+01  1.640000e+00
     vertex  1.572834e+02 -8.060000e+01  1.596533e+00
     vertex  1.572950e+02 -8.060000e+01  1.595000e+00
   endloop
 endfacet
 facet normal  0.000000e+00 -1.000000e+00  0.000000e+00
   outer loop
     vertex  1.572950e+02 -8.060000e+01  1.640000e+00
     vertex  1.575050e+02 -8.060000e+01  1.595000e+00
     vertex  1.575500e+02 -8.060000e+01  1.640000e+00
   endloop
 endfacet
 facet normal  0.000000e+00 -1.000000e+00  0.000000e+00
   outer loop
     vertex  1.572632e+02 -8.060000e+01  1.608180e+00
     vertex  1.572725e+02 -8.060000e+01  1.601029e+00
     vertex  1.572950e+02 -8.060000e+01  1.640000e+00
   endloop
 endfacet
 facet normal  0.000000e+00 -1.000000e+00  0.000000e+00
   outer loop
     vertex  1.572560e+02 -8.060000e+01  1.617500e+00
     vertex  1.572632e+02 -8.060000e+01  1.608180e+00
     vertex  1.572950e+02 -8.060000e+01  1.640000e+00
   endloop
 endfacet
 facet normal  0.000000e+00 -1.000000e+00  0.000000e+00
   outer loop
     vertex  1.572515e+02 -8.060000e+01  1.628353e+00
     vertex  1.572560e+02 -8.060000e+01  1.617500e+00
     vertex  1.572950e+02 -8.060000e+01  1.640000e+00
   endloop
 endfacet
 facet normal  0.000000e+00 -1.000000e+00  0.000000e+00
   outer loop
     vertex  1.572500e+02 -8.060000e+01  1.640000e+00
     vertex  1.572515e+02 -8.060000e+01  1.628353e+00
     vertex  1.572950e+02 -8.060000e+01  1.640000e+00
   endloop
 endfacet
 facet normal  0.000000e+00 -1.000000e+00  0.000000e+00
   outer loop
     vertex  1.575440e+02 -8.060000e+01  2.022500e+00
     vertex  1.575500e+02 -8.060000e+01  2.000000e+00
     vertex  1.575485e+02 -8.060000e+01  2.011647e+00
   endloop
 endfacet
 facet normal  0.000000e+00 -1.000000e+00  0.000000e+00
   outer loop
     vertex  1.575275e+02 -8.060000e+01  2.038971e+00
     vertex  1.575440e+02 -8.060000e+01  2.022500e+00
     vertex  1.575368e+02 -8.060000e+01  2.031820e+00
   endloop
 endfacet
 facet normal  0.000000e+00 -1.000000e+00  0.000000e+00
   outer loop
     vertex  1.575050e+02 -8.060000e+01  2.045000e+00
     vertex  1.575275e+02 -8.060000e+01  2.038971e+00
     vertex  1.575166e+02 -8.060000e+01  2.043467e+00
   endloop
 endfacet
 facet normal  0.000000e+00 -1.000000e+00  0.000000e+00
   outer loop
     vertex  1.575050e+02 -8.060000e+01  2.045000e+00
     vertex  1.575500e+02 -8.060000e+01  2.000000e+00
     vertex  1.575440e+02 -8.060000e+01  2.022500e+00
   endloop
 endfacet
 facet normal  0.000000e+00 -1.000000e+00  0.000000e+00
   outer loop
     vertex  1.575050e+02 -8.060000e+01  2.045000e+00
     vertex  1.575440e+02 -8.060000e+01  2.022500e+00
     vertex  1.575275e+02 -8.060000e+01  2.038971e+00
   endloop
 endfacet
 facet normal  0.000000e+00 -1.000000e+00  0.000000e+00
   outer loop
     vertex  1.572950e+02 -8.060000e+01  2.000000e+00
     vertex  1.575500e+02 -8.060000e+01  2.000000e+00
     vertex  1.575050e+02 -8.060000e+01  2.045000e+00
   endloop
 endfacet
 facet normal  0.000000e+00 -1.000000e+00  0.000000e+00
   outer loop
     vertex  1.572950e+02 -8.060000e+01  2.045000e+00
     vertex  1.572950e+02 -8.060000e+01  2.000000e+00
     vertex  1.575050e+02 -8.060000e+01  2.045000e+00
   endloop
 endfacet
 facet normal  0.000000e+00 -1.000000e+00  0.000000e+00
   outer loop
     vertex  1.572500e+02 -8.060000e+01  2.000000e+00
     vertex  1.572950e+02 -8.060000e+01  1.640000e+00
     vertex  1.572950e+02 -8.060000e+01  2.000000e+00
   endloop
 endfacet
 facet normal  0.000000e+00 -1.000000e+00  0.000000e+00
   outer loop
     vertex  1.572500e+02 -8.060000e+01  2.000000e+00
     vertex  1.572500e+02 -8.060000e+01  1.640000e+00
     vertex  1.572950e+02 -8.060000e+01  1.640000e+00
   endloop
 endfacet
 facet normal  0.000000e+00 -1.000000e+00  0.000000e+00
   outer loop
     vertex  1.572834e+02 -8.060000e+01  2.043467e+00
     vertex  1.572950e+02 -8.060000e+01  2.000000e+00
     vertex  1.572950e+02 -8.060000e+01  2.045000e+00
   endloop
 endfacet
 facet normal  0.000000e+00 -1.000000e+00 -0.000000e+00
   outer loop
     vertex  1.572515e+02 -8.060000e+01  2.011647e+00
     vertex  1.572500e+02 -8.060000e+01  2.000000e+00
     vertex  1.572950e+02 -8.060000e+01  2.000000e+00
   endloop
 endfacet
 facet normal  0.000000e+00 -1.000000e+00  0.000000e+00
   outer loop
     vertex  1.572725e+02 -8.060000e+01  2.038971e+00
     vertex  1.572950e+02 -8.060000e+01  2.000000e+00
     vertex  1.572834e+02 -8.060000e+01  2.043467e+00
   endloop
 endfacet
 facet normal  0.000000e+00 -1.000000e+00 -0.000000e+00
   outer loop
     vertex  1.572560e+02 -8.060000e+01  2.022500e+00
     vertex  1.572515e+02 -8.060000e+01  2.011647e+00
     vertex  1.572950e+02 -8.060000e+01  2.000000e+00
   endloop
 endfacet
 facet normal  0.000000e+00 -1.000000e+00 -0.000000e+00
   outer loop
     vertex  1.572632e+02 -8.060000e+01  2.031820e+00
     vertex  1.572560e+02 -8.060000e+01  2.022500e+00
     vertex  1.572950e+02 -8.060000e+01  2.000000e+00
   endloop
 endfacet
 facet normal  0.000000e+00 -1.000000e+00  0.000000e+00
   outer loop
     vertex  1.572632e+02 -8.060000e+01  2.031820e+00
     vertex  1.572950e+02 -8.060000e+01  2.000000e+00
     vertex  1.572725e+02 -8.060000e+01  2.038971e+00
   endloop
 endfacet
 facet normal  0.000000e+00 -1.000000e+00  0.000000e+00
   outer loop
     vertex  1.575500e+02 -8.060000e+01  2.045000e+00
     vertex  1.575500e+02 -8.060000e+01  2.000000e+00
     vertex  1.589500e+02 -8.060000e+01  2.000000e+00
   endloop
 endfacet
 facet normal  0.000000e+00 -1.000000e+00  0.000000e+00
   outer loop
     vertex  1.575500e+02 -8.060000e+01  2.045000e+00
     vertex  1.589500e+02 -8.060000e+01  2.000000e+00
     vertex  1.589500e+02 -8.060000e+01  2.045000e+00
   endloop
 endfacet
 facet normal  1.305262e-01  0.000000e+00 -9.914449e-01
   outer loop
     vertex  1.575166e+02 -8.060000e+01  1.596533e+00
     vertex  1.575050e+02 -8.060000e+01  1.595000e+00
     vertex  1.575050e+02 -7.940000e+01  1.595000e+00
   endloop
 endfacet
 facet normal  1.305262e-01  0.000000e+00 -9.914449e-01
   outer loop
     vertex  1.575166e+02 -8.060000e+01  1.596533e+00
     vertex  1.575050e+02 -7.940000e+01  1.595000e+00
     vertex  1.575166e+02 -7.940000e+01  1.596533e+00
   endloop
 endfacet
 facet normal  3.826834e-01  0.000000e+00 -9.238795e-01
   outer loop
     vertex  1.575275e+02 -8.060000e+01  1.601029e+00
     vertex  1.575166e+02 -7.940000e+01  1.596533e+00
     vertex  1.575275e+02 -7.940000e+01  1.601029e+00
   endloop
 endfacet
 facet normal  3.826834e-01  0.000000e+00 -9.238795e-01
   outer loop
     vertex  1.575275e+02 -8.060000e+01  1.601029e+00
     vertex  1.575166e+02 -8.060000e+01  1.596533e+00
     vertex  1.575166e+02 -7.940000e+01  1.596533e+00
   endloop
 endfacet
 facet normal  6.087614e-01  0.000000e+00 -7.933533e-01
   outer loop
     vertex  1.575368e+02 -8.060000e+01  1.608180e+00
     vertex  1.575275e+02 -7.940000e+01  1.601029e+00
     vertex  1.575368e+02 -7.940000e+01  1.608180e+00
   endloop
 endfacet
 facet normal  6.087614e-01  0.000000e+00 -7.933533e-01
   outer loop
     vertex  1.575368e+02 -8.060000e+01  1.608180e+00
     vertex  1.575275e+02 -8.060000e+01  1.601029e+00
     vertex  1.575275e+02 -7.940000e+01  1.601029e+00
   endloop
 endfacet
 facet normal  7.933533e-01  0.000000e+00 -6.087614e-01
   outer loop
     vertex  1.575440e+02 -8.060000e+01  1.617500e+00
     vertex  1.575368e+02 -7.940000e+01  1.608180e+00
     vertex  1.575440e+02 -7.940000e+01  1.617500e+00
   endloop
 endfacet
 facet normal  7.933533e-01  0.000000e+00 -6.087614e-01
   outer loop
     vertex  1.575440e+02 -8.060000e+01  1.617500e+00
     vertex  1.575368e+02 -8.060000e+01  1.608180e+00
     vertex  1.575368e+02 -7.940000e+01  1.608180e+00
   endloop
 endfacet
 facet normal  9.238795e-01  0.000000e+00 -3.826834e-01
   outer loop
     vertex  1.575485e+02 -8.060000e+01  1.628353e+00
     vertex  1.575440e+02 -7.940000e+01  1.617500e+00
     vertex  1.575485e+02 -7.940000e+01  1.628353e+00
   endloop
 endfacet
 facet normal  9.238795e-01  0.000000e+00 -3.826834e-01
   outer loop
     vertex  1.575485e+02 -8.060000e+01  1.628353e+00
     vertex  1.575440e+02 -8.060000e+01  1.617500e+00
     vertex  1.575440e+02 -7.940000e+01  1.617500e+00
   endloop
 endfacet
 facet normal  9.914449e-01  0.000000e+00 -1.305262e-01
   outer loop
     vertex  1.575500e+02 -8.060000e+01  1.640000e+00
     vertex  1.575485e+02 -7.940000e+01  1.628353e+00
     vertex  1.575500e+02 -7.940000e+01  1.640000e+00
   endloop
 endfacet
 facet normal  9.914449e-01  0.000000e+00 -1.305262e-01
   outer loop
     vertex  1.575500e+02 -8.060000e+01  1.640000e+00
     vertex  1.575485e+02 -8.060000e+01  1.628353e+00
     vertex  1.575485e+02 -7.940000e+01  1.628353e+00
   endloop
 endfacet
 facet normal  0.000000e+00  0.000000e+00 -1.000000e+00
   outer loop
     vertex  1.572950e+02 -8.060000e+01  1.595000e+00
     vertex  1.575050e+02 -7.940000e+01  1.595000e+00
     vertex  1.575050e+02 -8.060000e+01  1.595000e+00
   endloop
 endfacet
 facet normal  0.000000e+00  0.000000e+00 -1.000000e+00
   outer loop
     vertex  1.572950e+02 -8.060000e+01  1.595000e+00
     vertex  1.572950e+02 -7.940000e+01  1.595000e+00
     vertex  1.575050e+02 -7.940000e+01  1.595000e+00
   endloop
 endfacet
 facet normal -9.914449e-01  0.000000e+00 -1.305262e-01
   outer loop
     vertex  1.572515e+02 -8.060000e+01  1.628353e+00
     vertex  1.572500e+02 -7.940000e+01  1.640000e+00
     vertex  1.572515e+02 -7.940000e+01  1.628353e+00
   endloop
 endfacet
 facet normal -9.914449e-01  0.000000e+00 -1.305262e-01
   outer loop
     vertex  1.572515e+02 -8.060000e+01  1.628353e+00
     vertex  1.572500e+02 -8.060000e+01  1.640000e+00
     vertex  1.572500e+02 -7.940000e+01  1.640000e+00
   endloop
 endfacet
 facet normal -9.238795e-01  0.000000e+00 -3.826834e-01
   outer loop
     vertex  1.572560e+02 -8.060000e+01  1.617500e+00
     vertex  1.572515e+02 -7.940000e+01  1.628353e+00
     vertex  1.572560e+02 -7.940000e+01  1.617500e+00
   endloop
 endfacet
 facet normal -9.238795e-01  0.000000e+00 -3.826834e-01
   outer loop
     vertex  1.572560e+02 -8.060000e+01  1.617500e+00
     vertex  1.572515e+02 -8.060000e+01  1.628353e+00
     vertex  1.572515e+02 -7.940000e+01  1.628353e+00
   endloop
 endfacet
 facet normal -7.933533e-01  0.000000e+00 -6.087614e-01
   outer loop
     vertex  1.572632e+02 -8.060000e+01  1.608180e+00
     vertex  1.572560e+02 -7.940000e+01  1.617500e+00
     vertex  1.572632e+02 -7.940000e+01  1.608180e+00
   endloop
 endfacet
 facet normal -7.933533e-01  0.000000e+00 -6.087614e-01
   outer loop
     vertex  1.572632e+02 -8.060000e+01  1.608180e+00
     vertex  1.572560e+02 -8.060000e+01  1.617500e+00
     vertex  1.572560e+02 -7.940000e+01  1.617500e+00
   endloop
 endfacet
 facet normal -6.087614e-01  0.000000e+00 -7.933533e-01
   outer loop
     vertex  1.572725e+02 -8.060000e+01  1.601029e+00
     vertex  1.572632e+02 -7.940000e+01  1.608180e+00
     vertex  1.572725e+02 -7.940000e+01  1.601029e+00
   endloop
 endfacet
 facet normal -6.087614e-01  0.000000e+00 -7.933533e-01
   outer loop
     vertex  1.572725e+02 -8.060000e+01  1.601029e+00
     vertex  1.572632e+02 -8.060000e+01  1.608180e+00
     vertex  1.572632e+02 -7.940000e+01  1.608180e+00
   endloop
 endfacet
 facet normal -3.826834e-01  0.000000e+00 -9.238795e-01
   outer loop
     vertex  1.572834e+02 -8.060000e+01  1.596533e+00
     vertex  1.572725e+02 -7.940000e+01  1.601029e+00
     vertex  1.572834e+02 -7.940000e+01  1.596533e+00
   endloop
 endfacet
 facet normal -3.826834e-01  0.000000e+00 -9.238795e-01
   outer loop
     vertex  1.572834e+02 -8.060000e+01  1.596533e+00
     vertex  1.572725e+02 -8.060000e+01  1.601029e+00
     vertex  1.572725e+02 -7.940000e+01  1.601029e+00
   endloop
 endfacet
 facet normal -1.305262e-01  0.000000e+00 -9.914449e-01
   outer loop
     vertex  1.572950e+02 -8.060000e+01  1.595000e+00
     vertex  1.572834e+02 -7.940000e+01  1.596533e+00
     vertex  1.572950e+02 -7.940000e+01  1.595000e+00
   endloop
 endfacet
 facet normal -1.305262e-01  0.000000e+00 -9.914449e-01
   outer loop
     vertex  1.572950e+02 -8.060000e+01  1.595000e+00
     vertex  1.572834e+02 -8.060000e+01  1.596533e+00
     vertex  1.572834e+02 -7.940000e+01  1.596533e+00
   endloop
 endfacet
 facet normal -1.000000e+00  0.000000e+00 -0.000000e+00
   outer loop
     vertex  1.572500e+02 -7.940000e+01  2.000000e+00
     vertex  1.572500e+02 -7.940000e+01  1.640000e+00
     vertex  1.572500e+02 -8.060000e+01  1.640000e+00
   endloop
 endfacet
 facet normal -1.000000e+00 -0.000000e+00  0.000000e+00
   outer loop
     vertex  1.572500e+02 -7.940000e+01  2.000000e+00
     vertex  1.572500e+02 -8.060000e+01  1.640000e+00
     vertex  1.572500e+02 -8.060000e+01  2.000000e+00
   endloop
 endfacet
 facet normal -1.305262e-01  0.000000e+00  9.914449e-01
   outer loop
     vertex  1.572834e+02 -8.060000e+01  2.043467e+00
     vertex  1.572950e+02 -8.060000e+01  2.045000e+00
     vertex  1.572950e+02 -7.940000e+01  2.045000e+00
   endloop
 endfacet
 facet normal -1.305262e-01  0.000000e+00  9.914449e-01
   outer loop
     vertex  1.572834e+02 -8.060000e+01  2.043467e+00
     vertex  1.572950e+02 -7.940000e+01  2.045000e+00
     vertex  1.572834e+02 -7.940000e+01  2.043467e+00
   endloop
 endfacet
 facet normal -3.826834e-01  0.000000e+00  9.238795e-01
   outer loop
     vertex  1.572725e+02 -8.060000e+01  2.038971e+00
     vertex  1.572834e+02 -7.940000e+01  2.043467e+00
     vertex  1.572725e+02 -7.940000e+01  2.038971e+00
   endloop
 endfacet
 facet normal -3.826834e-01  0.000000e+00  9.238795e-01
   outer loop
     vertex  1.572725e+02 -8.060000e+01  2.038971e+00
     vertex  1.572834e+02 -8.060000e+01  2.043467e+00
     vertex  1.572834e+02 -7.940000e+01  2.043467e+00
   endloop
 endfacet
 facet normal -6.087614e-01  0.000000e+00  7.933533e-01
   outer loop
     vertex  1.572632e+02 -8.060000e+01  2.031820e+00
     vertex  1.572725e+02 -7.940000e+01  2.038971e+00
     vertex  1.572632e+02 -7.940000e+01  2.031820e+00
   endloop
 endfacet
 facet normal -6.087614e-01  0.000000e+00  7.933533e-01
   outer loop
     vertex  1.572632e+02 -8.060000e+01  2.031820e+00
     vertex  1.572725e+02 -8.060000e+01  2.038971e+00
     vertex  1.572725e+02 -7.940000e+01  2.038971e+00
   endloop
 endfacet
 facet normal -7.933533e-01  0.000000e+00  6.087614e-01
   outer loop
     vertex  1.572560e+02 -8.060000e+01  2.022500e+00
     vertex  1.572632e+02 -7.940000e+01  2.031820e+00
     vertex  1.572560e+02 -7.940000e+01  2.022500e+00
   endloop
 endfacet
 facet normal -7.933533e-01  0.000000e+00  6.087614e-01
   outer loop
     vertex  1.572560e+02 -8.060000e+01  2.022500e+00
     vertex  1.572632e+02 -8.060000e+01  2.031820e+00
     vertex  1.572632e+02 -7.940000e+01  2.031820e+00
   endloop
 endfacet
 facet normal -9.238795e-01  0.000000e+00  3.826834e-01
   outer loop
     vertex  1.572515e+02 -8.060000e+01  2.011647e+00
     vertex  1.572560e+02 -7.940000e+01  2.022500e+00
     vertex  1.572515e+02 -7.940000e+01  2.011647e+00
   endloop
 endfacet
 facet normal -9.238795e-01  0.000000e+00  3.826834e-01
   outer loop
     vertex  1.572515e+02 -8.060000e+01  2.011647e+00
     vertex  1.572560e+02 -8.060000e+01  2.022500e+00
     vertex  1.572560e+02 -7.940000e+01  2.022500e+00
   endloop
 endfacet
 facet normal -9.914449e-01  0.000000e+00  1.305262e-01
   outer loop
     vertex  1.572500e+02 -8.060000e+01  2.000000e+00
     vertex  1.572515e+02 -7.940000e+01  2.011647e+00
     vertex  1.572500e+02 -7.940000e+01  2.000000e+00
   endloop
 endfacet
 facet normal -9.914449e-01  0.000000e+00  1.305262e-01
   outer loop
     vertex  1.572500e+02 -8.060000e+01  2.000000e+00
     vertex  1.572515e+02 -8.060000e+01  2.011647e+00
     vertex  1.572515e+02 -7.940000e+01  2.011647e+00
   endloop
 endfacet
 facet normal  0.000000e+00  0.000000e+00  1.000000e+00
   outer loop
     vertex  1.572950e+02 -8.060000e+01  2.045000e+00
     vertex  1.575050e+02 -8.060000e+01  2.045000e+00
     vertex  1.575050e+02 -7.940000e+01  2.045000e+00
   endloop
 endfacet
 facet normal  0.000000e+00  0.000000e+00  1.000000e+00
   outer loop
     vertex  1.572950e+02 -8.060000e+01  2.045000e+00
     vertex  1.575050e+02 -7.940000e+01  2.045000e+00
     vertex  1.572950e+02 -7.940000e+01  2.045000e+00
   endloop
 endfacet
 facet normal  9.914449e-01 -0.000000e+00  1.305262e-01
   outer loop
     vertex  1.575485e+02 -8.060000e+01  2.011647e+00
     vertex  1.575500e+02 -7.940000e+01  2.000000e+00
     vertex  1.575485e+02 -7.940000e+01  2.011647e+00
   endloop
 endfacet
 facet normal  9.914449e-01  0.000000e+00  1.305262e-01
   outer loop
     vertex  1.575485e+02 -8.060000e+01  2.011647e+00
     vertex  1.575500e+02 -8.060000e+01  2.000000e+00
     vertex  1.575500e+02 -7.940000e+01  2.000000e+00
   endloop
 endfacet
 facet normal  9.238795e-01 -0.000000e+00  3.826834e-01
   outer loop
     vertex  1.575440e+02 -8.060000e+01  2.022500e+00
     vertex  1.575485e+02 -7.940000e+01  2.011647e+00
     vertex  1.575440e+02 -7.940000e+01  2.022500e+00
   endloop
 endfacet
 facet normal  9.238795e-01  0.000000e+00  3.826834e-01
   outer loop
     vertex  1.575440e+02 -8.060000e+01  2.022500e+00
     vertex  1.575485e+02 -8.060000e+01  2.011647e+00
     vertex  1.575485e+02 -7.940000e+01  2.011647e+00
   endloop
 endfacet
 facet normal  7.933533e-01 -0.000000e+00  6.087614e-01
   outer loop
     vertex  1.575368e+02 -8.060000e+01  2.031820e+00
     vertex  1.575440e+02 -7.940000e+01  2.022500e+00
     vertex  1.575368e+02 -7.940000e+01  2.031820e+00
   endloop
 endfacet
 facet normal  6.087614e-01 -0.000000e+00  7.933533e-01
   outer loop
     vertex  1.575368e+02 -8.060000e+01  2.031820e+00
     vertex  1.575368e+02 -7.940000e+01  2.031820e+00
     vertex  1.575275e+02 -7.940000e+01  2.038971e+00
   endloop
 endfacet
 facet normal  7.933533e-01  0.000000e+00  6.087614e-01
   outer loop
     vertex  1.575368e+02 -8.060000e+01  2.031820e+00
     vertex  1.575440e+02 -8.060000e+01  2.022500e+00
     vertex  1.575440e+02 -7.940000e+01  2.022500e+00
   endloop
 endfacet
 facet normal  6.087614e-01 -0.000000e+00  7.933533e-01
   outer loop
     vertex  1.575275e+02 -8.060000e+01  2.038971e+00
     vertex  1.575368e+02 -8.060000e+01  2.031820e+00
     vertex  1.575275e+02 -7.940000e+01  2.038971e+00
   endloop
 endfacet
 facet normal  3.826834e-01 -0.000000e+00  9.238795e-01
   outer loop
     vertex  1.575166e+02 -8.060000e+01  2.043467e+00
     vertex  1.575275e+02 -7.940000e+01  2.038971e+00
     vertex  1.575166e+02 -7.940000e+01  2.043467e+00
   endloop
 endfacet
 facet normal  3.826834e-01  0.000000e+00  9.238795e-01
   outer loop
     vertex  1.575166e+02 -8.060000e+01  2.043467e+00
     vertex  1.575275e+02 -8.060000e+01  2.038971e+00
     vertex  1.575275e+02 -7.940000e+01  2.038971e+00
   endloop
 endfacet
 facet normal  1.305262e-01 -0.000000e+00  9.914449e-01
   outer loop
     vertex  1.575050e+02 -8.060000e+01  2.045000e+00
     vertex  1.575166e+02 -7.940000e+01  2.043467e+00
     vertex  1.575050e+02 -7.940000e+01  2.045000e+00
   endloop
 endfacet
 facet normal  1.305262e-01  0.000000e+00  9.914449e-01
   outer loop
     vertex  1.575050e+02 -8.060000e+01  2.045000e+00
     vertex  1.575166e+02 -8.060000e+01  2.043467e+00
     vertex  1.575166e+02 -7.940000e+01  2.043467e+00
   endloop
 endfacet
 facet normal -1.000000e+00  0.000000e+00 -0.000000e+00
   outer loop
     vertex  1.575500e+02 -7.940000e+01  2.045000e+00
     vertex  1.575500e+02 -7.940000e+01  2.000000e+00
     vertex  1.575500e+02 -8.060000e+01  2.000000e+00
   endloop
 endfacet
 facet normal -1.000000e+00 -0.000000e+00  0.000000e+00
   outer loop
     vertex  1.575500e+02 -7.940000e+01  2.045000e+00
     vertex  1.575500e+02 -8.060000e+01  2.000000e+00
     vertex  1.575500e+02 -8.060000e+01  2.045000e+00
   endloop
 endfacet
 facet normal  0.000000e+00  0.000000e+00  1.000000e+00
   outer loop
     vertex  1.575500e+02 -8.060000e+01  2.045000e+00
     vertex  1.589500e+02 -8.060000e+01  2.045000e+00
     vertex  1.589500e+02 -7.940000e+01  2.045000e+00
   endloop
 endfacet
 facet normal  0.000000e+00  0.000000e+00  1.000000e+00
   outer loop
     vertex  1.575500e+02 -8.060000e+01  2.045000e+00
     vertex  1.589500e+02 -7.940000e+01  2.045000e+00
     vertex  1.575500e+02 -7.940000e+01  2.045000e+00
   endloop
 endfacet
 facet normal -1.000000e+00  0.000000e+00  0.000000e+00
   outer loop
     vertex  1.575000e+02 -6.893500e+01  1.595000e+00
     vertex  1.575000e+02 -6.889500e+01  1.635000e+00
     vertex  1.575000e+02 -6.889696e+01  1.622639e+00
   endloop
 endfacet
 facet normal -1.000000e+00  0.000000e+00  0.000000e+00
   outer loop
     vertex  1.575000e+02 -6.893500e+01  1.595000e+00
     vertex  1.575000e+02 -6.889696e+01  1.622639e+00
     vertex  1.575000e+02 -6.890264e+01  1.611489e+00
   endloop
 endfacet
 facet normal -1.000000e+00  0.000000e+00  0.000000e+00
   outer loop
     vertex  1.575000e+02 -6.893500e+01  1.595000e+00
     vertex  1.575000e+02 -6.890264e+01  1.611489e+00
     vertex  1.575000e+02 -6.891149e+01  1.602639e+00
   endloop
 endfacet
 facet normal -1.000000e+00  0.000000e+00  0.000000e+00
   outer loop
     vertex  1.575000e+02 -6.893500e+01  1.595000e+00
     vertex  1.575000e+02 -6.891149e+01  1.602639e+00
     vertex  1.575000e+02 -6.892264e+01  1.596958e+00
   endloop
 endfacet
 facet normal -1.000000e+00  0.000000e+00  0.000000e+00
   outer loop
     vertex  1.575000e+02 -6.891149e+01  2.837361e+00
     vertex  1.575000e+02 -6.890264e+01  2.828511e+00
     vertex  1.575000e+02 -6.889696e+01  2.817361e+00
   endloop
 endfacet
 facet normal -1.000000e+00  0.000000e+00  0.000000e+00
   outer loop
     vertex  1.575000e+02 -6.893500e+01  2.845000e+00
     vertex  1.575000e+02 -6.889500e+01  2.805000e+00
     vertex  1.575000e+02 -6.889500e+01  1.635000e+00
   endloop
 endfacet
 facet normal -1.000000e+00  0.000000e+00  0.000000e+00
   outer loop
     vertex  1.575000e+02 -6.893500e+01  2.845000e+00
     vertex  1.575000e+02 -6.889696e+01  2.817361e+00
     vertex  1.575000e+02 -6.889500e+01  2.805000e+00
   endloop
 endfacet
 facet normal -1.000000e+00  0.000000e+00  0.000000e+00
   outer loop
     vertex  1.575000e+02 -6.893500e+01  2.845000e+00
     vertex  1.575000e+02 -6.892264e+01  2.843042e+00
     vertex  1.575000e+02 -6.891149e+01  2.837361e+00
   endloop
 endfacet
 facet normal -1.000000e+00  0.000000e+00  0.000000e+00
   outer loop
     vertex  1.575000e+02 -6.893500e+01  2.845000e+00
     vertex  1.575000e+02 -6.889500e+01  1.635000e+00
     vertex  1.575000e+02 -6.893500e+01  1.595000e+00
   endloop
 endfacet
 facet normal -1.000000e+00  0.000000e+00  0.000000e+00
   outer loop
     vertex  1.575000e+02 -6.893500e+01  2.845000e+00
     vertex  1.575000e+02 -6.891149e+01  2.837361e+00
     vertex  1.575000e+02 -6.889696e+01  2.817361e+00
   endloop
 endfacet
 facet normal -1.000000e+00  0.000000e+00  0.000000e+00
   outer loop
     vertex  1.575000e+02 -7.014500e+01  1.635000e+00
     vertex  1.575000e+02 -7.013736e+01  1.611489e+00
     vertex  1.575000e+02 -7.014304e+01  1.622639e+00
   endloop
 endfacet
 facet normal -1.000000e+00  0.000000e+00  0.000000e+00
   outer loop
     vertex  1.575000e+02 -7.014500e+01  1.635000e+00
     vertex  1.575000e+02 -7.012851e+01  1.602639e+00
     vertex  1.575000e+02 -7.013736e+01  1.611489e+00
   endloop
 endfacet
 facet normal -1.000000e+00  0.000000e+00  0.000000e+00
   outer loop
     vertex  1.575000e+02 -7.014500e+01  1.635000e+00
     vertex  1.575000e+02 -7.011736e+01  1.596958e+00
     vertex  1.575000e+02 -7.012851e+01  1.602639e+00
   endloop
 endfacet
 facet normal -1.000000e+00  0.000000e+00  0.000000e+00
   outer loop
     vertex  1.575000e+02 -7.014500e+01  1.635000e+00
     vertex  1.575000e+02 -7.010500e+01  1.595000e+00
     vertex  1.575000e+02 -7.011736e+01  1.596958e+00
   endloop
 endfacet
 facet normal -1.000000e+00  0.000000e+00  0.000000e+00
   outer loop
     vertex  1.575000e+02 -7.010500e+01  2.845000e+00
     vertex  1.575000e+02 -7.014500e+01  1.635000e+00
     vertex  1.575000e+02 -7.014500e+01  2.805000e+00
   endloop
 endfacet
 facet normal -1.000000e+00  0.000000e+00  0.000000e+00
   outer loop
     vertex  1.575000e+02 -7.010500e+01  2.845000e+00
     vertex  1.575000e+02 -6.893500e+01  1.595000e+00
     vertex  1.575000e+02 -7.010500e+01  1.595000e+00
   endloop
 endfacet
 facet normal -1.000000e+00  0.000000e+00 -0.000000e+00
   outer loop
     vertex  1.575000e+02 -7.010500e+01  2.845000e+00
     vertex  1.575000e+02 -7.010500e+01  1.595000e+00
     vertex  1.575000e+02 -7.014500e+01  1.635000e+00
   endloop
 endfacet
 facet normal -1.000000e+00  0.000000e+00  0.000000e+00
   outer loop
     vertex  1.575000e+02 -7.010500e+01  2.845000e+00
     vertex  1.575000e+02 -6.893500e+01  2.845000e+00
     vertex  1.575000e+02 -6.893500e+01  1.595000e+00
   endloop
 endfacet
 facet normal -1.000000e+00  0.000000e+00 -0.000000e+00
   outer loop
     vertex  1.575000e+02 -7.014304e+01  2.817361e+00
     vertex  1.575000e+02 -7.010500e+01  2.845000e+00
     vertex  1.575000e+02 -7.014500e+01  2.805000e+00
   endloop
 endfacet
 facet normal -1.000000e+00  0.000000e+00  0.000000e+00
   outer loop
     vertex  1.575000e+02 -7.012851e+01  2.837361e+00
     vertex  1.575000e+02 -7.011736e+01  2.843042e+00
     vertex  1.575000e+02 -7.010500e+01  2.845000e+00
   endloop
 endfacet
 facet normal -1.000000e+00  0.000000e+00 -0.000000e+00
   outer loop
     vertex  1.575000e+02 -7.013736e+01  2.828511e+00
     vertex  1.575000e+02 -7.010500e+01  2.845000e+00
     vertex  1.575000e+02 -7.014304e+01  2.817361e+00
   endloop
 endfacet
 facet normal -1.000000e+00  0.000000e+00  0.000000e+00
   outer loop
     vertex  1.575000e+02 -7.013736e+01  2.828511e+00
     vertex  1.575000e+02 -7.012851e+01  2.837361e+00
     vertex  1.575000e+02 -7.010500e+01  2.845000e+00
   endloop
 endfacet
 facet normal  0.000000e+00 -1.000000e+00 -0.000000e+00
   outer loop
     vertex  1.579000e+02 -7.014500e+01  2.805000e+00
     vertex  1.575000e+02 -7.014500e+01  1.635000e+00
     vertex  1.579000e+02 -7.014500e+01  1.635000e+00
   endloop
 endfacet
 facet normal -0.000000e+00 -1.000000e+00  0.000000e+00
   outer loop
     vertex  1.579000e+02 -7.014500e+01  2.805000e+00
     vertex  1.575000e+02 -7.014500e+01  2.805000e+00
     vertex  1.575000e+02 -7.014500e+01  1.635000e+00
   endloop
 endfacet
 facet normal -0.000000e+00 -9.876883e-01 -1.564345e-01
   outer loop
     vertex  1.579000e+02 -7.014304e+01  1.622639e+00
     vertex  1.575000e+02 -7.014500e+01  1.635000e+00
     vertex  1.575000e+02 -7.014304e+01  1.622639e+00
   endloop
 endfacet
 facet normal  0.000000e+00 -9.876883e-01 -1.564345e-01
   outer loop
     vertex  1.579000e+02 -7.014304e+01  1.622639e+00
     vertex  1.579000e+02 -7.014500e+01  1.635000e+00
     vertex  1.575000e+02 -7.014500e+01  1.635000e+00
   endloop
 endfacet
 facet normal -0.000000e+00 -8.910065e-01 -4.539905e-01
   outer loop
     vertex  1.579000e+02 -7.013736e+01  1.611489e+00
     vertex  1.575000e+02 -7.014304e+01  1.622639e+00
     vertex  1.575000e+02 -7.013736e+01  1.611489e+00
   endloop
 endfacet
 facet normal  0.000000e+00 -8.910065e-01 -4.539905e-01
   outer loop
     vertex  1.579000e+02 -7.013736e+01  1.611489e+00
     vertex  1.579000e+02 -7.014304e+01  1.622639e+00
     vertex  1.575000e+02 -7.014304e+01  1.622639e+00
   endloop
 endfacet
 facet normal -0.000000e+00 -7.071068e-01 -7.071068e-01
   outer loop
     vertex  1.579000e+02 -7.012851e+01  1.602639e+00
     vertex  1.575000e+02 -7.013736e+01  1.611489e+00
     vertex  1.575000e+02 -7.012851e+01  1.602639e+00
   endloop
 endfacet
 facet normal  0.000000e+00 -7.071068e-01 -7.071068e-01
   outer loop
     vertex  1.579000e+02 -7.012851e+01  1.602639e+00
     vertex  1.579000e+02 -7.013736e+01  1.611489e+00
     vertex  1.575000e+02 -7.013736e+01  1.611489e+00
   endloop
 endfacet
 facet normal -0.000000e+00 -4.539905e-01 -8.910065e-01
   outer loop
     vertex  1.579000e+02 -7.011736e+01  1.596958e+00
     vertex  1.575000e+02 -7.012851e+01  1.602639e+00
     vertex  1.575000e+02 -7.011736e+01  1.596958e+00
   endloop
 endfacet
 facet normal  0.000000e+00 -4.539905e-01 -8.910065e-01
   outer loop
     vertex  1.579000e+02 -7.011736e+01  1.596958e+00
     vertex  1.579000e+02 -7.012851e+01  1.602639e+00
     vertex  1.575000e+02 -7.012851e+01  1.602639e+00
   endloop
 endfacet
 facet normal -0.000000e+00 -1.564345e-01 -9.876883e-01
   outer loop
     vertex  1.579000e+02 -7.010500e+01  1.595000e+00
     vertex  1.575000e+02 -7.011736e+01  1.596958e+00
     vertex  1.575000e+02 -7.010500e+01  1.595000e+00
   endloop
 endfacet
 facet normal  0.000000e+00 -1.564345e-01 -9.876883e-01
   outer loop
     vertex  1.579000e+02 -7.010500e+01  1.595000e+00
     vertex  1.579000e+02 -7.011736e+01  1.596958e+00
     vertex  1.575000e+02 -7.011736e+01  1.596958e+00
   endloop
 endfacet
 facet normal  0.000000e+00 -1.564345e-01  9.876883e-01
   outer loop
     vertex  1.579000e+02 -7.011736e+01  2.843042e+00
     vertex  1.579000e+02 -7.010500e+01  2.845000e+00
     vertex  1.575000e+02 -7.010500e+01  2.845000e+00
   endloop
 endfacet
 facet normal  0.000000e+00 -1.564345e-01  9.876883e-01
   outer loop
     vertex  1.579000e+02 -7.011736e+01  2.843042e+00
     vertex  1.575000e+02 -7.010500e+01  2.845000e+00
     vertex  1.575000e+02 -7.011736e+01  2.843042e+00
   endloop
 endfacet
 facet normal  0.000000e+00 -4.539905e-01  8.910065e-01
   outer loop
     vertex  1.579000e+02 -7.012851e+01  2.837361e+00
     vertex  1.575000e+02 -7.011736e+01  2.843042e+00
     vertex  1.575000e+02 -7.012851e+01  2.837361e+00
   endloop
 endfacet
 facet normal  0.000000e+00 -4.539905e-01  8.910065e-01
   outer loop
     vertex  1.579000e+02 -7.012851e+01  2.837361e+00
     vertex  1.579000e+02 -7.011736e+01  2.843042e+00
     vertex  1.575000e+02 -7.011736e+01  2.843042e+00
   endloop
 endfacet
 facet normal  0.000000e+00 -7.071068e-01  7.071068e-01
   outer loop
     vertex  1.579000e+02 -7.013736e+01  2.828511e+00
     vertex  1.575000e+02 -7.012851e+01  2.837361e+00
     vertex  1.575000e+02 -7.013736e+01  2.828511e+00
   endloop
 endfacet
 facet normal  0.000000e+00 -7.071068e-01  7.071068e-01
   outer loop
     vertex  1.579000e+02 -7.013736e+01  2.828511e+00
     vertex  1.579000e+02 -7.012851e+01  2.837361e+00
     vertex  1.575000e+02 -7.012851e+01  2.837361e+00
   endloop
 endfacet
 facet normal  0.000000e+00 -8.910065e-01  4.539905e-01
   outer loop
     vertex  1.579000e+02 -7.014304e+01  2.817361e+00
     vertex  1.575000e+02 -7.013736e+01  2.828511e+00
     vertex  1.575000e+02 -7.014304e+01  2.817361e+00
   endloop
 endfacet
 facet normal  0.000000e+00 -8.910065e-01  4.539905e-01
   outer loop
     vertex  1.579000e+02 -7.014304e+01  2.817361e+00
     vertex  1.579000e+02 -7.013736e+01  2.828511e+00
     vertex  1.575000e+02 -7.013736e+01  2.828511e+00
   endloop
 endfacet
 facet normal  0.000000e+00 -9.876883e-01  1.564345e-01
   outer loop
     vertex  1.579000e+02 -7.014500e+01  2.805000e+00
     vertex  1.575000e+02 -7.014304e+01  2.817361e+00
     vertex  1.575000e+02 -7.014500e+01  2.805000e+00
   endloop
 endfacet
 facet normal  0.000000e+00 -9.876883e-01  1.564345e-01
   outer loop
     vertex  1.579000e+02 -7.014500e+01  2.805000e+00
     vertex  1.579000e+02 -7.014304e+01  2.817361e+00
     vertex  1.575000e+02 -7.014304e+01  2.817361e+00
   endloop
 endfacet
 facet normal -0.000000e+00  0.000000e+00 -1.000000e+00
   outer loop
     vertex  1.579000e+02 -6.893500e+01  1.595000e+00
     vertex  1.575000e+02 -7.010500e+01  1.595000e+00
     vertex  1.575000e+02 -6.893500e+01  1.595000e+00
   endloop
 endfacet
 facet normal  0.000000e+00 -0.000000e+00 -1.000000e+00
   outer loop
     vertex  1.579000e+02 -6.893500e+01  1.595000e+00
     vertex  1.579000e+02 -7.010500e+01  1.595000e+00
     vertex  1.575000e+02 -7.010500e+01  1.595000e+00
   endloop
 endfacet
 facet normal  0.000000e+00  0.000000e+00  1.000000e+00
   outer loop
     vertex  1.579000e+02 -6.893500e+01  2.845000e+00
     vertex  1.575000e+02 -6.893500e+01  2.845000e+00
     vertex  1.575000e+02 -7.010500e+01  2.845000e+00
   endloop
 endfacet
 facet normal  0.000000e+00  0.000000e+00  1.000000e+00
   outer loop
     vertex  1.579000e+02 -6.893500e+01  2.845000e+00
     vertex  1.575000e+02 -7.010500e+01  2.845000e+00
     vertex  1.579000e+02 -7.010500e+01  2.845000e+00
   endloop
 endfacet
 facet normal  0.000000e+00  1.564345e-01 -9.876883e-01
   outer loop
     vertex  1.579000e+02 -6.892264e+01  1.596958e+00
     vertex  1.579000e+02 -6.893500e+01  1.595000e+00
     vertex  1.575000e+02 -6.893500e+01  1.595000e+00
   endloop
 endfacet
 facet normal  0.000000e+00  1.564345e-01 -9.876883e-01
   outer loop
     vertex  1.579000e+02 -6.892264e+01  1.596958e+00
     vertex  1.575000e+02 -6.893500e+01  1.595000e+00
     vertex  1.575000e+02 -6.892264e+01  1.596958e+00
   endloop
 endfacet
 facet normal  0.000000e+00  4.539905e-01 -8.910065e-01
   outer loop
     vertex  1.579000e+02 -6.891149e+01  1.602639e+00
     vertex  1.575000e+02 -6.892264e+01  1.596958e+00
     vertex  1.575000e+02 -6.891149e+01  1.602639e+00
   endloop
 endfacet
 facet normal  0.000000e+00  4.539905e-01 -8.910065e-01
   outer loop
     vertex  1.579000e+02 -6.891149e+01  1.602639e+00
     vertex  1.579000e+02 -6.892264e+01  1.596958e+00
     vertex  1.575000e+02 -6.892264e+01  1.596958e+00
   endloop
 endfacet
 facet normal  0.000000e+00  7.071068e-01 -7.071068e-01
   outer loop
     vertex  1.579000e+02 -6.890264e+01  1.611489e+00
     vertex  1.575000e+02 -6.891149e+01  1.602639e+00
     vertex  1.575000e+02 -6.890264e+01  1.611489e+00
   endloop
 endfacet
 facet normal  0.000000e+00  7.071068e-01 -7.071068e-01
   outer loop
     vertex  1.579000e+02 -6.890264e+01  1.611489e+00
     vertex  1.579000e+02 -6.891149e+01  1.602639e+00
     vertex  1.575000e+02 -6.891149e+01  1.602639e+00
   endloop
 endfacet
 facet normal  0.000000e+00  8.910065e-01 -4.539905e-01
   outer loop
     vertex  1.579000e+02 -6.889696e+01  1.622639e+00
     vertex  1.575000e+02 -6.890264e+01  1.611489e+00
     vertex  1.575000e+02 -6.889696e+01  1.622639e+00
   endloop
 endfacet
 facet normal  0.000000e+00  8.910065e-01 -4.539905e-01
   outer loop
     vertex  1.579000e+02 -6.889696e+01  1.622639e+00
     vertex  1.579000e+02 -6.890264e+01  1.611489e+00
     vertex  1.575000e+02 -6.890264e+01  1.611489e+00
   endloop
 endfacet
 facet normal  0.000000e+00  9.876883e-01 -1.564345e-01
   outer loop
     vertex  1.579000e+02 -6.889500e+01  1.635000e+00
     vertex  1.575000e+02 -6.889696e+01  1.622639e+00
     vertex  1.575000e+02 -6.889500e+01  1.635000e+00
   endloop
 endfacet
 facet normal  0.000000e+00  9.876883e-01 -1.564345e-01
   outer loop
     vertex  1.579000e+02 -6.889500e+01  1.635000e+00
     vertex  1.579000e+02 -6.889696e+01  1.622639e+00
     vertex  1.575000e+02 -6.889696e+01  1.622639e+00
   endloop
 endfacet
 facet normal  0.000000e+00  9.876883e-01  1.564345e-01
   outer loop
     vertex  1.579000e+02 -6.889696e+01  2.817361e+00
     vertex  1.575000e+02 -6.889500e+01  2.805000e+00
     vertex  1.575000e+02 -6.889696e+01  2.817361e+00
   endloop
 endfacet
 facet normal  0.000000e+00  9.876883e-01  1.564345e-01
   outer loop
     vertex  1.579000e+02 -6.889696e+01  2.817361e+00
     vertex  1.579000e+02 -6.889500e+01  2.805000e+00
     vertex  1.575000e+02 -6.889500e+01  2.805000e+00
   endloop
 endfacet
 facet normal  0.000000e+00  8.910065e-01  4.539905e-01
   outer loop
     vertex  1.579000e+02 -6.890264e+01  2.828511e+00
     vertex  1.575000e+02 -6.889696e+01  2.817361e+00
     vertex  1.575000e+02 -6.890264e+01  2.828511e+00
   endloop
 endfacet
 facet normal  0.000000e+00  8.910065e-01  4.539905e-01
   outer loop
     vertex  1.579000e+02 -6.890264e+01  2.828511e+00
     vertex  1.579000e+02 -6.889696e+01  2.817361e+00
     vertex  1.575000e+02 -6.889696e+01  2.817361e+00
   endloop
 endfacet
 facet normal  0.000000e+00  7.071068e-01  7.071068e-01
   outer loop
     vertex  1.579000e+02 -6.891149e+01  2.837361e+00
     vertex  1.575000e+02 -6.890264e+01  2.828511e+00
     vertex  1.575000e+02 -6.891149e+01  2.837361e+00
   endloop
 endfacet
 facet normal  0.000000e+00  7.071068e-01  7.071068e-01
   outer loop
     vertex  1.579000e+02 -6.891149e+01  2.837361e+00
     vertex  1.579000e+02 -6.890264e+01  2.828511e+00
     vertex  1.575000e+02 -6.890264e+01  2.828511e+00
   endloop
 endfacet
 facet normal  0.000000e+00  4.539905e-01  8.910065e-01
   outer loop
     vertex  1.579000e+02 -6.892264e+01  2.843042e+00
     vertex  1.575000e+02 -6.891149e+01  2.837361e+00
     vertex  1.575000e+02 -6.892264e+01  2.843042e+00
   endloop
 endfacet
 facet normal  0.000000e+00  4.539905e-01  8.910065e-01
   outer loop
     vertex  1.579000e+02 -6.892264e+01  2.843042e+00
     vertex  1.579000e+02 -6.891149e+01  2.837361e+00
     vertex  1.575000e+02 -6.891149e+01  2.837361e+00
   endloop
 endfacet
 facet normal  0.000000e+00  1.564345e-01  9.876883e-01
   outer loop
     vertex  1.579000e+02 -6.893500e+01  2.845000e+00
     vertex  1.575000e+02 -6.892264e+01  2.843042e+00
     vertex  1.575000e+02 -6.893500e+01  2.845000e+00
   endloop
 endfacet
 facet normal  0.000000e+00  1.564345e-01  9.876883e-01
   outer loop
     vertex  1.579000e+02 -6.893500e+01  2.845000e+00
     vertex  1.579000e+02 -6.892264e+01  2.843042e+00
     vertex  1.575000e+02 -6.892264e+01  2.843042e+00
   endloop
 endfacet
 facet normal  0.000000e+00  1.000000e+00  0.000000e+00
   outer loop
     vertex  1.579000e+02 -6.889500e+01  2.805000e+00
     vertex  1.579000e+02 -6.889500e+01  1.635000e+00
     vertex  1.575000e+02 -6.889500e+01  1.635000e+00
   endloop
 endfacet
 facet normal  0.000000e+00  1.000000e+00  0.000000e+00
   outer loop
     vertex  1.579000e+02 -6.889500e+01  2.805000e+00
     vertex  1.575000e+02 -6.889500e+01  1.635000e+00
     vertex  1.575000e+02 -6.889500e+01  2.805000e+00
   endloop
 endfacet
 facet normal  1.000000e+00  0.000000e+00  0.000000e+00
   outer loop
     vertex  1.579000e+02 -6.895149e+01  1.642639e+00
     vertex  1.579000e+02 -6.892264e+01  1.596958e+00
     vertex  1.579000e+02 -6.891149e+01  1.602639e+00
   endloop
 endfacet
 facet normal  1.000000e+00  0.000000e+00  0.000000e+00
   outer loop
     vertex  1.579000e+02 -6.895149e+01  1.642639e+00
     vertex  1.579000e+02 -6.893500e+01  1.595000e+00
     vertex  1.579000e+02 -6.892264e+01  1.596958e+00
   endloop
 endfacet
 facet normal  1.000000e+00  0.000000e+00  0.000000e+00
   outer loop
     vertex  1.579000e+02 -6.894264e+01  1.651489e+00
     vertex  1.579000e+02 -6.889696e+01  1.622639e+00
     vertex  1.579000e+02 -6.889500e+01  1.635000e+00
   endloop
 endfacet
 facet normal  1.000000e+00  0.000000e+00  0.000000e+00
   outer loop
     vertex  1.579000e+02 -6.894264e+01  1.651489e+00
     vertex  1.579000e+02 -6.890264e+01  1.611489e+00
     vertex  1.579000e+02 -6.889696e+01  1.622639e+00
   endloop
 endfacet
 facet normal  1.000000e+00  0.000000e+00  0.000000e+00
   outer loop
     vertex  1.579000e+02 -6.894264e+01  1.651489e+00
     vertex  1.579000e+02 -6.891149e+01  1.602639e+00
     vertex  1.579000e+02 -6.890264e+01  1.611489e+00
   endloop
 endfacet
 facet normal  1.000000e+00  0.000000e+00  0.000000e+00
   outer loop
     vertex  1.579000e+02 -6.894264e+01  1.651489e+00
     vertex  1.579000e+02 -6.895149e+01  1.642639e+00
     vertex  1.579000e+02 -6.891149e+01  1.602639e+00
   endloop
 endfacet
 facet normal  1.000000e+00 -0.000000e+00  0.000000e+00
   outer loop
     vertex  1.579000e+02 -6.896264e+01  1.636958e+00
     vertex  1.579000e+02 -6.893500e+01  1.595000e+00
     vertex  1.579000e+02 -6.895149e+01  1.642639e+00
   endloop
 endfacet
 facet normal  1.000000e+00  0.000000e+00  0.000000e+00
   outer loop
     vertex  1.579000e+02 -6.893696e+01  1.662639e+00
     vertex  1.579000e+02 -6.894264e+01  1.651489e+00
     vertex  1.579000e+02 -6.889500e+01  1.635000e+00
   endloop
 endfacet
 facet normal  1.000000e+00  0.000000e+00  0.000000e+00
   outer loop
     vertex  1.579000e+02 -6.893500e+01  1.675000e+00
     vertex  1.579000e+02 -6.893696e+01  1.662639e+00
     vertex  1.579000e+02 -6.889500e+01  1.635000e+00
   endloop
 endfacet
 facet normal  1.000000e+00 -0.000000e+00  0.000000e+00
   outer loop
     vertex  1.579000e+02 -6.897500e+01  1.635000e+00
     vertex  1.579000e+02 -6.893500e+01  1.595000e+00
     vertex  1.579000e+02 -6.896264e+01  1.636958e+00
   endloop
 endfacet
 facet normal  1.000000e+00  0.000000e+00  0.000000e+00
   outer loop
     vertex  1.579000e+02 -6.889500e+01  2.805000e+00
     vertex  1.579000e+02 -6.893500e+01  2.765000e+00
     vertex  1.579000e+02 -6.893500e+01  1.675000e+00
   endloop
 endfacet
 facet normal  1.000000e+00  0.000000e+00  0.000000e+00
   outer loop
     vertex  1.579000e+02 -6.889500e+01  2.805000e+00
     vertex  1.579000e+02 -6.893500e+01  1.675000e+00
     vertex  1.579000e+02 -6.889500e+01  1.635000e+00
   endloop
 endfacet
 facet normal  1.000000e+00  0.000000e+00  0.000000e+00
   outer loop
     vertex  1.579000e+02 -7.010500e+01  1.595000e+00
     vertex  1.579000e+02 -6.897500e+01  1.635000e+00
     vertex  1.579000e+02 -7.006500e+01  1.635000e+00
   endloop
 endfacet
 facet normal  1.000000e+00  0.000000e+00  0.000000e+00
   outer loop
     vertex  1.579000e+02 -7.010500e+01  1.595000e+00
     vertex  1.579000e+02 -6.893500e+01  1.595000e+00
     vertex  1.579000e+02 -6.897500e+01  1.635000e+00
   endloop
 endfacet
 facet normal  1.000000e+00 -0.000000e+00  0.000000e+00
   outer loop
     vertex  1.579000e+02 -6.893696e+01  2.777361e+00
     vertex  1.579000e+02 -6.893500e+01  2.765000e+00
     vertex  1.579000e+02 -6.889500e+01  2.805000e+00
   endloop
 endfacet
 facet normal  1.000000e+00  0.000000e+00  0.000000e+00
   outer loop
     vertex  1.579000e+02 -7.007736e+01  1.636958e+00
     vertex  1.579000e+02 -7.010500e+01  1.595000e+00
     vertex  1.579000e+02 -7.006500e+01  1.635000e+00
   endloop
 endfacet
 facet normal  1.000000e+00  0.000000e+00  0.000000e+00
   outer loop
     vertex  1.579000e+02 -6.894264e+01  2.788511e+00
     vertex  1.579000e+02 -6.889500e+01  2.805000e+00
     vertex  1.579000e+02 -6.889696e+01  2.817361e+00
   endloop
 endfacet
 facet normal  1.000000e+00 -0.000000e+00  0.000000e+00
   outer loop
     vertex  1.579000e+02 -6.894264e+01  2.788511e+00
     vertex  1.579000e+02 -6.893696e+01  2.777361e+00
     vertex  1.579000e+02 -6.889500e+01  2.805000e+00
   endloop
 endfacet
 facet normal  1.000000e+00  0.000000e+00  0.000000e+00
   outer loop
     vertex  1.579000e+02 -6.890264e+01  2.828511e+00
     vertex  1.579000e+02 -6.894264e+01  2.788511e+00
     vertex  1.579000e+02 -6.889696e+01  2.817361e+00
   endloop
 endfacet
 facet normal  1.000000e+00  0.000000e+00  0.000000e+00
   outer loop
     vertex  1.579000e+02 -7.008851e+01  1.642639e+00
     vertex  1.579000e+02 -7.012851e+01  1.602639e+00
     vertex  1.579000e+02 -7.011736e+01  1.596958e+00
   endloop
 endfacet
 facet normal  1.000000e+00  0.000000e+00  0.000000e+00
   outer loop
     vertex  1.579000e+02 -7.008851e+01  1.642639e+00
     vertex  1.579000e+02 -7.011736e+01  1.596958e+00
     vertex  1.579000e+02 -7.010500e+01  1.595000e+00
   endloop
 endfacet
 facet normal  1.000000e+00  0.000000e+00  0.000000e+00
   outer loop
     vertex  1.579000e+02 -7.008851e+01  1.642639e+00
     vertex  1.579000e+02 -7.010500e+01  1.595000e+00
     vertex  1.579000e+02 -7.007736e+01  1.636958e+00
   endloop
 endfacet
 facet normal  1.000000e+00  0.000000e+00  0.000000e+00
   outer loop
     vertex  1.579000e+02 -7.009736e+01  1.651489e+00
     vertex  1.579000e+02 -7.012851e+01  1.602639e+00
     vertex  1.579000e+02 -7.008851e+01  1.642639e+00
   endloop
 endfacet
 facet normal  1.000000e+00  0.000000e+00  0.000000e+00
   outer loop
     vertex  1.579000e+02 -6.891149e+01  2.837361e+00
     vertex  1.579000e+02 -6.895149e+01  2.797361e+00
     vertex  1.579000e+02 -6.894264e+01  2.788511e+00
   endloop
 endfacet
 facet normal  1.000000e+00  0.000000e+00  0.000000e+00
   outer loop
     vertex  1.579000e+02 -6.891149e+01  2.837361e+00
     vertex  1.579000e+02 -6.894264e+01  2.788511e+00
     vertex  1.579000e+02 -6.890264e+01  2.828511e+00
   endloop
 endfacet
 facet normal  1.000000e+00 -0.000000e+00  0.000000e+00
   outer loop
     vertex  1.579000e+02 -7.013736e+01  1.611489e+00
     vertex  1.579000e+02 -7.012851e+01  1.602639e+00
     vertex  1.579000e+02 -7.009736e+01  1.651489e+00
   endloop
 endfacet
 facet normal  1.000000e+00 -0.000000e+00  0.000000e+00
   outer loop
     vertex  1.579000e+02 -7.014304e+01  1.622639e+00
     vertex  1.579000e+02 -7.013736e+01  1.611489e+00
     vertex  1.579000e+02 -7.009736e+01  1.651489e+00
   endloop
 endfacet
 facet normal  1.000000e+00  0.000000e+00  0.000000e+00
   outer loop
     vertex  1.579000e+02 -6.892264e+01  2.843042e+00
     vertex  1.579000e+02 -6.895149e+01  2.797361e+00
     vertex  1.579000e+02 -6.891149e+01  2.837361e+00
   endloop
 endfacet
 facet normal  1.000000e+00  0.000000e+00  0.000000e+00
   outer loop
     vertex  1.579000e+02 -6.893500e+01  2.845000e+00
     vertex  1.579000e+02 -6.896264e+01  2.803042e+00
     vertex  1.579000e+02 -6.895149e+01  2.797361e+00
   endloop
 endfacet
 facet normal  1.000000e+00  0.000000e+00  0.000000e+00
   outer loop
     vertex  1.579000e+02 -6.893500e+01  2.845000e+00
     vertex  1.579000e+02 -6.895149e+01  2.797361e+00
     vertex  1.579000e+02 -6.892264e+01  2.843042e+00
   endloop
 endfacet
 facet normal  1.000000e+00 -0.000000e+00  0.000000e+00
   outer loop
     vertex  1.579000e+02 -6.897500e+01  2.805000e+00
     vertex  1.579000e+02 -6.896264e+01  2.803042e+00
     vertex  1.579000e+02 -6.893500e+01  2.845000e+00
   endloop
 endfacet
 facet normal  1.000000e+00 -0.000000e+00  0.000000e+00
   outer loop
     vertex  1.579000e+02 -7.014500e+01  1.635000e+00
     vertex  1.579000e+02 -7.014304e+01  1.622639e+00
     vertex  1.579000e+02 -7.009736e+01  1.651489e+00
   endloop
 endfacet
 facet normal  1.000000e+00  0.000000e+00  0.000000e+00
   outer loop
     vertex  1.579000e+02 -7.014500e+01  1.635000e+00
     vertex  1.579000e+02 -7.010304e+01  1.662639e+00
     vertex  1.579000e+02 -7.010500e+01  1.675000e+00
   endloop
 endfacet
 facet normal  1.000000e+00  0.000000e+00  0.000000e+00
   outer loop
     vertex  1.579000e+02 -7.014500e+01  1.635000e+00
     vertex  1.579000e+02 -7.009736e+01  1.651489e+00
     vertex  1.579000e+02 -7.010304e+01  1.662639e+00
   endloop
 endfacet
 facet normal  1.000000e+00  0.000000e+00  0.000000e+00
   outer loop
     vertex  1.579000e+02 -7.014500e+01  2.805000e+00
     vertex  1.579000e+02 -7.010500e+01  2.765000e+00
     vertex  1.579000e+02 -7.010304e+01  2.777361e+00
   endloop
 endfacet
 facet normal  1.000000e+00  0.000000e+00  0.000000e+00
   outer loop
     vertex  1.579000e+02 -7.014500e+01  2.805000e+00
     vertex  1.579000e+02 -7.010304e+01  2.777361e+00
     vertex  1.579000e+02 -7.009736e+01  2.788511e+00
   endloop
 endfacet
 facet normal  1.000000e+00  0.000000e+00  0.000000e+00
   outer loop
     vertex  1.579000e+02 -7.010500e+01  2.845000e+00
     vertex  1.579000e+02 -7.008851e+01  2.797361e+00
     vertex  1.579000e+02 -7.007736e+01  2.803042e+00
   endloop
 endfacet
 facet normal  1.000000e+00  0.000000e+00  0.000000e+00
   outer loop
     vertex  1.579000e+02 -7.010500e+01  2.845000e+00
     vertex  1.579000e+02 -7.007736e+01  2.803042e+00
     vertex  1.579000e+02 -7.006500e+01  2.805000e+00
   endloop
 endfacet
 facet normal  1.000000e+00  0.000000e+00  0.000000e+00
   outer loop
     vertex  1.579000e+02 -7.010500e+01  2.845000e+00
     vertex  1.579000e+02 -7.006500e+01  2.805000e+00
     vertex  1.579000e+02 -6.897500e+01  2.805000e+00
   endloop
 endfacet
 facet normal  1.000000e+00 -0.000000e+00  0.000000e+00
   outer loop
     vertex  1.579000e+02 -7.010500e+01  2.845000e+00
     vertex  1.579000e+02 -6.897500e+01  2.805000e+00
     vertex  1.579000e+02 -6.893500e+01  2.845000e+00
   endloop
 endfacet
 facet normal  1.000000e+00 -0.000000e+00  0.000000e+00
   outer loop
     vertex  1.579000e+02 -7.011736e+01  2.843042e+00
     vertex  1.579000e+02 -7.008851e+01  2.797361e+00
     vertex  1.579000e+02 -7.010500e+01  2.845000e+00
   endloop
 endfacet
 facet normal  1.000000e+00  0.000000e+00  0.000000e+00
   outer loop
     vertex  1.579000e+02 -7.014304e+01  2.817361e+00
     vertex  1.579000e+02 -7.014500e+01  2.805000e+00
     vertex  1.579000e+02 -7.009736e+01  2.788511e+00
   endloop
 endfacet
 facet normal  1.000000e+00 -0.000000e+00  0.000000e+00
   outer loop
     vertex  1.579000e+02 -7.012851e+01  2.837361e+00
     vertex  1.579000e+02 -7.008851e+01  2.797361e+00
     vertex  1.579000e+02 -7.011736e+01  2.843042e+00
   endloop
 endfacet
 facet normal  1.000000e+00  0.000000e+00  0.000000e+00
   outer loop
     vertex  1.579000e+02 -7.012851e+01  2.837361e+00
     vertex  1.579000e+02 -7.009736e+01  2.788511e+00
     vertex  1.579000e+02 -7.008851e+01  2.797361e+00
   endloop
 endfacet
 facet normal  1.000000e+00 -0.000000e+00  0.000000e+00
   outer loop
     vertex  1.579000e+02 -7.013736e+01  2.828511e+00
     vertex  1.579000e+02 -7.009736e+01  2.788511e+00
     vertex  1.579000e+02 -7.012851e+01  2.837361e+00
   endloop
 endfacet
 facet normal  1.000000e+00  0.000000e+00  0.000000e+00
   outer loop
     vertex  1.579000e+02 -7.013736e+01  2.828511e+00
     vertex  1.579000e+02 -7.014304e+01  2.817361e+00
     vertex  1.579000e+02 -7.009736e+01  2.788511e+00
   endloop
 endfacet
 facet normal  1.000000e+00  0.000000e+00  0.000000e+00
   outer loop
     vertex  1.579000e+02 -7.014500e+01  2.805000e+00
     vertex  1.579000e+02 -7.014500e+01  1.635000e+00
     vertex  1.579000e+02 -7.010500e+01  1.675000e+00
   endloop
 endfacet
 facet normal  1.000000e+00  0.000000e+00  0.000000e+00
   outer loop
     vertex  1.579000e+02 -7.014500e+01  2.805000e+00
     vertex  1.579000e+02 -7.010500e+01  1.675000e+00
     vertex  1.579000e+02 -7.010500e+01  2.765000e+00
   endloop
 endfacet
 facet normal -0.000000e+00 -9.876883e-01 -1.564345e-01
   outer loop
     vertex  1.591000e+02 -7.010304e+01  1.662639e+00
     vertex  1.579000e+02 -7.010500e+01  1.675000e+00
     vertex  1.579000e+02 -7.010304e+01  1.662639e+00
   endloop
 endfacet
 facet normal  0.000000e+00 -9.876883e-01 -1.564345e-01
   outer loop
     vertex  1.591000e+02 -7.010304e+01  1.662639e+00
     vertex  1.591000e+02 -7.010500e+01  1.675000e+00
     vertex  1.579000e+02 -7.010500e+01  1.675000e+00
   endloop
 endfacet
 facet normal -0.000000e+00 -8.910065e-01 -4.539905e-01
   outer loop
     vertex  1.591000e+02 -7.009736e+01  1.651489e+00
     vertex  1.579000e+02 -7.010304e+01  1.662639e+00
     vertex  1.579000e+02 -7.009736e+01  1.651489e+00
   endloop
 endfacet
 facet normal  0.000000e+00 -8.910065e-01 -4.539905e-01
   outer loop
     vertex  1.591000e+02 -7.009736e+01  1.651489e+00
     vertex  1.591000e+02 -7.010304e+01  1.662639e+00
     vertex  1.579000e+02 -7.010304e+01  1.662639e+00
   endloop
 endfacet
 facet normal -0.000000e+00 -7.071068e-01 -7.071068e-01
   outer loop
     vertex  1.591000e+02 -7.008851e+01  1.642639e+00
     vertex  1.579000e+02 -7.009736e+01  1.651489e+00
     vertex  1.579000e+02 -7.008851e+01  1.642639e+00
   endloop
 endfacet
 facet normal  0.000000e+00 -7.071068e-01 -7.071068e-01
   outer loop
     vertex  1.591000e+02 -7.008851e+01  1.642639e+00
     vertex  1.591000e+02 -7.009736e+01  1.651489e+00
     vertex  1.579000e+02 -7.009736e+01  1.651489e+00
   endloop
 endfacet
 facet normal -0.000000e+00 -4.539905e-01 -8.910065e-01
   outer loop
     vertex  1.591000e+02 -7.007736e+01  1.636958e+00
     vertex  1.579000e+02 -7.008851e+01  1.642639e+00
     vertex  1.579000e+02 -7.007736e+01  1.636958e+00
   endloop
 endfacet
 facet normal  0.000000e+00 -4.539905e-01 -8.910065e-01
   outer loop
     vertex  1.591000e+02 -7.007736e+01  1.636958e+00
     vertex  1.591000e+02 -7.008851e+01  1.642639e+00
     vertex  1.579000e+02 -7.008851e+01  1.642639e+00
   endloop
 endfacet
 facet normal -0.000000e+00 -1.564345e-01 -9.876883e-01
   outer loop
     vertex  1.591000e+02 -7.006500e+01  1.635000e+00
     vertex  1.579000e+02 -7.007736e+01  1.636958e+00
     vertex  1.579000e+02 -7.006500e+01  1.635000e+00
   endloop
 endfacet
 facet normal  0.000000e+00 -1.564345e-01 -9.876883e-01
   outer loop
     vertex  1.591000e+02 -7.006500e+01  1.635000e+00
     vertex  1.591000e+02 -7.007736e+01  1.636958e+00
     vertex  1.579000e+02 -7.007736e+01  1.636958e+00
   endloop
 endfacet
 facet normal -0.000000e+00  0.000000e+00 -1.000000e+00
   outer loop
     vertex  1.591000e+02 -6.897500e+01  1.635000e+00
     vertex  1.579000e+02 -7.006500e+01  1.635000e+00
     vertex  1.579000e+02 -6.897500e+01  1.635000e+00
   endloop
 endfacet
 facet normal  0.000000e+00 -0.000000e+00 -1.000000e+00
   outer loop
     vertex  1.591000e+02 -6.897500e+01  1.635000e+00
     vertex  1.591000e+02 -7.006500e+01  1.635000e+00
     vertex  1.579000e+02 -7.006500e+01  1.635000e+00
   endloop
 endfacet
 facet normal  0.000000e+00  1.564345e-01 -9.876883e-01
   outer loop
     vertex  1.591000e+02 -6.896264e+01  1.636958e+00
     vertex  1.591000e+02 -6.897500e+01  1.635000e+00
     vertex  1.579000e+02 -6.897500e+01  1.635000e+00
   endloop
 endfacet
 facet normal  0.000000e+00  1.564345e-01 -9.876883e-01
   outer loop
     vertex  1.591000e+02 -6.896264e+01  1.636958e+00
     vertex  1.579000e+02 -6.897500e+01  1.635000e+00
     vertex  1.579000e+02 -6.896264e+01  1.636958e+00
   endloop
 endfacet
 facet normal  0.000000e+00  4.539905e-01 -8.910065e-01
   outer loop
     vertex  1.591000e+02 -6.895149e+01  1.642639e+00
     vertex  1.579000e+02 -6.896264e+01  1.636958e+00
     vertex  1.579000e+02 -6.895149e+01  1.642639e+00
   endloop
 endfacet
 facet normal  0.000000e+00  4.539905e-01 -8.910065e-01
   outer loop
     vertex  1.591000e+02 -6.895149e+01  1.642639e+00
     vertex  1.591000e+02 -6.896264e+01  1.636958e+00
     vertex  1.579000e+02 -6.896264e+01  1.636958e+00
   endloop
 endfacet
 facet normal  0.000000e+00  7.071068e-01 -7.071068e-01
   outer loop
     vertex  1.591000e+02 -6.894264e+01  1.651489e+00
     vertex  1.579000e+02 -6.895149e+01  1.642639e+00
     vertex  1.579000e+02 -6.894264e+01  1.651489e+00
   endloop
 endfacet
 facet normal  0.000000e+00  7.071068e-01 -7.071068e-01
   outer loop
     vertex  1.591000e+02 -6.894264e+01  1.651489e+00
     vertex  1.591000e+02 -6.895149e+01  1.642639e+00
     vertex  1.579000e+02 -6.895149e+01  1.642639e+00
   endloop
 endfacet
 facet normal  0.000000e+00  8.910065e-01 -4.539905e-01
   outer loop
     vertex  1.591000e+02 -6.893696e+01  1.662639e+00
     vertex  1.579000e+02 -6.894264e+01  1.651489e+00
     vertex  1.579000e+02 -6.893696e+01  1.662639e+00
   endloop
 endfacet
 facet normal  0.000000e+00  8.910065e-01 -4.539905e-01
   outer loop
     vertex  1.591000e+02 -6.893696e+01  1.662639e+00
     vertex  1.591000e+02 -6.894264e+01  1.651489e+00
     vertex  1.579000e+02 -6.894264e+01  1.651489e+00
   endloop
 endfacet
 facet normal  0.000000e+00  9.876883e-01 -1.564345e-01
   outer loop
     vertex  1.591000e+02 -6.893500e+01  1.675000e+00
     vertex  1.579000e+02 -6.893696e+01  1.662639e+00
     vertex  1.579000e+02 -6.893500e+01  1.675000e+00
   endloop
 endfacet
 facet normal  0.000000e+00  9.876883e-01 -1.564345e-01
   outer loop
     vertex  1.591000e+02 -6.893500e+01  1.675000e+00
     vertex  1.591000e+02 -6.893696e+01  1.662639e+00
     vertex  1.579000e+02 -6.893696e+01  1.662639e+00
   endloop
 endfacet
 facet normal  0.000000e+00  1.000000e+00  0.000000e+00
   outer loop
     vertex  1.591000e+02 -6.893500e+01  2.765000e+00
     vertex  1.591000e+02 -6.893500e+01  1.675000e+00
     vertex  1.579000e+02 -6.893500e+01  1.675000e+00
   endloop
 endfacet
 facet normal  0.000000e+00  1.000000e+00  0.000000e+00
   outer loop
     vertex  1.591000e+02 -6.893500e+01  2.765000e+00
     vertex  1.579000e+02 -6.893500e+01  1.675000e+00
     vertex  1.579000e+02 -6.893500e+01  2.765000e+00
   endloop
 endfacet
 facet normal  0.000000e+00  9.876883e-01  1.564345e-01
   outer loop
     vertex  1.591000e+02 -6.893696e+01  2.777361e+00
     vertex  1.579000e+02 -6.893500e+01  2.765000e+00
     vertex  1.579000e+02 -6.893696e+01  2.777361e+00
   endloop
 endfacet
 facet normal  0.000000e+00  9.876883e-01  1.564345e-01
   outer loop
     vertex  1.591000e+02 -6.893696e+01  2.777361e+00
     vertex  1.591000e+02 -6.893500e+01  2.765000e+00
     vertex  1.579000e+02 -6.893500e+01  2.765000e+00
   endloop
 endfacet
 facet normal  0.000000e+00  8.910065e-01  4.539905e-01
   outer loop
     vertex  1.591000e+02 -6.894264e+01  2.788511e+00
     vertex  1.579000e+02 -6.893696e+01  2.777361e+00
     vertex  1.579000e+02 -6.894264e+01  2.788511e+00
   endloop
 endfacet
 facet normal  0.000000e+00  8.910065e-01  4.539905e-01
   outer loop
     vertex  1.591000e+02 -6.894264e+01  2.788511e+00
     vertex  1.591000e+02 -6.893696e+01  2.777361e+00
     vertex  1.579000e+02 -6.893696e+01  2.777361e+00
   endloop
 endfacet
 facet normal  0.000000e+00  7.071068e-01  7.071068e-01
   outer loop
     vertex  1.591000e+02 -6.895149e+01  2.797361e+00
     vertex  1.579000e+02 -6.894264e+01  2.788511e+00
     vertex  1.579000e+02 -6.895149e+01  2.797361e+00
   endloop
 endfacet
 facet normal  0.000000e+00  7.071068e-01  7.071068e-01
   outer loop
     vertex  1.591000e+02 -6.895149e+01  2.797361e+00
     vertex  1.591000e+02 -6.894264e+01  2.788511e+00
     vertex  1.579000e+02 -6.894264e+01  2.788511e+00
   endloop
 endfacet
 facet normal  0.000000e+00  4.539905e-01  8.910065e-01
   outer loop
     vertex  1.591000e+02 -6.896264e+01  2.803042e+00
     vertex  1.579000e+02 -6.895149e+01  2.797361e+00
     vertex  1.579000e+02 -6.896264e+01  2.803042e+00
   endloop
 endfacet
 facet normal  0.000000e+00  4.539905e-01  8.910065e-01
   outer loop
     vertex  1.591000e+02 -6.896264e+01  2.803042e+00
     vertex  1.591000e+02 -6.895149e+01  2.797361e+00
     vertex  1.579000e+02 -6.895149e+01  2.797361e+00
   endloop
 endfacet
 facet normal  0.000000e+00  1.564345e-01  9.876883e-01
   outer loop
     vertex  1.591000e+02 -6.897500e+01  2.805000e+00
     vertex  1.579000e+02 -6.896264e+01  2.803042e+00
     vertex  1.579000e+02 -6.897500e+01  2.805000e+00
   endloop
 endfacet
 facet normal  0.000000e+00  1.564345e-01  9.876883e-01
   outer loop
     vertex  1.591000e+02 -6.897500e+01  2.805000e+00
     vertex  1.591000e+02 -6.896264e+01  2.803042e+00
     vertex  1.579000e+02 -6.896264e+01  2.803042e+00
   endloop
 endfacet
 facet normal  0.000000e+00  0.000000e+00  1.000000e+00
   outer loop
     vertex  1.591000e+02 -6.897500e+01  2.805000e+00
     vertex  1.579000e+02 -6.897500e+01  2.805000e+00
     vertex  1.579000e+02 -7.006500e+01  2.805000e+00
   endloop
 endfacet
 facet normal  0.000000e+00  0.000000e+00  1.000000e+00
   outer loop
     vertex  1.591000e+02 -6.897500e+01  2.805000e+00
     vertex  1.579000e+02 -7.006500e+01  2.805000e+00
     vertex  1.591000e+02 -7.006500e+01  2.805000e+00
   endloop
 endfacet
 facet normal  0.000000e+00 -1.564345e-01  9.876883e-01
   outer loop
     vertex  1.591000e+02 -7.007736e+01  2.803042e+00
     vertex  1.591000e+02 -7.006500e+01  2.805000e+00
     vertex  1.579000e+02 -7.006500e+01  2.805000e+00
   endloop
 endfacet
 facet normal  0.000000e+00 -1.564345e-01  9.876883e-01
   outer loop
     vertex  1.591000e+02 -7.007736e+01  2.803042e+00
     vertex  1.579000e+02 -7.006500e+01  2.805000e+00
     vertex  1.579000e+02 -7.007736e+01  2.803042e+00
   endloop
 endfacet
 facet normal  0.000000e+00 -4.539905e-01  8.910065e-01
   outer loop
     vertex  1.591000e+02 -7.008851e+01  2.797361e+00
     vertex  1.579000e+02 -7.007736e+01  2.803042e+00
     vertex  1.579000e+02 -7.008851e+01  2.797361e+00
   endloop
 endfacet
 facet normal  0.000000e+00 -4.539905e-01  8.910065e-01
   outer loop
     vertex  1.591000e+02 -7.008851e+01  2.797361e+00
     vertex  1.591000e+02 -7.007736e+01  2.803042e+00
     vertex  1.579000e+02 -7.007736e+01  2.803042e+00
   endloop
 endfacet
 facet normal  0.000000e+00 -7.071068e-01  7.071068e-01
   outer loop
     vertex  1.591000e+02 -7.009736e+01  2.788511e+00
     vertex  1.579000e+02 -7.008851e+01  2.797361e+00
     vertex  1.579000e+02 -7.009736e+01  2.788511e+00
   endloop
 endfacet
 facet normal  0.000000e+00 -7.071068e-01  7.071068e-01
   outer loop
     vertex  1.591000e+02 -7.009736e+01  2.788511e+00
     vertex  1.591000e+02 -7.008851e+01  2.797361e+00
     vertex  1.579000e+02 -7.008851e+01  2.797361e+00
   endloop
 endfacet
 facet normal  0.000000e+00 -8.910065e-01  4.539905e-01
   outer loop
     vertex  1.591000e+02 -7.010304e+01  2.777361e+00
     vertex  1.579000e+02 -7.009736e+01  2.788511e+00
     vertex  1.579000e+02 -7.010304e+01  2.777361e+00
   endloop
 endfacet
 facet normal  0.000000e+00 -8.910065e-01  4.539905e-01
   outer loop
     vertex  1.591000e+02 -7.010304e+01  2.777361e+00
     vertex  1.591000e+02 -7.009736e+01  2.788511e+00
     vertex  1.579000e+02 -7.009736e+01  2.788511e+00
   endloop
 endfacet
 facet normal  0.000000e+00 -9.876883e-01  1.564345e-01
   outer loop
     vertex  1.591000e+02 -7.010500e+01  2.765000e+00
     vertex  1.579000e+02 -7.010304e+01  2.777361e+00
     vertex  1.579000e+02 -7.010500e+01  2.765000e+00
   endloop
 endfacet
 facet normal  0.000000e+00 -9.876883e-01  1.564345e-01
   outer loop
     vertex  1.591000e+02 -7.010500e+01  2.765000e+00
     vertex  1.591000e+02 -7.010304e+01  2.777361e+00
     vertex  1.579000e+02 -7.010304e+01  2.777361e+00
   endloop
 endfacet
 facet normal  0.000000e+00 -1.000000e+00 -0.000000e+00
   outer loop
     vertex  1.591000e+02 -7.010500e+01  2.765000e+00
     vertex  1.579000e+02 -7.010500e+01  1.675000e+00
     vertex  1.591000e+02 -7.010500e+01  1.675000e+00
   endloop
 endfacet
 facet normal -0.000000e+00 -1.000000e+00  0.000000e+00
   outer loop
     vertex  1.591000e+02 -7.010500e+01  2.765000e+00
     vertex  1.579000e+02 -7.010500e+01  2.765000e+00
     vertex  1.579000e+02 -7.010500e+01  1.675000e+00
   endloop
 endfacet
 facet normal -1.000000e+00  0.000000e+00  0.000000e+00
   outer loop
     vertex  1.591000e+02 -6.895149e+01  1.642639e+00
     vertex  1.591000e+02 -6.891149e+01  1.602639e+00
     vertex  1.591000e+02 -6.892264e+01  1.596958e+00
   endloop
 endfacet
 facet normal -1.000000e+00  0.000000e+00  0.000000e+00
   outer loop
     vertex  1.591000e+02 -6.895149e+01  1.642639e+00
     vertex  1.591000e+02 -6.892264e+01  1.596958e+00
     vertex  1.591000e+02 -6.893500e+01  1.595000e+00
   endloop
 endfacet
 facet normal -1.000000e+00  0.000000e+00  0.000000e+00
   outer loop
     vertex  1.591000e+02 -6.894264e+01  1.651489e+00
     vertex  1.591000e+02 -6.889500e+01  1.635000e+00
     vertex  1.591000e+02 -6.889696e+01  1.622639e+00
   endloop
 endfacet
 facet normal -1.000000e+00  0.000000e+00  0.000000e+00
   outer loop
     vertex  1.591000e+02 -6.894264e+01  1.651489e+00
     vertex  1.591000e+02 -6.889696e+01  1.622639e+00
     vertex  1.591000e+02 -6.890264e+01  1.611489e+00
   endloop
 endfacet
 facet normal -1.000000e+00  0.000000e+00  0.000000e+00
   outer loop
     vertex  1.591000e+02 -6.894264e+01  1.651489e+00
     vertex  1.591000e+02 -6.890264e+01  1.611489e+00
     vertex  1.591000e+02 -6.891149e+01  1.602639e+00
   endloop
 endfacet
 facet normal -1.000000e+00  0.000000e+00 -0.000000e+00
   outer loop
     vertex  1.591000e+02 -6.894264e+01  1.651489e+00
     vertex  1.591000e+02 -6.891149e+01  1.602639e+00
     vertex  1.591000e+02 -6.895149e+01  1.642639e+00
   endloop
 endfacet
 facet normal -1.000000e+00  0.000000e+00  0.000000e+00
   outer loop
     vertex  1.591000e+02 -6.896264e+01  1.636958e+00
     vertex  1.591000e+02 -6.895149e+01  1.642639e+00
     vertex  1.591000e+02 -6.893500e+01  1.595000e+00
   endloop
 endfacet
 facet normal -1.000000e+00  0.000000e+00 -0.000000e+00
   outer loop
     vertex  1.591000e+02 -6.893696e+01  1.662639e+00
     vertex  1.591000e+02 -6.889500e+01  1.635000e+00
     vertex  1.591000e+02 -6.894264e+01  1.651489e+00
   endloop
 endfacet
 facet normal -1.000000e+00  0.000000e+00 -0.000000e+00
   outer loop
     vertex  1.591000e+02 -6.893500e+01  1.675000e+00
     vertex  1.591000e+02 -6.889500e+01  1.635000e+00
     vertex  1.591000e+02 -6.893696e+01  1.662639e+00
   endloop
 endfacet
 facet normal -1.000000e+00  0.000000e+00  0.000000e+00
   outer loop
     vertex  1.591000e+02 -6.897500e+01  1.635000e+00
     vertex  1.591000e+02 -6.896264e+01  1.636958e+00
     vertex  1.591000e+02 -6.893500e+01  1.595000e+00
   endloop
 endfacet
 facet normal -1.000000e+00  0.000000e+00  0.000000e+00
   outer loop
     vertex  1.591000e+02 -6.889500e+01  2.805000e+00
     vertex  1.591000e+02 -6.893500e+01  1.675000e+00
     vertex  1.591000e+02 -6.893500e+01  2.765000e+00
   endloop
 endfacet
 facet normal -1.000000e+00  0.000000e+00 -0.000000e+00
   outer loop
     vertex  1.591000e+02 -6.889500e+01  2.805000e+00
     vertex  1.591000e+02 -6.889500e+01  1.635000e+00
     vertex  1.591000e+02 -6.893500e+01  1.675000e+00
   endloop
 endfacet
 facet normal -1.000000e+00  0.000000e+00  0.000000e+00
   outer loop
     vertex  1.591000e+02 -7.010500e+01  1.595000e+00
     vertex  1.591000e+02 -7.006500e+01  1.635000e+00
     vertex  1.591000e+02 -6.897500e+01  1.635000e+00
   endloop
 endfacet
 facet normal -1.000000e+00  0.000000e+00  0.000000e+00
   outer loop
     vertex  1.591000e+02 -7.010500e+01  1.595000e+00
     vertex  1.591000e+02 -6.897500e+01  1.635000e+00
     vertex  1.591000e+02 -6.893500e+01  1.595000e+00
   endloop
 endfacet
 facet normal -1.000000e+00  0.000000e+00  0.000000e+00
   outer loop
     vertex  1.591000e+02 -6.893696e+01  2.777361e+00
     vertex  1.591000e+02 -6.889500e+01  2.805000e+00
     vertex  1.591000e+02 -6.893500e+01  2.765000e+00
   endloop
 endfacet
 facet normal -1.000000e+00  0.000000e+00 -0.000000e+00
   outer loop
     vertex  1.591000e+02 -7.007736e+01  1.636958e+00
     vertex  1.591000e+02 -7.006500e+01  1.635000e+00
     vertex  1.591000e+02 -7.010500e+01  1.595000e+00
   endloop
 endfacet
 facet normal -1.000000e+00  0.000000e+00  0.000000e+00
   outer loop
     vertex  1.591000e+02 -6.894264e+01  2.788511e+00
     vertex  1.591000e+02 -6.889696e+01  2.817361e+00
     vertex  1.591000e+02 -6.889500e+01  2.805000e+00
   endloop
 endfacet
 facet normal -1.000000e+00  0.000000e+00  0.000000e+00
   outer loop
     vertex  1.591000e+02 -6.894264e+01  2.788511e+00
     vertex  1.591000e+02 -6.889500e+01  2.805000e+00
     vertex  1.591000e+02 -6.893696e+01  2.777361e+00
   endloop
 endfacet
 facet normal -1.000000e+00  0.000000e+00 -0.000000e+00
   outer loop
     vertex  1.591000e+02 -6.890264e+01  2.828511e+00
     vertex  1.591000e+02 -6.889696e+01  2.817361e+00
     vertex  1.591000e+02 -6.894264e+01  2.788511e+00
   endloop
 endfacet
 facet normal -1.000000e+00  0.000000e+00  0.000000e+00
   outer loop
     vertex  1.591000e+02 -7.008851e+01  1.642639e+00
     vertex  1.591000e+02 -7.011736e+01  1.596958e+00
     vertex  1.591000e+02 -7.012851e+01  1.602639e+00
   endloop
 endfacet
 facet normal -1.000000e+00  0.000000e+00  0.000000e+00
   outer loop
     vertex  1.591000e+02 -7.008851e+01  1.642639e+00
     vertex  1.591000e+02 -7.010500e+01  1.595000e+00
     vertex  1.591000e+02 -7.011736e+01  1.596958e+00
   endloop
 endfacet
 facet normal -1.000000e+00  0.000000e+00 -0.000000e+00
   outer loop
     vertex  1.591000e+02 -7.008851e+01  1.642639e+00
     vertex  1.591000e+02 -7.007736e+01  1.636958e+00
     vertex  1.591000e+02 -7.010500e+01  1.595000e+00
   endloop
 endfacet
 facet normal -1.000000e+00  0.000000e+00 -0.000000e+00
   outer loop
     vertex  1.591000e+02 -7.009736e+01  1.651489e+00
     vertex  1.591000e+02 -7.008851e+01  1.642639e+00
     vertex  1.591000e+02 -7.012851e+01  1.602639e+00
   endloop
 endfacet
 facet normal -1.000000e+00  0.000000e+00  0.000000e+00
   outer loop
     vertex  1.591000e+02 -6.891149e+01  2.837361e+00
     vertex  1.591000e+02 -6.894264e+01  2.788511e+00
     vertex  1.591000e+02 -6.895149e+01  2.797361e+00
   endloop
 endfacet
 facet normal -1.000000e+00  0.000000e+00 -0.000000e+00
   outer loop
     vertex  1.591000e+02 -6.891149e+01  2.837361e+00
     vertex  1.591000e+02 -6.890264e+01  2.828511e+00
     vertex  1.591000e+02 -6.894264e+01  2.788511e+00
   endloop
 endfacet
 facet normal -1.000000e+00  0.000000e+00  0.000000e+00
   outer loop
     vertex  1.591000e+02 -7.013736e+01  1.611489e+00
     vertex  1.591000e+02 -7.009736e+01  1.651489e+00
     vertex  1.591000e+02 -7.012851e+01  1.602639e+00
   endloop
 endfacet
 facet normal -1.000000e+00  0.000000e+00  0.000000e+00
   outer loop
     vertex  1.591000e+02 -7.014304e+01  1.622639e+00
     vertex  1.591000e+02 -7.009736e+01  1.651489e+00
     vertex  1.591000e+02 -7.013736e+01  1.611489e+00
   endloop
 endfacet
 facet normal -1.000000e+00  0.000000e+00 -0.000000e+00
   outer loop
     vertex  1.591000e+02 -6.892264e+01  2.843042e+00
     vertex  1.591000e+02 -6.891149e+01  2.837361e+00
     vertex  1.591000e+02 -6.895149e+01  2.797361e+00
   endloop
 endfacet
 facet normal -1.000000e+00  0.000000e+00  0.000000e+00
   outer loop
     vertex  1.591000e+02 -6.893500e+01  2.845000e+00
     vertex  1.591000e+02 -6.895149e+01  2.797361e+00
     vertex  1.591000e+02 -6.896264e+01  2.803042e+00
   endloop
 endfacet
 facet normal -1.000000e+00  0.000000e+00 -0.000000e+00
   outer loop
     vertex  1.591000e+02 -6.893500e+01  2.845000e+00
     vertex  1.591000e+02 -6.892264e+01  2.843042e+00
     vertex  1.591000e+02 -6.895149e+01  2.797361e+00
   endloop
 endfacet
 facet normal -1.000000e+00  0.000000e+00  0.000000e+00
   outer loop
     vertex  1.591000e+02 -6.897500e+01  2.805000e+00
     vertex  1.591000e+02 -6.893500e+01  2.845000e+00
     vertex  1.591000e+02 -6.896264e+01  2.803042e+00
   endloop
 endfacet
 facet normal -1.000000e+00  0.000000e+00  0.000000e+00
   outer loop
     vertex  1.591000e+02 -7.014500e+01  1.635000e+00
     vertex  1.591000e+02 -7.009736e+01  1.651489e+00
     vertex  1.591000e+02 -7.014304e+01  1.622639e+00
   endloop
 endfacet
 facet normal -1.000000e+00  0.000000e+00  0.000000e+00
   outer loop
     vertex  1.591000e+02 -7.014500e+01  1.635000e+00
     vertex  1.591000e+02 -7.010500e+01  1.675000e+00
     vertex  1.591000e+02 -7.010304e+01  1.662639e+00
   endloop
 endfacet
 facet normal -1.000000e+00  0.000000e+00  0.000000e+00
   outer loop
     vertex  1.591000e+02 -7.014500e+01  1.635000e+00
     vertex  1.591000e+02 -7.010304e+01  1.662639e+00
     vertex  1.591000e+02 -7.009736e+01  1.651489e+00
   endloop
 endfacet
 facet normal -1.000000e+00  0.000000e+00  0.000000e+00
   outer loop
     vertex  1.591000e+02 -7.014500e+01  2.805000e+00
     vertex  1.591000e+02 -7.010304e+01  2.777361e+00
     vertex  1.591000e+02 -7.010500e+01  2.765000e+00
   endloop
 endfacet
 facet normal -1.000000e+00  0.000000e+00  0.000000e+00
   outer loop
     vertex  1.591000e+02 -7.014500e+01  2.805000e+00
     vertex  1.591000e+02 -7.009736e+01  2.788511e+00
     vertex  1.591000e+02 -7.010304e+01  2.777361e+00
   endloop
 endfacet
 facet normal -1.000000e+00  0.000000e+00  0.000000e+00
   outer loop
     vertex  1.591000e+02 -7.010500e+01  2.845000e+00
     vertex  1.591000e+02 -7.007736e+01  2.803042e+00
     vertex  1.591000e+02 -7.008851e+01  2.797361e+00
   endloop
 endfacet
 facet normal -1.000000e+00  0.000000e+00  0.000000e+00
   outer loop
     vertex  1.591000e+02 -7.010500e+01  2.845000e+00
     vertex  1.591000e+02 -7.006500e+01  2.805000e+00
     vertex  1.591000e+02 -7.007736e+01  2.803042e+00
   endloop
 endfacet
 facet normal -1.000000e+00  0.000000e+00  0.000000e+00
   outer loop
     vertex  1.591000e+02 -7.010500e+01  2.845000e+00
     vertex  1.591000e+02 -6.897500e+01  2.805000e+00
     vertex  1.591000e+02 -7.006500e+01  2.805000e+00
   endloop
 endfacet
 facet normal -1.000000e+00  0.000000e+00  0.000000e+00
   outer loop
     vertex  1.591000e+02 -7.010500e+01  2.845000e+00
     vertex  1.591000e+02 -6.893500e+01  2.845000e+00
     vertex  1.591000e+02 -6.897500e+01  2.805000e+00
   endloop
 endfacet
 facet normal -1.000000e+00  0.000000e+00  0.000000e+00
   outer loop
     vertex  1.591000e+02 -7.011736e+01  2.843042e+00
     vertex  1.591000e+02 -7.010500e+01  2.845000e+00
     vertex  1.591000e+02 -7.008851e+01  2.797361e+00
   endloop
 endfacet
 facet normal -1.000000e+00  0.000000e+00 -0.000000e+00
   outer loop
     vertex  1.591000e+02 -7.014304e+01  2.817361e+00
     vertex  1.591000e+02 -7.009736e+01  2.788511e+00
     vertex  1.591000e+02 -7.014500e+01  2.805000e+00
   endloop
 endfacet
 facet normal -1.000000e+00  0.000000e+00  0.000000e+00
   outer loop
     vertex  1.591000e+02 -7.012851e+01  2.837361e+00
     vertex  1.591000e+02 -7.011736e+01  2.843042e+00
     vertex  1.591000e+02 -7.008851e+01  2.797361e+00
   endloop
 endfacet
 facet normal -1.000000e+00  0.000000e+00  0.000000e+00
   outer loop
     vertex  1.591000e+02 -7.012851e+01  2.837361e+00
     vertex  1.591000e+02 -7.008851e+01  2.797361e+00
     vertex  1.591000e+02 -7.009736e+01  2.788511e+00
   endloop
 endfacet
 facet normal -1.000000e+00  0.000000e+00  0.000000e+00
   outer loop
     vertex  1.591000e+02 -7.013736e+01  2.828511e+00
     vertex  1.591000e+02 -7.012851e+01  2.837361e+00
     vertex  1.591000e+02 -7.009736e+01  2.788511e+00
   endloop
 endfacet
 facet normal -1.000000e+00  0.000000e+00 -0.000000e+00
   outer loop
     vertex  1.591000e+02 -7.013736e+01  2.828511e+00
     vertex  1.591000e+02 -7.009736e+01  2.788511e+00
     vertex  1.591000e+02 -7.014304e+01  2.817361e+00
   endloop
 endfacet
 facet normal -1.000000e+00  0.000000e+00  0.000000e+00
   outer loop
     vertex  1.591000e+02 -7.014500e+01  2.805000e+00
     vertex  1.591000e+02 -7.010500e+01  1.675000e+00
     vertex  1.591000e+02 -7.014500e+01  1.635000e+00
   endloop
 endfacet
 facet normal -1.000000e+00  0.000000e+00  0.000000e+00
   outer loop
     vertex  1.591000e+02 -7.014500e+01  2.805000e+00
     vertex  1.591000e+02 -7.010500e+01  2.765000e+00
     vertex  1.591000e+02 -7.010500e+01  1.675000e+00
   endloop
 endfacet
 facet normal  0.000000e+00 -1.000000e+00 -0.000000e+00
   outer loop
     vertex  1.595000e+02 -7.014500e+01  2.805000e+00
     vertex  1.591000e+02 -7.014500e+01  1.635000e+00
     vertex  1.595000e+02 -7.014500e+01  1.635000e+00
   endloop
 endfacet
 facet normal -0.000000e+00 -1.000000e+00  0.000000e+00
   outer loop
     vertex  1.595000e+02 -7.014500e+01  2.805000e+00
     vertex  1.591000e+02 -7.014500e+01  2.805000e+00
     vertex  1.591000e+02 -7.014500e+01  1.635000e+00
   endloop
 endfacet
 facet normal -0.000000e+00 -9.876883e-01 -1.564345e-01
   outer loop
     vertex  1.595000e+02 -7.014304e+01  1.622639e+00
     vertex  1.591000e+02 -7.014500e+01  1.635000e+00
     vertex  1.591000e+02 -7.014304e+01  1.622639e+00
   endloop
 endfacet
 facet normal  0.000000e+00 -9.876883e-01 -1.564345e-01
   outer loop
     vertex  1.595000e+02 -7.014304e+01  1.622639e+00
     vertex  1.595000e+02 -7.014500e+01  1.635000e+00
     vertex  1.591000e+02 -7.014500e+01  1.635000e+00
   endloop
 endfacet
 facet normal -0.000000e+00 -8.910065e-01 -4.539905e-01
   outer loop
     vertex  1.595000e+02 -7.013736e+01  1.611489e+00
     vertex  1.591000e+02 -7.014304e+01  1.622639e+00
     vertex  1.591000e+02 -7.013736e+01  1.611489e+00
   endloop
 endfacet
 facet normal  0.000000e+00 -8.910065e-01 -4.539905e-01
   outer loop
     vertex  1.595000e+02 -7.013736e+01  1.611489e+00
     vertex  1.595000e+02 -7.014304e+01  1.622639e+00
     vertex  1.591000e+02 -7.014304e+01  1.622639e+00
   endloop
 endfacet
 facet normal -0.000000e+00 -7.071068e-01 -7.071068e-01
   outer loop
     vertex  1.595000e+02 -7.012851e+01  1.602639e+00
     vertex  1.591000e+02 -7.013736e+01  1.611489e+00
     vertex  1.591000e+02 -7.012851e+01  1.602639e+00
   endloop
 endfacet
 facet normal  0.000000e+00 -7.071068e-01 -7.071068e-01
   outer loop
     vertex  1.595000e+02 -7.012851e+01  1.602639e+00
     vertex  1.595000e+02 -7.013736e+01  1.611489e+00
     vertex  1.591000e+02 -7.013736e+01  1.611489e+00
   endloop
 endfacet
 facet normal -0.000000e+00 -4.539905e-01 -8.910065e-01
   outer loop
     vertex  1.595000e+02 -7.011736e+01  1.596958e+00
     vertex  1.591000e+02 -7.012851e+01  1.602639e+00
     vertex  1.591000e+02 -7.011736e+01  1.596958e+00
   endloop
 endfacet
 facet normal  0.000000e+00 -4.539905e-01 -8.910065e-01
   outer loop
     vertex  1.595000e+02 -7.011736e+01  1.596958e+00
     vertex  1.595000e+02 -7.012851e+01  1.602639e+00
     vertex  1.591000e+02 -7.012851e+01  1.602639e+00
   endloop
 endfacet
 facet normal -0.000000e+00 -1.564345e-01 -9.876883e-01
   outer loop
     vertex  1.595000e+02 -7.010500e+01  1.595000e+00
     vertex  1.591000e+02 -7.011736e+01  1.596958e+00
     vertex  1.591000e+02 -7.010500e+01  1.595000e+00
   endloop
 endfacet
 facet normal  0.000000e+00 -1.564345e-01 -9.876883e-01
   outer loop
     vertex  1.595000e+02 -7.010500e+01  1.595000e+00
     vertex  1.595000e+02 -7.011736e+01  1.596958e+00
     vertex  1.591000e+02 -7.011736e+01  1.596958e+00
   endloop
 endfacet
 facet normal  0.000000e+00 -1.564345e-01  9.876883e-01
   outer loop
     vertex  1.595000e+02 -7.011736e+01  2.843042e+00
     vertex  1.595000e+02 -7.010500e+01  2.845000e+00
     vertex  1.591000e+02 -7.010500e+01  2.845000e+00
   endloop
 endfacet
 facet normal  0.000000e+00 -1.564345e-01  9.876883e-01
   outer loop
     vertex  1.595000e+02 -7.011736e+01  2.843042e+00
     vertex  1.591000e+02 -7.010500e+01  2.845000e+00
     vertex  1.591000e+02 -7.011736e+01  2.843042e+00
   endloop
 endfacet
 facet normal  0.000000e+00 -4.539905e-01  8.910065e-01
   outer loop
     vertex  1.595000e+02 -7.012851e+01  2.837361e+00
     vertex  1.591000e+02 -7.011736e+01  2.843042e+00
     vertex  1.591000e+02 -7.012851e+01  2.837361e+00
   endloop
 endfacet
 facet normal  0.000000e+00 -4.539905e-01  8.910065e-01
   outer loop
     vertex  1.595000e+02 -7.012851e+01  2.837361e+00
     vertex  1.595000e+02 -7.011736e+01  2.843042e+00
     vertex  1.591000e+02 -7.011736e+01  2.843042e+00
   endloop
 endfacet
 facet normal  0.000000e+00 -7.071068e-01  7.071068e-01
   outer loop
     vertex  1.595000e+02 -7.013736e+01  2.828511e+00
     vertex  1.591000e+02 -7.012851e+01  2.837361e+00
     vertex  1.591000e+02 -7.013736e+01  2.828511e+00
   endloop
 endfacet
 facet normal  0.000000e+00 -7.071068e-01  7.071068e-01
   outer loop
     vertex  1.595000e+02 -7.013736e+01  2.828511e+00
     vertex  1.595000e+02 -7.012851e+01  2.837361e+00
     vertex  1.591000e+02 -7.012851e+01  2.837361e+00
   endloop
 endfacet
 facet normal  0.000000e+00 -8.910065e-01  4.539905e-01
   outer loop
     vertex  1.595000e+02 -7.014304e+01  2.817361e+00
     vertex  1.591000e+02 -7.013736e+01  2.828511e+00
     vertex  1.591000e+02 -7.014304e+01  2.817361e+00
   endloop
 endfacet
 facet normal  0.000000e+00 -8.910065e-01  4.539905e-01
   outer loop
     vertex  1.595000e+02 -7.014304e+01  2.817361e+00
     vertex  1.595000e+02 -7.013736e+01  2.828511e+00
     vertex  1.591000e+02 -7.013736e+01  2.828511e+00
   endloop
 endfacet
 facet normal  0.000000e+00 -9.876883e-01  1.564345e-01
   outer loop
     vertex  1.595000e+02 -7.014500e+01  2.805000e+00
     vertex  1.591000e+02 -7.014304e+01  2.817361e+00
     vertex  1.591000e+02 -7.014500e+01  2.805000e+00
   endloop
 endfacet
 facet normal  0.000000e+00 -9.876883e-01  1.564345e-01
   outer loop
     vertex  1.595000e+02 -7.014500e+01  2.805000e+00
     vertex  1.595000e+02 -7.014304e+01  2.817361e+00
     vertex  1.591000e+02 -7.014304e+01  2.817361e+00
   endloop
 endfacet
 facet normal -0.000000e+00  0.000000e+00 -1.000000e+00
   outer loop
     vertex  1.595000e+02 -6.893500e+01  1.595000e+00
     vertex  1.591000e+02 -7.010500e+01  1.595000e+00
     vertex  1.591000e+02 -6.893500e+01  1.595000e+00
   endloop
 endfacet
 facet normal  0.000000e+00 -0.000000e+00 -1.000000e+00
   outer loop
     vertex  1.595000e+02 -6.893500e+01  1.595000e+00
     vertex  1.595000e+02 -7.010500e+01  1.595000e+00
     vertex  1.591000e+02 -7.010500e+01  1.595000e+00
   endloop
 endfacet
 facet normal  0.000000e+00  0.000000e+00  1.000000e+00
   outer loop
     vertex  1.595000e+02 -6.893500e+01  2.845000e+00
     vertex  1.591000e+02 -6.893500e+01  2.845000e+00
     vertex  1.591000e+02 -7.010500e+01  2.845000e+00
   endloop
 endfacet
 facet normal  0.000000e+00  0.000000e+00  1.000000e+00
   outer loop
     vertex  1.595000e+02 -6.893500e+01  2.845000e+00
     vertex  1.591000e+02 -7.010500e+01  2.845000e+00
     vertex  1.595000e+02 -7.010500e+01  2.845000e+00
   endloop
 endfacet
 facet normal  0.000000e+00  1.564345e-01 -9.876883e-01
   outer loop
     vertex  1.595000e+02 -6.892264e+01  1.596958e+00
     vertex  1.595000e+02 -6.893500e+01  1.595000e+00
     vertex  1.591000e+02 -6.893500e+01  1.595000e+00
   endloop
 endfacet
 facet normal  0.000000e+00  1.564345e-01 -9.876883e-01
   outer loop
     vertex  1.595000e+02 -6.892264e+01  1.596958e+00
     vertex  1.591000e+02 -6.893500e+01  1.595000e+00
     vertex  1.591000e+02 -6.892264e+01  1.596958e+00
   endloop
 endfacet
 facet normal  0.000000e+00  4.539905e-01 -8.910065e-01
   outer loop
     vertex  1.595000e+02 -6.891149e+01  1.602639e+00
     vertex  1.591000e+02 -6.892264e+01  1.596958e+00
     vertex  1.591000e+02 -6.891149e+01  1.602639e+00
   endloop
 endfacet
 facet normal  0.000000e+00  4.539905e-01 -8.910065e-01
   outer loop
     vertex  1.595000e+02 -6.891149e+01  1.602639e+00
     vertex  1.595000e+02 -6.892264e+01  1.596958e+00
     vertex  1.591000e+02 -6.892264e+01  1.596958e+00
   endloop
 endfacet
 facet normal  0.000000e+00  7.071068e-01 -7.071068e-01
   outer loop
     vertex  1.595000e+02 -6.890264e+01  1.611489e+00
     vertex  1.591000e+02 -6.891149e+01  1.602639e+00
     vertex  1.591000e+02 -6.890264e+01  1.611489e+00
   endloop
 endfacet
 facet normal  0.000000e+00  7.071068e-01 -7.071068e-01
   outer loop
     vertex  1.595000e+02 -6.890264e+01  1.611489e+00
     vertex  1.595000e+02 -6.891149e+01  1.602639e+00
     vertex  1.591000e+02 -6.891149e+01  1.602639e+00
   endloop
 endfacet
 facet normal  0.000000e+00  8.910065e-01 -4.539905e-01
   outer loop
     vertex  1.595000e+02 -6.889696e+01  1.622639e+00
     vertex  1.591000e+02 -6.890264e+01  1.611489e+00
     vertex  1.591000e+02 -6.889696e+01  1.622639e+00
   endloop
 endfacet
 facet normal  0.000000e+00  8.910065e-01 -4.539905e-01
   outer loop
     vertex  1.595000e+02 -6.889696e+01  1.622639e+00
     vertex  1.595000e+02 -6.890264e+01  1.611489e+00
     vertex  1.591000e+02 -6.890264e+01  1.611489e+00
   endloop
 endfacet
 facet normal  0.000000e+00  9.876883e-01 -1.564345e-01
   outer loop
     vertex  1.595000e+02 -6.889500e+01  1.635000e+00
     vertex  1.591000e+02 -6.889696e+01  1.622639e+00
     vertex  1.591000e+02 -6.889500e+01  1.635000e+00
   endloop
 endfacet
 facet normal  0.000000e+00  9.876883e-01 -1.564345e-01
   outer loop
     vertex  1.595000e+02 -6.889500e+01  1.635000e+00
     vertex  1.595000e+02 -6.889696e+01  1.622639e+00
     vertex  1.591000e+02 -6.889696e+01  1.622639e+00
   endloop
 endfacet
 facet normal  0.000000e+00  9.876883e-01  1.564345e-01
   outer loop
     vertex  1.595000e+02 -6.889696e+01  2.817361e+00
     vertex  1.591000e+02 -6.889500e+01  2.805000e+00
     vertex  1.591000e+02 -6.889696e+01  2.817361e+00
   endloop
 endfacet
 facet normal  0.000000e+00  9.876883e-01  1.564345e-01
   outer loop
     vertex  1.595000e+02 -6.889696e+01  2.817361e+00
     vertex  1.595000e+02 -6.889500e+01  2.805000e+00
     vertex  1.591000e+02 -6.889500e+01  2.805000e+00
   endloop
 endfacet
 facet normal  0.000000e+00  8.910065e-01  4.539905e-01
   outer loop
     vertex  1.595000e+02 -6.890264e+01  2.828511e+00
     vertex  1.591000e+02 -6.889696e+01  2.817361e+00
     vertex  1.591000e+02 -6.890264e+01  2.828511e+00
   endloop
 endfacet
 facet normal  0.000000e+00  8.910065e-01  4.539905e-01
   outer loop
     vertex  1.595000e+02 -6.890264e+01  2.828511e+00
     vertex  1.595000e+02 -6.889696e+01  2.817361e+00
     vertex  1.591000e+02 -6.889696e+01  2.817361e+00
   endloop
 endfacet
 facet normal  0.000000e+00  7.071068e-01  7.071068e-01
   outer loop
     vertex  1.595000e+02 -6.891149e+01  2.837361e+00
     vertex  1.591000e+02 -6.890264e+01  2.828511e+00
     vertex  1.591000e+02 -6.891149e+01  2.837361e+00
   endloop
 endfacet
 facet normal  0.000000e+00  7.071068e-01  7.071068e-01
   outer loop
     vertex  1.595000e+02 -6.891149e+01  2.837361e+00
     vertex  1.595000e+02 -6.890264e+01  2.828511e+00
     vertex  1.591000e+02 -6.890264e+01  2.828511e+00
   endloop
 endfacet
 facet normal  0.000000e+00  4.539905e-01  8.910065e-01
   outer loop
     vertex  1.595000e+02 -6.892264e+01  2.843042e+00
     vertex  1.591000e+02 -6.891149e+01  2.837361e+00
     vertex  1.591000e+02 -6.892264e+01  2.843042e+00
   endloop
 endfacet
 facet normal  0.000000e+00  4.539905e-01  8.910065e-01
   outer loop
     vertex  1.595000e+02 -6.892264e+01  2.843042e+00
     vertex  1.595000e+02 -6.891149e+01  2.837361e+00
     vertex  1.591000e+02 -6.891149e+01  2.837361e+00
   endloop
 endfacet
 facet normal  0.000000e+00  1.564345e-01  9.876883e-01
   outer loop
     vertex  1.595000e+02 -6.893500e+01  2.845000e+00
     vertex  1.591000e+02 -6.892264e+01  2.843042e+00
     vertex  1.591000e+02 -6.893500e+01  2.845000e+00
   endloop
 endfacet
 facet normal  0.000000e+00  1.564345e-01  9.876883e-01
   outer loop
     vertex  1.595000e+02 -6.893500e+01  2.845000e+00
     vertex  1.595000e+02 -6.892264e+01  2.843042e+00
     vertex  1.591000e+02 -6.892264e+01  2.843042e+00
   endloop
 endfacet
 facet normal  0.000000e+00  1.000000e+00  0.000000e+00
   outer loop
     vertex  1.595000e+02 -6.889500e+01  2.805000e+00
     vertex  1.595000e+02 -6.889500e+01  1.635000e+00
     vertex  1.591000e+02 -6.889500e+01  1.635000e+00
   endloop
 endfacet
 facet normal  0.000000e+00  1.000000e+00  0.000000e+00
   outer loop
     vertex  1.595000e+02 -6.889500e+01  2.805000e+00
     vertex  1.591000e+02 -6.889500e+01  1.635000e+00
     vertex  1.591000e+02 -6.889500e+01  2.805000e+00
   endloop
 endfacet
 facet normal  1.000000e+00  0.000000e+00  0.000000e+00
   outer loop
     vertex  1.595000e+02 -6.893500e+01  1.595000e+00
     vertex  1.595000e+02 -6.889696e+01  1.622639e+00
     vertex  1.595000e+02 -6.889500e+01  1.635000e+00
   endloop
 endfacet
 facet normal  1.000000e+00  0.000000e+00  0.000000e+00
   outer loop
     vertex  1.595000e+02 -6.893500e+01  1.595000e+00
     vertex  1.595000e+02 -6.890264e+01  1.611489e+00
     vertex  1.595000e+02 -6.889696e+01  1.622639e+00
   endloop
 endfacet
 facet normal  1.000000e+00  0.000000e+00  0.000000e+00
   outer loop
     vertex  1.595000e+02 -6.893500e+01  1.595000e+00
     vertex  1.595000e+02 -6.891149e+01  1.602639e+00
     vertex  1.595000e+02 -6.890264e+01  1.611489e+00
   endloop
 endfacet
 facet normal  1.000000e+00  0.000000e+00  0.000000e+00
   outer loop
     vertex  1.595000e+02 -6.893500e+01  1.595000e+00
     vertex  1.595000e+02 -6.892264e+01  1.596958e+00
     vertex  1.595000e+02 -6.891149e+01  1.602639e+00
   endloop
 endfacet
 facet normal  1.000000e+00  0.000000e+00  0.000000e+00
   outer loop
     vertex  1.595000e+02 -6.891149e+01  2.837361e+00
     vertex  1.595000e+02 -6.889696e+01  2.817361e+00
     vertex  1.595000e+02 -6.890264e+01  2.828511e+00
   endloop
 endfacet
 facet normal  1.000000e+00  0.000000e+00  0.000000e+00
   outer loop
     vertex  1.595000e+02 -6.893500e+01  2.845000e+00
     vertex  1.595000e+02 -6.889500e+01  1.635000e+00
     vertex  1.595000e+02 -6.889500e+01  2.805000e+00
   endloop
 endfacet
 facet normal  1.000000e+00  0.000000e+00  0.000000e+00
   outer loop
     vertex  1.595000e+02 -6.893500e+01  2.845000e+00
     vertex  1.595000e+02 -6.889500e+01  2.805000e+00
     vertex  1.595000e+02 -6.889696e+01  2.817361e+00
   endloop
 endfacet
 facet normal  1.000000e+00  0.000000e+00  0.000000e+00
   outer loop
     vertex  1.595000e+02 -6.893500e+01  2.845000e+00
     vertex  1.595000e+02 -6.891149e+01  2.837361e+00
     vertex  1.595000e+02 -6.892264e+01  2.843042e+00
   endloop
 endfacet
 facet normal  1.000000e+00  0.000000e+00  0.000000e+00
   outer loop
     vertex  1.595000e+02 -6.893500e+01  2.845000e+00
     vertex  1.595000e+02 -6.893500e+01  1.595000e+00
     vertex  1.595000e+02 -6.889500e+01  1.635000e+00
   endloop
 endfacet
 facet normal  1.000000e+00  0.000000e+00  0.000000e+00
   outer loop
     vertex  1.595000e+02 -6.893500e+01  2.845000e+00
     vertex  1.595000e+02 -6.889696e+01  2.817361e+00
     vertex  1.595000e+02 -6.891149e+01  2.837361e+00
   endloop
 endfacet
 facet normal  1.000000e+00  0.000000e+00  0.000000e+00
   outer loop
     vertex  1.595000e+02 -7.014500e+01  1.635000e+00
     vertex  1.595000e+02 -7.014304e+01  1.622639e+00
     vertex  1.595000e+02 -7.013736e+01  1.611489e+00
   endloop
 endfacet
 facet normal  1.000000e+00  0.000000e+00  0.000000e+00
   outer loop
     vertex  1.595000e+02 -7.014500e+01  1.635000e+00
     vertex  1.595000e+02 -7.013736e+01  1.611489e+00
     vertex  1.595000e+02 -7.012851e+01  1.602639e+00
   endloop
 endfacet
 facet normal  1.000000e+00  0.000000e+00  0.000000e+00
   outer loop
     vertex  1.595000e+02 -7.014500e+01  1.635000e+00
     vertex  1.595000e+02 -7.012851e+01  1.602639e+00
     vertex  1.595000e+02 -7.011736e+01  1.596958e+00
   endloop
 endfacet
 facet normal  1.000000e+00  0.000000e+00  0.000000e+00
   outer loop
     vertex  1.595000e+02 -7.014500e+01  1.635000e+00
     vertex  1.595000e+02 -7.011736e+01  1.596958e+00
     vertex  1.595000e+02 -7.010500e+01  1.595000e+00
   endloop
 endfacet
 facet normal  1.000000e+00  0.000000e+00  0.000000e+00
   outer loop
     vertex  1.595000e+02 -7.010500e+01  2.845000e+00
     vertex  1.595000e+02 -7.014500e+01  2.805000e+00
     vertex  1.595000e+02 -7.014500e+01  1.635000e+00
   endloop
 endfacet
 facet normal  1.000000e+00  0.000000e+00  0.000000e+00
   outer loop
     vertex  1.595000e+02 -7.010500e+01  2.845000e+00
     vertex  1.595000e+02 -7.010500e+01  1.595000e+00
     vertex  1.595000e+02 -6.893500e+01  1.595000e+00
   endloop
 endfacet
 facet normal  1.000000e+00  0.000000e+00  0.000000e+00
   outer loop
     vertex  1.595000e+02 -7.010500e+01  2.845000e+00
     vertex  1.595000e+02 -7.014500e+01  1.635000e+00
     vertex  1.595000e+02 -7.010500e+01  1.595000e+00
   endloop
 endfacet
 facet normal  1.000000e+00 -0.000000e+00  0.000000e+00
   outer loop
     vertex  1.595000e+02 -7.010500e+01  2.845000e+00
     vertex  1.595000e+02 -6.893500e+01  1.595000e+00
     vertex  1.595000e+02 -6.893500e+01  2.845000e+00
   endloop
 endfacet
 facet normal  1.000000e+00 -0.000000e+00  0.000000e+00
   outer loop
     vertex  1.595000e+02 -7.014304e+01  2.817361e+00
     vertex  1.595000e+02 -7.014500e+01  2.805000e+00
     vertex  1.595000e+02 -7.010500e+01  2.845000e+00
   endloop
 endfacet
 facet normal  1.000000e+00  0.000000e+00  0.000000e+00
   outer loop
     vertex  1.595000e+02 -7.012851e+01  2.837361e+00
     vertex  1.595000e+02 -7.010500e+01  2.845000e+00
     vertex  1.595000e+02 -7.011736e+01  2.843042e+00
   endloop
 endfacet
 facet normal  1.000000e+00 -0.000000e+00  0.000000e+00
   outer loop
     vertex  1.595000e+02 -7.013736e+01  2.828511e+00
     vertex  1.595000e+02 -7.014304e+01  2.817361e+00
     vertex  1.595000e+02 -7.010500e+01  2.845000e+00
   endloop
 endfacet
 facet normal  1.000000e+00  0.000000e+00  0.000000e+00
   outer loop
     vertex  1.595000e+02 -7.013736e+01  2.828511e+00
     vertex  1.595000e+02 -7.010500e+01  2.845000e+00
     vertex  1.595000e+02 -7.012851e+01  2.837361e+00
   endloop
 endfacet
 facet normal -1.000000e+00  0.000000e+00  0.000000e+00
   outer loop
     vertex  1.575000e+02 -6.592500e+01  1.595000e+00
     vertex  1.575000e+02 -6.588500e+01  1.635000e+00
     vertex  1.575000e+02 -6.588696e+01  1.622639e+00
   endloop
 endfacet
 facet normal -1.000000e+00  0.000000e+00  0.000000e+00
   outer loop
     vertex  1.575000e+02 -6.592500e+01  1.595000e+00
     vertex  1.575000e+02 -6.588696e+01  1.622639e+00
     vertex  1.575000e+02 -6.589264e+01  1.611489e+00
   endloop
 endfacet
 facet normal -1.000000e+00  0.000000e+00  0.000000e+00
   outer loop
     vertex  1.575000e+02 -6.592500e+01  1.595000e+00
     vertex  1.575000e+02 -6.589264e+01  1.611489e+00
     vertex  1.575000e+02 -6.590149e+01  1.602639e+00
   endloop
 endfacet
 facet normal -1.000000e+00  0.000000e+00  0.000000e+00
   outer loop
     vertex  1.575000e+02 -6.592500e+01  1.595000e+00
     vertex  1.575000e+02 -6.590149e+01  1.602639e+00
     vertex  1.575000e+02 -6.591264e+01  1.596958e+00
   endloop
 endfacet
 facet normal -1.000000e+00  0.000000e+00  0.000000e+00
   outer loop
     vertex  1.575000e+02 -6.590149e+01  2.837361e+00
     vertex  1.575000e+02 -6.589264e+01  2.828511e+00
     vertex  1.575000e+02 -6.588696e+01  2.817361e+00
   endloop
 endfacet
 facet normal -1.000000e+00  0.000000e+00  0.000000e+00
   outer loop
     vertex  1.575000e+02 -6.592500e+01  2.845000e+00
     vertex  1.575000e+02 -6.588500e+01  2.805000e+00
     vertex  1.575000e+02 -6.588500e+01  1.635000e+00
   endloop
 endfacet
 facet normal -1.000000e+00  0.000000e+00  0.000000e+00
   outer loop
     vertex  1.575000e+02 -6.592500e+01  2.845000e+00
     vertex  1.575000e+02 -6.588696e+01  2.817361e+00
     vertex  1.575000e+02 -6.588500e+01  2.805000e+00
   endloop
 endfacet
 facet normal -1.000000e+00  0.000000e+00  0.000000e+00
   outer loop
     vertex  1.575000e+02 -6.592500e+01  2.845000e+00
     vertex  1.575000e+02 -6.591264e+01  2.843042e+00
     vertex  1.575000e+02 -6.590149e+01  2.837361e+00
   endloop
 endfacet
 facet normal -1.000000e+00  0.000000e+00  0.000000e+00
   outer loop
     vertex  1.575000e+02 -6.592500e+01  2.845000e+00
     vertex  1.575000e+02 -6.588500e+01  1.635000e+00
     vertex  1.575000e+02 -6.592500e+01  1.595000e+00
   endloop
 endfacet
 facet normal -1.000000e+00  0.000000e+00  0.000000e+00
   outer loop
     vertex  1.575000e+02 -6.592500e+01  2.845000e+00
     vertex  1.575000e+02 -6.590149e+01  2.837361e+00
     vertex  1.575000e+02 -6.588696e+01  2.817361e+00
   endloop
 endfacet
 facet normal -1.000000e+00  0.000000e+00  0.000000e+00
   outer loop
     vertex  1.575000e+02 -6.713500e+01  1.635000e+00
     vertex  1.575000e+02 -6.712736e+01  1.611489e+00
     vertex  1.575000e+02 -6.713304e+01  1.622639e+00
   endloop
 endfacet
 facet normal -1.000000e+00  0.000000e+00  0.000000e+00
   outer loop
     vertex  1.575000e+02 -6.713500e+01  1.635000e+00
     vertex  1.575000e+02 -6.711851e+01  1.602639e+00
     vertex  1.575000e+02 -6.712736e+01  1.611489e+00
   endloop
 endfacet
 facet normal -1.000000e+00  0.000000e+00  0.000000e+00
   outer loop
     vertex  1.575000e+02 -6.713500e+01  1.635000e+00
     vertex  1.575000e+02 -6.710736e+01  1.596958e+00
     vertex  1.575000e+02 -6.711851e+01  1.602639e+00
   endloop
 endfacet
 facet normal -1.000000e+00  0.000000e+00  0.000000e+00
   outer loop
     vertex  1.575000e+02 -6.713500e+01  1.635000e+00
     vertex  1.575000e+02 -6.709500e+01  1.595000e+00
     vertex  1.575000e+02 -6.710736e+01  1.596958e+00
   endloop
 endfacet
 facet normal -1.000000e+00  0.000000e+00  0.000000e+00
   outer loop
     vertex  1.575000e+02 -6.709500e+01  2.845000e+00
     vertex  1.575000e+02 -6.713500e+01  1.635000e+00
     vertex  1.575000e+02 -6.713500e+01  2.805000e+00
   endloop
 endfacet
 facet normal -1.000000e+00  0.000000e+00  0.000000e+00
   outer loop
     vertex  1.575000e+02 -6.709500e+01  2.845000e+00
     vertex  1.575000e+02 -6.592500e+01  1.595000e+00
     vertex  1.575000e+02 -6.709500e+01  1.595000e+00
   endloop
 endfacet
 facet normal -1.000000e+00  0.000000e+00 -0.000000e+00
   outer loop
     vertex  1.575000e+02 -6.709500e+01  2.845000e+00
     vertex  1.575000e+02 -6.709500e+01  1.595000e+00
     vertex  1.575000e+02 -6.713500e+01  1.635000e+00
   endloop
 endfacet
 facet normal -1.000000e+00  0.000000e+00  0.000000e+00
   outer loop
     vertex  1.575000e+02 -6.709500e+01  2.845000e+00
     vertex  1.575000e+02 -6.592500e+01  2.845000e+00
     vertex  1.575000e+02 -6.592500e+01  1.595000e+00
   endloop
 endfacet
 facet normal -1.000000e+00  0.000000e+00 -0.000000e+00
   outer loop
     vertex  1.575000e+02 -6.713304e+01  2.817361e+00
     vertex  1.575000e+02 -6.709500e+01  2.845000e+00
     vertex  1.575000e+02 -6.713500e+01  2.805000e+00
   endloop
 endfacet
 facet normal -1.000000e+00  0.000000e+00  0.000000e+00
   outer loop
     vertex  1.575000e+02 -6.711851e+01  2.837361e+00
     vertex  1.575000e+02 -6.710736e+01  2.843042e+00
     vertex  1.575000e+02 -6.709500e+01  2.845000e+00
   endloop
 endfacet
 facet normal -1.000000e+00  0.000000e+00 -0.000000e+00
   outer loop
     vertex  1.575000e+02 -6.712736e+01  2.828511e+00
     vertex  1.575000e+02 -6.709500e+01  2.845000e+00
     vertex  1.575000e+02 -6.713304e+01  2.817361e+00
   endloop
 endfacet
 facet normal -1.000000e+00  0.000000e+00  0.000000e+00
   outer loop
     vertex  1.575000e+02 -6.712736e+01  2.828511e+00
     vertex  1.575000e+02 -6.711851e+01  2.837361e+00
     vertex  1.575000e+02 -6.709500e+01  2.845000e+00
   endloop
 endfacet
 facet normal  0.000000e+00 -1.000000e+00 -0.000000e+00
   outer loop
     vertex  1.579000e+02 -6.713500e+01  2.805000e+00
     vertex  1.575000e+02 -6.713500e+01  1.635000e+00
     vertex  1.579000e+02 -6.713500e+01  1.635000e+00
   endloop
 endfacet
 facet normal -0.000000e+00 -1.000000e+00  0.000000e+00
   outer loop
     vertex  1.579000e+02 -6.713500e+01  2.805000e+00
     vertex  1.575000e+02 -6.713500e+01  2.805000e+00
     vertex  1.575000e+02 -6.713500e+01  1.635000e+00
   endloop
 endfacet
 facet normal -0.000000e+00 -9.876883e-01 -1.564345e-01
   outer loop
     vertex  1.579000e+02 -6.713304e+01  1.622639e+00
     vertex  1.575000e+02 -6.713500e+01  1.635000e+00
     vertex  1.575000e+02 -6.713304e+01  1.622639e+00
   endloop
 endfacet
 facet normal  0.000000e+00 -9.876883e-01 -1.564345e-01
   outer loop
     vertex  1.579000e+02 -6.713304e+01  1.622639e+00
     vertex  1.579000e+02 -6.713500e+01  1.635000e+00
     vertex  1.575000e+02 -6.713500e+01  1.635000e+00
   endloop
 endfacet
 facet normal -0.000000e+00 -8.910065e-01 -4.539905e-01
   outer loop
     vertex  1.579000e+02 -6.712736e+01  1.611489e+00
     vertex  1.575000e+02 -6.713304e+01  1.622639e+00
     vertex  1.575000e+02 -6.712736e+01  1.611489e+00
   endloop
 endfacet
 facet normal  0.000000e+00 -8.910065e-01 -4.539905e-01
   outer loop
     vertex  1.579000e+02 -6.712736e+01  1.611489e+00
     vertex  1.579000e+02 -6.713304e+01  1.622639e+00
     vertex  1.575000e+02 -6.713304e+01  1.622639e+00
   endloop
 endfacet
 facet normal -0.000000e+00 -7.071068e-01 -7.071068e-01
   outer loop
     vertex  1.579000e+02 -6.711851e+01  1.602639e+00
     vertex  1.575000e+02 -6.712736e+01  1.611489e+00
     vertex  1.575000e+02 -6.711851e+01  1.602639e+00
   endloop
 endfacet
 facet normal  0.000000e+00 -7.071068e-01 -7.071068e-01
   outer loop
     vertex  1.579000e+02 -6.711851e+01  1.602639e+00
     vertex  1.579000e+02 -6.712736e+01  1.611489e+00
     vertex  1.575000e+02 -6.712736e+01  1.611489e+00
   endloop
 endfacet
 facet normal -0.000000e+00 -4.539905e-01 -8.910065e-01
   outer loop
     vertex  1.579000e+02 -6.710736e+01  1.596958e+00
     vertex  1.575000e+02 -6.711851e+01  1.602639e+00
     vertex  1.575000e+02 -6.710736e+01  1.596958e+00
   endloop
 endfacet
 facet normal  0.000000e+00 -4.539905e-01 -8.910065e-01
   outer loop
     vertex  1.579000e+02 -6.710736e+01  1.596958e+00
     vertex  1.579000e+02 -6.711851e+01  1.602639e+00
     vertex  1.575000e+02 -6.711851e+01  1.602639e+00
   endloop
 endfacet
 facet normal -0.000000e+00 -1.564345e-01 -9.876883e-01
   outer loop
     vertex  1.579000e+02 -6.709500e+01  1.595000e+00
     vertex  1.575000e+02 -6.710736e+01  1.596958e+00
     vertex  1.575000e+02 -6.709500e+01  1.595000e+00
   endloop
 endfacet
 facet normal  0.000000e+00 -1.564345e-01 -9.876883e-01
   outer loop
     vertex  1.579000e+02 -6.709500e+01  1.595000e+00
     vertex  1.579000e+02 -6.710736e+01  1.596958e+00
     vertex  1.575000e+02 -6.710736e+01  1.596958e+00
   endloop
 endfacet
 facet normal  0.000000e+00 -1.564345e-01  9.876883e-01
   outer loop
     vertex  1.579000e+02 -6.710736e+01  2.843042e+00
     vertex  1.579000e+02 -6.709500e+01  2.845000e+00
     vertex  1.575000e+02 -6.709500e+01  2.845000e+00
   endloop
 endfacet
 facet normal  0.000000e+00 -1.564345e-01  9.876883e-01
   outer loop
     vertex  1.579000e+02 -6.710736e+01  2.843042e+00
     vertex  1.575000e+02 -6.709500e+01  2.845000e+00
     vertex  1.575000e+02 -6.710736e+01  2.843042e+00
   endloop
 endfacet
 facet normal  0.000000e+00 -4.539905e-01  8.910065e-01
   outer loop
     vertex  1.579000e+02 -6.711851e+01  2.837361e+00
     vertex  1.575000e+02 -6.710736e+01  2.843042e+00
     vertex  1.575000e+02 -6.711851e+01  2.837361e+00
   endloop
 endfacet
 facet normal  0.000000e+00 -4.539905e-01  8.910065e-01
   outer loop
     vertex  1.579000e+02 -6.711851e+01  2.837361e+00
     vertex  1.579000e+02 -6.710736e+01  2.843042e+00
     vertex  1.575000e+02 -6.710736e+01  2.843042e+00
   endloop
 endfacet
 facet normal  0.000000e+00 -7.071068e-01  7.071068e-01
   outer loop
     vertex  1.579000e+02 -6.712736e+01  2.828511e+00
     vertex  1.575000e+02 -6.711851e+01  2.837361e+00
     vertex  1.575000e+02 -6.712736e+01  2.828511e+00
   endloop
 endfacet
 facet normal  0.000000e+00 -7.071068e-01  7.071068e-01
   outer loop
     vertex  1.579000e+02 -6.712736e+01  2.828511e+00
     vertex  1.579000e+02 -6.711851e+01  2.837361e+00
     vertex  1.575000e+02 -6.711851e+01  2.837361e+00
   endloop
 endfacet
 facet normal  0.000000e+00 -8.910065e-01  4.539905e-01
   outer loop
     vertex  1.579000e+02 -6.713304e+01  2.817361e+00
     vertex  1.575000e+02 -6.712736e+01  2.828511e+00
     vertex  1.575000e+02 -6.713304e+01  2.817361e+00
   endloop
 endfacet
 facet normal  0.000000e+00 -8.910065e-01  4.539905e-01
   outer loop
     vertex  1.579000e+02 -6.713304e+01  2.817361e+00
     vertex  1.579000e+02 -6.712736e+01  2.828511e+00
     vertex  1.575000e+02 -6.712736e+01  2.828511e+00
   endloop
 endfacet
 facet normal  0.000000e+00 -9.876883e-01  1.564345e-01
   outer loop
     vertex  1.579000e+02 -6.713500e+01  2.805000e+00
     vertex  1.575000e+02 -6.713304e+01  2.817361e+00
     vertex  1.575000e+02 -6.713500e+01  2.805000e+00
   endloop
 endfacet
 facet normal  0.000000e+00 -9.876883e-01  1.564345e-01
   outer loop
     vertex  1.579000e+02 -6.713500e+01  2.805000e+00
     vertex  1.579000e+02 -6.713304e+01  2.817361e+00
     vertex  1.575000e+02 -6.713304e+01  2.817361e+00
   endloop
 endfacet
 facet normal -0.000000e+00  0.000000e+00 -1.000000e+00
   outer loop
     vertex  1.579000e+02 -6.592500e+01  1.595000e+00
     vertex  1.575000e+02 -6.709500e+01  1.595000e+00
     vertex  1.575000e+02 -6.592500e+01  1.595000e+00
   endloop
 endfacet
 facet normal  0.000000e+00 -0.000000e+00 -1.000000e+00
   outer loop
     vertex  1.579000e+02 -6.592500e+01  1.595000e+00
     vertex  1.579000e+02 -6.709500e+01  1.595000e+00
     vertex  1.575000e+02 -6.709500e+01  1.595000e+00
   endloop
 endfacet
 facet normal  0.000000e+00  0.000000e+00  1.000000e+00
   outer loop
     vertex  1.579000e+02 -6.592500e+01  2.845000e+00
     vertex  1.575000e+02 -6.592500e+01  2.845000e+00
     vertex  1.575000e+02 -6.709500e+01  2.845000e+00
   endloop
 endfacet
 facet normal  0.000000e+00  0.000000e+00  1.000000e+00
   outer loop
     vertex  1.579000e+02 -6.592500e+01  2.845000e+00
     vertex  1.575000e+02 -6.709500e+01  2.845000e+00
     vertex  1.579000e+02 -6.709500e+01  2.845000e+00
   endloop
 endfacet
 facet normal  0.000000e+00  1.564345e-01 -9.876883e-01
   outer loop
     vertex  1.579000e+02 -6.591264e+01  1.596958e+00
     vertex  1.579000e+02 -6.592500e+01  1.595000e+00
     vertex  1.575000e+02 -6.592500e+01  1.595000e+00
   endloop
 endfacet
 facet normal  0.000000e+00  1.564345e-01 -9.876883e-01
   outer loop
     vertex  1.579000e+02 -6.591264e+01  1.596958e+00
     vertex  1.575000e+02 -6.592500e+01  1.595000e+00
     vertex  1.575000e+02 -6.591264e+01  1.596958e+00
   endloop
 endfacet
 facet normal  0.000000e+00  4.539905e-01 -8.910065e-01
   outer loop
     vertex  1.579000e+02 -6.590149e+01  1.602639e+00
     vertex  1.575000e+02 -6.591264e+01  1.596958e+00
     vertex  1.575000e+02 -6.590149e+01  1.602639e+00
   endloop
 endfacet
 facet normal  0.000000e+00  4.539905e-01 -8.910065e-01
   outer loop
     vertex  1.579000e+02 -6.590149e+01  1.602639e+00
     vertex  1.579000e+02 -6.591264e+01  1.596958e+00
     vertex  1.575000e+02 -6.591264e+01  1.596958e+00
   endloop
 endfacet
 facet normal  0.000000e+00  7.071068e-01 -7.071068e-01
   outer loop
     vertex  1.579000e+02 -6.589264e+01  1.611489e+00
     vertex  1.575000e+02 -6.590149e+01  1.602639e+00
     vertex  1.575000e+02 -6.589264e+01  1.611489e+00
   endloop
 endfacet
 facet normal  0.000000e+00  7.071068e-01 -7.071068e-01
   outer loop
     vertex  1.579000e+02 -6.589264e+01  1.611489e+00
     vertex  1.579000e+02 -6.590149e+01  1.602639e+00
     vertex  1.575000e+02 -6.590149e+01  1.602639e+00
   endloop
 endfacet
 facet normal  0.000000e+00  8.910065e-01 -4.539905e-01
   outer loop
     vertex  1.579000e+02 -6.588696e+01  1.622639e+00
     vertex  1.575000e+02 -6.589264e+01  1.611489e+00
     vertex  1.575000e+02 -6.588696e+01  1.622639e+00
   endloop
 endfacet
 facet normal  0.000000e+00  8.910065e-01 -4.539905e-01
   outer loop
     vertex  1.579000e+02 -6.588696e+01  1.622639e+00
     vertex  1.579000e+02 -6.589264e+01  1.611489e+00
     vertex  1.575000e+02 -6.589264e+01  1.611489e+00
   endloop
 endfacet
 facet normal  0.000000e+00  9.876883e-01 -1.564345e-01
   outer loop
     vertex  1.579000e+02 -6.588500e+01  1.635000e+00
     vertex  1.575000e+02 -6.588696e+01  1.622639e+00
     vertex  1.575000e+02 -6.588500e+01  1.635000e+00
   endloop
 endfacet
 facet normal  0.000000e+00  9.876883e-01 -1.564345e-01
   outer loop
     vertex  1.579000e+02 -6.588500e+01  1.635000e+00
     vertex  1.579000e+02 -6.588696e+01  1.622639e+00
     vertex  1.575000e+02 -6.588696e+01  1.622639e+00
   endloop
 endfacet
 facet normal  0.000000e+00  9.876883e-01  1.564345e-01
   outer loop
     vertex  1.579000e+02 -6.588696e+01  2.817361e+00
     vertex  1.575000e+02 -6.588500e+01  2.805000e+00
     vertex  1.575000e+02 -6.588696e+01  2.817361e+00
   endloop
 endfacet
 facet normal  0.000000e+00  9.876883e-01  1.564345e-01
   outer loop
     vertex  1.579000e+02 -6.588696e+01  2.817361e+00
     vertex  1.579000e+02 -6.588500e+01  2.805000e+00
     vertex  1.575000e+02 -6.588500e+01  2.805000e+00
   endloop
 endfacet
 facet normal  0.000000e+00  8.910065e-01  4.539905e-01
   outer loop
     vertex  1.579000e+02 -6.589264e+01  2.828511e+00
     vertex  1.575000e+02 -6.588696e+01  2.817361e+00
     vertex  1.575000e+02 -6.589264e+01  2.828511e+00
   endloop
 endfacet
 facet normal  0.000000e+00  8.910065e-01  4.539905e-01
   outer loop
     vertex  1.579000e+02 -6.589264e+01  2.828511e+00
     vertex  1.579000e+02 -6.588696e+01  2.817361e+00
     vertex  1.575000e+02 -6.588696e+01  2.817361e+00
   endloop
 endfacet
 facet normal  0.000000e+00  7.071068e-01  7.071068e-01
   outer loop
     vertex  1.579000e+02 -6.590149e+01  2.837361e+00
     vertex  1.575000e+02 -6.589264e+01  2.828511e+00
     vertex  1.575000e+02 -6.590149e+01  2.837361e+00
   endloop
 endfacet
 facet normal  0.000000e+00  7.071068e-01  7.071068e-01
   outer loop
     vertex  1.579000e+02 -6.590149e+01  2.837361e+00
     vertex  1.579000e+02 -6.589264e+01  2.828511e+00
     vertex  1.575000e+02 -6.589264e+01  2.828511e+00
   endloop
 endfacet
 facet normal  0.000000e+00  4.539905e-01  8.910065e-01
   outer loop
     vertex  1.579000e+02 -6.591264e+01  2.843042e+00
     vertex  1.575000e+02 -6.590149e+01  2.837361e+00
     vertex  1.575000e+02 -6.591264e+01  2.843042e+00
   endloop
 endfacet
 facet normal  0.000000e+00  4.539905e-01  8.910065e-01
   outer loop
     vertex  1.579000e+02 -6.591264e+01  2.843042e+00
     vertex  1.579000e+02 -6.590149e+01  2.837361e+00
     vertex  1.575000e+02 -6.590149e+01  2.837361e+00
   endloop
 endfacet
 facet normal  0.000000e+00  1.564345e-01  9.876883e-01
   outer loop
     vertex  1.579000e+02 -6.592500e+01  2.845000e+00
     vertex  1.575000e+02 -6.591264e+01  2.843042e+00
     vertex  1.575000e+02 -6.592500e+01  2.845000e+00
   endloop
 endfacet
 facet normal  0.000000e+00  1.564345e-01  9.876883e-01
   outer loop
     vertex  1.579000e+02 -6.592500e+01  2.845000e+00
     vertex  1.579000e+02 -6.591264e+01  2.843042e+00
     vertex  1.575000e+02 -6.591264e+01  2.843042e+00
   endloop
 endfacet
 facet normal  0.000000e+00  1.000000e+00  0.000000e+00
   outer loop
     vertex  1.579000e+02 -6.588500e+01  2.805000e+00
     vertex  1.579000e+02 -6.588500e+01  1.635000e+00
     vertex  1.575000e+02 -6.588500e+01  1.635000e+00
   endloop
 endfacet
 facet normal  0.000000e+00  1.000000e+00  0.000000e+00
   outer loop
     vertex  1.579000e+02 -6.588500e+01  2.805000e+00
     vertex  1.575000e+02 -6.588500e+01  1.635000e+00
     vertex  1.575000e+02 -6.588500e+01  2.805000e+00
   endloop
 endfacet
 facet normal  1.000000e+00  0.000000e+00  0.000000e+00
   outer loop
     vertex  1.579000e+02 -6.594149e+01  1.642639e+00
     vertex  1.579000e+02 -6.591264e+01  1.596958e+00
     vertex  1.579000e+02 -6.590149e+01  1.602639e+00
   endloop
 endfacet
 facet normal  1.000000e+00  0.000000e+00  0.000000e+00
   outer loop
     vertex  1.579000e+02 -6.594149e+01  1.642639e+00
     vertex  1.579000e+02 -6.592500e+01  1.595000e+00
     vertex  1.579000e+02 -6.591264e+01  1.596958e+00
   endloop
 endfacet
 facet normal  1.000000e+00  0.000000e+00  0.000000e+00
   outer loop
     vertex  1.579000e+02 -6.593264e+01  1.651489e+00
     vertex  1.579000e+02 -6.588696e+01  1.622639e+00
     vertex  1.579000e+02 -6.588500e+01  1.635000e+00
   endloop
 endfacet
 facet normal  1.000000e+00  0.000000e+00  0.000000e+00
   outer loop
     vertex  1.579000e+02 -6.593264e+01  1.651489e+00
     vertex  1.579000e+02 -6.589264e+01  1.611489e+00
     vertex  1.579000e+02 -6.588696e+01  1.622639e+00
   endloop
 endfacet
 facet normal  1.000000e+00  0.000000e+00  0.000000e+00
   outer loop
     vertex  1.579000e+02 -6.593264e+01  1.651489e+00
     vertex  1.579000e+02 -6.590149e+01  1.602639e+00
     vertex  1.579000e+02 -6.589264e+01  1.611489e+00
   endloop
 endfacet
 facet normal  1.000000e+00  0.000000e+00  0.000000e+00
   outer loop
     vertex  1.579000e+02 -6.593264e+01  1.651489e+00
     vertex  1.579000e+02 -6.594149e+01  1.642639e+00
     vertex  1.579000e+02 -6.590149e+01  1.602639e+00
   endloop
 endfacet
 facet normal  1.000000e+00 -0.000000e+00  0.000000e+00
   outer loop
     vertex  1.579000e+02 -6.595264e+01  1.636958e+00
     vertex  1.579000e+02 -6.592500e+01  1.595000e+00
     vertex  1.579000e+02 -6.594149e+01  1.642639e+00
   endloop
 endfacet
 facet normal  1.000000e+00  0.000000e+00  0.000000e+00
   outer loop
     vertex  1.579000e+02 -6.592696e+01  1.662639e+00
     vertex  1.579000e+02 -6.593264e+01  1.651489e+00
     vertex  1.579000e+02 -6.588500e+01  1.635000e+00
   endloop
 endfacet
 facet normal  1.000000e+00  0.000000e+00  0.000000e+00
   outer loop
     vertex  1.579000e+02 -6.592500e+01  1.675000e+00
     vertex  1.579000e+02 -6.592696e+01  1.662639e+00
     vertex  1.579000e+02 -6.588500e+01  1.635000e+00
   endloop
 endfacet
 facet normal  1.000000e+00 -0.000000e+00  0.000000e+00
   outer loop
     vertex  1.579000e+02 -6.596500e+01  1.635000e+00
     vertex  1.579000e+02 -6.592500e+01  1.595000e+00
     vertex  1.579000e+02 -6.595264e+01  1.636958e+00
   endloop
 endfacet
 facet normal  1.000000e+00  0.000000e+00  0.000000e+00
   outer loop
     vertex  1.579000e+02 -6.588500e+01  2.805000e+00
     vertex  1.579000e+02 -6.592500e+01  2.765000e+00
     vertex  1.579000e+02 -6.592500e+01  1.675000e+00
   endloop
 endfacet
 facet normal  1.000000e+00  0.000000e+00  0.000000e+00
   outer loop
     vertex  1.579000e+02 -6.588500e+01  2.805000e+00
     vertex  1.579000e+02 -6.592500e+01  1.675000e+00
     vertex  1.579000e+02 -6.588500e+01  1.635000e+00
   endloop
 endfacet
 facet normal  1.000000e+00  0.000000e+00  0.000000e+00
   outer loop
     vertex  1.579000e+02 -6.709500e+01  1.595000e+00
     vertex  1.579000e+02 -6.596500e+01  1.635000e+00
     vertex  1.579000e+02 -6.705500e+01  1.635000e+00
   endloop
 endfacet
 facet normal  1.000000e+00  0.000000e+00  0.000000e+00
   outer loop
     vertex  1.579000e+02 -6.709500e+01  1.595000e+00
     vertex  1.579000e+02 -6.592500e+01  1.595000e+00
     vertex  1.579000e+02 -6.596500e+01  1.635000e+00
   endloop
 endfacet
 facet normal  1.000000e+00 -0.000000e+00  0.000000e+00
   outer loop
     vertex  1.579000e+02 -6.592696e+01  2.777361e+00
     vertex  1.579000e+02 -6.592500e+01  2.765000e+00
     vertex  1.579000e+02 -6.588500e+01  2.805000e+00
   endloop
 endfacet
 facet normal  1.000000e+00  0.000000e+00  0.000000e+00
   outer loop
     vertex  1.579000e+02 -6.706736e+01  1.636958e+00
     vertex  1.579000e+02 -6.709500e+01  1.595000e+00
     vertex  1.579000e+02 -6.705500e+01  1.635000e+00
   endloop
 endfacet
 facet normal  1.000000e+00  0.000000e+00  0.000000e+00
   outer loop
     vertex  1.579000e+02 -6.593264e+01  2.788511e+00
     vertex  1.579000e+02 -6.588500e+01  2.805000e+00
     vertex  1.579000e+02 -6.588696e+01  2.817361e+00
   endloop
 endfacet
 facet normal  1.000000e+00 -0.000000e+00  0.000000e+00
   outer loop
     vertex  1.579000e+02 -6.593264e+01  2.788511e+00
     vertex  1.579000e+02 -6.592696e+01  2.777361e+00
     vertex  1.579000e+02 -6.588500e+01  2.805000e+00
   endloop
 endfacet
 facet normal  1.000000e+00  0.000000e+00  0.000000e+00
   outer loop
     vertex  1.579000e+02 -6.589264e+01  2.828511e+00
     vertex  1.579000e+02 -6.593264e+01  2.788511e+00
     vertex  1.579000e+02 -6.588696e+01  2.817361e+00
   endloop
 endfacet
 facet normal  1.000000e+00  0.000000e+00  0.000000e+00
   outer loop
     vertex  1.579000e+02 -6.707851e+01  1.642639e+00
     vertex  1.579000e+02 -6.711851e+01  1.602639e+00
     vertex  1.579000e+02 -6.710736e+01  1.596958e+00
   endloop
 endfacet
 facet normal  1.000000e+00  0.000000e+00  0.000000e+00
   outer loop
     vertex  1.579000e+02 -6.707851e+01  1.642639e+00
     vertex  1.579000e+02 -6.710736e+01  1.596958e+00
     vertex  1.579000e+02 -6.709500e+01  1.595000e+00
   endloop
 endfacet
 facet normal  1.000000e+00  0.000000e+00  0.000000e+00
   outer loop
     vertex  1.579000e+02 -6.707851e+01  1.642639e+00
     vertex  1.579000e+02 -6.709500e+01  1.595000e+00
     vertex  1.579000e+02 -6.706736e+01  1.636958e+00
   endloop
 endfacet
 facet normal  1.000000e+00  0.000000e+00  0.000000e+00
   outer loop
     vertex  1.579000e+02 -6.708736e+01  1.651489e+00
     vertex  1.579000e+02 -6.711851e+01  1.602639e+00
     vertex  1.579000e+02 -6.707851e+01  1.642639e+00
   endloop
 endfacet
 facet normal  1.000000e+00  0.000000e+00  0.000000e+00
   outer loop
     vertex  1.579000e+02 -6.590149e+01  2.837361e+00
     vertex  1.579000e+02 -6.594149e+01  2.797361e+00
     vertex  1.579000e+02 -6.593264e+01  2.788511e+00
   endloop
 endfacet
 facet normal  1.000000e+00  0.000000e+00  0.000000e+00
   outer loop
     vertex  1.579000e+02 -6.590149e+01  2.837361e+00
     vertex  1.579000e+02 -6.593264e+01  2.788511e+00
     vertex  1.579000e+02 -6.589264e+01  2.828511e+00
   endloop
 endfacet
 facet normal  1.000000e+00 -0.000000e+00  0.000000e+00
   outer loop
     vertex  1.579000e+02 -6.712736e+01  1.611489e+00
     vertex  1.579000e+02 -6.711851e+01  1.602639e+00
     vertex  1.579000e+02 -6.708736e+01  1.651489e+00
   endloop
 endfacet
 facet normal  1.000000e+00 -0.000000e+00  0.000000e+00
   outer loop
     vertex  1.579000e+02 -6.713304e+01  1.622639e+00
     vertex  1.579000e+02 -6.712736e+01  1.611489e+00
     vertex  1.579000e+02 -6.708736e+01  1.651489e+00
   endloop
 endfacet
 facet normal  1.000000e+00  0.000000e+00  0.000000e+00
   outer loop
     vertex  1.579000e+02 -6.591264e+01  2.843042e+00
     vertex  1.579000e+02 -6.594149e+01  2.797361e+00
     vertex  1.579000e+02 -6.590149e+01  2.837361e+00
   endloop
 endfacet
 facet normal  1.000000e+00  0.000000e+00  0.000000e+00
   outer loop
     vertex  1.579000e+02 -6.592500e+01  2.845000e+00
     vertex  1.579000e+02 -6.595264e+01  2.803042e+00
     vertex  1.579000e+02 -6.594149e+01  2.797361e+00
   endloop
 endfacet
 facet normal  1.000000e+00  0.000000e+00  0.000000e+00
   outer loop
     vertex  1.579000e+02 -6.592500e+01  2.845000e+00
     vertex  1.579000e+02 -6.594149e+01  2.797361e+00
     vertex  1.579000e+02 -6.591264e+01  2.843042e+00
   endloop
 endfacet
 facet normal  1.000000e+00 -0.000000e+00  0.000000e+00
   outer loop
     vertex  1.579000e+02 -6.596500e+01  2.805000e+00
     vertex  1.579000e+02 -6.595264e+01  2.803042e+00
     vertex  1.579000e+02 -6.592500e+01  2.845000e+00
   endloop
 endfacet
 facet normal  1.000000e+00 -0.000000e+00  0.000000e+00
   outer loop
     vertex  1.579000e+02 -6.713500e+01  1.635000e+00
     vertex  1.579000e+02 -6.713304e+01  1.622639e+00
     vertex  1.579000e+02 -6.708736e+01  1.651489e+00
   endloop
 endfacet
 facet normal  1.000000e+00  0.000000e+00  0.000000e+00
   outer loop
     vertex  1.579000e+02 -6.713500e+01  1.635000e+00
     vertex  1.579000e+02 -6.709304e+01  1.662639e+00
     vertex  1.579000e+02 -6.709500e+01  1.675000e+00
   endloop
 endfacet
 facet normal  1.000000e+00  0.000000e+00  0.000000e+00
   outer loop
     vertex  1.579000e+02 -6.713500e+01  1.635000e+00
     vertex  1.579000e+02 -6.708736e+01  1.651489e+00
     vertex  1.579000e+02 -6.709304e+01  1.662639e+00
   endloop
 endfacet
 facet normal  1.000000e+00  0.000000e+00  0.000000e+00
   outer loop
     vertex  1.579000e+02 -6.713500e+01  2.805000e+00
     vertex  1.579000e+02 -6.709500e+01  2.765000e+00
     vertex  1.579000e+02 -6.709304e+01  2.777361e+00
   endloop
 endfacet
 facet normal  1.000000e+00  0.000000e+00  0.000000e+00
   outer loop
     vertex  1.579000e+02 -6.713500e+01  2.805000e+00
     vertex  1.579000e+02 -6.709304e+01  2.777361e+00
     vertex  1.579000e+02 -6.708736e+01  2.788511e+00
   endloop
 endfacet
 facet normal  1.000000e+00  0.000000e+00  0.000000e+00
   outer loop
     vertex  1.579000e+02 -6.709500e+01  2.845000e+00
     vertex  1.579000e+02 -6.707851e+01  2.797361e+00
     vertex  1.579000e+02 -6.706736e+01  2.803042e+00
   endloop
 endfacet
 facet normal  1.000000e+00  0.000000e+00  0.000000e+00
   outer loop
     vertex  1.579000e+02 -6.709500e+01  2.845000e+00
     vertex  1.579000e+02 -6.706736e+01  2.803042e+00
     vertex  1.579000e+02 -6.705500e+01  2.805000e+00
   endloop
 endfacet
 facet normal  1.000000e+00  0.000000e+00  0.000000e+00
   outer loop
     vertex  1.579000e+02 -6.709500e+01  2.845000e+00
     vertex  1.579000e+02 -6.705500e+01  2.805000e+00
     vertex  1.579000e+02 -6.596500e+01  2.805000e+00
   endloop
 endfacet
 facet normal  1.000000e+00 -0.000000e+00  0.000000e+00
   outer loop
     vertex  1.579000e+02 -6.709500e+01  2.845000e+00
     vertex  1.579000e+02 -6.596500e+01  2.805000e+00
     vertex  1.579000e+02 -6.592500e+01  2.845000e+00
   endloop
 endfacet
 facet normal  1.000000e+00 -0.000000e+00  0.000000e+00
   outer loop
     vertex  1.579000e+02 -6.710736e+01  2.843042e+00
     vertex  1.579000e+02 -6.707851e+01  2.797361e+00
     vertex  1.579000e+02 -6.709500e+01  2.845000e+00
   endloop
 endfacet
 facet normal  1.000000e+00  0.000000e+00  0.000000e+00
   outer loop
     vertex  1.579000e+02 -6.713304e+01  2.817361e+00
     vertex  1.579000e+02 -6.713500e+01  2.805000e+00
     vertex  1.579000e+02 -6.708736e+01  2.788511e+00
   endloop
 endfacet
 facet normal  1.000000e+00 -0.000000e+00  0.000000e+00
   outer loop
     vertex  1.579000e+02 -6.711851e+01  2.837361e+00
     vertex  1.579000e+02 -6.707851e+01  2.797361e+00
     vertex  1.579000e+02 -6.710736e+01  2.843042e+00
   endloop
 endfacet
 facet normal  1.000000e+00  0.000000e+00  0.000000e+00
   outer loop
     vertex  1.579000e+02 -6.711851e+01  2.837361e+00
     vertex  1.579000e+02 -6.708736e+01  2.788511e+00
     vertex  1.579000e+02 -6.707851e+01  2.797361e+00
   endloop
 endfacet
 facet normal  1.000000e+00 -0.000000e+00  0.000000e+00
   outer loop
     vertex  1.579000e+02 -6.712736e+01  2.828511e+00
     vertex  1.579000e+02 -6.708736e+01  2.788511e+00
     vertex  1.579000e+02 -6.711851e+01  2.837361e+00
   endloop
 endfacet
 facet normal  1.000000e+00  0.000000e+00  0.000000e+00
   outer loop
     vertex  1.579000e+02 -6.712736e+01  2.828511e+00
     vertex  1.579000e+02 -6.713304e+01  2.817361e+00
     vertex  1.579000e+02 -6.708736e+01  2.788511e+00
   endloop
 endfacet
 facet normal  1.000000e+00  0.000000e+00  0.000000e+00
   outer loop
     vertex  1.579000e+02 -6.713500e+01  2.805000e+00
     vertex  1.579000e+02 -6.713500e+01  1.635000e+00
     vertex  1.579000e+02 -6.709500e+01  1.675000e+00
   endloop
 endfacet
 facet normal  1.000000e+00  0.000000e+00  0.000000e+00
   outer loop
     vertex  1.579000e+02 -6.713500e+01  2.805000e+00
     vertex  1.579000e+02 -6.709500e+01  1.675000e+00
     vertex  1.579000e+02 -6.709500e+01  2.765000e+00
   endloop
 endfacet
 facet normal -0.000000e+00 -9.876883e-01 -1.564345e-01
   outer loop
     vertex  1.591000e+02 -6.709304e+01  1.662639e+00
     vertex  1.579000e+02 -6.709500e+01  1.675000e+00
     vertex  1.579000e+02 -6.709304e+01  1.662639e+00
   endloop
 endfacet
 facet normal  0.000000e+00 -9.876883e-01 -1.564345e-01
   outer loop
     vertex  1.591000e+02 -6.709304e+01  1.662639e+00
     vertex  1.591000e+02 -6.709500e+01  1.675000e+00
     vertex  1.579000e+02 -6.709500e+01  1.675000e+00
   endloop
 endfacet
 facet normal -0.000000e+00 -8.910065e-01 -4.539905e-01
   outer loop
     vertex  1.591000e+02 -6.708736e+01  1.651489e+00
     vertex  1.579000e+02 -6.709304e+01  1.662639e+00
     vertex  1.579000e+02 -6.708736e+01  1.651489e+00
   endloop
 endfacet
 facet normal  0.000000e+00 -8.910065e-01 -4.539905e-01
   outer loop
     vertex  1.591000e+02 -6.708736e+01  1.651489e+00
     vertex  1.591000e+02 -6.709304e+01  1.662639e+00
     vertex  1.579000e+02 -6.709304e+01  1.662639e+00
   endloop
 endfacet
 facet normal -0.000000e+00 -7.071068e-01 -7.071068e-01
   outer loop
     vertex  1.591000e+02 -6.707851e+01  1.642639e+00
     vertex  1.579000e+02 -6.708736e+01  1.651489e+00
     vertex  1.579000e+02 -6.707851e+01  1.642639e+00
   endloop
 endfacet
 facet normal  0.000000e+00 -7.071068e-01 -7.071068e-01
   outer loop
     vertex  1.591000e+02 -6.707851e+01  1.642639e+00
     vertex  1.591000e+02 -6.708736e+01  1.651489e+00
     vertex  1.579000e+02 -6.708736e+01  1.651489e+00
   endloop
 endfacet
 facet normal -0.000000e+00 -4.539905e-01 -8.910065e-01
   outer loop
     vertex  1.591000e+02 -6.706736e+01  1.636958e+00
     vertex  1.579000e+02 -6.707851e+01  1.642639e+00
     vertex  1.579000e+02 -6.706736e+01  1.636958e+00
   endloop
 endfacet
 facet normal  0.000000e+00 -4.539905e-01 -8.910065e-01
   outer loop
     vertex  1.591000e+02 -6.706736e+01  1.636958e+00
     vertex  1.591000e+02 -6.707851e+01  1.642639e+00
     vertex  1.579000e+02 -6.707851e+01  1.642639e+00
   endloop
 endfacet
 facet normal -0.000000e+00 -1.564345e-01 -9.876883e-01
   outer loop
     vertex  1.591000e+02 -6.705500e+01  1.635000e+00
     vertex  1.579000e+02 -6.706736e+01  1.636958e+00
     vertex  1.579000e+02 -6.705500e+01  1.635000e+00
   endloop
 endfacet
 facet normal  0.000000e+00 -1.564345e-01 -9.876883e-01
   outer loop
     vertex  1.591000e+02 -6.705500e+01  1.635000e+00
     vertex  1.591000e+02 -6.706736e+01  1.636958e+00
     vertex  1.579000e+02 -6.706736e+01  1.636958e+00
   endloop
 endfacet
 facet normal -0.000000e+00  0.000000e+00 -1.000000e+00
   outer loop
     vertex  1.591000e+02 -6.596500e+01  1.635000e+00
     vertex  1.579000e+02 -6.705500e+01  1.635000e+00
     vertex  1.579000e+02 -6.596500e+01  1.635000e+00
   endloop
 endfacet
 facet normal  0.000000e+00 -0.000000e+00 -1.000000e+00
   outer loop
     vertex  1.591000e+02 -6.596500e+01  1.635000e+00
     vertex  1.591000e+02 -6.705500e+01  1.635000e+00
     vertex  1.579000e+02 -6.705500e+01  1.635000e+00
   endloop
 endfacet
 facet normal  0.000000e+00  1.564345e-01 -9.876883e-01
   outer loop
     vertex  1.591000e+02 -6.595264e+01  1.636958e+00
     vertex  1.591000e+02 -6.596500e+01  1.635000e+00
     vertex  1.579000e+02 -6.596500e+01  1.635000e+00
   endloop
 endfacet
 facet normal  0.000000e+00  1.564345e-01 -9.876883e-01
   outer loop
     vertex  1.591000e+02 -6.595264e+01  1.636958e+00
     vertex  1.579000e+02 -6.596500e+01  1.635000e+00
     vertex  1.579000e+02 -6.595264e+01  1.636958e+00
   endloop
 endfacet
 facet normal  0.000000e+00  4.539905e-01 -8.910065e-01
   outer loop
     vertex  1.591000e+02 -6.594149e+01  1.642639e+00
     vertex  1.579000e+02 -6.595264e+01  1.636958e+00
     vertex  1.579000e+02 -6.594149e+01  1.642639e+00
   endloop
 endfacet
 facet normal  0.000000e+00  4.539905e-01 -8.910065e-01
   outer loop
     vertex  1.591000e+02 -6.594149e+01  1.642639e+00
     vertex  1.591000e+02 -6.595264e+01  1.636958e+00
     vertex  1.579000e+02 -6.595264e+01  1.636958e+00
   endloop
 endfacet
 facet normal  0.000000e+00  7.071068e-01 -7.071068e-01
   outer loop
     vertex  1.591000e+02 -6.593264e+01  1.651489e+00
     vertex  1.579000e+02 -6.594149e+01  1.642639e+00
     vertex  1.579000e+02 -6.593264e+01  1.651489e+00
   endloop
 endfacet
 facet normal  0.000000e+00  7.071068e-01 -7.071068e-01
   outer loop
     vertex  1.591000e+02 -6.593264e+01  1.651489e+00
     vertex  1.591000e+02 -6.594149e+01  1.642639e+00
     vertex  1.579000e+02 -6.594149e+01  1.642639e+00
   endloop
 endfacet
 facet normal  0.000000e+00  8.910065e-01 -4.539905e-01
   outer loop
     vertex  1.591000e+02 -6.592696e+01  1.662639e+00
     vertex  1.579000e+02 -6.593264e+01  1.651489e+00
     vertex  1.579000e+02 -6.592696e+01  1.662639e+00
   endloop
 endfacet
 facet normal  0.000000e+00  8.910065e-01 -4.539905e-01
   outer loop
     vertex  1.591000e+02 -6.592696e+01  1.662639e+00
     vertex  1.591000e+02 -6.593264e+01  1.651489e+00
     vertex  1.579000e+02 -6.593264e+01  1.651489e+00
   endloop
 endfacet
 facet normal  0.000000e+00  9.876883e-01 -1.564345e-01
   outer loop
     vertex  1.591000e+02 -6.592500e+01  1.675000e+00
     vertex  1.579000e+02 -6.592696e+01  1.662639e+00
     vertex  1.579000e+02 -6.592500e+01  1.675000e+00
   endloop
 endfacet
 facet normal  0.000000e+00  9.876883e-01 -1.564345e-01
   outer loop
     vertex  1.591000e+02 -6.592500e+01  1.675000e+00
     vertex  1.591000e+02 -6.592696e+01  1.662639e+00
     vertex  1.579000e+02 -6.592696e+01  1.662639e+00
   endloop
 endfacet
 facet normal  0.000000e+00  1.000000e+00  0.000000e+00
   outer loop
     vertex  1.591000e+02 -6.592500e+01  2.765000e+00
     vertex  1.591000e+02 -6.592500e+01  1.675000e+00
     vertex  1.579000e+02 -6.592500e+01  1.675000e+00
   endloop
 endfacet
 facet normal  0.000000e+00  1.000000e+00  0.000000e+00
   outer loop
     vertex  1.591000e+02 -6.592500e+01  2.765000e+00
     vertex  1.579000e+02 -6.592500e+01  1.675000e+00
     vertex  1.579000e+02 -6.592500e+01  2.765000e+00
   endloop
 endfacet
 facet normal  0.000000e+00  9.876883e-01  1.564345e-01
   outer loop
     vertex  1.591000e+02 -6.592696e+01  2.777361e+00
     vertex  1.579000e+02 -6.592500e+01  2.765000e+00
     vertex  1.579000e+02 -6.592696e+01  2.777361e+00
   endloop
 endfacet
 facet normal  0.000000e+00  9.876883e-01  1.564345e-01
   outer loop
     vertex  1.591000e+02 -6.592696e+01  2.777361e+00
     vertex  1.591000e+02 -6.592500e+01  2.765000e+00
     vertex  1.579000e+02 -6.592500e+01  2.765000e+00
   endloop
 endfacet
 facet normal  0.000000e+00  8.910065e-01  4.539905e-01
   outer loop
     vertex  1.591000e+02 -6.593264e+01  2.788511e+00
     vertex  1.579000e+02 -6.592696e+01  2.777361e+00
     vertex  1.579000e+02 -6.593264e+01  2.788511e+00
   endloop
 endfacet
 facet normal  0.000000e+00  8.910065e-01  4.539905e-01
   outer loop
     vertex  1.591000e+02 -6.593264e+01  2.788511e+00
     vertex  1.591000e+02 -6.592696e+01  2.777361e+00
     vertex  1.579000e+02 -6.592696e+01  2.777361e+00
   endloop
 endfacet
 facet normal  0.000000e+00  7.071068e-01  7.071068e-01
   outer loop
     vertex  1.591000e+02 -6.594149e+01  2.797361e+00
     vertex  1.579000e+02 -6.593264e+01  2.788511e+00
     vertex  1.579000e+02 -6.594149e+01  2.797361e+00
   endloop
 endfacet
 facet normal  0.000000e+00  7.071068e-01  7.071068e-01
   outer loop
     vertex  1.591000e+02 -6.594149e+01  2.797361e+00
     vertex  1.591000e+02 -6.593264e+01  2.788511e+00
     vertex  1.579000e+02 -6.593264e+01  2.788511e+00
   endloop
 endfacet
 facet normal  0.000000e+00  4.539905e-01  8.910065e-01
   outer loop
     vertex  1.591000e+02 -6.595264e+01  2.803042e+00
     vertex  1.579000e+02 -6.594149e+01  2.797361e+00
     vertex  1.579000e+02 -6.595264e+01  2.803042e+00
   endloop
 endfacet
 facet normal  0.000000e+00  4.539905e-01  8.910065e-01
   outer loop
     vertex  1.591000e+02 -6.595264e+01  2.803042e+00
     vertex  1.591000e+02 -6.594149e+01  2.797361e+00
     vertex  1.579000e+02 -6.594149e+01  2.797361e+00
   endloop
 endfacet
 facet normal  0.000000e+00  1.564345e-01  9.876883e-01
   outer loop
     vertex  1.591000e+02 -6.596500e+01  2.805000e+00
     vertex  1.579000e+02 -6.595264e+01  2.803042e+00
     vertex  1.579000e+02 -6.596500e+01  2.805000e+00
   endloop
 endfacet
 facet normal  0.000000e+00  1.564345e-01  9.876883e-01
   outer loop
     vertex  1.591000e+02 -6.596500e+01  2.805000e+00
     vertex  1.591000e+02 -6.595264e+01  2.803042e+00
     vertex  1.579000e+02 -6.595264e+01  2.803042e+00
   endloop
 endfacet
 facet normal  0.000000e+00  0.000000e+00  1.000000e+00
   outer loop
     vertex  1.591000e+02 -6.596500e+01  2.805000e+00
     vertex  1.579000e+02 -6.596500e+01  2.805000e+00
     vertex  1.579000e+02 -6.705500e+01  2.805000e+00
   endloop
 endfacet
 facet normal  0.000000e+00  0.000000e+00  1.000000e+00
   outer loop
     vertex  1.591000e+02 -6.596500e+01  2.805000e+00
     vertex  1.579000e+02 -6.705500e+01  2.805000e+00
     vertex  1.591000e+02 -6.705500e+01  2.805000e+00
   endloop
 endfacet
 facet normal  0.000000e+00 -1.564345e-01  9.876883e-01
   outer loop
     vertex  1.591000e+02 -6.706736e+01  2.803042e+00
     vertex  1.591000e+02 -6.705500e+01  2.805000e+00
     vertex  1.579000e+02 -6.705500e+01  2.805000e+00
   endloop
 endfacet
 facet normal  0.000000e+00 -1.564345e-01  9.876883e-01
   outer loop
     vertex  1.591000e+02 -6.706736e+01  2.803042e+00
     vertex  1.579000e+02 -6.705500e+01  2.805000e+00
     vertex  1.579000e+02 -6.706736e+01  2.803042e+00
   endloop
 endfacet
 facet normal  0.000000e+00 -4.539905e-01  8.910065e-01
   outer loop
     vertex  1.591000e+02 -6.707851e+01  2.797361e+00
     vertex  1.579000e+02 -6.706736e+01  2.803042e+00
     vertex  1.579000e+02 -6.707851e+01  2.797361e+00
   endloop
 endfacet
 facet normal  0.000000e+00 -4.539905e-01  8.910065e-01
   outer loop
     vertex  1.591000e+02 -6.707851e+01  2.797361e+00
     vertex  1.591000e+02 -6.706736e+01  2.803042e+00
     vertex  1.579000e+02 -6.706736e+01  2.803042e+00
   endloop
 endfacet
 facet normal  0.000000e+00 -7.071068e-01  7.071068e-01
   outer loop
     vertex  1.591000e+02 -6.708736e+01  2.788511e+00
     vertex  1.579000e+02 -6.707851e+01  2.797361e+00
     vertex  1.579000e+02 -6.708736e+01  2.788511e+00
   endloop
 endfacet
 facet normal  0.000000e+00 -7.071068e-01  7.071068e-01
   outer loop
     vertex  1.591000e+02 -6.708736e+01  2.788511e+00
     vertex  1.591000e+02 -6.707851e+01  2.797361e+00
     vertex  1.579000e+02 -6.707851e+01  2.797361e+00
   endloop
 endfacet
 facet normal  0.000000e+00 -8.910065e-01  4.539905e-01
   outer loop
     vertex  1.591000e+02 -6.709304e+01  2.777361e+00
     vertex  1.579000e+02 -6.708736e+01  2.788511e+00
     vertex  1.579000e+02 -6.709304e+01  2.777361e+00
   endloop
 endfacet
 facet normal  0.000000e+00 -8.910065e-01  4.539905e-01
   outer loop
     vertex  1.591000e+02 -6.709304e+01  2.777361e+00
     vertex  1.591000e+02 -6.708736e+01  2.788511e+00
     vertex  1.579000e+02 -6.708736e+01  2.788511e+00
   endloop
 endfacet
 facet normal  0.000000e+00 -9.876883e-01  1.564345e-01
   outer loop
     vertex  1.591000e+02 -6.709500e+01  2.765000e+00
     vertex  1.579000e+02 -6.709304e+01  2.777361e+00
     vertex  1.579000e+02 -6.709500e+01  2.765000e+00
   endloop
 endfacet
 facet normal  0.000000e+00 -9.876883e-01  1.564345e-01
   outer loop
     vertex  1.591000e+02 -6.709500e+01  2.765000e+00
     vertex  1.591000e+02 -6.709304e+01  2.777361e+00
     vertex  1.579000e+02 -6.709304e+01  2.777361e+00
   endloop
 endfacet
 facet normal  0.000000e+00 -1.000000e+00 -0.000000e+00
   outer loop
     vertex  1.591000e+02 -6.709500e+01  2.765000e+00
     vertex  1.579000e+02 -6.709500e+01  1.675000e+00
     vertex  1.591000e+02 -6.709500e+01  1.675000e+00
   endloop
 endfacet
 facet normal -0.000000e+00 -1.000000e+00  0.000000e+00
   outer loop
     vertex  1.591000e+02 -6.709500e+01  2.765000e+00
     vertex  1.579000e+02 -6.709500e+01  2.765000e+00
     vertex  1.579000e+02 -6.709500e+01  1.675000e+00
   endloop
 endfacet
 facet normal -1.000000e+00  0.000000e+00  0.000000e+00
   outer loop
     vertex  1.591000e+02 -6.594149e+01  1.642639e+00
     vertex  1.591000e+02 -6.590149e+01  1.602639e+00
     vertex  1.591000e+02 -6.591264e+01  1.596958e+00
   endloop
 endfacet
 facet normal -1.000000e+00  0.000000e+00  0.000000e+00
   outer loop
     vertex  1.591000e+02 -6.594149e+01  1.642639e+00
     vertex  1.591000e+02 -6.591264e+01  1.596958e+00
     vertex  1.591000e+02 -6.592500e+01  1.595000e+00
   endloop
 endfacet
 facet normal -1.000000e+00  0.000000e+00  0.000000e+00
   outer loop
     vertex  1.591000e+02 -6.593264e+01  1.651489e+00
     vertex  1.591000e+02 -6.588500e+01  1.635000e+00
     vertex  1.591000e+02 -6.588696e+01  1.622639e+00
   endloop
 endfacet
 facet normal -1.000000e+00  0.000000e+00  0.000000e+00
   outer loop
     vertex  1.591000e+02 -6.593264e+01  1.651489e+00
     vertex  1.591000e+02 -6.588696e+01  1.622639e+00
     vertex  1.591000e+02 -6.589264e+01  1.611489e+00
   endloop
 endfacet
 facet normal -1.000000e+00  0.000000e+00  0.000000e+00
   outer loop
     vertex  1.591000e+02 -6.593264e+01  1.651489e+00
     vertex  1.591000e+02 -6.589264e+01  1.611489e+00
     vertex  1.591000e+02 -6.590149e+01  1.602639e+00
   endloop
 endfacet
 facet normal -1.000000e+00  0.000000e+00 -0.000000e+00
   outer loop
     vertex  1.591000e+02 -6.593264e+01  1.651489e+00
     vertex  1.591000e+02 -6.590149e+01  1.602639e+00
     vertex  1.591000e+02 -6.594149e+01  1.642639e+00
   endloop
 endfacet
 facet normal -1.000000e+00  0.000000e+00  0.000000e+00
   outer loop
     vertex  1.591000e+02 -6.595264e+01  1.636958e+00
     vertex  1.591000e+02 -6.594149e+01  1.642639e+00
     vertex  1.591000e+02 -6.592500e+01  1.595000e+00
   endloop
 endfacet
 facet normal -1.000000e+00  0.000000e+00 -0.000000e+00
   outer loop
     vertex  1.591000e+02 -6.592696e+01  1.662639e+00
     vertex  1.591000e+02 -6.588500e+01  1.635000e+00
     vertex  1.591000e+02 -6.593264e+01  1.651489e+00
   endloop
 endfacet
 facet normal -1.000000e+00  0.000000e+00 -0.000000e+00
   outer loop
     vertex  1.591000e+02 -6.592500e+01  1.675000e+00
     vertex  1.591000e+02 -6.588500e+01  1.635000e+00
     vertex  1.591000e+02 -6.592696e+01  1.662639e+00
   endloop
 endfacet
 facet normal -1.000000e+00  0.000000e+00  0.000000e+00
   outer loop
     vertex  1.591000e+02 -6.596500e+01  1.635000e+00
     vertex  1.591000e+02 -6.595264e+01  1.636958e+00
     vertex  1.591000e+02 -6.592500e+01  1.595000e+00
   endloop
 endfacet
 facet normal -1.000000e+00  0.000000e+00  0.000000e+00
   outer loop
     vertex  1.591000e+02 -6.588500e+01  2.805000e+00
     vertex  1.591000e+02 -6.592500e+01  1.675000e+00
     vertex  1.591000e+02 -6.592500e+01  2.765000e+00
   endloop
 endfacet
 facet normal -1.000000e+00  0.000000e+00 -0.000000e+00
   outer loop
     vertex  1.591000e+02 -6.588500e+01  2.805000e+00
     vertex  1.591000e+02 -6.588500e+01  1.635000e+00
     vertex  1.591000e+02 -6.592500e+01  1.675000e+00
   endloop
 endfacet
 facet normal -1.000000e+00  0.000000e+00  0.000000e+00
   outer loop
     vertex  1.591000e+02 -6.709500e+01  1.595000e+00
     vertex  1.591000e+02 -6.705500e+01  1.635000e+00
     vertex  1.591000e+02 -6.596500e+01  1.635000e+00
   endloop
 endfacet
 facet normal -1.000000e+00  0.000000e+00  0.000000e+00
   outer loop
     vertex  1.591000e+02 -6.709500e+01  1.595000e+00
     vertex  1.591000e+02 -6.596500e+01  1.635000e+00
     vertex  1.591000e+02 -6.592500e+01  1.595000e+00
   endloop
 endfacet
 facet normal -1.000000e+00  0.000000e+00  0.000000e+00
   outer loop
     vertex  1.591000e+02 -6.592696e+01  2.777361e+00
     vertex  1.591000e+02 -6.588500e+01  2.805000e+00
     vertex  1.591000e+02 -6.592500e+01  2.765000e+00
   endloop
 endfacet
 facet normal -1.000000e+00  0.000000e+00 -0.000000e+00
   outer loop
     vertex  1.591000e+02 -6.706736e+01  1.636958e+00
     vertex  1.591000e+02 -6.705500e+01  1.635000e+00
     vertex  1.591000e+02 -6.709500e+01  1.595000e+00
   endloop
 endfacet
 facet normal -1.000000e+00  0.000000e+00  0.000000e+00
   outer loop
     vertex  1.591000e+02 -6.593264e+01  2.788511e+00
     vertex  1.591000e+02 -6.588696e+01  2.817361e+00
     vertex  1.591000e+02 -6.588500e+01  2.805000e+00
   endloop
 endfacet
 facet normal -1.000000e+00  0.000000e+00  0.000000e+00
   outer loop
     vertex  1.591000e+02 -6.593264e+01  2.788511e+00
     vertex  1.591000e+02 -6.588500e+01  2.805000e+00
     vertex  1.591000e+02 -6.592696e+01  2.777361e+00
   endloop
 endfacet
 facet normal -1.000000e+00  0.000000e+00 -0.000000e+00
   outer loop
     vertex  1.591000e+02 -6.589264e+01  2.828511e+00
     vertex  1.591000e+02 -6.588696e+01  2.817361e+00
     vertex  1.591000e+02 -6.593264e+01  2.788511e+00
   endloop
 endfacet
 facet normal -1.000000e+00  0.000000e+00  0.000000e+00
   outer loop
     vertex  1.591000e+02 -6.707851e+01  1.642639e+00
     vertex  1.591000e+02 -6.710736e+01  1.596958e+00
     vertex  1.591000e+02 -6.711851e+01  1.602639e+00
   endloop
 endfacet
 facet normal -1.000000e+00  0.000000e+00  0.000000e+00
   outer loop
     vertex  1.591000e+02 -6.707851e+01  1.642639e+00
     vertex  1.591000e+02 -6.709500e+01  1.595000e+00
     vertex  1.591000e+02 -6.710736e+01  1.596958e+00
   endloop
 endfacet
 facet normal -1.000000e+00  0.000000e+00 -0.000000e+00
   outer loop
     vertex  1.591000e+02 -6.707851e+01  1.642639e+00
     vertex  1.591000e+02 -6.706736e+01  1.636958e+00
     vertex  1.591000e+02 -6.709500e+01  1.595000e+00
   endloop
 endfacet
 facet normal -1.000000e+00  0.000000e+00 -0.000000e+00
   outer loop
     vertex  1.591000e+02 -6.708736e+01  1.651489e+00
     vertex  1.591000e+02 -6.707851e+01  1.642639e+00
     vertex  1.591000e+02 -6.711851e+01  1.602639e+00
   endloop
 endfacet
 facet normal -1.000000e+00  0.000000e+00  0.000000e+00
   outer loop
     vertex  1.591000e+02 -6.590149e+01  2.837361e+00
     vertex  1.591000e+02 -6.593264e+01  2.788511e+00
     vertex  1.591000e+02 -6.594149e+01  2.797361e+00
   endloop
 endfacet
 facet normal -1.000000e+00  0.000000e+00 -0.000000e+00
   outer loop
     vertex  1.591000e+02 -6.590149e+01  2.837361e+00
     vertex  1.591000e+02 -6.589264e+01  2.828511e+00
     vertex  1.591000e+02 -6.593264e+01  2.788511e+00
   endloop
 endfacet
 facet normal -1.000000e+00  0.000000e+00  0.000000e+00
   outer loop
     vertex  1.591000e+02 -6.712736e+01  1.611489e+00
     vertex  1.591000e+02 -6.708736e+01  1.651489e+00
     vertex  1.591000e+02 -6.711851e+01  1.602639e+00
   endloop
 endfacet
 facet normal -1.000000e+00  0.000000e+00  0.000000e+00
   outer loop
     vertex  1.591000e+02 -6.713304e+01  1.622639e+00
     vertex  1.591000e+02 -6.708736e+01  1.651489e+00
     vertex  1.591000e+02 -6.712736e+01  1.611489e+00
   endloop
 endfacet
 facet normal -1.000000e+00  0.000000e+00 -0.000000e+00
   outer loop
     vertex  1.591000e+02 -6.591264e+01  2.843042e+00
     vertex  1.591000e+02 -6.590149e+01  2.837361e+00
     vertex  1.591000e+02 -6.594149e+01  2.797361e+00
   endloop
 endfacet
 facet normal -1.000000e+00  0.000000e+00  0.000000e+00
   outer loop
     vertex  1.591000e+02 -6.592500e+01  2.845000e+00
     vertex  1.591000e+02 -6.594149e+01  2.797361e+00
     vertex  1.591000e+02 -6.595264e+01  2.803042e+00
   endloop
 endfacet
 facet normal -1.000000e+00  0.000000e+00 -0.000000e+00
   outer loop
     vertex  1.591000e+02 -6.592500e+01  2.845000e+00
     vertex  1.591000e+02 -6.591264e+01  2.843042e+00
     vertex  1.591000e+02 -6.594149e+01  2.797361e+00
   endloop
 endfacet
 facet normal -1.000000e+00  0.000000e+00  0.000000e+00
   outer loop
     vertex  1.591000e+02 -6.596500e+01  2.805000e+00
     vertex  1.591000e+02 -6.592500e+01  2.845000e+00
     vertex  1.591000e+02 -6.595264e+01  2.803042e+00
   endloop
 endfacet
 facet normal -1.000000e+00  0.000000e+00  0.000000e+00
   outer loop
     vertex  1.591000e+02 -6.713500e+01  1.635000e+00
     vertex  1.591000e+02 -6.708736e+01  1.651489e+00
     vertex  1.591000e+02 -6.713304e+01  1.622639e+00
   endloop
 endfacet
 facet normal -1.000000e+00  0.000000e+00  0.000000e+00
   outer loop
     vertex  1.591000e+02 -6.713500e+01  1.635000e+00
     vertex  1.591000e+02 -6.709500e+01  1.675000e+00
     vertex  1.591000e+02 -6.709304e+01  1.662639e+00
   endloop
 endfacet
 facet normal -1.000000e+00  0.000000e+00  0.000000e+00
   outer loop
     vertex  1.591000e+02 -6.713500e+01  1.635000e+00
     vertex  1.591000e+02 -6.709304e+01  1.662639e+00
     vertex  1.591000e+02 -6.708736e+01  1.651489e+00
   endloop
 endfacet
 facet normal -1.000000e+00  0.000000e+00  0.000000e+00
   outer loop
     vertex  1.591000e+02 -6.713500e+01  2.805000e+00
     vertex  1.591000e+02 -6.709304e+01  2.777361e+00
     vertex  1.591000e+02 -6.709500e+01  2.765000e+00
   endloop
 endfacet
 facet normal -1.000000e+00  0.000000e+00  0.000000e+00
   outer loop
     vertex  1.591000e+02 -6.713500e+01  2.805000e+00
     vertex  1.591000e+02 -6.708736e+01  2.788511e+00
     vertex  1.591000e+02 -6.709304e+01  2.777361e+00
   endloop
 endfacet
 facet normal -1.000000e+00  0.000000e+00  0.000000e+00
   outer loop
     vertex  1.591000e+02 -6.709500e+01  2.845000e+00
     vertex  1.591000e+02 -6.706736e+01  2.803042e+00
     vertex  1.591000e+02 -6.707851e+01  2.797361e+00
   endloop
 endfacet
 facet normal -1.000000e+00  0.000000e+00  0.000000e+00
   outer loop
     vertex  1.591000e+02 -6.709500e+01  2.845000e+00
     vertex  1.591000e+02 -6.705500e+01  2.805000e+00
     vertex  1.591000e+02 -6.706736e+01  2.803042e+00
   endloop
 endfacet
 facet normal -1.000000e+00  0.000000e+00  0.000000e+00
   outer loop
     vertex  1.591000e+02 -6.709500e+01  2.845000e+00
     vertex  1.591000e+02 -6.596500e+01  2.805000e+00
     vertex  1.591000e+02 -6.705500e+01  2.805000e+00
   endloop
 endfacet
 facet normal -1.000000e+00  0.000000e+00  0.000000e+00
   outer loop
     vertex  1.591000e+02 -6.709500e+01  2.845000e+00
     vertex  1.591000e+02 -6.592500e+01  2.845000e+00
     vertex  1.591000e+02 -6.596500e+01  2.805000e+00
   endloop
 endfacet
 facet normal -1.000000e+00  0.000000e+00  0.000000e+00
   outer loop
     vertex  1.591000e+02 -6.710736e+01  2.843042e+00
     vertex  1.591000e+02 -6.709500e+01  2.845000e+00
     vertex  1.591000e+02 -6.707851e+01  2.797361e+00
   endloop
 endfacet
 facet normal -1.000000e+00  0.000000e+00 -0.000000e+00
   outer loop
     vertex  1.591000e+02 -6.713304e+01  2.817361e+00
     vertex  1.591000e+02 -6.708736e+01  2.788511e+00
     vertex  1.591000e+02 -6.713500e+01  2.805000e+00
   endloop
 endfacet
 facet normal -1.000000e+00  0.000000e+00  0.000000e+00
   outer loop
     vertex  1.591000e+02 -6.711851e+01  2.837361e+00
     vertex  1.591000e+02 -6.710736e+01  2.843042e+00
     vertex  1.591000e+02 -6.707851e+01  2.797361e+00
   endloop
 endfacet
 facet normal -1.000000e+00  0.000000e+00  0.000000e+00
   outer loop
     vertex  1.591000e+02 -6.711851e+01  2.837361e+00
     vertex  1.591000e+02 -6.707851e+01  2.797361e+00
     vertex  1.591000e+02 -6.708736e+01  2.788511e+00
   endloop
 endfacet
 facet normal -1.000000e+00  0.000000e+00  0.000000e+00
   outer loop
     vertex  1.591000e+02 -6.712736e+01  2.828511e+00
     vertex  1.591000e+02 -6.711851e+01  2.837361e+00
     vertex  1.591000e+02 -6.708736e+01  2.788511e+00
   endloop
 endfacet
 facet normal -1.000000e+00  0.000000e+00 -0.000000e+00
   outer loop
     vertex  1.591000e+02 -6.712736e+01  2.828511e+00
     vertex  1.591000e+02 -6.708736e+01  2.788511e+00
     vertex  1.591000e+02 -6.713304e+01  2.817361e+00
   endloop
 endfacet
 facet normal -1.000000e+00  0.000000e+00  0.000000e+00
   outer loop
     vertex  1.591000e+02 -6.713500e+01  2.805000e+00
     vertex  1.591000e+02 -6.709500e+01  1.675000e+00
     vertex  1.591000e+02 -6.713500e+01  1.635000e+00
   endloop
 endfacet
 facet normal -1.000000e+00  0.000000e+00  0.000000e+00
   outer loop
     vertex  1.591000e+02 -6.713500e+01  2.805000e+00
     vertex  1.591000e+02 -6.709500e+01  2.765000e+00
     vertex  1.591000e+02 -6.709500e+01  1.675000e+00
   endloop
 endfacet
 facet normal  0.000000e+00 -1.000000e+00 -0.000000e+00
   outer loop
     vertex  1.595000e+02 -6.713500e+01  2.805000e+00
     vertex  1.591000e+02 -6.713500e+01  1.635000e+00
     vertex  1.595000e+02 -6.713500e+01  1.635000e+00
   endloop
 endfacet
 facet normal -0.000000e+00 -1.000000e+00  0.000000e+00
   outer loop
     vertex  1.595000e+02 -6.713500e+01  2.805000e+00
     vertex  1.591000e+02 -6.713500e+01  2.805000e+00
     vertex  1.591000e+02 -6.713500e+01  1.635000e+00
   endloop
 endfacet
 facet normal -0.000000e+00 -9.876883e-01 -1.564345e-01
   outer loop
     vertex  1.595000e+02 -6.713304e+01  1.622639e+00
     vertex  1.591000e+02 -6.713500e+01  1.635000e+00
     vertex  1.591000e+02 -6.713304e+01  1.622639e+00
   endloop
 endfacet
 facet normal  0.000000e+00 -9.876883e-01 -1.564345e-01
   outer loop
     vertex  1.595000e+02 -6.713304e+01  1.622639e+00
     vertex  1.595000e+02 -6.713500e+01  1.635000e+00
     vertex  1.591000e+02 -6.713500e+01  1.635000e+00
   endloop
 endfacet
 facet normal -0.000000e+00 -8.910065e-01 -4.539905e-01
   outer loop
     vertex  1.595000e+02 -6.712736e+01  1.611489e+00
     vertex  1.591000e+02 -6.713304e+01  1.622639e+00
     vertex  1.591000e+02 -6.712736e+01  1.611489e+00
   endloop
 endfacet
 facet normal  0.000000e+00 -8.910065e-01 -4.539905e-01
   outer loop
     vertex  1.595000e+02 -6.712736e+01  1.611489e+00
     vertex  1.595000e+02 -6.713304e+01  1.622639e+00
     vertex  1.591000e+02 -6.713304e+01  1.622639e+00
   endloop
 endfacet
 facet normal -0.000000e+00 -7.071068e-01 -7.071068e-01
   outer loop
     vertex  1.595000e+02 -6.711851e+01  1.602639e+00
     vertex  1.591000e+02 -6.712736e+01  1.611489e+00
     vertex  1.591000e+02 -6.711851e+01  1.602639e+00
   endloop
 endfacet
 facet normal  0.000000e+00 -7.071068e-01 -7.071068e-01
   outer loop
     vertex  1.595000e+02 -6.711851e+01  1.602639e+00
     vertex  1.595000e+02 -6.712736e+01  1.611489e+00
     vertex  1.591000e+02 -6.712736e+01  1.611489e+00
   endloop
 endfacet
 facet normal -0.000000e+00 -4.539905e-01 -8.910065e-01
   outer loop
     vertex  1.595000e+02 -6.710736e+01  1.596958e+00
     vertex  1.591000e+02 -6.711851e+01  1.602639e+00
     vertex  1.591000e+02 -6.710736e+01  1.596958e+00
   endloop
 endfacet
 facet normal  0.000000e+00 -4.539905e-01 -8.910065e-01
   outer loop
     vertex  1.595000e+02 -6.710736e+01  1.596958e+00
     vertex  1.595000e+02 -6.711851e+01  1.602639e+00
     vertex  1.591000e+02 -6.711851e+01  1.602639e+00
   endloop
 endfacet
 facet normal -0.000000e+00 -1.564345e-01 -9.876883e-01
   outer loop
     vertex  1.595000e+02 -6.709500e+01  1.595000e+00
     vertex  1.591000e+02 -6.710736e+01  1.596958e+00
     vertex  1.591000e+02 -6.709500e+01  1.595000e+00
   endloop
 endfacet
 facet normal  0.000000e+00 -1.564345e-01 -9.876883e-01
   outer loop
     vertex  1.595000e+02 -6.709500e+01  1.595000e+00
     vertex  1.595000e+02 -6.710736e+01  1.596958e+00
     vertex  1.591000e+02 -6.710736e+01  1.596958e+00
   endloop
 endfacet
 facet normal  0.000000e+00 -1.564345e-01  9.876883e-01
   outer loop
     vertex  1.595000e+02 -6.710736e+01  2.843042e+00
     vertex  1.595000e+02 -6.709500e+01  2.845000e+00
     vertex  1.591000e+02 -6.709500e+01  2.845000e+00
   endloop
 endfacet
 facet normal  0.000000e+00 -1.564345e-01  9.876883e-01
   outer loop
     vertex  1.595000e+02 -6.710736e+01  2.843042e+00
     vertex  1.591000e+02 -6.709500e+01  2.845000e+00
     vertex  1.591000e+02 -6.710736e+01  2.843042e+00
   endloop
 endfacet
 facet normal  0.000000e+00 -4.539905e-01  8.910065e-01
   outer loop
     vertex  1.595000e+02 -6.711851e+01  2.837361e+00
     vertex  1.591000e+02 -6.710736e+01  2.843042e+00
     vertex  1.591000e+02 -6.711851e+01  2.837361e+00
   endloop
 endfacet
 facet normal  0.000000e+00 -4.539905e-01  8.910065e-01
   outer loop
     vertex  1.595000e+02 -6.711851e+01  2.837361e+00
     vertex  1.595000e+02 -6.710736e+01  2.843042e+00
     vertex  1.591000e+02 -6.710736e+01  2.843042e+00
   endloop
 endfacet
 facet normal  0.000000e+00 -7.071068e-01  7.071068e-01
   outer loop
     vertex  1.595000e+02 -6.712736e+01  2.828511e+00
     vertex  1.591000e+02 -6.711851e+01  2.837361e+00
     vertex  1.591000e+02 -6.712736e+01  2.828511e+00
   endloop
 endfacet
 facet normal  0.000000e+00 -7.071068e-01  7.071068e-01
   outer loop
     vertex  1.595000e+02 -6.712736e+01  2.828511e+00
     vertex  1.595000e+02 -6.711851e+01  2.837361e+00
     vertex  1.591000e+02 -6.711851e+01  2.837361e+00
   endloop
 endfacet
 facet normal  0.000000e+00 -8.910065e-01  4.539905e-01
   outer loop
     vertex  1.595000e+02 -6.713304e+01  2.817361e+00
     vertex  1.591000e+02 -6.712736e+01  2.828511e+00
     vertex  1.591000e+02 -6.713304e+01  2.817361e+00
   endloop
 endfacet
 facet normal  0.000000e+00 -8.910065e-01  4.539905e-01
   outer loop
     vertex  1.595000e+02 -6.713304e+01  2.817361e+00
     vertex  1.595000e+02 -6.712736e+01  2.828511e+00
     vertex  1.591000e+02 -6.712736e+01  2.828511e+00
   endloop
 endfacet
 facet normal  0.000000e+00 -9.876883e-01  1.564345e-01
   outer loop
     vertex  1.595000e+02 -6.713500e+01  2.805000e+00
     vertex  1.591000e+02 -6.713304e+01  2.817361e+00
     vertex  1.591000e+02 -6.713500e+01  2.805000e+00
   endloop
 endfacet
 facet normal  0.000000e+00 -9.876883e-01  1.564345e-01
   outer loop
     vertex  1.595000e+02 -6.713500e+01  2.805000e+00
     vertex  1.595000e+02 -6.713304e+01  2.817361e+00
     vertex  1.591000e+02 -6.713304e+01  2.817361e+00
   endloop
 endfacet
 facet normal -0.000000e+00  0.000000e+00 -1.000000e+00
   outer loop
     vertex  1.595000e+02 -6.592500e+01  1.595000e+00
     vertex  1.591000e+02 -6.709500e+01  1.595000e+00
     vertex  1.591000e+02 -6.592500e+01  1.595000e+00
   endloop
 endfacet
 facet normal  0.000000e+00 -0.000000e+00 -1.000000e+00
   outer loop
     vertex  1.595000e+02 -6.592500e+01  1.595000e+00
     vertex  1.595000e+02 -6.709500e+01  1.595000e+00
     vertex  1.591000e+02 -6.709500e+01  1.595000e+00
   endloop
 endfacet
 facet normal  0.000000e+00  0.000000e+00  1.000000e+00
   outer loop
     vertex  1.595000e+02 -6.592500e+01  2.845000e+00
     vertex  1.591000e+02 -6.592500e+01  2.845000e+00
     vertex  1.591000e+02 -6.709500e+01  2.845000e+00
   endloop
 endfacet
 facet normal  0.000000e+00  0.000000e+00  1.000000e+00
   outer loop
     vertex  1.595000e+02 -6.592500e+01  2.845000e+00
     vertex  1.591000e+02 -6.709500e+01  2.845000e+00
     vertex  1.595000e+02 -6.709500e+01  2.845000e+00
   endloop
 endfacet
 facet normal  0.000000e+00  1.564345e-01 -9.876883e-01
   outer loop
     vertex  1.595000e+02 -6.591264e+01  1.596958e+00
     vertex  1.595000e+02 -6.592500e+01  1.595000e+00
     vertex  1.591000e+02 -6.592500e+01  1.595000e+00
   endloop
 endfacet
 facet normal  0.000000e+00  1.564345e-01 -9.876883e-01
   outer loop
     vertex  1.595000e+02 -6.591264e+01  1.596958e+00
     vertex  1.591000e+02 -6.592500e+01  1.595000e+00
     vertex  1.591000e+02 -6.591264e+01  1.596958e+00
   endloop
 endfacet
 facet normal  0.000000e+00  4.539905e-01 -8.910065e-01
   outer loop
     vertex  1.595000e+02 -6.590149e+01  1.602639e+00
     vertex  1.591000e+02 -6.591264e+01  1.596958e+00
     vertex  1.591000e+02 -6.590149e+01  1.602639e+00
   endloop
 endfacet
 facet normal  0.000000e+00  4.539905e-01 -8.910065e-01
   outer loop
     vertex  1.595000e+02 -6.590149e+01  1.602639e+00
     vertex  1.595000e+02 -6.591264e+01  1.596958e+00
     vertex  1.591000e+02 -6.591264e+01  1.596958e+00
   endloop
 endfacet
 facet normal  0.000000e+00  7.071068e-01 -7.071068e-01
   outer loop
     vertex  1.595000e+02 -6.589264e+01  1.611489e+00
     vertex  1.591000e+02 -6.590149e+01  1.602639e+00
     vertex  1.591000e+02 -6.589264e+01  1.611489e+00
   endloop
 endfacet
 facet normal  0.000000e+00  7.071068e-01 -7.071068e-01
   outer loop
     vertex  1.595000e+02 -6.589264e+01  1.611489e+00
     vertex  1.595000e+02 -6.590149e+01  1.602639e+00
     vertex  1.591000e+02 -6.590149e+01  1.602639e+00
   endloop
 endfacet
 facet normal  0.000000e+00  8.910065e-01 -4.539905e-01
   outer loop
     vertex  1.595000e+02 -6.588696e+01  1.622639e+00
     vertex  1.591000e+02 -6.589264e+01  1.611489e+00
     vertex  1.591000e+02 -6.588696e+01  1.622639e+00
   endloop
 endfacet
 facet normal  0.000000e+00  8.910065e-01 -4.539905e-01
   outer loop
     vertex  1.595000e+02 -6.588696e+01  1.622639e+00
     vertex  1.595000e+02 -6.589264e+01  1.611489e+00
     vertex  1.591000e+02 -6.589264e+01  1.611489e+00
   endloop
 endfacet
 facet normal  0.000000e+00  9.876883e-01 -1.564345e-01
   outer loop
     vertex  1.595000e+02 -6.588500e+01  1.635000e+00
     vertex  1.591000e+02 -6.588696e+01  1.622639e+00
     vertex  1.591000e+02 -6.588500e+01  1.635000e+00
   endloop
 endfacet
 facet normal  0.000000e+00  9.876883e-01 -1.564345e-01
   outer loop
     vertex  1.595000e+02 -6.588500e+01  1.635000e+00
     vertex  1.595000e+02 -6.588696e+01  1.622639e+00
     vertex  1.591000e+02 -6.588696e+01  1.622639e+00
   endloop
 endfacet
 facet normal  0.000000e+00  9.876883e-01  1.564345e-01
   outer loop
     vertex  1.595000e+02 -6.588696e+01  2.817361e+00
     vertex  1.591000e+02 -6.588500e+01  2.805000e+00
     vertex  1.591000e+02 -6.588696e+01  2.817361e+00
   endloop
 endfacet
 facet normal  0.000000e+00  9.876883e-01  1.564345e-01
   outer loop
     vertex  1.595000e+02 -6.588696e+01  2.817361e+00
     vertex  1.595000e+02 -6.588500e+01  2.805000e+00
     vertex  1.591000e+02 -6.588500e+01  2.805000e+00
   endloop
 endfacet
 facet normal  0.000000e+00  8.910065e-01  4.539905e-01
   outer loop
     vertex  1.595000e+02 -6.589264e+01  2.828511e+00
     vertex  1.591000e+02 -6.588696e+01  2.817361e+00
     vertex  1.591000e+02 -6.589264e+01  2.828511e+00
   endloop
 endfacet
 facet normal  0.000000e+00  8.910065e-01  4.539905e-01
   outer loop
     vertex  1.595000e+02 -6.589264e+01  2.828511e+00
     vertex  1.595000e+02 -6.588696e+01  2.817361e+00
     vertex  1.591000e+02 -6.588696e+01  2.817361e+00
   endloop
 endfacet
 facet normal  0.000000e+00  7.071068e-01  7.071068e-01
   outer loop
     vertex  1.595000e+02 -6.590149e+01  2.837361e+00
     vertex  1.591000e+02 -6.589264e+01  2.828511e+00
     vertex  1.591000e+02 -6.590149e+01  2.837361e+00
   endloop
 endfacet
 facet normal  0.000000e+00  7.071068e-01  7.071068e-01
   outer loop
     vertex  1.595000e+02 -6.590149e+01  2.837361e+00
     vertex  1.595000e+02 -6.589264e+01  2.828511e+00
     vertex  1.591000e+02 -6.589264e+01  2.828511e+00
   endloop
 endfacet
 facet normal  0.000000e+00  4.539905e-01  8.910065e-01
   outer loop
     vertex  1.595000e+02 -6.591264e+01  2.843042e+00
     vertex  1.591000e+02 -6.590149e+01  2.837361e+00
     vertex  1.591000e+02 -6.591264e+01  2.843042e+00
   endloop
 endfacet
 facet normal  0.000000e+00  4.539905e-01  8.910065e-01
   outer loop
     vertex  1.595000e+02 -6.591264e+01  2.843042e+00
     vertex  1.595000e+02 -6.590149e+01  2.837361e+00
     vertex  1.591000e+02 -6.590149e+01  2.837361e+00
   endloop
 endfacet
 facet normal  0.000000e+00  1.564345e-01  9.876883e-01
   outer loop
     vertex  1.595000e+02 -6.592500e+01  2.845000e+00
     vertex  1.591000e+02 -6.591264e+01  2.843042e+00
     vertex  1.591000e+02 -6.592500e+01  2.845000e+00
   endloop
 endfacet
 facet normal  0.000000e+00  1.564345e-01  9.876883e-01
   outer loop
     vertex  1.595000e+02 -6.592500e+01  2.845000e+00
     vertex  1.595000e+02 -6.591264e+01  2.843042e+00
     vertex  1.591000e+02 -6.591264e+01  2.843042e+00
   endloop
 endfacet
 facet normal  0.000000e+00  1.000000e+00  0.000000e+00
   outer loop
     vertex  1.595000e+02 -6.588500e+01  2.805000e+00
     vertex  1.595000e+02 -6.588500e+01  1.635000e+00
     vertex  1.591000e+02 -6.588500e+01  1.635000e+00
   endloop
 endfacet
 facet normal  0.000000e+00  1.000000e+00  0.000000e+00
   outer loop
     vertex  1.595000e+02 -6.588500e+01  2.805000e+00
     vertex  1.591000e+02 -6.588500e+01  1.635000e+00
     vertex  1.591000e+02 -6.588500e+01  2.805000e+00
   endloop
 endfacet
 facet normal  1.000000e+00  0.000000e+00  0.000000e+00
   outer loop
     vertex  1.595000e+02 -6.592500e+01  1.595000e+00
     vertex  1.595000e+02 -6.588696e+01  1.622639e+00
     vertex  1.595000e+02 -6.588500e+01  1.635000e+00
   endloop
 endfacet
 facet normal  1.000000e+00  0.000000e+00  0.000000e+00
   outer loop
     vertex  1.595000e+02 -6.592500e+01  1.595000e+00
     vertex  1.595000e+02 -6.589264e+01  1.611489e+00
     vertex  1.595000e+02 -6.588696e+01  1.622639e+00
   endloop
 endfacet
 facet normal  1.000000e+00  0.000000e+00  0.000000e+00
   outer loop
     vertex  1.595000e+02 -6.592500e+01  1.595000e+00
     vertex  1.595000e+02 -6.590149e+01  1.602639e+00
     vertex  1.595000e+02 -6.589264e+01  1.611489e+00
   endloop
 endfacet
 facet normal  1.000000e+00  0.000000e+00  0.000000e+00
   outer loop
     vertex  1.595000e+02 -6.592500e+01  1.595000e+00
     vertex  1.595000e+02 -6.591264e+01  1.596958e+00
     vertex  1.595000e+02 -6.590149e+01  1.602639e+00
   endloop
 endfacet
 facet normal  1.000000e+00  0.000000e+00  0.000000e+00
   outer loop
     vertex  1.595000e+02 -6.590149e+01  2.837361e+00
     vertex  1.595000e+02 -6.588696e+01  2.817361e+00
     vertex  1.595000e+02 -6.589264e+01  2.828511e+00
   endloop
 endfacet
 facet normal  1.000000e+00  0.000000e+00  0.000000e+00
   outer loop
     vertex  1.595000e+02 -6.592500e+01  2.845000e+00
     vertex  1.595000e+02 -6.588500e+01  1.635000e+00
     vertex  1.595000e+02 -6.588500e+01  2.805000e+00
   endloop
 endfacet
 facet normal  1.000000e+00  0.000000e+00  0.000000e+00
   outer loop
     vertex  1.595000e+02 -6.592500e+01  2.845000e+00
     vertex  1.595000e+02 -6.588500e+01  2.805000e+00
     vertex  1.595000e+02 -6.588696e+01  2.817361e+00
   endloop
 endfacet
 facet normal  1.000000e+00  0.000000e+00  0.000000e+00
   outer loop
     vertex  1.595000e+02 -6.592500e+01  2.845000e+00
     vertex  1.595000e+02 -6.590149e+01  2.837361e+00
     vertex  1.595000e+02 -6.591264e+01  2.843042e+00
   endloop
 endfacet
 facet normal  1.000000e+00  0.000000e+00  0.000000e+00
   outer loop
     vertex  1.595000e+02 -6.592500e+01  2.845000e+00
     vertex  1.595000e+02 -6.592500e+01  1.595000e+00
     vertex  1.595000e+02 -6.588500e+01  1.635000e+00
   endloop
 endfacet
 facet normal  1.000000e+00  0.000000e+00  0.000000e+00
   outer loop
     vertex  1.595000e+02 -6.592500e+01  2.845000e+00
     vertex  1.595000e+02 -6.588696e+01  2.817361e+00
     vertex  1.595000e+02 -6.590149e+01  2.837361e+00
   endloop
 endfacet
 facet normal  1.000000e+00  0.000000e+00  0.000000e+00
   outer loop
     vertex  1.595000e+02 -6.713500e+01  1.635000e+00
     vertex  1.595000e+02 -6.713304e+01  1.622639e+00
     vertex  1.595000e+02 -6.712736e+01  1.611489e+00
   endloop
 endfacet
 facet normal  1.000000e+00  0.000000e+00  0.000000e+00
   outer loop
     vertex  1.595000e+02 -6.713500e+01  1.635000e+00
     vertex  1.595000e+02 -6.712736e+01  1.611489e+00
     vertex  1.595000e+02 -6.711851e+01  1.602639e+00
   endloop
 endfacet
 facet normal  1.000000e+00  0.000000e+00  0.000000e+00
   outer loop
     vertex  1.595000e+02 -6.713500e+01  1.635000e+00
     vertex  1.595000e+02 -6.711851e+01  1.602639e+00
     vertex  1.595000e+02 -6.710736e+01  1.596958e+00
   endloop
 endfacet
 facet normal  1.000000e+00  0.000000e+00  0.000000e+00
   outer loop
     vertex  1.595000e+02 -6.713500e+01  1.635000e+00
     vertex  1.595000e+02 -6.710736e+01  1.596958e+00
     vertex  1.595000e+02 -6.709500e+01  1.595000e+00
   endloop
 endfacet
 facet normal  1.000000e+00  0.000000e+00  0.000000e+00
   outer loop
     vertex  1.595000e+02 -6.709500e+01  2.845000e+00
     vertex  1.595000e+02 -6.713500e+01  2.805000e+00
     vertex  1.595000e+02 -6.713500e+01  1.635000e+00
   endloop
 endfacet
 facet normal  1.000000e+00  0.000000e+00  0.000000e+00
   outer loop
     vertex  1.595000e+02 -6.709500e+01  2.845000e+00
     vertex  1.595000e+02 -6.709500e+01  1.595000e+00
     vertex  1.595000e+02 -6.592500e+01  1.595000e+00
   endloop
 endfacet
 facet normal  1.000000e+00  0.000000e+00  0.000000e+00
   outer loop
     vertex  1.595000e+02 -6.709500e+01  2.845000e+00
     vertex  1.595000e+02 -6.713500e+01  1.635000e+00
     vertex  1.595000e+02 -6.709500e+01  1.595000e+00
   endloop
 endfacet
 facet normal  1.000000e+00 -0.000000e+00  0.000000e+00
   outer loop
     vertex  1.595000e+02 -6.709500e+01  2.845000e+00
     vertex  1.595000e+02 -6.592500e+01  1.595000e+00
     vertex  1.595000e+02 -6.592500e+01  2.845000e+00
   endloop
 endfacet
 facet normal  1.000000e+00 -0.000000e+00  0.000000e+00
   outer loop
     vertex  1.595000e+02 -6.713304e+01  2.817361e+00
     vertex  1.595000e+02 -6.713500e+01  2.805000e+00
     vertex  1.595000e+02 -6.709500e+01  2.845000e+00
   endloop
 endfacet
 facet normal  1.000000e+00  0.000000e+00  0.000000e+00
   outer loop
     vertex  1.595000e+02 -6.711851e+01  2.837361e+00
     vertex  1.595000e+02 -6.709500e+01  2.845000e+00
     vertex  1.595000e+02 -6.710736e+01  2.843042e+00
   endloop
 endfacet
 facet normal  1.000000e+00 -0.000000e+00  0.000000e+00
   outer loop
     vertex  1.595000e+02 -6.712736e+01  2.828511e+00
     vertex  1.595000e+02 -6.713304e+01  2.817361e+00
     vertex  1.595000e+02 -6.709500e+01  2.845000e+00
   endloop
 endfacet
 facet normal  1.000000e+00  0.000000e+00  0.000000e+00
   outer loop
     vertex  1.595000e+02 -6.712736e+01  2.828511e+00
     vertex  1.595000e+02 -6.709500e+01  2.845000e+00
     vertex  1.595000e+02 -6.711851e+01  2.837361e+00
   endloop
 endfacet
 facet normal -1.000000e+00  0.000000e+00  0.000000e+00
   outer loop
     vertex  1.575000e+02 -6.291500e+01  1.595000e+00
     vertex  1.575000e+02 -6.287500e+01  1.635000e+00
     vertex  1.575000e+02 -6.287696e+01  1.622639e+00
   endloop
 endfacet
 facet normal -1.000000e+00  0.000000e+00  0.000000e+00
   outer loop
     vertex  1.575000e+02 -6.291500e+01  1.595000e+00
     vertex  1.575000e+02 -6.287696e+01  1.622639e+00
     vertex  1.575000e+02 -6.288264e+01  1.611489e+00
   endloop
 endfacet
 facet normal -1.000000e+00  0.000000e+00  0.000000e+00
   outer loop
     vertex  1.575000e+02 -6.291500e+01  1.595000e+00
     vertex  1.575000e+02 -6.288264e+01  1.611489e+00
     vertex  1.575000e+02 -6.289149e+01  1.602639e+00
   endloop
 endfacet
 facet normal -1.000000e+00  0.000000e+00  0.000000e+00
   outer loop
     vertex  1.575000e+02 -6.291500e+01  1.595000e+00
     vertex  1.575000e+02 -6.289149e+01  1.602639e+00
     vertex  1.575000e+02 -6.290264e+01  1.596958e+00
   endloop
 endfacet
 facet normal -1.000000e+00  0.000000e+00  0.000000e+00
   outer loop
     vertex  1.575000e+02 -6.289149e+01  2.837361e+00
     vertex  1.575000e+02 -6.288264e+01  2.828511e+00
     vertex  1.575000e+02 -6.287696e+01  2.817361e+00
   endloop
 endfacet
 facet normal -1.000000e+00  0.000000e+00  0.000000e+00
   outer loop
     vertex  1.575000e+02 -6.291500e+01  2.845000e+00
     vertex  1.575000e+02 -6.287500e+01  2.805000e+00
     vertex  1.575000e+02 -6.287500e+01  1.635000e+00
   endloop
 endfacet
 facet normal -1.000000e+00  0.000000e+00  0.000000e+00
   outer loop
     vertex  1.575000e+02 -6.291500e+01  2.845000e+00
     vertex  1.575000e+02 -6.287696e+01  2.817361e+00
     vertex  1.575000e+02 -6.287500e+01  2.805000e+00
   endloop
 endfacet
 facet normal -1.000000e+00  0.000000e+00  0.000000e+00
   outer loop
     vertex  1.575000e+02 -6.291500e+01  2.845000e+00
     vertex  1.575000e+02 -6.290264e+01  2.843042e+00
     vertex  1.575000e+02 -6.289149e+01  2.837361e+00
   endloop
 endfacet
 facet normal -1.000000e+00  0.000000e+00  0.000000e+00
   outer loop
     vertex  1.575000e+02 -6.291500e+01  2.845000e+00
     vertex  1.575000e+02 -6.287500e+01  1.635000e+00
     vertex  1.575000e+02 -6.291500e+01  1.595000e+00
   endloop
 endfacet
 facet normal -1.000000e+00  0.000000e+00  0.000000e+00
   outer loop
     vertex  1.575000e+02 -6.291500e+01  2.845000e+00
     vertex  1.575000e+02 -6.289149e+01  2.837361e+00
     vertex  1.575000e+02 -6.287696e+01  2.817361e+00
   endloop
 endfacet
 facet normal -1.000000e+00  0.000000e+00  0.000000e+00
   outer loop
     vertex  1.575000e+02 -6.412500e+01  1.635000e+00
     vertex  1.575000e+02 -6.411736e+01  1.611489e+00
     vertex  1.575000e+02 -6.412304e+01  1.622639e+00
   endloop
 endfacet
 facet normal -1.000000e+00  0.000000e+00  0.000000e+00
   outer loop
     vertex  1.575000e+02 -6.412500e+01  1.635000e+00
     vertex  1.575000e+02 -6.410851e+01  1.602639e+00
     vertex  1.575000e+02 -6.411736e+01  1.611489e+00
   endloop
 endfacet
 facet normal -1.000000e+00  0.000000e+00  0.000000e+00
   outer loop
     vertex  1.575000e+02 -6.412500e+01  1.635000e+00
     vertex  1.575000e+02 -6.409736e+01  1.596958e+00
     vertex  1.575000e+02 -6.410851e+01  1.602639e+00
   endloop
 endfacet
 facet normal -1.000000e+00  0.000000e+00  0.000000e+00
   outer loop
     vertex  1.575000e+02 -6.412500e+01  1.635000e+00
     vertex  1.575000e+02 -6.408500e+01  1.595000e+00
     vertex  1.575000e+02 -6.409736e+01  1.596958e+00
   endloop
 endfacet
 facet normal -1.000000e+00  0.000000e+00  0.000000e+00
   outer loop
     vertex  1.575000e+02 -6.408500e+01  2.845000e+00
     vertex  1.575000e+02 -6.412500e+01  1.635000e+00
     vertex  1.575000e+02 -6.412500e+01  2.805000e+00
   endloop
 endfacet
 facet normal -1.000000e+00  0.000000e+00  0.000000e+00
   outer loop
     vertex  1.575000e+02 -6.408500e+01  2.845000e+00
     vertex  1.575000e+02 -6.291500e+01  1.595000e+00
     vertex  1.575000e+02 -6.408500e+01  1.595000e+00
   endloop
 endfacet
 facet normal -1.000000e+00  0.000000e+00 -0.000000e+00
   outer loop
     vertex  1.575000e+02 -6.408500e+01  2.845000e+00
     vertex  1.575000e+02 -6.408500e+01  1.595000e+00
     vertex  1.575000e+02 -6.412500e+01  1.635000e+00
   endloop
 endfacet
 facet normal -1.000000e+00  0.000000e+00  0.000000e+00
   outer loop
     vertex  1.575000e+02 -6.408500e+01  2.845000e+00
     vertex  1.575000e+02 -6.291500e+01  2.845000e+00
     vertex  1.575000e+02 -6.291500e+01  1.595000e+00
   endloop
 endfacet
 facet normal -1.000000e+00  0.000000e+00 -0.000000e+00
   outer loop
     vertex  1.575000e+02 -6.412304e+01  2.817361e+00
     vertex  1.575000e+02 -6.408500e+01  2.845000e+00
     vertex  1.575000e+02 -6.412500e+01  2.805000e+00
   endloop
 endfacet
 facet normal -1.000000e+00  0.000000e+00  0.000000e+00
   outer loop
     vertex  1.575000e+02 -6.410851e+01  2.837361e+00
     vertex  1.575000e+02 -6.409736e+01  2.843042e+00
     vertex  1.575000e+02 -6.408500e+01  2.845000e+00
   endloop
 endfacet
 facet normal -1.000000e+00  0.000000e+00 -0.000000e+00
   outer loop
     vertex  1.575000e+02 -6.411736e+01  2.828511e+00
     vertex  1.575000e+02 -6.408500e+01  2.845000e+00
     vertex  1.575000e+02 -6.412304e+01  2.817361e+00
   endloop
 endfacet
 facet normal -1.000000e+00  0.000000e+00  0.000000e+00
   outer loop
     vertex  1.575000e+02 -6.411736e+01  2.828511e+00
     vertex  1.575000e+02 -6.410851e+01  2.837361e+00
     vertex  1.575000e+02 -6.408500e+01  2.845000e+00
   endloop
 endfacet
 facet normal  0.000000e+00 -1.000000e+00 -0.000000e+00
   outer loop
     vertex  1.579000e+02 -6.412500e+01  2.805000e+00
     vertex  1.575000e+02 -6.412500e+01  1.635000e+00
     vertex  1.579000e+02 -6.412500e+01  1.635000e+00
   endloop
 endfacet
 facet normal -0.000000e+00 -1.000000e+00  0.000000e+00
   outer loop
     vertex  1.579000e+02 -6.412500e+01  2.805000e+00
     vertex  1.575000e+02 -6.412500e+01  2.805000e+00
     vertex  1.575000e+02 -6.412500e+01  1.635000e+00
   endloop
 endfacet
 facet normal -0.000000e+00 -9.876883e-01 -1.564345e-01
   outer loop
     vertex  1.579000e+02 -6.412304e+01  1.622639e+00
     vertex  1.575000e+02 -6.412500e+01  1.635000e+00
     vertex  1.575000e+02 -6.412304e+01  1.622639e+00
   endloop
 endfacet
 facet normal  0.000000e+00 -9.876883e-01 -1.564345e-01
   outer loop
     vertex  1.579000e+02 -6.412304e+01  1.622639e+00
     vertex  1.579000e+02 -6.412500e+01  1.635000e+00
     vertex  1.575000e+02 -6.412500e+01  1.635000e+00
   endloop
 endfacet
 facet normal -0.000000e+00 -8.910065e-01 -4.539905e-01
   outer loop
     vertex  1.579000e+02 -6.411736e+01  1.611489e+00
     vertex  1.575000e+02 -6.412304e+01  1.622639e+00
     vertex  1.575000e+02 -6.411736e+01  1.611489e+00
   endloop
 endfacet
 facet normal  0.000000e+00 -8.910065e-01 -4.539905e-01
   outer loop
     vertex  1.579000e+02 -6.411736e+01  1.611489e+00
     vertex  1.579000e+02 -6.412304e+01  1.622639e+00
     vertex  1.575000e+02 -6.412304e+01  1.622639e+00
   endloop
 endfacet
 facet normal -0.000000e+00 -7.071068e-01 -7.071068e-01
   outer loop
     vertex  1.579000e+02 -6.410851e+01  1.602639e+00
     vertex  1.575000e+02 -6.411736e+01  1.611489e+00
     vertex  1.575000e+02 -6.410851e+01  1.602639e+00
   endloop
 endfacet
 facet normal  0.000000e+00 -7.071068e-01 -7.071068e-01
   outer loop
     vertex  1.579000e+02 -6.410851e+01  1.602639e+00
     vertex  1.579000e+02 -6.411736e+01  1.611489e+00
     vertex  1.575000e+02 -6.411736e+01  1.611489e+00
   endloop
 endfacet
 facet normal -0.000000e+00 -4.539905e-01 -8.910065e-01
   outer loop
     vertex  1.579000e+02 -6.409736e+01  1.596958e+00
     vertex  1.575000e+02 -6.410851e+01  1.602639e+00
     vertex  1.575000e+02 -6.409736e+01  1.596958e+00
   endloop
 endfacet
 facet normal  0.000000e+00 -4.539905e-01 -8.910065e-01
   outer loop
     vertex  1.579000e+02 -6.409736e+01  1.596958e+00
     vertex  1.579000e+02 -6.410851e+01  1.602639e+00
     vertex  1.575000e+02 -6.410851e+01  1.602639e+00
   endloop
 endfacet
 facet normal -0.000000e+00 -1.564345e-01 -9.876883e-01
   outer loop
     vertex  1.579000e+02 -6.408500e+01  1.595000e+00
     vertex  1.575000e+02 -6.409736e+01  1.596958e+00
     vertex  1.575000e+02 -6.408500e+01  1.595000e+00
   endloop
 endfacet
 facet normal  0.000000e+00 -1.564345e-01 -9.876883e-01
   outer loop
     vertex  1.579000e+02 -6.408500e+01  1.595000e+00
     vertex  1.579000e+02 -6.409736e+01  1.596958e+00
     vertex  1.575000e+02 -6.409736e+01  1.596958e+00
   endloop
 endfacet
 facet normal  0.000000e+00 -1.564345e-01  9.876883e-01
   outer loop
     vertex  1.579000e+02 -6.409736e+01  2.843042e+00
     vertex  1.579000e+02 -6.408500e+01  2.845000e+00
     vertex  1.575000e+02 -6.408500e+01  2.845000e+00
   endloop
 endfacet
 facet normal  0.000000e+00 -1.564345e-01  9.876883e-01
   outer loop
     vertex  1.579000e+02 -6.409736e+01  2.843042e+00
     vertex  1.575000e+02 -6.408500e+01  2.845000e+00
     vertex  1.575000e+02 -6.409736e+01  2.843042e+00
   endloop
 endfacet
 facet normal  0.000000e+00 -4.539905e-01  8.910065e-01
   outer loop
     vertex  1.579000e+02 -6.410851e+01  2.837361e+00
     vertex  1.575000e+02 -6.409736e+01  2.843042e+00
     vertex  1.575000e+02 -6.410851e+01  2.837361e+00
   endloop
 endfacet
 facet normal  0.000000e+00 -4.539905e-01  8.910065e-01
   outer loop
     vertex  1.579000e+02 -6.410851e+01  2.837361e+00
     vertex  1.579000e+02 -6.409736e+01  2.843042e+00
     vertex  1.575000e+02 -6.409736e+01  2.843042e+00
   endloop
 endfacet
 facet normal  0.000000e+00 -7.071068e-01  7.071068e-01
   outer loop
     vertex  1.579000e+02 -6.411736e+01  2.828511e+00
     vertex  1.575000e+02 -6.410851e+01  2.837361e+00
     vertex  1.575000e+02 -6.411736e+01  2.828511e+00
   endloop
 endfacet
 facet normal  0.000000e+00 -7.071068e-01  7.071068e-01
   outer loop
     vertex  1.579000e+02 -6.411736e+01  2.828511e+00
     vertex  1.579000e+02 -6.410851e+01  2.837361e+00
     vertex  1.575000e+02 -6.410851e+01  2.837361e+00
   endloop
 endfacet
 facet normal  0.000000e+00 -8.910065e-01  4.539905e-01
   outer loop
     vertex  1.579000e+02 -6.412304e+01  2.817361e+00
     vertex  1.575000e+02 -6.411736e+01  2.828511e+00
     vertex  1.575000e+02 -6.412304e+01  2.817361e+00
   endloop
 endfacet
 facet normal  0.000000e+00 -8.910065e-01  4.539905e-01
   outer loop
     vertex  1.579000e+02 -6.412304e+01  2.817361e+00
     vertex  1.579000e+02 -6.411736e+01  2.828511e+00
     vertex  1.575000e+02 -6.411736e+01  2.828511e+00
   endloop
 endfacet
 facet normal  0.000000e+00 -9.876883e-01  1.564345e-01
   outer loop
     vertex  1.579000e+02 -6.412500e+01  2.805000e+00
     vertex  1.575000e+02 -6.412304e+01  2.817361e+00
     vertex  1.575000e+02 -6.412500e+01  2.805000e+00
   endloop
 endfacet
 facet normal  0.000000e+00 -9.876883e-01  1.564345e-01
   outer loop
     vertex  1.579000e+02 -6.412500e+01  2.805000e+00
     vertex  1.579000e+02 -6.412304e+01  2.817361e+00
     vertex  1.575000e+02 -6.412304e+01  2.817361e+00
   endloop
 endfacet
 facet normal -0.000000e+00  0.000000e+00 -1.000000e+00
   outer loop
     vertex  1.579000e+02 -6.291500e+01  1.595000e+00
     vertex  1.575000e+02 -6.408500e+01  1.595000e+00
     vertex  1.575000e+02 -6.291500e+01  1.595000e+00
   endloop
 endfacet
 facet normal  0.000000e+00 -0.000000e+00 -1.000000e+00
   outer loop
     vertex  1.579000e+02 -6.291500e+01  1.595000e+00
     vertex  1.579000e+02 -6.408500e+01  1.595000e+00
     vertex  1.575000e+02 -6.408500e+01  1.595000e+00
   endloop
 endfacet
 facet normal  0.000000e+00  0.000000e+00  1.000000e+00
   outer loop
     vertex  1.579000e+02 -6.291500e+01  2.845000e+00
     vertex  1.575000e+02 -6.291500e+01  2.845000e+00
     vertex  1.575000e+02 -6.408500e+01  2.845000e+00
   endloop
 endfacet
 facet normal  0.000000e+00  0.000000e+00  1.000000e+00
   outer loop
     vertex  1.579000e+02 -6.291500e+01  2.845000e+00
     vertex  1.575000e+02 -6.408500e+01  2.845000e+00
     vertex  1.579000e+02 -6.408500e+01  2.845000e+00
   endloop
 endfacet
 facet normal  0.000000e+00  1.564345e-01 -9.876883e-01
   outer loop
     vertex  1.579000e+02 -6.290264e+01  1.596958e+00
     vertex  1.579000e+02 -6.291500e+01  1.595000e+00
     vertex  1.575000e+02 -6.291500e+01  1.595000e+00
   endloop
 endfacet
 facet normal  0.000000e+00  1.564345e-01 -9.876883e-01
   outer loop
     vertex  1.579000e+02 -6.290264e+01  1.596958e+00
     vertex  1.575000e+02 -6.291500e+01  1.595000e+00
     vertex  1.575000e+02 -6.290264e+01  1.596958e+00
   endloop
 endfacet
 facet normal  0.000000e+00  4.539905e-01 -8.910065e-01
   outer loop
     vertex  1.579000e+02 -6.289149e+01  1.602639e+00
     vertex  1.575000e+02 -6.290264e+01  1.596958e+00
     vertex  1.575000e+02 -6.289149e+01  1.602639e+00
   endloop
 endfacet
 facet normal  0.000000e+00  4.539905e-01 -8.910065e-01
   outer loop
     vertex  1.579000e+02 -6.289149e+01  1.602639e+00
     vertex  1.579000e+02 -6.290264e+01  1.596958e+00
     vertex  1.575000e+02 -6.290264e+01  1.596958e+00
   endloop
 endfacet
 facet normal  0.000000e+00  7.071068e-01 -7.071068e-01
   outer loop
     vertex  1.579000e+02 -6.288264e+01  1.611489e+00
     vertex  1.575000e+02 -6.289149e+01  1.602639e+00
     vertex  1.575000e+02 -6.288264e+01  1.611489e+00
   endloop
 endfacet
 facet normal  0.000000e+00  7.071068e-01 -7.071068e-01
   outer loop
     vertex  1.579000e+02 -6.288264e+01  1.611489e+00
     vertex  1.579000e+02 -6.289149e+01  1.602639e+00
     vertex  1.575000e+02 -6.289149e+01  1.602639e+00
   endloop
 endfacet
 facet normal  0.000000e+00  8.910065e-01 -4.539905e-01
   outer loop
     vertex  1.579000e+02 -6.287696e+01  1.622639e+00
     vertex  1.575000e+02 -6.288264e+01  1.611489e+00
     vertex  1.575000e+02 -6.287696e+01  1.622639e+00
   endloop
 endfacet
 facet normal  0.000000e+00  8.910065e-01 -4.539905e-01
   outer loop
     vertex  1.579000e+02 -6.287696e+01  1.622639e+00
     vertex  1.579000e+02 -6.288264e+01  1.611489e+00
     vertex  1.575000e+02 -6.288264e+01  1.611489e+00
   endloop
 endfacet
 facet normal  0.000000e+00  9.876883e-01 -1.564345e-01
   outer loop
     vertex  1.579000e+02 -6.287500e+01  1.635000e+00
     vertex  1.575000e+02 -6.287696e+01  1.622639e+00
     vertex  1.575000e+02 -6.287500e+01  1.635000e+00
   endloop
 endfacet
 facet normal  0.000000e+00  9.876883e-01 -1.564345e-01
   outer loop
     vertex  1.579000e+02 -6.287500e+01  1.635000e+00
     vertex  1.579000e+02 -6.287696e+01  1.622639e+00
     vertex  1.575000e+02 -6.287696e+01  1.622639e+00
   endloop
 endfacet
 facet normal  0.000000e+00  9.876883e-01  1.564345e-01
   outer loop
     vertex  1.579000e+02 -6.287696e+01  2.817361e+00
     vertex  1.575000e+02 -6.287500e+01  2.805000e+00
     vertex  1.575000e+02 -6.287696e+01  2.817361e+00
   endloop
 endfacet
 facet normal  0.000000e+00  9.876883e-01  1.564345e-01
   outer loop
     vertex  1.579000e+02 -6.287696e+01  2.817361e+00
     vertex  1.579000e+02 -6.287500e+01  2.805000e+00
     vertex  1.575000e+02 -6.287500e+01  2.805000e+00
   endloop
 endfacet
 facet normal  0.000000e+00  8.910065e-01  4.539905e-01
   outer loop
     vertex  1.579000e+02 -6.288264e+01  2.828511e+00
     vertex  1.575000e+02 -6.287696e+01  2.817361e+00
     vertex  1.575000e+02 -6.288264e+01  2.828511e+00
   endloop
 endfacet
 facet normal  0.000000e+00  8.910065e-01  4.539905e-01
   outer loop
     vertex  1.579000e+02 -6.288264e+01  2.828511e+00
     vertex  1.579000e+02 -6.287696e+01  2.817361e+00
     vertex  1.575000e+02 -6.287696e+01  2.817361e+00
   endloop
 endfacet
 facet normal  0.000000e+00  7.071068e-01  7.071068e-01
   outer loop
     vertex  1.579000e+02 -6.289149e+01  2.837361e+00
     vertex  1.575000e+02 -6.288264e+01  2.828511e+00
     vertex  1.575000e+02 -6.289149e+01  2.837361e+00
   endloop
 endfacet
 facet normal  0.000000e+00  7.071068e-01  7.071068e-01
   outer loop
     vertex  1.579000e+02 -6.289149e+01  2.837361e+00
     vertex  1.579000e+02 -6.288264e+01  2.828511e+00
     vertex  1.575000e+02 -6.288264e+01  2.828511e+00
   endloop
 endfacet
 facet normal  0.000000e+00  4.539905e-01  8.910065e-01
   outer loop
     vertex  1.579000e+02 -6.290264e+01  2.843042e+00
     vertex  1.575000e+02 -6.289149e+01  2.837361e+00
     vertex  1.575000e+02 -6.290264e+01  2.843042e+00
   endloop
 endfacet
 facet normal  0.000000e+00  4.539905e-01  8.910065e-01
   outer loop
     vertex  1.579000e+02 -6.290264e+01  2.843042e+00
     vertex  1.579000e+02 -6.289149e+01  2.837361e+00
     vertex  1.575000e+02 -6.289149e+01  2.837361e+00
   endloop
 endfacet
 facet normal  0.000000e+00  1.564345e-01  9.876883e-01
   outer loop
     vertex  1.579000e+02 -6.291500e+01  2.845000e+00
     vertex  1.575000e+02 -6.290264e+01  2.843042e+00
     vertex  1.575000e+02 -6.291500e+01  2.845000e+00
   endloop
 endfacet
 facet normal  0.000000e+00  1.564345e-01  9.876883e-01
   outer loop
     vertex  1.579000e+02 -6.291500e+01  2.845000e+00
     vertex  1.579000e+02 -6.290264e+01  2.843042e+00
     vertex  1.575000e+02 -6.290264e+01  2.843042e+00
   endloop
 endfacet
 facet normal  0.000000e+00  1.000000e+00  0.000000e+00
   outer loop
     vertex  1.579000e+02 -6.287500e+01  2.805000e+00
     vertex  1.579000e+02 -6.287500e+01  1.635000e+00
     vertex  1.575000e+02 -6.287500e+01  1.635000e+00
   endloop
 endfacet
 facet normal  0.000000e+00  1.000000e+00  0.000000e+00
   outer loop
     vertex  1.579000e+02 -6.287500e+01  2.805000e+00
     vertex  1.575000e+02 -6.287500e+01  1.635000e+00
     vertex  1.575000e+02 -6.287500e+01  2.805000e+00
   endloop
 endfacet
 facet normal  1.000000e+00  0.000000e+00  0.000000e+00
   outer loop
     vertex  1.579000e+02 -6.293149e+01  1.642639e+00
     vertex  1.579000e+02 -6.290264e+01  1.596958e+00
     vertex  1.579000e+02 -6.289149e+01  1.602639e+00
   endloop
 endfacet
 facet normal  1.000000e+00  0.000000e+00  0.000000e+00
   outer loop
     vertex  1.579000e+02 -6.293149e+01  1.642639e+00
     vertex  1.579000e+02 -6.291500e+01  1.595000e+00
     vertex  1.579000e+02 -6.290264e+01  1.596958e+00
   endloop
 endfacet
 facet normal  1.000000e+00  0.000000e+00  0.000000e+00
   outer loop
     vertex  1.579000e+02 -6.292264e+01  1.651489e+00
     vertex  1.579000e+02 -6.287696e+01  1.622639e+00
     vertex  1.579000e+02 -6.287500e+01  1.635000e+00
   endloop
 endfacet
 facet normal  1.000000e+00  0.000000e+00  0.000000e+00
   outer loop
     vertex  1.579000e+02 -6.292264e+01  1.651489e+00
     vertex  1.579000e+02 -6.288264e+01  1.611489e+00
     vertex  1.579000e+02 -6.287696e+01  1.622639e+00
   endloop
 endfacet
 facet normal  1.000000e+00  0.000000e+00  0.000000e+00
   outer loop
     vertex  1.579000e+02 -6.292264e+01  1.651489e+00
     vertex  1.579000e+02 -6.289149e+01  1.602639e+00
     vertex  1.579000e+02 -6.288264e+01  1.611489e+00
   endloop
 endfacet
 facet normal  1.000000e+00  0.000000e+00  0.000000e+00
   outer loop
     vertex  1.579000e+02 -6.292264e+01  1.651489e+00
     vertex  1.579000e+02 -6.293149e+01  1.642639e+00
     vertex  1.579000e+02 -6.289149e+01  1.602639e+00
   endloop
 endfacet
 facet normal  1.000000e+00 -0.000000e+00  0.000000e+00
   outer loop
     vertex  1.579000e+02 -6.294264e+01  1.636958e+00
     vertex  1.579000e+02 -6.291500e+01  1.595000e+00
     vertex  1.579000e+02 -6.293149e+01  1.642639e+00
   endloop
 endfacet
 facet normal  1.000000e+00  0.000000e+00  0.000000e+00
   outer loop
     vertex  1.579000e+02 -6.291696e+01  1.662639e+00
     vertex  1.579000e+02 -6.292264e+01  1.651489e+00
     vertex  1.579000e+02 -6.287500e+01  1.635000e+00
   endloop
 endfacet
 facet normal  1.000000e+00  0.000000e+00  0.000000e+00
   outer loop
     vertex  1.579000e+02 -6.291500e+01  1.675000e+00
     vertex  1.579000e+02 -6.291696e+01  1.662639e+00
     vertex  1.579000e+02 -6.287500e+01  1.635000e+00
   endloop
 endfacet
 facet normal  1.000000e+00 -0.000000e+00  0.000000e+00
   outer loop
     vertex  1.579000e+02 -6.295500e+01  1.635000e+00
     vertex  1.579000e+02 -6.291500e+01  1.595000e+00
     vertex  1.579000e+02 -6.294264e+01  1.636958e+00
   endloop
 endfacet
 facet normal  1.000000e+00  0.000000e+00  0.000000e+00
   outer loop
     vertex  1.579000e+02 -6.287500e+01  2.805000e+00
     vertex  1.579000e+02 -6.291500e+01  2.765000e+00
     vertex  1.579000e+02 -6.291500e+01  1.675000e+00
   endloop
 endfacet
 facet normal  1.000000e+00  0.000000e+00  0.000000e+00
   outer loop
     vertex  1.579000e+02 -6.287500e+01  2.805000e+00
     vertex  1.579000e+02 -6.291500e+01  1.675000e+00
     vertex  1.579000e+02 -6.287500e+01  1.635000e+00
   endloop
 endfacet
 facet normal  1.000000e+00  0.000000e+00  0.000000e+00
   outer loop
     vertex  1.579000e+02 -6.408500e+01  1.595000e+00
     vertex  1.579000e+02 -6.295500e+01  1.635000e+00
     vertex  1.579000e+02 -6.404500e+01  1.635000e+00
   endloop
 endfacet
 facet normal  1.000000e+00  0.000000e+00  0.000000e+00
   outer loop
     vertex  1.579000e+02 -6.408500e+01  1.595000e+00
     vertex  1.579000e+02 -6.291500e+01  1.595000e+00
     vertex  1.579000e+02 -6.295500e+01  1.635000e+00
   endloop
 endfacet
 facet normal  1.000000e+00 -0.000000e+00  0.000000e+00
   outer loop
     vertex  1.579000e+02 -6.291696e+01  2.777361e+00
     vertex  1.579000e+02 -6.291500e+01  2.765000e+00
     vertex  1.579000e+02 -6.287500e+01  2.805000e+00
   endloop
 endfacet
 facet normal  1.000000e+00  0.000000e+00  0.000000e+00
   outer loop
     vertex  1.579000e+02 -6.405736e+01  1.636958e+00
     vertex  1.579000e+02 -6.408500e+01  1.595000e+00
     vertex  1.579000e+02 -6.404500e+01  1.635000e+00
   endloop
 endfacet
 facet normal  1.000000e+00  0.000000e+00  0.000000e+00
   outer loop
     vertex  1.579000e+02 -6.292264e+01  2.788511e+00
     vertex  1.579000e+02 -6.287500e+01  2.805000e+00
     vertex  1.579000e+02 -6.287696e+01  2.817361e+00
   endloop
 endfacet
 facet normal  1.000000e+00 -0.000000e+00  0.000000e+00
   outer loop
     vertex  1.579000e+02 -6.292264e+01  2.788511e+00
     vertex  1.579000e+02 -6.291696e+01  2.777361e+00
     vertex  1.579000e+02 -6.287500e+01  2.805000e+00
   endloop
 endfacet
 facet normal  1.000000e+00  0.000000e+00  0.000000e+00
   outer loop
     vertex  1.579000e+02 -6.288264e+01  2.828511e+00
     vertex  1.579000e+02 -6.292264e+01  2.788511e+00
     vertex  1.579000e+02 -6.287696e+01  2.817361e+00
   endloop
 endfacet
 facet normal  1.000000e+00  0.000000e+00  0.000000e+00
   outer loop
     vertex  1.579000e+02 -6.406851e+01  1.642639e+00
     vertex  1.579000e+02 -6.410851e+01  1.602639e+00
     vertex  1.579000e+02 -6.409736e+01  1.596958e+00
   endloop
 endfacet
 facet normal  1.000000e+00  0.000000e+00  0.000000e+00
   outer loop
     vertex  1.579000e+02 -6.406851e+01  1.642639e+00
     vertex  1.579000e+02 -6.409736e+01  1.596958e+00
     vertex  1.579000e+02 -6.408500e+01  1.595000e+00
   endloop
 endfacet
 facet normal  1.000000e+00  0.000000e+00  0.000000e+00
   outer loop
     vertex  1.579000e+02 -6.406851e+01  1.642639e+00
     vertex  1.579000e+02 -6.408500e+01  1.595000e+00
     vertex  1.579000e+02 -6.405736e+01  1.636958e+00
   endloop
 endfacet
 facet normal  1.000000e+00  0.000000e+00  0.000000e+00
   outer loop
     vertex  1.579000e+02 -6.407736e+01  1.651489e+00
     vertex  1.579000e+02 -6.410851e+01  1.602639e+00
     vertex  1.579000e+02 -6.406851e+01  1.642639e+00
   endloop
 endfacet
 facet normal  1.000000e+00  0.000000e+00  0.000000e+00
   outer loop
     vertex  1.579000e+02 -6.289149e+01  2.837361e+00
     vertex  1.579000e+02 -6.293149e+01  2.797361e+00
     vertex  1.579000e+02 -6.292264e+01  2.788511e+00
   endloop
 endfacet
 facet normal  1.000000e+00  0.000000e+00  0.000000e+00
   outer loop
     vertex  1.579000e+02 -6.289149e+01  2.837361e+00
     vertex  1.579000e+02 -6.292264e+01  2.788511e+00
     vertex  1.579000e+02 -6.288264e+01  2.828511e+00
   endloop
 endfacet
 facet normal  1.000000e+00 -0.000000e+00  0.000000e+00
   outer loop
     vertex  1.579000e+02 -6.411736e+01  1.611489e+00
     vertex  1.579000e+02 -6.410851e+01  1.602639e+00
     vertex  1.579000e+02 -6.407736e+01  1.651489e+00
   endloop
 endfacet
 facet normal  1.000000e+00 -0.000000e+00  0.000000e+00
   outer loop
     vertex  1.579000e+02 -6.412304e+01  1.622639e+00
     vertex  1.579000e+02 -6.411736e+01  1.611489e+00
     vertex  1.579000e+02 -6.407736e+01  1.651489e+00
   endloop
 endfacet
 facet normal  1.000000e+00  0.000000e+00  0.000000e+00
   outer loop
     vertex  1.579000e+02 -6.290264e+01  2.843042e+00
     vertex  1.579000e+02 -6.293149e+01  2.797361e+00
     vertex  1.579000e+02 -6.289149e+01  2.837361e+00
   endloop
 endfacet
 facet normal  1.000000e+00  0.000000e+00  0.000000e+00
   outer loop
     vertex  1.579000e+02 -6.291500e+01  2.845000e+00
     vertex  1.579000e+02 -6.294264e+01  2.803042e+00
     vertex  1.579000e+02 -6.293149e+01  2.797361e+00
   endloop
 endfacet
 facet normal  1.000000e+00  0.000000e+00  0.000000e+00
   outer loop
     vertex  1.579000e+02 -6.291500e+01  2.845000e+00
     vertex  1.579000e+02 -6.293149e+01  2.797361e+00
     vertex  1.579000e+02 -6.290264e+01  2.843042e+00
   endloop
 endfacet
 facet normal  1.000000e+00 -0.000000e+00  0.000000e+00
   outer loop
     vertex  1.579000e+02 -6.295500e+01  2.805000e+00
     vertex  1.579000e+02 -6.294264e+01  2.803042e+00
     vertex  1.579000e+02 -6.291500e+01  2.845000e+00
   endloop
 endfacet
 facet normal  1.000000e+00 -0.000000e+00  0.000000e+00
   outer loop
     vertex  1.579000e+02 -6.412500e+01  1.635000e+00
     vertex  1.579000e+02 -6.412304e+01  1.622639e+00
     vertex  1.579000e+02 -6.407736e+01  1.651489e+00
   endloop
 endfacet
 facet normal  1.000000e+00  0.000000e+00  0.000000e+00
   outer loop
     vertex  1.579000e+02 -6.412500e+01  1.635000e+00
     vertex  1.579000e+02 -6.408304e+01  1.662639e+00
     vertex  1.579000e+02 -6.408500e+01  1.675000e+00
   endloop
 endfacet
 facet normal  1.000000e+00  0.000000e+00  0.000000e+00
   outer loop
     vertex  1.579000e+02 -6.412500e+01  1.635000e+00
     vertex  1.579000e+02 -6.407736e+01  1.651489e+00
     vertex  1.579000e+02 -6.408304e+01  1.662639e+00
   endloop
 endfacet
 facet normal  1.000000e+00  0.000000e+00  0.000000e+00
   outer loop
     vertex  1.579000e+02 -6.412500e+01  2.805000e+00
     vertex  1.579000e+02 -6.408500e+01  2.765000e+00
     vertex  1.579000e+02 -6.408304e+01  2.777361e+00
   endloop
 endfacet
 facet normal  1.000000e+00  0.000000e+00  0.000000e+00
   outer loop
     vertex  1.579000e+02 -6.412500e+01  2.805000e+00
     vertex  1.579000e+02 -6.408304e+01  2.777361e+00
     vertex  1.579000e+02 -6.407736e+01  2.788511e+00
   endloop
 endfacet
 facet normal  1.000000e+00  0.000000e+00  0.000000e+00
   outer loop
     vertex  1.579000e+02 -6.408500e+01  2.845000e+00
     vertex  1.579000e+02 -6.406851e+01  2.797361e+00
     vertex  1.579000e+02 -6.405736e+01  2.803042e+00
   endloop
 endfacet
 facet normal  1.000000e+00  0.000000e+00  0.000000e+00
   outer loop
     vertex  1.579000e+02 -6.408500e+01  2.845000e+00
     vertex  1.579000e+02 -6.405736e+01  2.803042e+00
     vertex  1.579000e+02 -6.404500e+01  2.805000e+00
   endloop
 endfacet
 facet normal  1.000000e+00  0.000000e+00  0.000000e+00
   outer loop
     vertex  1.579000e+02 -6.408500e+01  2.845000e+00
     vertex  1.579000e+02 -6.404500e+01  2.805000e+00
     vertex  1.579000e+02 -6.295500e+01  2.805000e+00
   endloop
 endfacet
 facet normal  1.000000e+00 -0.000000e+00  0.000000e+00
   outer loop
     vertex  1.579000e+02 -6.408500e+01  2.845000e+00
     vertex  1.579000e+02 -6.295500e+01  2.805000e+00
     vertex  1.579000e+02 -6.291500e+01  2.845000e+00
   endloop
 endfacet
 facet normal  1.000000e+00 -0.000000e+00  0.000000e+00
   outer loop
     vertex  1.579000e+02 -6.409736e+01  2.843042e+00
     vertex  1.579000e+02 -6.406851e+01  2.797361e+00
     vertex  1.579000e+02 -6.408500e+01  2.845000e+00
   endloop
 endfacet
 facet normal  1.000000e+00  0.000000e+00  0.000000e+00
   outer loop
     vertex  1.579000e+02 -6.412304e+01  2.817361e+00
     vertex  1.579000e+02 -6.412500e+01  2.805000e+00
     vertex  1.579000e+02 -6.407736e+01  2.788511e+00
   endloop
 endfacet
 facet normal  1.000000e+00 -0.000000e+00  0.000000e+00
   outer loop
     vertex  1.579000e+02 -6.410851e+01  2.837361e+00
     vertex  1.579000e+02 -6.406851e+01  2.797361e+00
     vertex  1.579000e+02 -6.409736e+01  2.843042e+00
   endloop
 endfacet
 facet normal  1.000000e+00  0.000000e+00  0.000000e+00
   outer loop
     vertex  1.579000e+02 -6.410851e+01  2.837361e+00
     vertex  1.579000e+02 -6.407736e+01  2.788511e+00
     vertex  1.579000e+02 -6.406851e+01  2.797361e+00
   endloop
 endfacet
 facet normal  1.000000e+00 -0.000000e+00  0.000000e+00
   outer loop
     vertex  1.579000e+02 -6.411736e+01  2.828511e+00
     vertex  1.579000e+02 -6.407736e+01  2.788511e+00
     vertex  1.579000e+02 -6.410851e+01  2.837361e+00
   endloop
 endfacet
 facet normal  1.000000e+00  0.000000e+00  0.000000e+00
   outer loop
     vertex  1.579000e+02 -6.411736e+01  2.828511e+00
     vertex  1.579000e+02 -6.412304e+01  2.817361e+00
     vertex  1.579000e+02 -6.407736e+01  2.788511e+00
   endloop
 endfacet
 facet normal  1.000000e+00  0.000000e+00  0.000000e+00
   outer loop
     vertex  1.579000e+02 -6.412500e+01  2.805000e+00
     vertex  1.579000e+02 -6.412500e+01  1.635000e+00
     vertex  1.579000e+02 -6.408500e+01  1.675000e+00
   endloop
 endfacet
 facet normal  1.000000e+00  0.000000e+00  0.000000e+00
   outer loop
     vertex  1.579000e+02 -6.412500e+01  2.805000e+00
     vertex  1.579000e+02 -6.408500e+01  1.675000e+00
     vertex  1.579000e+02 -6.408500e+01  2.765000e+00
   endloop
 endfacet
 facet normal -0.000000e+00 -9.876883e-01 -1.564345e-01
   outer loop
     vertex  1.591000e+02 -6.408304e+01  1.662639e+00
     vertex  1.579000e+02 -6.408500e+01  1.675000e+00
     vertex  1.579000e+02 -6.408304e+01  1.662639e+00
   endloop
 endfacet
 facet normal  0.000000e+00 -9.876883e-01 -1.564345e-01
   outer loop
     vertex  1.591000e+02 -6.408304e+01  1.662639e+00
     vertex  1.591000e+02 -6.408500e+01  1.675000e+00
     vertex  1.579000e+02 -6.408500e+01  1.675000e+00
   endloop
 endfacet
 facet normal -0.000000e+00 -8.910065e-01 -4.539905e-01
   outer loop
     vertex  1.591000e+02 -6.407736e+01  1.651489e+00
     vertex  1.579000e+02 -6.408304e+01  1.662639e+00
     vertex  1.579000e+02 -6.407736e+01  1.651489e+00
   endloop
 endfacet
 facet normal  0.000000e+00 -8.910065e-01 -4.539905e-01
   outer loop
     vertex  1.591000e+02 -6.407736e+01  1.651489e+00
     vertex  1.591000e+02 -6.408304e+01  1.662639e+00
     vertex  1.579000e+02 -6.408304e+01  1.662639e+00
   endloop
 endfacet
 facet normal -0.000000e+00 -7.071068e-01 -7.071068e-01
   outer loop
     vertex  1.591000e+02 -6.406851e+01  1.642639e+00
     vertex  1.579000e+02 -6.407736e+01  1.651489e+00
     vertex  1.579000e+02 -6.406851e+01  1.642639e+00
   endloop
 endfacet
 facet normal  0.000000e+00 -7.071068e-01 -7.071068e-01
   outer loop
     vertex  1.591000e+02 -6.406851e+01  1.642639e+00
     vertex  1.591000e+02 -6.407736e+01  1.651489e+00
     vertex  1.579000e+02 -6.407736e+01  1.651489e+00
   endloop
 endfacet
 facet normal -0.000000e+00 -4.539905e-01 -8.910065e-01
   outer loop
     vertex  1.591000e+02 -6.405736e+01  1.636958e+00
     vertex  1.579000e+02 -6.406851e+01  1.642639e+00
     vertex  1.579000e+02 -6.405736e+01  1.636958e+00
   endloop
 endfacet
 facet normal  0.000000e+00 -4.539905e-01 -8.910065e-01
   outer loop
     vertex  1.591000e+02 -6.405736e+01  1.636958e+00
     vertex  1.591000e+02 -6.406851e+01  1.642639e+00
     vertex  1.579000e+02 -6.406851e+01  1.642639e+00
   endloop
 endfacet
 facet normal -0.000000e+00 -1.564345e-01 -9.876883e-01
   outer loop
     vertex  1.591000e+02 -6.404500e+01  1.635000e+00
     vertex  1.579000e+02 -6.405736e+01  1.636958e+00
     vertex  1.579000e+02 -6.404500e+01  1.635000e+00
   endloop
 endfacet
 facet normal  0.000000e+00 -1.564345e-01 -9.876883e-01
   outer loop
     vertex  1.591000e+02 -6.404500e+01  1.635000e+00
     vertex  1.591000e+02 -6.405736e+01  1.636958e+00
     vertex  1.579000e+02 -6.405736e+01  1.636958e+00
   endloop
 endfacet
 facet normal -0.000000e+00  0.000000e+00 -1.000000e+00
   outer loop
     vertex  1.591000e+02 -6.295500e+01  1.635000e+00
     vertex  1.579000e+02 -6.404500e+01  1.635000e+00
     vertex  1.579000e+02 -6.295500e+01  1.635000e+00
   endloop
 endfacet
 facet normal  0.000000e+00 -0.000000e+00 -1.000000e+00
   outer loop
     vertex  1.591000e+02 -6.295500e+01  1.635000e+00
     vertex  1.591000e+02 -6.404500e+01  1.635000e+00
     vertex  1.579000e+02 -6.404500e+01  1.635000e+00
   endloop
 endfacet
 facet normal  0.000000e+00  1.564345e-01 -9.876883e-01
   outer loop
     vertex  1.591000e+02 -6.294264e+01  1.636958e+00
     vertex  1.591000e+02 -6.295500e+01  1.635000e+00
     vertex  1.579000e+02 -6.295500e+01  1.635000e+00
   endloop
 endfacet
 facet normal  0.000000e+00  1.564345e-01 -9.876883e-01
   outer loop
     vertex  1.591000e+02 -6.294264e+01  1.636958e+00
     vertex  1.579000e+02 -6.295500e+01  1.635000e+00
     vertex  1.579000e+02 -6.294264e+01  1.636958e+00
   endloop
 endfacet
 facet normal  0.000000e+00  4.539905e-01 -8.910065e-01
   outer loop
     vertex  1.591000e+02 -6.293149e+01  1.642639e+00
     vertex  1.579000e+02 -6.294264e+01  1.636958e+00
     vertex  1.579000e+02 -6.293149e+01  1.642639e+00
   endloop
 endfacet
 facet normal  0.000000e+00  4.539905e-01 -8.910065e-01
   outer loop
     vertex  1.591000e+02 -6.293149e+01  1.642639e+00
     vertex  1.591000e+02 -6.294264e+01  1.636958e+00
     vertex  1.579000e+02 -6.294264e+01  1.636958e+00
   endloop
 endfacet
 facet normal  0.000000e+00  7.071068e-01 -7.071068e-01
   outer loop
     vertex  1.591000e+02 -6.292264e+01  1.651489e+00
     vertex  1.579000e+02 -6.293149e+01  1.642639e+00
     vertex  1.579000e+02 -6.292264e+01  1.651489e+00
   endloop
 endfacet
 facet normal  0.000000e+00  7.071068e-01 -7.071068e-01
   outer loop
     vertex  1.591000e+02 -6.292264e+01  1.651489e+00
     vertex  1.591000e+02 -6.293149e+01  1.642639e+00
     vertex  1.579000e+02 -6.293149e+01  1.642639e+00
   endloop
 endfacet
 facet normal  0.000000e+00  8.910065e-01 -4.539905e-01
   outer loop
     vertex  1.591000e+02 -6.291696e+01  1.662639e+00
     vertex  1.579000e+02 -6.292264e+01  1.651489e+00
     vertex  1.579000e+02 -6.291696e+01  1.662639e+00
   endloop
 endfacet
 facet normal  0.000000e+00  8.910065e-01 -4.539905e-01
   outer loop
     vertex  1.591000e+02 -6.291696e+01  1.662639e+00
     vertex  1.591000e+02 -6.292264e+01  1.651489e+00
     vertex  1.579000e+02 -6.292264e+01  1.651489e+00
   endloop
 endfacet
 facet normal  0.000000e+00  9.876883e-01 -1.564345e-01
   outer loop
     vertex  1.591000e+02 -6.291500e+01  1.675000e+00
     vertex  1.579000e+02 -6.291696e+01  1.662639e+00
     vertex  1.579000e+02 -6.291500e+01  1.675000e+00
   endloop
 endfacet
 facet normal  0.000000e+00  9.876883e-01 -1.564345e-01
   outer loop
     vertex  1.591000e+02 -6.291500e+01  1.675000e+00
     vertex  1.591000e+02 -6.291696e+01  1.662639e+00
     vertex  1.579000e+02 -6.291696e+01  1.662639e+00
   endloop
 endfacet
 facet normal  0.000000e+00  1.000000e+00  0.000000e+00
   outer loop
     vertex  1.591000e+02 -6.291500e+01  2.765000e+00
     vertex  1.591000e+02 -6.291500e+01  1.675000e+00
     vertex  1.579000e+02 -6.291500e+01  1.675000e+00
   endloop
 endfacet
 facet normal  0.000000e+00  1.000000e+00  0.000000e+00
   outer loop
     vertex  1.591000e+02 -6.291500e+01  2.765000e+00
     vertex  1.579000e+02 -6.291500e+01  1.675000e+00
     vertex  1.579000e+02 -6.291500e+01  2.765000e+00
   endloop
 endfacet
 facet normal  0.000000e+00  9.876883e-01  1.564345e-01
   outer loop
     vertex  1.591000e+02 -6.291696e+01  2.777361e+00
     vertex  1.579000e+02 -6.291500e+01  2.765000e+00
     vertex  1.579000e+02 -6.291696e+01  2.777361e+00
   endloop
 endfacet
 facet normal  0.000000e+00  9.876883e-01  1.564345e-01
   outer loop
     vertex  1.591000e+02 -6.291696e+01  2.777361e+00
     vertex  1.591000e+02 -6.291500e+01  2.765000e+00
     vertex  1.579000e+02 -6.291500e+01  2.765000e+00
   endloop
 endfacet
 facet normal  0.000000e+00  8.910065e-01  4.539905e-01
   outer loop
     vertex  1.591000e+02 -6.292264e+01  2.788511e+00
     vertex  1.579000e+02 -6.291696e+01  2.777361e+00
     vertex  1.579000e+02 -6.292264e+01  2.788511e+00
   endloop
 endfacet
 facet normal  0.000000e+00  8.910065e-01  4.539905e-01
   outer loop
     vertex  1.591000e+02 -6.292264e+01  2.788511e+00
     vertex  1.591000e+02 -6.291696e+01  2.777361e+00
     vertex  1.579000e+02 -6.291696e+01  2.777361e+00
   endloop
 endfacet
 facet normal  0.000000e+00  7.071068e-01  7.071068e-01
   outer loop
     vertex  1.591000e+02 -6.293149e+01  2.797361e+00
     vertex  1.579000e+02 -6.292264e+01  2.788511e+00
     vertex  1.579000e+02 -6.293149e+01  2.797361e+00
   endloop
 endfacet
 facet normal  0.000000e+00  7.071068e-01  7.071068e-01
   outer loop
     vertex  1.591000e+02 -6.293149e+01  2.797361e+00
     vertex  1.591000e+02 -6.292264e+01  2.788511e+00
     vertex  1.579000e+02 -6.292264e+01  2.788511e+00
   endloop
 endfacet
 facet normal  0.000000e+00  4.539905e-01  8.910065e-01
   outer loop
     vertex  1.591000e+02 -6.294264e+01  2.803042e+00
     vertex  1.579000e+02 -6.293149e+01  2.797361e+00
     vertex  1.579000e+02 -6.294264e+01  2.803042e+00
   endloop
 endfacet
 facet normal  0.000000e+00  4.539905e-01  8.910065e-01
   outer loop
     vertex  1.591000e+02 -6.294264e+01  2.803042e+00
     vertex  1.591000e+02 -6.293149e+01  2.797361e+00
     vertex  1.579000e+02 -6.293149e+01  2.797361e+00
   endloop
 endfacet
 facet normal  0.000000e+00  1.564345e-01  9.876883e-01
   outer loop
     vertex  1.591000e+02 -6.295500e+01  2.805000e+00
     vertex  1.579000e+02 -6.294264e+01  2.803042e+00
     vertex  1.579000e+02 -6.295500e+01  2.805000e+00
   endloop
 endfacet
 facet normal  0.000000e+00  1.564345e-01  9.876883e-01
   outer loop
     vertex  1.591000e+02 -6.295500e+01  2.805000e+00
     vertex  1.591000e+02 -6.294264e+01  2.803042e+00
     vertex  1.579000e+02 -6.294264e+01  2.803042e+00
   endloop
 endfacet
 facet normal  0.000000e+00  0.000000e+00  1.000000e+00
   outer loop
     vertex  1.591000e+02 -6.295500e+01  2.805000e+00
     vertex  1.579000e+02 -6.295500e+01  2.805000e+00
     vertex  1.579000e+02 -6.404500e+01  2.805000e+00
   endloop
 endfacet
 facet normal  0.000000e+00  0.000000e+00  1.000000e+00
   outer loop
     vertex  1.591000e+02 -6.295500e+01  2.805000e+00
     vertex  1.579000e+02 -6.404500e+01  2.805000e+00
     vertex  1.591000e+02 -6.404500e+01  2.805000e+00
   endloop
 endfacet
 facet normal  0.000000e+00 -1.564345e-01  9.876883e-01
   outer loop
     vertex  1.591000e+02 -6.405736e+01  2.803042e+00
     vertex  1.591000e+02 -6.404500e+01  2.805000e+00
     vertex  1.579000e+02 -6.404500e+01  2.805000e+00
   endloop
 endfacet
 facet normal  0.000000e+00 -1.564345e-01  9.876883e-01
   outer loop
     vertex  1.591000e+02 -6.405736e+01  2.803042e+00
     vertex  1.579000e+02 -6.404500e+01  2.805000e+00
     vertex  1.579000e+02 -6.405736e+01  2.803042e+00
   endloop
 endfacet
 facet normal  0.000000e+00 -4.539905e-01  8.910065e-01
   outer loop
     vertex  1.591000e+02 -6.406851e+01  2.797361e+00
     vertex  1.579000e+02 -6.405736e+01  2.803042e+00
     vertex  1.579000e+02 -6.406851e+01  2.797361e+00
   endloop
 endfacet
 facet normal  0.000000e+00 -4.539905e-01  8.910065e-01
   outer loop
     vertex  1.591000e+02 -6.406851e+01  2.797361e+00
     vertex  1.591000e+02 -6.405736e+01  2.803042e+00
     vertex  1.579000e+02 -6.405736e+01  2.803042e+00
   endloop
 endfacet
 facet normal  0.000000e+00 -7.071068e-01  7.071068e-01
   outer loop
     vertex  1.591000e+02 -6.407736e+01  2.788511e+00
     vertex  1.579000e+02 -6.406851e+01  2.797361e+00
     vertex  1.579000e+02 -6.407736e+01  2.788511e+00
   endloop
 endfacet
 facet normal  0.000000e+00 -7.071068e-01  7.071068e-01
   outer loop
     vertex  1.591000e+02 -6.407736e+01  2.788511e+00
     vertex  1.591000e+02 -6.406851e+01  2.797361e+00
     vertex  1.579000e+02 -6.406851e+01  2.797361e+00
   endloop
 endfacet
 facet normal  0.000000e+00 -8.910065e-01  4.539905e-01
   outer loop
     vertex  1.591000e+02 -6.408304e+01  2.777361e+00
     vertex  1.579000e+02 -6.407736e+01  2.788511e+00
     vertex  1.579000e+02 -6.408304e+01  2.777361e+00
   endloop
 endfacet
 facet normal  0.000000e+00 -8.910065e-01  4.539905e-01
   outer loop
     vertex  1.591000e+02 -6.408304e+01  2.777361e+00
     vertex  1.591000e+02 -6.407736e+01  2.788511e+00
     vertex  1.579000e+02 -6.407736e+01  2.788511e+00
   endloop
 endfacet
 facet normal  0.000000e+00 -9.876883e-01  1.564345e-01
   outer loop
     vertex  1.591000e+02 -6.408500e+01  2.765000e+00
     vertex  1.579000e+02 -6.408304e+01  2.777361e+00
     vertex  1.579000e+02 -6.408500e+01  2.765000e+00
   endloop
 endfacet
 facet normal  0.000000e+00 -9.876883e-01  1.564345e-01
   outer loop
     vertex  1.591000e+02 -6.408500e+01  2.765000e+00
     vertex  1.591000e+02 -6.408304e+01  2.777361e+00
     vertex  1.579000e+02 -6.408304e+01  2.777361e+00
   endloop
 endfacet
 facet normal  0.000000e+00 -1.000000e+00 -0.000000e+00
   outer loop
     vertex  1.591000e+02 -6.408500e+01  2.765000e+00
     vertex  1.579000e+02 -6.408500e+01  1.675000e+00
     vertex  1.591000e+02 -6.408500e+01  1.675000e+00
   endloop
 endfacet
 facet normal -0.000000e+00 -1.000000e+00  0.000000e+00
   outer loop
     vertex  1.591000e+02 -6.408500e+01  2.765000e+00
     vertex  1.579000e+02 -6.408500e+01  2.765000e+00
     vertex  1.579000e+02 -6.408500e+01  1.675000e+00
   endloop
 endfacet
 facet normal -1.000000e+00  0.000000e+00  0.000000e+00
   outer loop
     vertex  1.591000e+02 -6.293149e+01  1.642639e+00
     vertex  1.591000e+02 -6.289149e+01  1.602639e+00
     vertex  1.591000e+02 -6.290264e+01  1.596958e+00
   endloop
 endfacet
 facet normal -1.000000e+00  0.000000e+00  0.000000e+00
   outer loop
     vertex  1.591000e+02 -6.293149e+01  1.642639e+00
     vertex  1.591000e+02 -6.290264e+01  1.596958e+00
     vertex  1.591000e+02 -6.291500e+01  1.595000e+00
   endloop
 endfacet
 facet normal -1.000000e+00  0.000000e+00  0.000000e+00
   outer loop
     vertex  1.591000e+02 -6.292264e+01  1.651489e+00
     vertex  1.591000e+02 -6.287500e+01  1.635000e+00
     vertex  1.591000e+02 -6.287696e+01  1.622639e+00
   endloop
 endfacet
 facet normal -1.000000e+00  0.000000e+00  0.000000e+00
   outer loop
     vertex  1.591000e+02 -6.292264e+01  1.651489e+00
     vertex  1.591000e+02 -6.287696e+01  1.622639e+00
     vertex  1.591000e+02 -6.288264e+01  1.611489e+00
   endloop
 endfacet
 facet normal -1.000000e+00  0.000000e+00  0.000000e+00
   outer loop
     vertex  1.591000e+02 -6.292264e+01  1.651489e+00
     vertex  1.591000e+02 -6.288264e+01  1.611489e+00
     vertex  1.591000e+02 -6.289149e+01  1.602639e+00
   endloop
 endfacet
 facet normal -1.000000e+00  0.000000e+00 -0.000000e+00
   outer loop
     vertex  1.591000e+02 -6.292264e+01  1.651489e+00
     vertex  1.591000e+02 -6.289149e+01  1.602639e+00
     vertex  1.591000e+02 -6.293149e+01  1.642639e+00
   endloop
 endfacet
 facet normal -1.000000e+00  0.000000e+00  0.000000e+00
   outer loop
     vertex  1.591000e+02 -6.294264e+01  1.636958e+00
     vertex  1.591000e+02 -6.293149e+01  1.642639e+00
     vertex  1.591000e+02 -6.291500e+01  1.595000e+00
   endloop
 endfacet
 facet normal -1.000000e+00  0.000000e+00 -0.000000e+00
   outer loop
     vertex  1.591000e+02 -6.291696e+01  1.662639e+00
     vertex  1.591000e+02 -6.287500e+01  1.635000e+00
     vertex  1.591000e+02 -6.292264e+01  1.651489e+00
   endloop
 endfacet
 facet normal -1.000000e+00  0.000000e+00 -0.000000e+00
   outer loop
     vertex  1.591000e+02 -6.291500e+01  1.675000e+00
     vertex  1.591000e+02 -6.287500e+01  1.635000e+00
     vertex  1.591000e+02 -6.291696e+01  1.662639e+00
   endloop
 endfacet
 facet normal -1.000000e+00  0.000000e+00  0.000000e+00
   outer loop
     vertex  1.591000e+02 -6.295500e+01  1.635000e+00
     vertex  1.591000e+02 -6.294264e+01  1.636958e+00
     vertex  1.591000e+02 -6.291500e+01  1.595000e+00
   endloop
 endfacet
 facet normal -1.000000e+00  0.000000e+00  0.000000e+00
   outer loop
     vertex  1.591000e+02 -6.287500e+01  2.805000e+00
     vertex  1.591000e+02 -6.291500e+01  1.675000e+00
     vertex  1.591000e+02 -6.291500e+01  2.765000e+00
   endloop
 endfacet
 facet normal -1.000000e+00  0.000000e+00 -0.000000e+00
   outer loop
     vertex  1.591000e+02 -6.287500e+01  2.805000e+00
     vertex  1.591000e+02 -6.287500e+01  1.635000e+00
     vertex  1.591000e+02 -6.291500e+01  1.675000e+00
   endloop
 endfacet
 facet normal -1.000000e+00  0.000000e+00  0.000000e+00
   outer loop
     vertex  1.591000e+02 -6.408500e+01  1.595000e+00
     vertex  1.591000e+02 -6.404500e+01  1.635000e+00
     vertex  1.591000e+02 -6.295500e+01  1.635000e+00
   endloop
 endfacet
 facet normal -1.000000e+00  0.000000e+00  0.000000e+00
   outer loop
     vertex  1.591000e+02 -6.408500e+01  1.595000e+00
     vertex  1.591000e+02 -6.295500e+01  1.635000e+00
     vertex  1.591000e+02 -6.291500e+01  1.595000e+00
   endloop
 endfacet
 facet normal -1.000000e+00  0.000000e+00  0.000000e+00
   outer loop
     vertex  1.591000e+02 -6.291696e+01  2.777361e+00
     vertex  1.591000e+02 -6.287500e+01  2.805000e+00
     vertex  1.591000e+02 -6.291500e+01  2.765000e+00
   endloop
 endfacet
 facet normal -1.000000e+00  0.000000e+00 -0.000000e+00
   outer loop
     vertex  1.591000e+02 -6.405736e+01  1.636958e+00
     vertex  1.591000e+02 -6.404500e+01  1.635000e+00
     vertex  1.591000e+02 -6.408500e+01  1.595000e+00
   endloop
 endfacet
 facet normal -1.000000e+00  0.000000e+00  0.000000e+00
   outer loop
     vertex  1.591000e+02 -6.292264e+01  2.788511e+00
     vertex  1.591000e+02 -6.287696e+01  2.817361e+00
     vertex  1.591000e+02 -6.287500e+01  2.805000e+00
   endloop
 endfacet
 facet normal -1.000000e+00  0.000000e+00  0.000000e+00
   outer loop
     vertex  1.591000e+02 -6.292264e+01  2.788511e+00
     vertex  1.591000e+02 -6.287500e+01  2.805000e+00
     vertex  1.591000e+02 -6.291696e+01  2.777361e+00
   endloop
 endfacet
 facet normal -1.000000e+00  0.000000e+00 -0.000000e+00
   outer loop
     vertex  1.591000e+02 -6.288264e+01  2.828511e+00
     vertex  1.591000e+02 -6.287696e+01  2.817361e+00
     vertex  1.591000e+02 -6.292264e+01  2.788511e+00
   endloop
 endfacet
 facet normal -1.000000e+00  0.000000e+00  0.000000e+00
   outer loop
     vertex  1.591000e+02 -6.406851e+01  1.642639e+00
     vertex  1.591000e+02 -6.409736e+01  1.596958e+00
     vertex  1.591000e+02 -6.410851e+01  1.602639e+00
   endloop
 endfacet
 facet normal -1.000000e+00  0.000000e+00  0.000000e+00
   outer loop
     vertex  1.591000e+02 -6.406851e+01  1.642639e+00
     vertex  1.591000e+02 -6.408500e+01  1.595000e+00
     vertex  1.591000e+02 -6.409736e+01  1.596958e+00
   endloop
 endfacet
 facet normal -1.000000e+00  0.000000e+00 -0.000000e+00
   outer loop
     vertex  1.591000e+02 -6.406851e+01  1.642639e+00
     vertex  1.591000e+02 -6.405736e+01  1.636958e+00
     vertex  1.591000e+02 -6.408500e+01  1.595000e+00
   endloop
 endfacet
 facet normal -1.000000e+00  0.000000e+00 -0.000000e+00
   outer loop
     vertex  1.591000e+02 -6.407736e+01  1.651489e+00
     vertex  1.591000e+02 -6.406851e+01  1.642639e+00
     vertex  1.591000e+02 -6.410851e+01  1.602639e+00
   endloop
 endfacet
 facet normal -1.000000e+00  0.000000e+00  0.000000e+00
   outer loop
     vertex  1.591000e+02 -6.289149e+01  2.837361e+00
     vertex  1.591000e+02 -6.292264e+01  2.788511e+00
     vertex  1.591000e+02 -6.293149e+01  2.797361e+00
   endloop
 endfacet
 facet normal -1.000000e+00  0.000000e+00 -0.000000e+00
   outer loop
     vertex  1.591000e+02 -6.289149e+01  2.837361e+00
     vertex  1.591000e+02 -6.288264e+01  2.828511e+00
     vertex  1.591000e+02 -6.292264e+01  2.788511e+00
   endloop
 endfacet
 facet normal -1.000000e+00  0.000000e+00  0.000000e+00
   outer loop
     vertex  1.591000e+02 -6.411736e+01  1.611489e+00
     vertex  1.591000e+02 -6.407736e+01  1.651489e+00
     vertex  1.591000e+02 -6.410851e+01  1.602639e+00
   endloop
 endfacet
 facet normal -1.000000e+00  0.000000e+00  0.000000e+00
   outer loop
     vertex  1.591000e+02 -6.412304e+01  1.622639e+00
     vertex  1.591000e+02 -6.407736e+01  1.651489e+00
     vertex  1.591000e+02 -6.411736e+01  1.611489e+00
   endloop
 endfacet
 facet normal -1.000000e+00  0.000000e+00 -0.000000e+00
   outer loop
     vertex  1.591000e+02 -6.290264e+01  2.843042e+00
     vertex  1.591000e+02 -6.289149e+01  2.837361e+00
     vertex  1.591000e+02 -6.293149e+01  2.797361e+00
   endloop
 endfacet
 facet normal -1.000000e+00  0.000000e+00  0.000000e+00
   outer loop
     vertex  1.591000e+02 -6.291500e+01  2.845000e+00
     vertex  1.591000e+02 -6.293149e+01  2.797361e+00
     vertex  1.591000e+02 -6.294264e+01  2.803042e+00
   endloop
 endfacet
 facet normal -1.000000e+00  0.000000e+00 -0.000000e+00
   outer loop
     vertex  1.591000e+02 -6.291500e+01  2.845000e+00
     vertex  1.591000e+02 -6.290264e+01  2.843042e+00
     vertex  1.591000e+02 -6.293149e+01  2.797361e+00
   endloop
 endfacet
 facet normal -1.000000e+00  0.000000e+00  0.000000e+00
   outer loop
     vertex  1.591000e+02 -6.295500e+01  2.805000e+00
     vertex  1.591000e+02 -6.291500e+01  2.845000e+00
     vertex  1.591000e+02 -6.294264e+01  2.803042e+00
   endloop
 endfacet
 facet normal -1.000000e+00  0.000000e+00  0.000000e+00
   outer loop
     vertex  1.591000e+02 -6.412500e+01  1.635000e+00
     vertex  1.591000e+02 -6.407736e+01  1.651489e+00
     vertex  1.591000e+02 -6.412304e+01  1.622639e+00
   endloop
 endfacet
 facet normal -1.000000e+00  0.000000e+00  0.000000e+00
   outer loop
     vertex  1.591000e+02 -6.412500e+01  1.635000e+00
     vertex  1.591000e+02 -6.408500e+01  1.675000e+00
     vertex  1.591000e+02 -6.408304e+01  1.662639e+00
   endloop
 endfacet
 facet normal -1.000000e+00  0.000000e+00  0.000000e+00
   outer loop
     vertex  1.591000e+02 -6.412500e+01  1.635000e+00
     vertex  1.591000e+02 -6.408304e+01  1.662639e+00
     vertex  1.591000e+02 -6.407736e+01  1.651489e+00
   endloop
 endfacet
 facet normal -1.000000e+00  0.000000e+00  0.000000e+00
   outer loop
     vertex  1.591000e+02 -6.412500e+01  2.805000e+00
     vertex  1.591000e+02 -6.408304e+01  2.777361e+00
     vertex  1.591000e+02 -6.408500e+01  2.765000e+00
   endloop
 endfacet
 facet normal -1.000000e+00  0.000000e+00  0.000000e+00
   outer loop
     vertex  1.591000e+02 -6.412500e+01  2.805000e+00
     vertex  1.591000e+02 -6.407736e+01  2.788511e+00
     vertex  1.591000e+02 -6.408304e+01  2.777361e+00
   endloop
 endfacet
 facet normal -1.000000e+00  0.000000e+00  0.000000e+00
   outer loop
     vertex  1.591000e+02 -6.408500e+01  2.845000e+00
     vertex  1.591000e+02 -6.405736e+01  2.803042e+00
     vertex  1.591000e+02 -6.406851e+01  2.797361e+00
   endloop
 endfacet
 facet normal -1.000000e+00  0.000000e+00  0.000000e+00
   outer loop
     vertex  1.591000e+02 -6.408500e+01  2.845000e+00
     vertex  1.591000e+02 -6.404500e+01  2.805000e+00
     vertex  1.591000e+02 -6.405736e+01  2.803042e+00
   endloop
 endfacet
 facet normal -1.000000e+00  0.000000e+00  0.000000e+00
   outer loop
     vertex  1.591000e+02 -6.408500e+01  2.845000e+00
     vertex  1.591000e+02 -6.295500e+01  2.805000e+00
     vertex  1.591000e+02 -6.404500e+01  2.805000e+00
   endloop
 endfacet
 facet normal -1.000000e+00  0.000000e+00  0.000000e+00
   outer loop
     vertex  1.591000e+02 -6.408500e+01  2.845000e+00
     vertex  1.591000e+02 -6.291500e+01  2.845000e+00
     vertex  1.591000e+02 -6.295500e+01  2.805000e+00
   endloop
 endfacet
 facet normal -1.000000e+00  0.000000e+00  0.000000e+00
   outer loop
     vertex  1.591000e+02 -6.409736e+01  2.843042e+00
     vertex  1.591000e+02 -6.408500e+01  2.845000e+00
     vertex  1.591000e+02 -6.406851e+01  2.797361e+00
   endloop
 endfacet
 facet normal -1.000000e+00  0.000000e+00 -0.000000e+00
   outer loop
     vertex  1.591000e+02 -6.412304e+01  2.817361e+00
     vertex  1.591000e+02 -6.407736e+01  2.788511e+00
     vertex  1.591000e+02 -6.412500e+01  2.805000e+00
   endloop
 endfacet
 facet normal -1.000000e+00  0.000000e+00  0.000000e+00
   outer loop
     vertex  1.591000e+02 -6.410851e+01  2.837361e+00
     vertex  1.591000e+02 -6.409736e+01  2.843042e+00
     vertex  1.591000e+02 -6.406851e+01  2.797361e+00
   endloop
 endfacet
 facet normal -1.000000e+00  0.000000e+00  0.000000e+00
   outer loop
     vertex  1.591000e+02 -6.410851e+01  2.837361e+00
     vertex  1.591000e+02 -6.406851e+01  2.797361e+00
     vertex  1.591000e+02 -6.407736e+01  2.788511e+00
   endloop
 endfacet
 facet normal -1.000000e+00  0.000000e+00  0.000000e+00
   outer loop
     vertex  1.591000e+02 -6.411736e+01  2.828511e+00
     vertex  1.591000e+02 -6.410851e+01  2.837361e+00
     vertex  1.591000e+02 -6.407736e+01  2.788511e+00
   endloop
 endfacet
 facet normal -1.000000e+00  0.000000e+00 -0.000000e+00
   outer loop
     vertex  1.591000e+02 -6.411736e+01  2.828511e+00
     vertex  1.591000e+02 -6.407736e+01  2.788511e+00
     vertex  1.591000e+02 -6.412304e+01  2.817361e+00
   endloop
 endfacet
 facet normal -1.000000e+00  0.000000e+00  0.000000e+00
   outer loop
     vertex  1.591000e+02 -6.412500e+01  2.805000e+00
     vertex  1.591000e+02 -6.408500e+01  1.675000e+00
     vertex  1.591000e+02 -6.412500e+01  1.635000e+00
   endloop
 endfacet
 facet normal -1.000000e+00  0.000000e+00  0.000000e+00
   outer loop
     vertex  1.591000e+02 -6.412500e+01  2.805000e+00
     vertex  1.591000e+02 -6.408500e+01  2.765000e+00
     vertex  1.591000e+02 -6.408500e+01  1.675000e+00
   endloop
 endfacet
 facet normal  0.000000e+00 -1.000000e+00 -0.000000e+00
   outer loop
     vertex  1.595000e+02 -6.412500e+01  2.805000e+00
     vertex  1.591000e+02 -6.412500e+01  1.635000e+00
     vertex  1.595000e+02 -6.412500e+01  1.635000e+00
   endloop
 endfacet
 facet normal -0.000000e+00 -1.000000e+00  0.000000e+00
   outer loop
     vertex  1.595000e+02 -6.412500e+01  2.805000e+00
     vertex  1.591000e+02 -6.412500e+01  2.805000e+00
     vertex  1.591000e+02 -6.412500e+01  1.635000e+00
   endloop
 endfacet
 facet normal -0.000000e+00 -9.876883e-01 -1.564345e-01
   outer loop
     vertex  1.595000e+02 -6.412304e+01  1.622639e+00
     vertex  1.591000e+02 -6.412500e+01  1.635000e+00
     vertex  1.591000e+02 -6.412304e+01  1.622639e+00
   endloop
 endfacet
 facet normal  0.000000e+00 -9.876883e-01 -1.564345e-01
   outer loop
     vertex  1.595000e+02 -6.412304e+01  1.622639e+00
     vertex  1.595000e+02 -6.412500e+01  1.635000e+00
     vertex  1.591000e+02 -6.412500e+01  1.635000e+00
   endloop
 endfacet
 facet normal -0.000000e+00 -8.910065e-01 -4.539905e-01
   outer loop
     vertex  1.595000e+02 -6.411736e+01  1.611489e+00
     vertex  1.591000e+02 -6.412304e+01  1.622639e+00
     vertex  1.591000e+02 -6.411736e+01  1.611489e+00
   endloop
 endfacet
 facet normal  0.000000e+00 -8.910065e-01 -4.539905e-01
   outer loop
     vertex  1.595000e+02 -6.411736e+01  1.611489e+00
     vertex  1.595000e+02 -6.412304e+01  1.622639e+00
     vertex  1.591000e+02 -6.412304e+01  1.622639e+00
   endloop
 endfacet
 facet normal -0.000000e+00 -7.071068e-01 -7.071068e-01
   outer loop
     vertex  1.595000e+02 -6.410851e+01  1.602639e+00
     vertex  1.591000e+02 -6.411736e+01  1.611489e+00
     vertex  1.591000e+02 -6.410851e+01  1.602639e+00
   endloop
 endfacet
 facet normal  0.000000e+00 -7.071068e-01 -7.071068e-01
   outer loop
     vertex  1.595000e+02 -6.410851e+01  1.602639e+00
     vertex  1.595000e+02 -6.411736e+01  1.611489e+00
     vertex  1.591000e+02 -6.411736e+01  1.611489e+00
   endloop
 endfacet
 facet normal -0.000000e+00 -4.539905e-01 -8.910065e-01
   outer loop
     vertex  1.595000e+02 -6.409736e+01  1.596958e+00
     vertex  1.591000e+02 -6.410851e+01  1.602639e+00
     vertex  1.591000e+02 -6.409736e+01  1.596958e+00
   endloop
 endfacet
 facet normal  0.000000e+00 -4.539905e-01 -8.910065e-01
   outer loop
     vertex  1.595000e+02 -6.409736e+01  1.596958e+00
     vertex  1.595000e+02 -6.410851e+01  1.602639e+00
     vertex  1.591000e+02 -6.410851e+01  1.602639e+00
   endloop
 endfacet
 facet normal -0.000000e+00 -1.564345e-01 -9.876883e-01
   outer loop
     vertex  1.595000e+02 -6.408500e+01  1.595000e+00
     vertex  1.591000e+02 -6.409736e+01  1.596958e+00
     vertex  1.591000e+02 -6.408500e+01  1.595000e+00
   endloop
 endfacet
 facet normal  0.000000e+00 -1.564345e-01 -9.876883e-01
   outer loop
     vertex  1.595000e+02 -6.408500e+01  1.595000e+00
     vertex  1.595000e+02 -6.409736e+01  1.596958e+00
     vertex  1.591000e+02 -6.409736e+01  1.596958e+00
   endloop
 endfacet
 facet normal  0.000000e+00 -1.564345e-01  9.876883e-01
   outer loop
     vertex  1.595000e+02 -6.409736e+01  2.843042e+00
     vertex  1.595000e+02 -6.408500e+01  2.845000e+00
     vertex  1.591000e+02 -6.408500e+01  2.845000e+00
   endloop
 endfacet
 facet normal  0.000000e+00 -1.564345e-01  9.876883e-01
   outer loop
     vertex  1.595000e+02 -6.409736e+01  2.843042e+00
     vertex  1.591000e+02 -6.408500e+01  2.845000e+00
     vertex  1.591000e+02 -6.409736e+01  2.843042e+00
   endloop
 endfacet
 facet normal  0.000000e+00 -4.539905e-01  8.910065e-01
   outer loop
     vertex  1.595000e+02 -6.410851e+01  2.837361e+00
     vertex  1.591000e+02 -6.409736e+01  2.843042e+00
     vertex  1.591000e+02 -6.410851e+01  2.837361e+00
   endloop
 endfacet
 facet normal  0.000000e+00 -4.539905e-01  8.910065e-01
   outer loop
     vertex  1.595000e+02 -6.410851e+01  2.837361e+00
     vertex  1.595000e+02 -6.409736e+01  2.843042e+00
     vertex  1.591000e+02 -6.409736e+01  2.843042e+00
   endloop
 endfacet
 facet normal  0.000000e+00 -7.071068e-01  7.071068e-01
   outer loop
     vertex  1.595000e+02 -6.411736e+01  2.828511e+00
     vertex  1.591000e+02 -6.410851e+01  2.837361e+00
     vertex  1.591000e+02 -6.411736e+01  2.828511e+00
   endloop
 endfacet
 facet normal  0.000000e+00 -7.071068e-01  7.071068e-01
   outer loop
     vertex  1.595000e+02 -6.411736e+01  2.828511e+00
     vertex  1.595000e+02 -6.410851e+01  2.837361e+00
     vertex  1.591000e+02 -6.410851e+01  2.837361e+00
   endloop
 endfacet
 facet normal  0.000000e+00 -8.910065e-01  4.539905e-01
   outer loop
     vertex  1.595000e+02 -6.412304e+01  2.817361e+00
     vertex  1.591000e+02 -6.411736e+01  2.828511e+00
     vertex  1.591000e+02 -6.412304e+01  2.817361e+00
   endloop
 endfacet
 facet normal  0.000000e+00 -8.910065e-01  4.539905e-01
   outer loop
     vertex  1.595000e+02 -6.412304e+01  2.817361e+00
     vertex  1.595000e+02 -6.411736e+01  2.828511e+00
     vertex  1.591000e+02 -6.411736e+01  2.828511e+00
   endloop
 endfacet
 facet normal  0.000000e+00 -9.876883e-01  1.564345e-01
   outer loop
     vertex  1.595000e+02 -6.412500e+01  2.805000e+00
     vertex  1.591000e+02 -6.412304e+01  2.817361e+00
     vertex  1.591000e+02 -6.412500e+01  2.805000e+00
   endloop
 endfacet
 facet normal  0.000000e+00 -9.876883e-01  1.564345e-01
   outer loop
     vertex  1.595000e+02 -6.412500e+01  2.805000e+00
     vertex  1.595000e+02 -6.412304e+01  2.817361e+00
     vertex  1.591000e+02 -6.412304e+01  2.817361e+00
   endloop
 endfacet
 facet normal -0.000000e+00  0.000000e+00 -1.000000e+00
   outer loop
     vertex  1.595000e+02 -6.291500e+01  1.595000e+00
     vertex  1.591000e+02 -6.408500e+01  1.595000e+00
     vertex  1.591000e+02 -6.291500e+01  1.595000e+00
   endloop
 endfacet
 facet normal  0.000000e+00 -0.000000e+00 -1.000000e+00
   outer loop
     vertex  1.595000e+02 -6.291500e+01  1.595000e+00
     vertex  1.595000e+02 -6.408500e+01  1.595000e+00
     vertex  1.591000e+02 -6.408500e+01  1.595000e+00
   endloop
 endfacet
 facet normal  0.000000e+00  0.000000e+00  1.000000e+00
   outer loop
     vertex  1.595000e+02 -6.291500e+01  2.845000e+00
     vertex  1.591000e+02 -6.291500e+01  2.845000e+00
     vertex  1.591000e+02 -6.408500e+01  2.845000e+00
   endloop
 endfacet
 facet normal  0.000000e+00  0.000000e+00  1.000000e+00
   outer loop
     vertex  1.595000e+02 -6.291500e+01  2.845000e+00
     vertex  1.591000e+02 -6.408500e+01  2.845000e+00
     vertex  1.595000e+02 -6.408500e+01  2.845000e+00
   endloop
 endfacet
 facet normal  0.000000e+00  1.564345e-01 -9.876883e-01
   outer loop
     vertex  1.595000e+02 -6.290264e+01  1.596958e+00
     vertex  1.595000e+02 -6.291500e+01  1.595000e+00
     vertex  1.591000e+02 -6.291500e+01  1.595000e+00
   endloop
 endfacet
 facet normal  0.000000e+00  1.564345e-01 -9.876883e-01
   outer loop
     vertex  1.595000e+02 -6.290264e+01  1.596958e+00
     vertex  1.591000e+02 -6.291500e+01  1.595000e+00
     vertex  1.591000e+02 -6.290264e+01  1.596958e+00
   endloop
 endfacet
 facet normal  0.000000e+00  4.539905e-01 -8.910065e-01
   outer loop
     vertex  1.595000e+02 -6.289149e+01  1.602639e+00
     vertex  1.591000e+02 -6.290264e+01  1.596958e+00
     vertex  1.591000e+02 -6.289149e+01  1.602639e+00
   endloop
 endfacet
 facet normal  0.000000e+00  4.539905e-01 -8.910065e-01
   outer loop
     vertex  1.595000e+02 -6.289149e+01  1.602639e+00
     vertex  1.595000e+02 -6.290264e+01  1.596958e+00
     vertex  1.591000e+02 -6.290264e+01  1.596958e+00
   endloop
 endfacet
 facet normal  0.000000e+00  7.071068e-01 -7.071068e-01
   outer loop
     vertex  1.595000e+02 -6.288264e+01  1.611489e+00
     vertex  1.591000e+02 -6.289149e+01  1.602639e+00
     vertex  1.591000e+02 -6.288264e+01  1.611489e+00
   endloop
 endfacet
 facet normal  0.000000e+00  7.071068e-01 -7.071068e-01
   outer loop
     vertex  1.595000e+02 -6.288264e+01  1.611489e+00
     vertex  1.595000e+02 -6.289149e+01  1.602639e+00
     vertex  1.591000e+02 -6.289149e+01  1.602639e+00
   endloop
 endfacet
 facet normal  0.000000e+00  8.910065e-01 -4.539905e-01
   outer loop
     vertex  1.595000e+02 -6.287696e+01  1.622639e+00
     vertex  1.591000e+02 -6.288264e+01  1.611489e+00
     vertex  1.591000e+02 -6.287696e+01  1.622639e+00
   endloop
 endfacet
 facet normal  0.000000e+00  8.910065e-01 -4.539905e-01
   outer loop
     vertex  1.595000e+02 -6.287696e+01  1.622639e+00
     vertex  1.595000e+02 -6.288264e+01  1.611489e+00
     vertex  1.591000e+02 -6.288264e+01  1.611489e+00
   endloop
 endfacet
 facet normal  0.000000e+00  9.876883e-01 -1.564345e-01
   outer loop
     vertex  1.595000e+02 -6.287500e+01  1.635000e+00
     vertex  1.591000e+02 -6.287696e+01  1.622639e+00
     vertex  1.591000e+02 -6.287500e+01  1.635000e+00
   endloop
 endfacet
 facet normal  0.000000e+00  9.876883e-01 -1.564345e-01
   outer loop
     vertex  1.595000e+02 -6.287500e+01  1.635000e+00
     vertex  1.595000e+02 -6.287696e+01  1.622639e+00
     vertex  1.591000e+02 -6.287696e+01  1.622639e+00
   endloop
 endfacet
 facet normal  0.000000e+00  9.876883e-01  1.564345e-01
   outer loop
     vertex  1.595000e+02 -6.287696e+01  2.817361e+00
     vertex  1.591000e+02 -6.287500e+01  2.805000e+00
     vertex  1.591000e+02 -6.287696e+01  2.817361e+00
   endloop
 endfacet
 facet normal  0.000000e+00  9.876883e-01  1.564345e-01
   outer loop
     vertex  1.595000e+02 -6.287696e+01  2.817361e+00
     vertex  1.595000e+02 -6.287500e+01  2.805000e+00
     vertex  1.591000e+02 -6.287500e+01  2.805000e+00
   endloop
 endfacet
 facet normal  0.000000e+00  8.910065e-01  4.539905e-01
   outer loop
     vertex  1.595000e+02 -6.288264e+01  2.828511e+00
     vertex  1.591000e+02 -6.287696e+01  2.817361e+00
     vertex  1.591000e+02 -6.288264e+01  2.828511e+00
   endloop
 endfacet
 facet normal  0.000000e+00  8.910065e-01  4.539905e-01
   outer loop
     vertex  1.595000e+02 -6.288264e+01  2.828511e+00
     vertex  1.595000e+02 -6.287696e+01  2.817361e+00
     vertex  1.591000e+02 -6.287696e+01  2.817361e+00
   endloop
 endfacet
 facet normal  0.000000e+00  7.071068e-01  7.071068e-01
   outer loop
     vertex  1.595000e+02 -6.289149e+01  2.837361e+00
     vertex  1.591000e+02 -6.288264e+01  2.828511e+00
     vertex  1.591000e+02 -6.289149e+01  2.837361e+00
   endloop
 endfacet
 facet normal  0.000000e+00  7.071068e-01  7.071068e-01
   outer loop
     vertex  1.595000e+02 -6.289149e+01  2.837361e+00
     vertex  1.595000e+02 -6.288264e+01  2.828511e+00
     vertex  1.591000e+02 -6.288264e+01  2.828511e+00
   endloop
 endfacet
 facet normal  0.000000e+00  4.539905e-01  8.910065e-01
   outer loop
     vertex  1.595000e+02 -6.290264e+01  2.843042e+00
     vertex  1.591000e+02 -6.289149e+01  2.837361e+00
     vertex  1.591000e+02 -6.290264e+01  2.843042e+00
   endloop
 endfacet
 facet normal  0.000000e+00  4.539905e-01  8.910065e-01
   outer loop
     vertex  1.595000e+02 -6.290264e+01  2.843042e+00
     vertex  1.595000e+02 -6.289149e+01  2.837361e+00
     vertex  1.591000e+02 -6.289149e+01  2.837361e+00
   endloop
 endfacet
 facet normal  0.000000e+00  1.564345e-01  9.876883e-01
   outer loop
     vertex  1.595000e+02 -6.291500e+01  2.845000e+00
     vertex  1.591000e+02 -6.290264e+01  2.843042e+00
     vertex  1.591000e+02 -6.291500e+01  2.845000e+00
   endloop
 endfacet
 facet normal  0.000000e+00  1.564345e-01  9.876883e-01
   outer loop
     vertex  1.595000e+02 -6.291500e+01  2.845000e+00
     vertex  1.595000e+02 -6.290264e+01  2.843042e+00
     vertex  1.591000e+02 -6.290264e+01  2.843042e+00
   endloop
 endfacet
 facet normal  0.000000e+00  1.000000e+00  0.000000e+00
   outer loop
     vertex  1.595000e+02 -6.287500e+01  2.805000e+00
     vertex  1.595000e+02 -6.287500e+01  1.635000e+00
     vertex  1.591000e+02 -6.287500e+01  1.635000e+00
   endloop
 endfacet
 facet normal  0.000000e+00  1.000000e+00  0.000000e+00
   outer loop
     vertex  1.595000e+02 -6.287500e+01  2.805000e+00
     vertex  1.591000e+02 -6.287500e+01  1.635000e+00
     vertex  1.591000e+02 -6.287500e+01  2.805000e+00
   endloop
 endfacet
 facet normal  1.000000e+00  0.000000e+00  0.000000e+00
   outer loop
     vertex  1.595000e+02 -6.291500e+01  1.595000e+00
     vertex  1.595000e+02 -6.287696e+01  1.622639e+00
     vertex  1.595000e+02 -6.287500e+01  1.635000e+00
   endloop
 endfacet
 facet normal  1.000000e+00  0.000000e+00  0.000000e+00
   outer loop
     vertex  1.595000e+02 -6.291500e+01  1.595000e+00
     vertex  1.595000e+02 -6.288264e+01  1.611489e+00
     vertex  1.595000e+02 -6.287696e+01  1.622639e+00
   endloop
 endfacet
 facet normal  1.000000e+00  0.000000e+00  0.000000e+00
   outer loop
     vertex  1.595000e+02 -6.291500e+01  1.595000e+00
     vertex  1.595000e+02 -6.289149e+01  1.602639e+00
     vertex  1.595000e+02 -6.288264e+01  1.611489e+00
   endloop
 endfacet
 facet normal  1.000000e+00  0.000000e+00  0.000000e+00
   outer loop
     vertex  1.595000e+02 -6.291500e+01  1.595000e+00
     vertex  1.595000e+02 -6.290264e+01  1.596958e+00
     vertex  1.595000e+02 -6.289149e+01  1.602639e+00
   endloop
 endfacet
 facet normal  1.000000e+00  0.000000e+00  0.000000e+00
   outer loop
     vertex  1.595000e+02 -6.289149e+01  2.837361e+00
     vertex  1.595000e+02 -6.287696e+01  2.817361e+00
     vertex  1.595000e+02 -6.288264e+01  2.828511e+00
   endloop
 endfacet
 facet normal  1.000000e+00  0.000000e+00  0.000000e+00
   outer loop
     vertex  1.595000e+02 -6.291500e+01  2.845000e+00
     vertex  1.595000e+02 -6.287500e+01  1.635000e+00
     vertex  1.595000e+02 -6.287500e+01  2.805000e+00
   endloop
 endfacet
 facet normal  1.000000e+00  0.000000e+00  0.000000e+00
   outer loop
     vertex  1.595000e+02 -6.291500e+01  2.845000e+00
     vertex  1.595000e+02 -6.287500e+01  2.805000e+00
     vertex  1.595000e+02 -6.287696e+01  2.817361e+00
   endloop
 endfacet
 facet normal  1.000000e+00  0.000000e+00  0.000000e+00
   outer loop
     vertex  1.595000e+02 -6.291500e+01  2.845000e+00
     vertex  1.595000e+02 -6.289149e+01  2.837361e+00
     vertex  1.595000e+02 -6.290264e+01  2.843042e+00
   endloop
 endfacet
 facet normal  1.000000e+00  0.000000e+00  0.000000e+00
   outer loop
     vertex  1.595000e+02 -6.291500e+01  2.845000e+00
     vertex  1.595000e+02 -6.291500e+01  1.595000e+00
     vertex  1.595000e+02 -6.287500e+01  1.635000e+00
   endloop
 endfacet
 facet normal  1.000000e+00  0.000000e+00  0.000000e+00
   outer loop
     vertex  1.595000e+02 -6.291500e+01  2.845000e+00
     vertex  1.595000e+02 -6.287696e+01  2.817361e+00
     vertex  1.595000e+02 -6.289149e+01  2.837361e+00
   endloop
 endfacet
 facet normal  1.000000e+00  0.000000e+00  0.000000e+00
   outer loop
     vertex  1.595000e+02 -6.412500e+01  1.635000e+00
     vertex  1.595000e+02 -6.412304e+01  1.622639e+00
     vertex  1.595000e+02 -6.411736e+01  1.611489e+00
   endloop
 endfacet
 facet normal  1.000000e+00  0.000000e+00  0.000000e+00
   outer loop
     vertex  1.595000e+02 -6.412500e+01  1.635000e+00
     vertex  1.595000e+02 -6.411736e+01  1.611489e+00
     vertex  1.595000e+02 -6.410851e+01  1.602639e+00
   endloop
 endfacet
 facet normal  1.000000e+00  0.000000e+00  0.000000e+00
   outer loop
     vertex  1.595000e+02 -6.412500e+01  1.635000e+00
     vertex  1.595000e+02 -6.410851e+01  1.602639e+00
     vertex  1.595000e+02 -6.409736e+01  1.596958e+00
   endloop
 endfacet
 facet normal  1.000000e+00  0.000000e+00  0.000000e+00
   outer loop
     vertex  1.595000e+02 -6.412500e+01  1.635000e+00
     vertex  1.595000e+02 -6.409736e+01  1.596958e+00
     vertex  1.595000e+02 -6.408500e+01  1.595000e+00
   endloop
 endfacet
 facet normal  1.000000e+00  0.000000e+00  0.000000e+00
   outer loop
     vertex  1.595000e+02 -6.408500e+01  2.845000e+00
     vertex  1.595000e+02 -6.412500e+01  2.805000e+00
     vertex  1.595000e+02 -6.412500e+01  1.635000e+00
   endloop
 endfacet
 facet normal  1.000000e+00  0.000000e+00  0.000000e+00
   outer loop
     vertex  1.595000e+02 -6.408500e+01  2.845000e+00
     vertex  1.595000e+02 -6.408500e+01  1.595000e+00
     vertex  1.595000e+02 -6.291500e+01  1.595000e+00
   endloop
 endfacet
 facet normal  1.000000e+00  0.000000e+00  0.000000e+00
   outer loop
     vertex  1.595000e+02 -6.408500e+01  2.845000e+00
     vertex  1.595000e+02 -6.412500e+01  1.635000e+00
     vertex  1.595000e+02 -6.408500e+01  1.595000e+00
   endloop
 endfacet
 facet normal  1.000000e+00 -0.000000e+00  0.000000e+00
   outer loop
     vertex  1.595000e+02 -6.408500e+01  2.845000e+00
     vertex  1.595000e+02 -6.291500e+01  1.595000e+00
     vertex  1.595000e+02 -6.291500e+01  2.845000e+00
   endloop
 endfacet
 facet normal  1.000000e+00 -0.000000e+00  0.000000e+00
   outer loop
     vertex  1.595000e+02 -6.412304e+01  2.817361e+00
     vertex  1.595000e+02 -6.412500e+01  2.805000e+00
     vertex  1.595000e+02 -6.408500e+01  2.845000e+00
   endloop
 endfacet
 facet normal  1.000000e+00  0.000000e+00  0.000000e+00
   outer loop
     vertex  1.595000e+02 -6.410851e+01  2.837361e+00
     vertex  1.595000e+02 -6.408500e+01  2.845000e+00
     vertex  1.595000e+02 -6.409736e+01  2.843042e+00
   endloop
 endfacet
 facet normal  1.000000e+00 -0.000000e+00  0.000000e+00
   outer loop
     vertex  1.595000e+02 -6.411736e+01  2.828511e+00
     vertex  1.595000e+02 -6.412304e+01  2.817361e+00
     vertex  1.595000e+02 -6.408500e+01  2.845000e+00
   endloop
 endfacet
 facet normal  1.000000e+00  0.000000e+00  0.000000e+00
   outer loop
     vertex  1.595000e+02 -6.411736e+01  2.828511e+00
     vertex  1.595000e+02 -6.408500e+01  2.845000e+00
     vertex  1.595000e+02 -6.410851e+01  2.837361e+00
   endloop
 endfacet
 facet normal  1.119638e-01  9.937123e-01  0.000000e+00
   outer loop
     vertex  1.631950e+02 -5.830014e+01  0.000000e+00
     vertex  1.627500e+02 -5.825000e+01  0.000000e+00
     vertex  1.627500e+02 -5.825000e+01  1.510000e+00
   endloop
 endfacet
 facet normal  1.119638e-01  9.937123e-01 -0.000000e+00
   outer loop
     vertex  1.631950e+02 -5.830014e+01  0.000000e+00
     vertex  1.627500e+02 -5.825000e+01  1.510000e+00
     vertex  1.631950e+02 -5.830014e+01  1.510000e+00
   endloop
 endfacet
 facet normal  3.302787e-01  9.438835e-01 -0.000000e+00
   outer loop
     vertex  1.636178e+02 -5.844806e+01  0.000000e+00
     vertex  1.631950e+02 -5.830014e+01  1.510000e+00
     vertex  1.636178e+02 -5.844806e+01  1.510000e+00
   endloop
 endfacet
 facet normal  3.302787e-01  9.438835e-01  0.000000e+00
   outer loop
     vertex  1.636178e+02 -5.844806e+01  0.000000e+00
     vertex  1.631950e+02 -5.830014e+01  0.000000e+00
     vertex  1.631950e+02 -5.830014e+01  1.510000e+00
   endloop
 endfacet
 facet normal  5.320319e-01  8.467243e-01 -0.000000e+00
   outer loop
     vertex  1.639970e+02 -5.868634e+01  0.000000e+00
     vertex  1.636178e+02 -5.844806e+01  1.510000e+00
     vertex  1.639970e+02 -5.868634e+01  1.510000e+00
   endloop
 endfacet
 facet normal  5.320319e-01  8.467243e-01  0.000000e+00
   outer loop
     vertex  1.639970e+02 -5.868634e+01  0.000000e+00
     vertex  1.636178e+02 -5.844806e+01  0.000000e+00
     vertex  1.636178e+02 -5.844806e+01  1.510000e+00
   endloop
 endfacet
 facet normal  7.071068e-01  7.071068e-01 -0.000000e+00
   outer loop
     vertex  1.643137e+02 -5.900302e+01  0.000000e+00
     vertex  1.639970e+02 -5.868634e+01  1.510000e+00
     vertex  1.643137e+02 -5.900302e+01  1.510000e+00
   endloop
 endfacet
 facet normal  7.071068e-01  7.071068e-01  0.000000e+00
   outer loop
     vertex  1.643137e+02 -5.900302e+01  0.000000e+00
     vertex  1.639970e+02 -5.868634e+01  0.000000e+00
     vertex  1.639970e+02 -5.868634e+01  1.510000e+00
   endloop
 endfacet
 facet normal  8.467243e-01  5.320319e-01 -0.000000e+00
   outer loop
     vertex  1.645519e+02 -5.938223e+01  0.000000e+00
     vertex  1.643137e+02 -5.900302e+01  1.510000e+00
     vertex  1.645519e+02 -5.938223e+01  1.510000e+00
   endloop
 endfacet
 facet normal  8.467243e-01  5.320319e-01  0.000000e+00
   outer loop
     vertex  1.645519e+02 -5.938223e+01  0.000000e+00
     vertex  1.643137e+02 -5.900302e+01  0.000000e+00
     vertex  1.643137e+02 -5.900302e+01  1.510000e+00
   endloop
 endfacet
 facet normal  9.438835e-01  3.302787e-01 -0.000000e+00
   outer loop
     vertex  1.646999e+02 -5.980496e+01  0.000000e+00
     vertex  1.645519e+02 -5.938223e+01  1.510000e+00
     vertex  1.646999e+02 -5.980496e+01  1.510000e+00
   endloop
 endfacet
 facet normal  9.438835e-01  3.302787e-01  0.000000e+00
   outer loop
     vertex  1.646999e+02 -5.980496e+01  0.000000e+00
     vertex  1.645519e+02 -5.938223e+01  0.000000e+00
     vertex  1.645519e+02 -5.938223e+01  1.510000e+00
   endloop
 endfacet
 facet normal  9.937123e-01  1.119638e-01 -0.000000e+00
   outer loop
     vertex  1.647500e+02 -6.025000e+01  0.000000e+00
     vertex  1.646999e+02 -5.980496e+01  1.510000e+00
     vertex  1.647500e+02 -6.025000e+01  1.510000e+00
   endloop
 endfacet
 facet normal  9.937123e-01  1.119638e-01  0.000000e+00
   outer loop
     vertex  1.647500e+02 -6.025000e+01  0.000000e+00
     vertex  1.646999e+02 -5.980496e+01  0.000000e+00
     vertex  1.646999e+02 -5.980496e+01  1.510000e+00
   endloop
 endfacet
 facet normal  0.000000e+00  1.000000e+00  0.000000e+00
   outer loop
     vertex  1.627500e+02 -5.825000e+01  0.000000e+00
     vertex  1.335000e+02 -5.825000e+01  0.000000e+00
     vertex  1.335000e+02 -5.825000e+01  1.510000e+00
   endloop
 endfacet
 facet normal  0.000000e+00  1.000000e+00 -0.000000e+00
   outer loop
     vertex  1.627500e+02 -5.825000e+01  0.000000e+00
     vertex  1.335000e+02 -5.825000e+01  1.510000e+00
     vertex  1.627500e+02 -5.825000e+01  1.510000e+00
   endloop
 endfacet
 facet normal  1.000000e+00  0.000000e+00  0.000000e+00
   outer loop
     vertex  1.647500e+02 -8.975000e+01  0.000000e+00
     vertex  1.647500e+02 -6.025000e+01  0.000000e+00
     vertex  1.647500e+02 -6.025000e+01  1.510000e+00
   endloop
 endfacet
 facet normal  1.000000e+00  0.000000e+00  0.000000e+00
   outer loop
     vertex  1.647500e+02 -8.975000e+01  0.000000e+00
     vertex  1.647500e+02 -6.025000e+01  1.510000e+00
     vertex  1.647500e+02 -8.975000e+01  1.510000e+00
   endloop
 endfacet
 facet normal  0.000000e+00  0.000000e+00 -1.000000e+00
   outer loop
     vertex  1.326322e+02 -9.155194e+01  0.000000e+00
     vertex  1.322530e+02 -9.131366e+01  0.000000e+00
     vertex  1.319363e+02 -9.099698e+01  0.000000e+00
   endloop
 endfacet
 facet normal  0.000000e+00  0.000000e+00 -1.000000e+00
   outer loop
     vertex  1.315501e+02 -9.019504e+01  0.000000e+00
     vertex  1.319363e+02 -9.099698e+01  0.000000e+00
     vertex  1.316981e+02 -9.061777e+01  0.000000e+00
   endloop
 endfacet
 facet normal  0.000000e+00  0.000000e+00 -1.000000e+00
   outer loop
     vertex  1.315501e+02 -9.019504e+01  0.000000e+00
     vertex  1.326322e+02 -9.155194e+01  0.000000e+00
     vertex  1.319363e+02 -9.099698e+01  0.000000e+00
   endloop
 endfacet
 facet normal  0.000000e+00  0.000000e+00 -1.000000e+00
   outer loop
     vertex  1.335000e+02 -9.175000e+01  0.000000e+00
     vertex  1.330550e+02 -9.169986e+01  0.000000e+00
     vertex  1.326322e+02 -9.155194e+01  0.000000e+00
   endloop
 endfacet
 facet normal  0.000000e+00  0.000000e+00 -1.000000e+00
   outer loop
     vertex  1.335000e+02 -9.175000e+01  0.000000e+00
     vertex  1.326322e+02 -9.155194e+01  0.000000e+00
     vertex  1.315501e+02 -9.019504e+01  0.000000e+00
   endloop
 endfacet
 facet normal  0.000000e+00  0.000000e+00 -1.000000e+00
   outer loop
     vertex  1.315000e+02 -8.975000e+01  0.000000e+00
     vertex  1.335000e+02 -9.175000e+01  0.000000e+00
     vertex  1.315501e+02 -9.019504e+01  0.000000e+00
   endloop
 endfacet
 facet normal -0.000000e+00  0.000000e+00 -1.000000e+00
   outer loop
     vertex  1.346132e+02 -6.267678e+01  0.000000e+00
     vertex  1.315000e+02 -8.975000e+01  0.000000e+00
     vertex  1.315000e+02 -6.025000e+01  0.000000e+00
   endloop
 endfacet
 facet normal -0.000000e+00  0.000000e+00 -1.000000e+00
   outer loop
     vertex  1.346650e+02 -6.271651e+01  0.000000e+00
     vertex  1.315000e+02 -8.975000e+01  0.000000e+00
     vertex  1.346132e+02 -6.267678e+01  0.000000e+00
   endloop
 endfacet
 facet normal -0.000000e+00 -0.000000e+00 -1.000000e+00
   outer loop
     vertex  1.345735e+02 -6.262500e+01  0.000000e+00
     vertex  1.346132e+02 -6.267678e+01  0.000000e+00
     vertex  1.315000e+02 -6.025000e+01  0.000000e+00
   endloop
 endfacet
 facet normal -0.000000e+00 -0.000000e+00 -1.000000e+00
   outer loop
     vertex  1.345485e+02 -6.256470e+01  0.000000e+00
     vertex  1.345735e+02 -6.262500e+01  0.000000e+00
     vertex  1.315000e+02 -6.025000e+01  0.000000e+00
   endloop
 endfacet
 facet normal -0.000000e+00  0.000000e+00 -1.000000e+00
   outer loop
     vertex  1.347253e+02 -6.274148e+01  0.000000e+00
     vertex  1.315000e+02 -8.975000e+01  0.000000e+00
     vertex  1.346650e+02 -6.271651e+01  0.000000e+00
   endloop
 endfacet
 facet normal -0.000000e+00 -0.000000e+00 -1.000000e+00
   outer loop
     vertex  1.345400e+02 -6.250000e+01  0.000000e+00
     vertex  1.345485e+02 -6.256470e+01  0.000000e+00
     vertex  1.315000e+02 -6.025000e+01  0.000000e+00
   endloop
 endfacet
 facet normal -0.000000e+00  0.000000e+00 -1.000000e+00
   outer loop
     vertex  1.347900e+02 -6.275000e+01  0.000000e+00
     vertex  1.315000e+02 -8.975000e+01  0.000000e+00
     vertex  1.347253e+02 -6.274148e+01  0.000000e+00
   endloop
 endfacet
 facet normal -0.000000e+00  0.000000e+00 -1.000000e+00
   outer loop
     vertex  1.345485e+02 -6.243530e+01  0.000000e+00
     vertex  1.345400e+02 -6.250000e+01  0.000000e+00
     vertex  1.315000e+02 -6.025000e+01  0.000000e+00
   endloop
 endfacet
 facet normal  0.000000e+00  0.000000e+00 -1.000000e+00
   outer loop
     vertex  1.348547e+02 -6.274148e+01  0.000000e+00
     vertex  1.315000e+02 -8.975000e+01  0.000000e+00
     vertex  1.347900e+02 -6.275000e+01  0.000000e+00
   endloop
 endfacet
 facet normal  0.000000e+00  0.000000e+00 -1.000000e+00
   outer loop
     vertex  1.349150e+02 -6.271651e+01  0.000000e+00
     vertex  1.315000e+02 -8.975000e+01  0.000000e+00
     vertex  1.348547e+02 -6.274148e+01  0.000000e+00
   endloop
 endfacet
 facet normal  0.000000e+00  0.000000e+00 -1.000000e+00
   outer loop
     vertex  1.349150e+02 -6.271651e+01  0.000000e+00
     vertex  1.335000e+02 -9.175000e+01  0.000000e+00
     vertex  1.315000e+02 -8.975000e+01  0.000000e+00
   endloop
 endfacet
 facet normal -0.000000e+00  0.000000e+00 -1.000000e+00
   outer loop
     vertex  1.345735e+02 -6.237500e+01  0.000000e+00
     vertex  1.345485e+02 -6.243530e+01  0.000000e+00
     vertex  1.315000e+02 -6.025000e+01  0.000000e+00
   endloop
 endfacet
 facet normal  0.000000e+00 -0.000000e+00 -1.000000e+00
   outer loop
     vertex  1.349668e+02 -6.267678e+01  0.000000e+00
     vertex  1.627500e+02 -9.175000e+01  0.000000e+00
     vertex  1.335000e+02 -9.175000e+01  0.000000e+00
   endloop
 endfacet
 facet normal  0.000000e+00  0.000000e+00 -1.000000e+00
   outer loop
     vertex  1.349668e+02 -6.267678e+01  0.000000e+00
     vertex  1.335000e+02 -9.175000e+01  0.000000e+00
     vertex  1.349150e+02 -6.271651e+01  0.000000e+00
   endloop
 endfacet
 facet normal -0.000000e+00  0.000000e+00 -1.000000e+00
   outer loop
     vertex  1.346132e+02 -6.232322e+01  0.000000e+00
     vertex  1.345735e+02 -6.237500e+01  0.000000e+00
     vertex  1.315000e+02 -6.025000e+01  0.000000e+00
   endloop
 endfacet
 facet normal  0.000000e+00  0.000000e+00 -1.000000e+00
   outer loop
     vertex  1.316981e+02 -5.938223e+01  0.000000e+00
     vertex  1.315000e+02 -6.025000e+01  0.000000e+00
     vertex  1.315501e+02 -5.980496e+01  0.000000e+00
   endloop
 endfacet
 facet normal -0.000000e+00  0.000000e+00 -1.000000e+00
   outer loop
     vertex  1.346650e+02 -6.228349e+01  0.000000e+00
     vertex  1.346132e+02 -6.232322e+01  0.000000e+00
     vertex  1.315000e+02 -6.025000e+01  0.000000e+00
   endloop
 endfacet
 facet normal  0.000000e+00  0.000000e+00 -1.000000e+00
   outer loop
     vertex  1.322530e+02 -5.868634e+01  0.000000e+00
     vertex  1.316981e+02 -5.938223e+01  0.000000e+00
     vertex  1.319363e+02 -5.900302e+01  0.000000e+00
   endloop
 endfacet
 facet normal  0.000000e+00  0.000000e+00 -1.000000e+00
   outer loop
     vertex  1.322530e+02 -5.868634e+01  0.000000e+00
     vertex  1.315000e+02 -6.025000e+01  0.000000e+00
     vertex  1.316981e+02 -5.938223e+01  0.000000e+00
   endloop
 endfacet
 facet normal  0.000000e+00  0.000000e+00 -1.000000e+00
   outer loop
     vertex  1.326322e+02 -5.844806e+01  0.000000e+00
     vertex  1.315000e+02 -6.025000e+01  0.000000e+00
     vertex  1.322530e+02 -5.868634e+01  0.000000e+00
   endloop
 endfacet
 facet normal  0.000000e+00  0.000000e+00 -1.000000e+00
   outer loop
     vertex  1.646999e+02 -9.019504e+01  0.000000e+00
     vertex  1.645519e+02 -9.061777e+01  0.000000e+00
     vertex  1.643137e+02 -9.099698e+01  0.000000e+00
   endloop
 endfacet
 facet normal  0.000000e+00  0.000000e+00 -1.000000e+00
   outer loop
     vertex  1.646999e+02 -9.019504e+01  0.000000e+00
     vertex  1.643137e+02 -9.099698e+01  0.000000e+00
     vertex  1.639970e+02 -9.131366e+01  0.000000e+00
   endloop
 endfacet
 facet normal  0.000000e+00  0.000000e+00 -1.000000e+00
   outer loop
     vertex  1.646999e+02 -9.019504e+01  0.000000e+00
     vertex  1.639970e+02 -9.131366e+01  0.000000e+00
     vertex  1.636178e+02 -9.155194e+01  0.000000e+00
   endloop
 endfacet
 facet normal  0.000000e+00  0.000000e+00 -1.000000e+00
   outer loop
     vertex  1.646999e+02 -9.019504e+01  0.000000e+00
     vertex  1.636178e+02 -9.155194e+01  0.000000e+00
     vertex  1.631950e+02 -9.169986e+01  0.000000e+00
   endloop
 endfacet
 facet normal  0.000000e+00  0.000000e+00 -1.000000e+00
   outer loop
     vertex  1.646999e+02 -9.019504e+01  0.000000e+00
     vertex  1.631950e+02 -9.169986e+01  0.000000e+00
     vertex  1.627500e+02 -9.175000e+01  0.000000e+00
   endloop
 endfacet
 facet normal  0.000000e+00  0.000000e+00 -1.000000e+00
   outer loop
     vertex  1.330550e+02 -5.830014e+01  0.000000e+00
     vertex  1.315000e+02 -6.025000e+01  0.000000e+00
     vertex  1.326322e+02 -5.844806e+01  0.000000e+00
   endloop
 endfacet
 facet normal -0.000000e+00  0.000000e+00 -1.000000e+00
   outer loop
     vertex  1.647500e+02 -8.975000e+01  0.000000e+00
     vertex  1.627500e+02 -9.175000e+01  0.000000e+00
     vertex  1.349668e+02 -6.267678e+01  0.000000e+00
   endloop
 endfacet
 facet normal  0.000000e+00  0.000000e+00 -1.000000e+00
   outer loop
     vertex  1.647500e+02 -8.975000e+01  0.000000e+00
     vertex  1.646999e+02 -9.019504e+01  0.000000e+00
     vertex  1.627500e+02 -9.175000e+01  0.000000e+00
   endloop
 endfacet
 facet normal  0.000000e+00 -0.000000e+00 -1.000000e+00
   outer loop
     vertex  1.335000e+02 -5.825000e+01  0.000000e+00
     vertex  1.346650e+02 -6.228349e+01  0.000000e+00
     vertex  1.315000e+02 -6.025000e+01  0.000000e+00
   endloop
 endfacet
 facet normal  0.000000e+00  0.000000e+00 -1.000000e+00
   outer loop
     vertex  1.335000e+02 -5.825000e+01  0.000000e+00
     vertex  1.315000e+02 -6.025000e+01  0.000000e+00
     vertex  1.330550e+02 -5.830014e+01  0.000000e+00
   endloop
 endfacet
 facet normal  0.000000e+00  0.000000e+00 -1.000000e+00
   outer loop
     vertex  1.335000e+02 -5.825000e+01  0.000000e+00
     vertex  1.347253e+02 -6.225852e+01  0.000000e+00
     vertex  1.346650e+02 -6.228349e+01  0.000000e+00
   endloop
 endfacet
 facet normal  0.000000e+00  0.000000e+00 -1.000000e+00
   outer loop
     vertex  1.335000e+02 -5.825000e+01  0.000000e+00
     vertex  1.347900e+02 -6.225000e+01  0.000000e+00
     vertex  1.347253e+02 -6.225852e+01  0.000000e+00
   endloop
 endfacet
 facet normal  0.000000e+00  0.000000e+00 -1.000000e+00
   outer loop
     vertex  1.335000e+02 -5.825000e+01  0.000000e+00
     vertex  1.348547e+02 -6.225852e+01  0.000000e+00
     vertex  1.347900e+02 -6.225000e+01  0.000000e+00
   endloop
 endfacet
 facet normal  0.000000e+00  0.000000e+00 -1.000000e+00
   outer loop
     vertex  1.335000e+02 -5.825000e+01  0.000000e+00
     vertex  1.349150e+02 -6.228349e+01  0.000000e+00
     vertex  1.348547e+02 -6.225852e+01  0.000000e+00
   endloop
 endfacet
 facet normal  0.000000e+00  0.000000e+00 -1.000000e+00
   outer loop
     vertex  1.335000e+02 -5.825000e+01  0.000000e+00
     vertex  1.349668e+02 -6.232322e+01  0.000000e+00
     vertex  1.349150e+02 -6.228349e+01  0.000000e+00
   endloop
 endfacet
 facet normal  0.000000e+00  0.000000e+00 -1.000000e+00
   outer loop
     vertex  1.335000e+02 -5.825000e+01  0.000000e+00
     vertex  1.350065e+02 -6.237500e+01  0.000000e+00
     vertex  1.349668e+02 -6.232322e+01  0.000000e+00
   endloop
 endfacet
 facet normal  0.000000e+00 -0.000000e+00 -1.000000e+00
   outer loop
     vertex  1.647500e+02 -6.025000e+01  0.000000e+00
     vertex  1.647500e+02 -8.975000e+01  0.000000e+00
     vertex  1.349668e+02 -6.267678e+01  0.000000e+00
   endloop
 endfacet
 facet normal  0.000000e+00  0.000000e+00 -1.000000e+00
   outer loop
     vertex  1.647500e+02 -6.025000e+01  0.000000e+00
     vertex  1.349668e+02 -6.267678e+01  0.000000e+00
     vertex  1.350065e+02 -6.262500e+01  0.000000e+00
   endloop
 endfacet
 facet normal  0.000000e+00  0.000000e+00 -1.000000e+00
   outer loop
     vertex  1.627500e+02 -5.825000e+01  0.000000e+00
     vertex  1.350315e+02 -6.243530e+01  0.000000e+00
     vertex  1.350065e+02 -6.237500e+01  0.000000e+00
   endloop
 endfacet
 facet normal  0.000000e+00  0.000000e+00 -1.000000e+00
   outer loop
     vertex  1.627500e+02 -5.825000e+01  0.000000e+00
     vertex  1.350400e+02 -6.250000e+01  0.000000e+00
     vertex  1.350315e+02 -6.243530e+01  0.000000e+00
   endloop
 endfacet
 facet normal -0.000000e+00  0.000000e+00 -1.000000e+00
   outer loop
     vertex  1.627500e+02 -5.825000e+01  0.000000e+00
     vertex  1.350065e+02 -6.237500e+01  0.000000e+00
     vertex  1.335000e+02 -5.825000e+01  0.000000e+00
   endloop
 endfacet
 facet normal  0.000000e+00  0.000000e+00 -1.000000e+00
   outer loop
     vertex  1.627500e+02 -5.825000e+01  0.000000e+00
     vertex  1.350315e+02 -6.256470e+01  0.000000e+00
     vertex  1.350400e+02 -6.250000e+01  0.000000e+00
   endloop
 endfacet
 facet normal  0.000000e+00  0.000000e+00 -1.000000e+00
   outer loop
     vertex  1.627500e+02 -5.825000e+01  0.000000e+00
     vertex  1.350065e+02 -6.262500e+01  0.000000e+00
     vertex  1.350315e+02 -6.256470e+01  0.000000e+00
   endloop
 endfacet
 facet normal  0.000000e+00 -0.000000e+00 -1.000000e+00
   outer loop
     vertex  1.627500e+02 -5.825000e+01  0.000000e+00
     vertex  1.647500e+02 -6.025000e+01  0.000000e+00
     vertex  1.350065e+02 -6.262500e+01  0.000000e+00
   endloop
 endfacet
 facet normal  0.000000e+00  0.000000e+00 -1.000000e+00
   outer loop
     vertex  1.643137e+02 -5.900302e+01  0.000000e+00
     vertex  1.627500e+02 -5.825000e+01  0.000000e+00
     vertex  1.631950e+02 -5.830014e+01  0.000000e+00
   endloop
 endfacet
 facet normal  0.000000e+00  0.000000e+00 -1.000000e+00
   outer loop
     vertex  1.643137e+02 -5.900302e+01  0.000000e+00
     vertex  1.631950e+02 -5.830014e+01  0.000000e+00
     vertex  1.636178e+02 -5.844806e+01  0.000000e+00
   endloop
 endfacet
 facet normal  0.000000e+00  0.000000e+00 -1.000000e+00
   outer loop
     vertex  1.643137e+02 -5.900302e+01  0.000000e+00
     vertex  1.645519e+02 -5.938223e+01  0.000000e+00
     vertex  1.646999e+02 -5.980496e+01  0.000000e+00
   endloop
 endfacet
 facet normal  0.000000e+00  0.000000e+00 -1.000000e+00
   outer loop
     vertex  1.643137e+02 -5.900302e+01  0.000000e+00
     vertex  1.646999e+02 -5.980496e+01  0.000000e+00
     vertex  1.647500e+02 -6.025000e+01  0.000000e+00
   endloop
 endfacet
 facet normal -0.000000e+00 -0.000000e+00 -1.000000e+00
   outer loop
     vertex  1.643137e+02 -5.900302e+01  0.000000e+00
     vertex  1.647500e+02 -6.025000e+01  0.000000e+00
     vertex  1.627500e+02 -5.825000e+01  0.000000e+00
   endloop
 endfacet
 facet normal -0.000000e+00 -0.000000e+00 -1.000000e+00
   outer loop
     vertex  1.639970e+02 -5.868634e+01  0.000000e+00
     vertex  1.643137e+02 -5.900302e+01  0.000000e+00
     vertex  1.636178e+02 -5.844806e+01  0.000000e+00
   endloop
 endfacet
 facet normal  0.000000e+00  0.000000e+00  1.000000e+00
   outer loop
     vertex  1.326322e+02 -9.155194e+01  1.510000e+00
     vertex  1.319363e+02 -9.099698e+01  1.510000e+00
     vertex  1.322530e+02 -9.131366e+01  1.510000e+00
   endloop
 endfacet
 facet normal  0.000000e+00  0.000000e+00  1.000000e+00
   outer loop
     vertex  1.315501e+02 -9.019504e+01  1.510000e+00
     vertex  1.316981e+02 -9.061777e+01  1.510000e+00
     vertex  1.319363e+02 -9.099698e+01  1.510000e+00
   endloop
 endfacet
 facet normal  0.000000e+00  0.000000e+00  1.000000e+00
   outer loop
     vertex  1.315501e+02 -9.019504e+01  1.510000e+00
     vertex  1.319363e+02 -9.099698e+01  1.510000e+00
     vertex  1.326322e+02 -9.155194e+01  1.510000e+00
   endloop
 endfacet
 facet normal  0.000000e+00  0.000000e+00  1.000000e+00
   outer loop
     vertex  1.335000e+02 -9.175000e+01  1.510000e+00
     vertex  1.326322e+02 -9.155194e+01  1.510000e+00
     vertex  1.330550e+02 -9.169986e+01  1.510000e+00
   endloop
 endfacet
 facet normal  0.000000e+00  0.000000e+00  1.000000e+00
   outer loop
     vertex  1.335000e+02 -9.175000e+01  1.510000e+00
     vertex  1.315501e+02 -9.019504e+01  1.510000e+00
     vertex  1.326322e+02 -9.155194e+01  1.510000e+00
   endloop
 endfacet
 facet normal  0.000000e+00  0.000000e+00  1.000000e+00
   outer loop
     vertex  1.315000e+02 -8.975000e+01  1.510000e+00
     vertex  1.315501e+02 -9.019504e+01  1.510000e+00
     vertex  1.335000e+02 -9.175000e+01  1.510000e+00
   endloop
 endfacet
 facet normal  0.000000e+00  0.000000e+00  1.000000e+00
   outer loop
     vertex  1.346132e+02 -6.267678e+01  1.510000e+00
     vertex  1.315000e+02 -6.025000e+01  1.510000e+00
     vertex  1.315000e+02 -8.975000e+01  1.510000e+00
   endloop
 endfacet
 facet normal  0.000000e+00  0.000000e+00  1.000000e+00
   outer loop
     vertex  1.346650e+02 -6.271651e+01  1.510000e+00
     vertex  1.346132e+02 -6.267678e+01  1.510000e+00
     vertex  1.315000e+02 -8.975000e+01  1.510000e+00
   endloop
 endfacet
 facet normal  0.000000e+00  0.000000e+00  1.000000e+00
   outer loop
     vertex  1.345735e+02 -6.262500e+01  1.510000e+00
     vertex  1.315000e+02 -6.025000e+01  1.510000e+00
     vertex  1.346132e+02 -6.267678e+01  1.510000e+00
   endloop
 endfacet
 facet normal  0.000000e+00  0.000000e+00  1.000000e+00
   outer loop
     vertex  1.345485e+02 -6.256470e+01  1.510000e+00
     vertex  1.315000e+02 -6.025000e+01  1.510000e+00
     vertex  1.345735e+02 -6.262500e+01  1.510000e+00
   endloop
 endfacet
 facet normal  0.000000e+00  0.000000e+00  1.000000e+00
   outer loop
     vertex  1.347253e+02 -6.274148e+01  1.510000e+00
     vertex  1.346650e+02 -6.271651e+01  1.510000e+00
     vertex  1.315000e+02 -8.975000e+01  1.510000e+00
   endloop
 endfacet
 facet normal  0.000000e+00  0.000000e+00  1.000000e+00
   outer loop
     vertex  1.345400e+02 -6.250000e+01  1.510000e+00
     vertex  1.315000e+02 -6.025000e+01  1.510000e+00
     vertex  1.345485e+02 -6.256470e+01  1.510000e+00
   endloop
 endfacet
 facet normal  0.000000e+00  0.000000e+00  1.000000e+00
   outer loop
     vertex  1.347900e+02 -6.275000e+01  1.510000e+00
     vertex  1.347253e+02 -6.274148e+01  1.510000e+00
     vertex  1.315000e+02 -8.975000e+01  1.510000e+00
   endloop
 endfacet
 facet normal  0.000000e+00  0.000000e+00  1.000000e+00
   outer loop
     vertex  1.345485e+02 -6.243530e+01  1.510000e+00
     vertex  1.315000e+02 -6.025000e+01  1.510000e+00
     vertex  1.345400e+02 -6.250000e+01  1.510000e+00
   endloop
 endfacet
 facet normal  0.000000e+00  0.000000e+00  1.000000e+00
   outer loop
     vertex  1.348547e+02 -6.274148e+01  1.510000e+00
     vertex  1.347900e+02 -6.275000e+01  1.510000e+00
     vertex  1.315000e+02 -8.975000e+01  1.510000e+00
   endloop
 endfacet
 facet normal  0.000000e+00  0.000000e+00  1.000000e+00
   outer loop
     vertex  1.349150e+02 -6.271651e+01  1.510000e+00
     vertex  1.348547e+02 -6.274148e+01  1.510000e+00
     vertex  1.315000e+02 -8.975000e+01  1.510000e+00
   endloop
 endfacet
 facet normal  0.000000e+00  0.000000e+00  1.000000e+00
   outer loop
     vertex  1.349150e+02 -6.271651e+01  1.510000e+00
     vertex  1.315000e+02 -8.975000e+01  1.510000e+00
     vertex  1.335000e+02 -9.175000e+01  1.510000e+00
   endloop
 endfacet
 facet normal  0.000000e+00  0.000000e+00  1.000000e+00
   outer loop
     vertex  1.345735e+02 -6.237500e+01  1.510000e+00
     vertex  1.315000e+02 -6.025000e+01  1.510000e+00
     vertex  1.345485e+02 -6.243530e+01  1.510000e+00
   endloop
 endfacet
 facet normal  0.000000e+00  0.000000e+00  1.000000e+00
   outer loop
     vertex  1.349668e+02 -6.267678e+01  1.510000e+00
     vertex  1.335000e+02 -9.175000e+01  1.510000e+00
     vertex  1.627500e+02 -9.175000e+01  1.510000e+00
   endloop
 endfacet
 facet normal  0.000000e+00  0.000000e+00  1.000000e+00
   outer loop
     vertex  1.349668e+02 -6.267678e+01  1.510000e+00
     vertex  1.349150e+02 -6.271651e+01  1.510000e+00
     vertex  1.335000e+02 -9.175000e+01  1.510000e+00
   endloop
 endfacet
 facet normal  0.000000e+00  0.000000e+00  1.000000e+00
   outer loop
     vertex  1.346132e+02 -6.232322e+01  1.510000e+00
     vertex  1.315000e+02 -6.025000e+01  1.510000e+00
     vertex  1.345735e+02 -6.237500e+01  1.510000e+00
   endloop
 endfacet
 facet normal  0.000000e+00  0.000000e+00  1.000000e+00
   outer loop
     vertex  1.316981e+02 -5.938223e+01  1.510000e+00
     vertex  1.315501e+02 -5.980496e+01  1.510000e+00
     vertex  1.315000e+02 -6.025000e+01  1.510000e+00
   endloop
 endfacet
 facet normal  0.000000e+00  0.000000e+00  1.000000e+00
   outer loop
     vertex  1.346650e+02 -6.228349e+01  1.510000e+00
     vertex  1.315000e+02 -6.025000e+01  1.510000e+00
     vertex  1.346132e+02 -6.232322e+01  1.510000e+00
   endloop
 endfacet
 facet normal  0.000000e+00  0.000000e+00  1.000000e+00
   outer loop
     vertex  1.322530e+02 -5.868634e+01  1.510000e+00
     vertex  1.319363e+02 -5.900302e+01  1.510000e+00
     vertex  1.316981e+02 -5.938223e+01  1.510000e+00
   endloop
 endfacet
 facet normal  0.000000e+00  0.000000e+00  1.000000e+00
   outer loop
     vertex  1.322530e+02 -5.868634e+01  1.510000e+00
     vertex  1.316981e+02 -5.938223e+01  1.510000e+00
     vertex  1.315000e+02 -6.025000e+01  1.510000e+00
   endloop
 endfacet
 facet normal  0.000000e+00  0.000000e+00  1.000000e+00
   outer loop
     vertex  1.326322e+02 -5.844806e+01  1.510000e+00
     vertex  1.322530e+02 -5.868634e+01  1.510000e+00
     vertex  1.315000e+02 -6.025000e+01  1.510000e+00
   endloop
 endfacet
 facet normal  0.000000e+00  0.000000e+00  1.000000e+00
   outer loop
     vertex  1.646999e+02 -9.019504e+01  1.510000e+00
     vertex  1.643137e+02 -9.099698e+01  1.510000e+00
     vertex  1.645519e+02 -9.061777e+01  1.510000e+00
   endloop
 endfacet
 facet normal  0.000000e+00  0.000000e+00  1.000000e+00
   outer loop
     vertex  1.646999e+02 -9.019504e+01  1.510000e+00
     vertex  1.639970e+02 -9.131366e+01  1.510000e+00
     vertex  1.643137e+02 -9.099698e+01  1.510000e+00
   endloop
 endfacet
 facet normal  0.000000e+00  0.000000e+00  1.000000e+00
   outer loop
     vertex  1.646999e+02 -9.019504e+01  1.510000e+00
     vertex  1.636178e+02 -9.155194e+01  1.510000e+00
     vertex  1.639970e+02 -9.131366e+01  1.510000e+00
   endloop
 endfacet
 facet normal  0.000000e+00  0.000000e+00  1.000000e+00
   outer loop
     vertex  1.646999e+02 -9.019504e+01  1.510000e+00
     vertex  1.631950e+02 -9.169986e+01  1.510000e+00
     vertex  1.636178e+02 -9.155194e+01  1.510000e+00
   endloop
 endfacet
 facet normal  0.000000e+00  0.000000e+00  1.000000e+00
   outer loop
     vertex  1.646999e+02 -9.019504e+01  1.510000e+00
     vertex  1.627500e+02 -9.175000e+01  1.510000e+00
     vertex  1.631950e+02 -9.169986e+01  1.510000e+00
   endloop
 endfacet
 facet normal  0.000000e+00  0.000000e+00  1.000000e+00
   outer loop
     vertex  1.330550e+02 -5.830014e+01  1.510000e+00
     vertex  1.326322e+02 -5.844806e+01  1.510000e+00
     vertex  1.315000e+02 -6.025000e+01  1.510000e+00
   endloop
 endfacet
 facet normal  0.000000e+00  0.000000e+00  1.000000e+00
   outer loop
     vertex  1.647500e+02 -8.975000e+01  1.510000e+00
     vertex  1.349668e+02 -6.267678e+01  1.510000e+00
     vertex  1.627500e+02 -9.175000e+01  1.510000e+00
   endloop
 endfacet
 facet normal  0.000000e+00  0.000000e+00  1.000000e+00
   outer loop
     vertex  1.647500e+02 -8.975000e+01  1.510000e+00
     vertex  1.627500e+02 -9.175000e+01  1.510000e+00
     vertex  1.646999e+02 -9.019504e+01  1.510000e+00
   endloop
 endfacet
 facet normal  0.000000e+00  0.000000e+00  1.000000e+00
   outer loop
     vertex  1.335000e+02 -5.825000e+01  1.510000e+00
     vertex  1.315000e+02 -6.025000e+01  1.510000e+00
     vertex  1.346650e+02 -6.228349e+01  1.510000e+00
   endloop
 endfacet
 facet normal  0.000000e+00  0.000000e+00  1.000000e+00
   outer loop
     vertex  1.335000e+02 -5.825000e+01  1.510000e+00
     vertex  1.330550e+02 -5.830014e+01  1.510000e+00
     vertex  1.315000e+02 -6.025000e+01  1.510000e+00
   endloop
 endfacet
 facet normal  0.000000e+00  0.000000e+00  1.000000e+00
   outer loop
     vertex  1.335000e+02 -5.825000e+01  1.510000e+00
     vertex  1.346650e+02 -6.228349e+01  1.510000e+00
     vertex  1.347253e+02 -6.225852e+01  1.510000e+00
   endloop
 endfacet
 facet normal  0.000000e+00  0.000000e+00  1.000000e+00
   outer loop
     vertex  1.335000e+02 -5.825000e+01  1.510000e+00
     vertex  1.347253e+02 -6.225852e+01  1.510000e+00
     vertex  1.347900e+02 -6.225000e+01  1.510000e+00
   endloop
 endfacet
 facet normal  0.000000e+00  0.000000e+00  1.000000e+00
   outer loop
     vertex  1.335000e+02 -5.825000e+01  1.510000e+00
     vertex  1.347900e+02 -6.225000e+01  1.510000e+00
     vertex  1.348547e+02 -6.225852e+01  1.510000e+00
   endloop
 endfacet
 facet normal  0.000000e+00  0.000000e+00  1.000000e+00
   outer loop
     vertex  1.335000e+02 -5.825000e+01  1.510000e+00
     vertex  1.348547e+02 -6.225852e+01  1.510000e+00
     vertex  1.349150e+02 -6.228349e+01  1.510000e+00
   endloop
 endfacet
 facet normal  0.000000e+00  0.000000e+00  1.000000e+00
   outer loop
     vertex  1.335000e+02 -5.825000e+01  1.510000e+00
     vertex  1.349150e+02 -6.228349e+01  1.510000e+00
     vertex  1.349668e+02 -6.232322e+01  1.510000e+00
   endloop
 endfacet
 facet normal  0.000000e+00  0.000000e+00  1.000000e+00
   outer loop
     vertex  1.335000e+02 -5.825000e+01  1.510000e+00
     vertex  1.349668e+02 -6.232322e+01  1.510000e+00
     vertex  1.350065e+02 -6.237500e+01  1.510000e+00
   endloop
 endfacet
 facet normal  0.000000e+00  0.000000e+00  1.000000e+00
   outer loop
     vertex  1.647500e+02 -6.025000e+01  1.510000e+00
     vertex  1.349668e+02 -6.267678e+01  1.510000e+00
     vertex  1.647500e+02 -8.975000e+01  1.510000e+00
   endloop
 endfacet
 facet normal  0.000000e+00  0.000000e+00  1.000000e+00
   outer loop
     vertex  1.647500e+02 -6.025000e+01  1.510000e+00
     vertex  1.350065e+02 -6.262500e+01  1.510000e+00
     vertex  1.349668e+02 -6.267678e+01  1.510000e+00
   endloop
 endfacet
 facet normal  0.000000e+00  0.000000e+00  1.000000e+00
   outer loop
     vertex  1.627500e+02 -5.825000e+01  1.510000e+00
     vertex  1.350065e+02 -6.237500e+01  1.510000e+00
     vertex  1.350315e+02 -6.243530e+01  1.510000e+00
   endloop
 endfacet
 facet normal  0.000000e+00  0.000000e+00  1.000000e+00
   outer loop
     vertex  1.627500e+02 -5.825000e+01  1.510000e+00
     vertex  1.350315e+02 -6.243530e+01  1.510000e+00
     vertex  1.350400e+02 -6.250000e+01  1.510000e+00
   endloop
 endfacet
 facet normal  0.000000e+00  0.000000e+00  1.000000e+00
   outer loop
     vertex  1.627500e+02 -5.825000e+01  1.510000e+00
     vertex  1.335000e+02 -5.825000e+01  1.510000e+00
     vertex  1.350065e+02 -6.237500e+01  1.510000e+00
   endloop
 endfacet
 facet normal  0.000000e+00  0.000000e+00  1.000000e+00
   outer loop
     vertex  1.627500e+02 -5.825000e+01  1.510000e+00
     vertex  1.350400e+02 -6.250000e+01  1.510000e+00
     vertex  1.350315e+02 -6.256470e+01  1.510000e+00
   endloop
 endfacet
 facet normal  0.000000e+00  0.000000e+00  1.000000e+00
   outer loop
     vertex  1.627500e+02 -5.825000e+01  1.510000e+00
     vertex  1.350315e+02 -6.256470e+01  1.510000e+00
     vertex  1.350065e+02 -6.262500e+01  1.510000e+00
   endloop
 endfacet
 facet normal  0.000000e+00  0.000000e+00  1.000000e+00
   outer loop
     vertex  1.627500e+02 -5.825000e+01  1.510000e+00
     vertex  1.350065e+02 -6.262500e+01  1.510000e+00
     vertex  1.647500e+02 -6.025000e+01  1.510000e+00
   endloop
 endfacet
 facet normal  0.000000e+00  0.000000e+00  1.000000e+00
   outer loop
     vertex  1.643137e+02 -5.900302e+01  1.510000e+00
     vertex  1.631950e+02 -5.830014e+01  1.510000e+00
     vertex  1.627500e+02 -5.825000e+01  1.510000e+00
   endloop
 endfacet
 facet normal  0.000000e+00  0.000000e+00  1.000000e+00
   outer loop
     vertex  1.643137e+02 -5.900302e+01  1.510000e+00
     vertex  1.636178e+02 -5.844806e+01  1.510000e+00
     vertex  1.631950e+02 -5.830014e+01  1.510000e+00
   endloop
 endfacet
 facet normal  0.000000e+00  0.000000e+00  1.000000e+00
   outer loop
     vertex  1.643137e+02 -5.900302e+01  1.510000e+00
     vertex  1.646999e+02 -5.980496e+01  1.510000e+00
     vertex  1.645519e+02 -5.938223e+01  1.510000e+00
   endloop
 endfacet
 facet normal  0.000000e+00  0.000000e+00  1.000000e+00
   outer loop
     vertex  1.643137e+02 -5.900302e+01  1.510000e+00
     vertex  1.647500e+02 -6.025000e+01  1.510000e+00
     vertex  1.646999e+02 -5.980496e+01  1.510000e+00
   endloop
 endfacet
 facet normal  0.000000e+00  0.000000e+00  1.000000e+00
   outer loop
     vertex  1.643137e+02 -5.900302e+01  1.510000e+00
     vertex  1.627500e+02 -5.825000e+01  1.510000e+00
     vertex  1.647500e+02 -6.025000e+01  1.510000e+00
   endloop
 endfacet
 facet normal  0.000000e+00  0.000000e+00  1.000000e+00
   outer loop
     vertex  1.639970e+02 -5.868634e+01  1.510000e+00
     vertex  1.636178e+02 -5.844806e+01  1.510000e+00
     vertex  1.643137e+02 -5.900302e+01  1.510000e+00
   endloop
 endfacet
 facet normal -9.937123e-01  1.119638e-01  0.000000e+00
   outer loop
     vertex  1.315501e+02 -5.980496e+01  0.000000e+00
     vertex  1.315000e+02 -6.025000e+01  0.000000e+00
     vertex  1.315000e+02 -6.025000e+01  1.510000e+00
   endloop
 endfacet
 facet normal -9.937123e-01  1.119638e-01  0.000000e+00
   outer loop
     vertex  1.315501e+02 -5.980496e+01  0.000000e+00
     vertex  1.315000e+02 -6.025000e+01  1.510000e+00
     vertex  1.315501e+02 -5.980496e+01  1.510000e+00
   endloop
 endfacet
 facet normal -9.438835e-01  3.302787e-01  0.000000e+00
   outer loop
     vertex  1.316981e+02 -5.938223e+01  0.000000e+00
     vertex  1.315501e+02 -5.980496e+01  1.510000e+00
     vertex  1.316981e+02 -5.938223e+01  1.510000e+00
   endloop
 endfacet
 facet normal -9.438835e-01  3.302787e-01  0.000000e+00
   outer loop
     vertex  1.316981e+02 -5.938223e+01  0.000000e+00
     vertex  1.315501e+02 -5.980496e+01  0.000000e+00
     vertex  1.315501e+02 -5.980496e+01  1.510000e+00
   endloop
 endfacet
 facet normal -8.467243e-01  5.320319e-01  0.000000e+00
   outer loop
     vertex  1.319363e+02 -5.900302e+01  0.000000e+00
     vertex  1.316981e+02 -5.938223e+01  1.510000e+00
     vertex  1.319363e+02 -5.900302e+01  1.510000e+00
   endloop
 endfacet
 facet normal -8.467243e-01  5.320319e-01  0.000000e+00
   outer loop
     vertex  1.319363e+02 -5.900302e+01  0.000000e+00
     vertex  1.316981e+02 -5.938223e+01  0.000000e+00
     vertex  1.316981e+02 -5.938223e+01  1.510000e+00
   endloop
 endfacet
 facet normal -7.071068e-01  7.071068e-01  0.000000e+00
   outer loop
     vertex  1.322530e+02 -5.868634e+01  0.000000e+00
     vertex  1.319363e+02 -5.900302e+01  1.510000e+00
     vertex  1.322530e+02 -5.868634e+01  1.510000e+00
   endloop
 endfacet
 facet normal -7.071068e-01  7.071068e-01  0.000000e+00
   outer loop
     vertex  1.322530e+02 -5.868634e+01  0.000000e+00
     vertex  1.319363e+02 -5.900302e+01  0.000000e+00
     vertex  1.319363e+02 -5.900302e+01  1.510000e+00
   endloop
 endfacet
 facet normal -5.320319e-01  8.467243e-01  0.000000e+00
   outer loop
     vertex  1.326322e+02 -5.844806e+01  0.000000e+00
     vertex  1.322530e+02 -5.868634e+01  1.510000e+00
     vertex  1.326322e+02 -5.844806e+01  1.510000e+00
   endloop
 endfacet
 facet normal -5.320319e-01  8.467243e-01  0.000000e+00
   outer loop
     vertex  1.326322e+02 -5.844806e+01  0.000000e+00
     vertex  1.322530e+02 -5.868634e+01  0.000000e+00
     vertex  1.322530e+02 -5.868634e+01  1.510000e+00
   endloop
 endfacet
 facet normal -3.302787e-01  9.438835e-01  0.000000e+00
   outer loop
     vertex  1.330550e+02 -5.830014e+01  0.000000e+00
     vertex  1.326322e+02 -5.844806e+01  1.510000e+00
     vertex  1.330550e+02 -5.830014e+01  1.510000e+00
   endloop
 endfacet
 facet normal -3.302787e-01  9.438835e-01  0.000000e+00
   outer loop
     vertex  1.330550e+02 -5.830014e+01  0.000000e+00
     vertex  1.326322e+02 -5.844806e+01  0.000000e+00
     vertex  1.326322e+02 -5.844806e+01  1.510000e+00
   endloop
 endfacet
 facet normal -1.119638e-01  9.937123e-01  0.000000e+00
   outer loop
     vertex  1.335000e+02 -5.825000e+01  0.000000e+00
     vertex  1.330550e+02 -5.830014e+01  1.510000e+00
     vertex  1.335000e+02 -5.825000e+01  1.510000e+00
   endloop
 endfacet
 facet normal -1.119638e-01  9.937123e-01  0.000000e+00
   outer loop
     vertex  1.335000e+02 -5.825000e+01  0.000000e+00
     vertex  1.330550e+02 -5.830014e+01  0.000000e+00
     vertex  1.330550e+02 -5.830014e+01  1.510000e+00
   endloop
 endfacet
 facet normal  9.937123e-01 -1.119638e-01  0.000000e+00
   outer loop
     vertex  1.646999e+02 -9.019504e+01  0.000000e+00
     vertex  1.647500e+02 -8.975000e+01  0.000000e+00
     vertex  1.647500e+02 -8.975000e+01  1.510000e+00
   endloop
 endfacet
 facet normal  9.937123e-01 -1.119638e-01  0.000000e+00
   outer loop
     vertex  1.646999e+02 -9.019504e+01  0.000000e+00
     vertex  1.647500e+02 -8.975000e+01  1.510000e+00
     vertex  1.646999e+02 -9.019504e+01  1.510000e+00
   endloop
 endfacet
 facet normal  9.438835e-01 -3.302787e-01  0.000000e+00
   outer loop
     vertex  1.645519e+02 -9.061777e+01  0.000000e+00
     vertex  1.646999e+02 -9.019504e+01  1.510000e+00
     vertex  1.645519e+02 -9.061777e+01  1.510000e+00
   endloop
 endfacet
 facet normal  9.438835e-01 -3.302787e-01  0.000000e+00
   outer loop
     vertex  1.645519e+02 -9.061777e+01  0.000000e+00
     vertex  1.646999e+02 -9.019504e+01  0.000000e+00
     vertex  1.646999e+02 -9.019504e+01  1.510000e+00
   endloop
 endfacet
 facet normal  8.467243e-01 -5.320319e-01  0.000000e+00
   outer loop
     vertex  1.643137e+02 -9.099698e+01  0.000000e+00
     vertex  1.645519e+02 -9.061777e+01  1.510000e+00
     vertex  1.643137e+02 -9.099698e+01  1.510000e+00
   endloop
 endfacet
 facet normal  8.467243e-01 -5.320319e-01  0.000000e+00
   outer loop
     vertex  1.643137e+02 -9.099698e+01  0.000000e+00
     vertex  1.645519e+02 -9.061777e+01  0.000000e+00
     vertex  1.645519e+02 -9.061777e+01  1.510000e+00
   endloop
 endfacet
 facet normal  7.071068e-01 -7.071068e-01  0.000000e+00
   outer loop
     vertex  1.639970e+02 -9.131366e+01  0.000000e+00
     vertex  1.643137e+02 -9.099698e+01  1.510000e+00
     vertex  1.639970e+02 -9.131366e+01  1.510000e+00
   endloop
 endfacet
 facet normal  7.071068e-01 -7.071068e-01  0.000000e+00
   outer loop
     vertex  1.639970e+02 -9.131366e+01  0.000000e+00
     vertex  1.643137e+02 -9.099698e+01  0.000000e+00
     vertex  1.643137e+02 -9.099698e+01  1.510000e+00
   endloop
 endfacet
 facet normal  5.320319e-01 -8.467243e-01  0.000000e+00
   outer loop
     vertex  1.636178e+02 -9.155194e+01  0.000000e+00
     vertex  1.639970e+02 -9.131366e+01  1.510000e+00
     vertex  1.636178e+02 -9.155194e+01  1.510000e+00
   endloop
 endfacet
 facet normal  5.320319e-01 -8.467243e-01  0.000000e+00
   outer loop
     vertex  1.636178e+02 -9.155194e+01  0.000000e+00
     vertex  1.639970e+02 -9.131366e+01  0.000000e+00
     vertex  1.639970e+02 -9.131366e+01  1.510000e+00
   endloop
 endfacet
 facet normal  3.302787e-01 -9.438835e-01  0.000000e+00
   outer loop
     vertex  1.631950e+02 -9.169986e+01  0.000000e+00
     vertex  1.636178e+02 -9.155194e+01  1.510000e+00
     vertex  1.631950e+02 -9.169986e+01  1.510000e+00
   endloop
 endfacet
 facet normal  3.302787e-01 -9.438835e-01  0.000000e+00
   outer loop
     vertex  1.631950e+02 -9.169986e+01  0.000000e+00
     vertex  1.636178e+02 -9.155194e+01  0.000000e+00
     vertex  1.636178e+02 -9.155194e+01  1.510000e+00
   endloop
 endfacet
 facet normal  1.119638e-01 -9.937123e-01  0.000000e+00
   outer loop
     vertex  1.627500e+02 -9.175000e+01  0.000000e+00
     vertex  1.631950e+02 -9.169986e+01  1.510000e+00
     vertex  1.627500e+02 -9.175000e+01  1.510000e+00
   endloop
 endfacet
 facet normal  1.119638e-01 -9.937123e-01  0.000000e+00
   outer loop
     vertex  1.627500e+02 -9.175000e+01  0.000000e+00
     vertex  1.631950e+02 -9.169986e+01  0.000000e+00
     vertex  1.631950e+02 -9.169986e+01  1.510000e+00
   endloop
 endfacet
 facet normal -1.000000e+00  0.000000e+00  0.000000e+00
   outer loop
     vertex  1.315000e+02 -6.025000e+01  0.000000e+00
     vertex  1.315000e+02 -8.975000e+01  0.000000e+00
     vertex  1.315000e+02 -8.975000e+01  1.510000e+00
   endloop
 endfacet
 facet normal -1.000000e+00  0.000000e+00  0.000000e+00
   outer loop
     vertex  1.315000e+02 -6.025000e+01  0.000000e+00
     vertex  1.315000e+02 -8.975000e+01  1.510000e+00
     vertex  1.315000e+02 -6.025000e+01  1.510000e+00
   endloop
 endfacet
 facet normal  0.000000e+00 -1.000000e+00  0.000000e+00
   outer loop
     vertex  1.335000e+02 -9.175000e+01  0.000000e+00
     vertex  1.627500e+02 -9.175000e+01  0.000000e+00
     vertex  1.627500e+02 -9.175000e+01  1.510000e+00
   endloop
 endfacet
 facet normal  0.000000e+00 -1.000000e+00  0.000000e+00
   outer loop
     vertex  1.335000e+02 -9.175000e+01  0.000000e+00
     vertex  1.627500e+02 -9.175000e+01  1.510000e+00
     vertex  1.335000e+02 -9.175000e+01  1.510000e+00
   endloop
 endfacet
 facet normal -1.119638e-01 -9.937123e-01  0.000000e+00
   outer loop
     vertex  1.330550e+02 -9.169986e+01  0.000000e+00
     vertex  1.335000e+02 -9.175000e+01  0.000000e+00
     vertex  1.335000e+02 -9.175000e+01  1.510000e+00
   endloop
 endfacet
 facet normal -1.119638e-01 -9.937123e-01  0.000000e+00
   outer loop
     vertex  1.330550e+02 -9.169986e+01  0.000000e+00
     vertex  1.335000e+02 -9.175000e+01  1.510000e+00
     vertex  1.330550e+02 -9.169986e+01  1.510000e+00
   endloop
 endfacet
 facet normal -3.302787e-01 -9.438835e-01  0.000000e+00
   outer loop
     vertex  1.326322e+02 -9.155194e+01  0.000000e+00
     vertex  1.330550e+02 -9.169986e+01  1.510000e+00
     vertex  1.326322e+02 -9.155194e+01  1.510000e+00
   endloop
 endfacet
 facet normal -3.302787e-01 -9.438835e-01  0.000000e+00
   outer loop
     vertex  1.326322e+02 -9.155194e+01  0.000000e+00
     vertex  1.330550e+02 -9.169986e+01  0.000000e+00
     vertex  1.330550e+02 -9.169986e+01  1.510000e+00
   endloop
 endfacet
 facet normal -5.320319e-01 -8.467243e-01  0.000000e+00
   outer loop
     vertex  1.322530e+02 -9.131366e+01  0.000000e+00
     vertex  1.326322e+02 -9.155194e+01  1.510000e+00
     vertex  1.322530e+02 -9.131366e+01  1.510000e+00
   endloop
 endfacet
 facet normal -5.320319e-01 -8.467243e-01  0.000000e+00
   outer loop
     vertex  1.322530e+02 -9.131366e+01  0.000000e+00
     vertex  1.326322e+02 -9.155194e+01  0.000000e+00
     vertex  1.326322e+02 -9.155194e+01  1.510000e+00
   endloop
 endfacet
 facet normal -7.071068e-01 -7.071068e-01  0.000000e+00
   outer loop
     vertex  1.319363e+02 -9.099698e+01  0.000000e+00
     vertex  1.322530e+02 -9.131366e+01  1.510000e+00
     vertex  1.319363e+02 -9.099698e+01  1.510000e+00
   endloop
 endfacet
 facet normal -7.071068e-01 -7.071068e-01  0.000000e+00
   outer loop
     vertex  1.319363e+02 -9.099698e+01  0.000000e+00
     vertex  1.322530e+02 -9.131366e+01  0.000000e+00
     vertex  1.322530e+02 -9.131366e+01  1.510000e+00
   endloop
 endfacet
 facet normal -8.467243e-01 -5.320319e-01  0.000000e+00
   outer loop
     vertex  1.316981e+02 -9.061777e+01  0.000000e+00
     vertex  1.319363e+02 -9.099698e+01  1.510000e+00
     vertex  1.316981e+02 -9.061777e+01  1.510000e+00
   endloop
 endfacet
 facet normal -8.467243e-01 -5.320319e-01  0.000000e+00
   outer loop
     vertex  1.316981e+02 -9.061777e+01  0.000000e+00
     vertex  1.319363e+02 -9.099698e+01  0.000000e+00
     vertex  1.319363e+02 -9.099698e+01  1.510000e+00
   endloop
 endfacet
 facet normal -9.438835e-01 -3.302787e-01  0.000000e+00
   outer loop
     vertex  1.315501e+02 -9.019504e+01  0.000000e+00
     vertex  1.316981e+02 -9.061777e+01  1.510000e+00
     vertex  1.315501e+02 -9.019504e+01  1.510000e+00
   endloop
 endfacet
 facet normal -9.438835e-01 -3.302787e-01  0.000000e+00
   outer loop
     vertex  1.315501e+02 -9.019504e+01  0.000000e+00
     vertex  1.316981e+02 -9.061777e+01  0.000000e+00
     vertex  1.316981e+02 -9.061777e+01  1.510000e+00
   endloop
 endfacet
 facet normal -9.937123e-01 -1.119638e-01  0.000000e+00
   outer loop
     vertex  1.315000e+02 -8.975000e+01  0.000000e+00
     vertex  1.315501e+02 -9.019504e+01  1.510000e+00
     vertex  1.315000e+02 -8.975000e+01  1.510000e+00
   endloop
 endfacet
 facet normal -9.937123e-01 -1.119638e-01  0.000000e+00
   outer loop
     vertex  1.315000e+02 -8.975000e+01  0.000000e+00
     vertex  1.315501e+02 -9.019504e+01  0.000000e+00
     vertex  1.315501e+02 -9.019504e+01  1.510000e+00
   endloop
 endfacet
 facet normal -1.305262e-01  9.914449e-01  0.000000e+00
   outer loop
     vertex  1.348547e+02 -6.274148e+01  0.000000e+00
     vertex  1.347900e+02 -6.275000e+01  0.000000e+00
     vertex  1.347900e+02 -6.275000e+01  1.510000e+00
   endloop
 endfacet
 facet normal -1.305262e-01  9.914449e-01  0.000000e+00
   outer loop
     vertex  1.348547e+02 -6.274148e+01  0.000000e+00
     vertex  1.347900e+02 -6.275000e+01  1.510000e+00
     vertex  1.348547e+02 -6.274148e+01  1.510000e+00
   endloop
 endfacet
 facet normal -3.826834e-01  9.238795e-01  0.000000e+00
   outer loop
     vertex  1.349150e+02 -6.271651e+01  0.000000e+00
     vertex  1.348547e+02 -6.274148e+01  1.510000e+00
     vertex  1.349150e+02 -6.271651e+01  1.510000e+00
   endloop
 endfacet
 facet normal -3.826834e-01  9.238795e-01  0.000000e+00
   outer loop
     vertex  1.349150e+02 -6.271651e+01  0.000000e+00
     vertex  1.348547e+02 -6.274148e+01  0.000000e+00
     vertex  1.348547e+02 -6.274148e+01  1.510000e+00
   endloop
 endfacet
 facet normal -6.087614e-01  7.933533e-01  0.000000e+00
   outer loop
     vertex  1.349668e+02 -6.267678e+01  0.000000e+00
     vertex  1.349150e+02 -6.271651e+01  1.510000e+00
     vertex  1.349668e+02 -6.267678e+01  1.510000e+00
   endloop
 endfacet
 facet normal -6.087614e-01  7.933533e-01  0.000000e+00
   outer loop
     vertex  1.349668e+02 -6.267678e+01  0.000000e+00
     vertex  1.349150e+02 -6.271651e+01  0.000000e+00
     vertex  1.349150e+02 -6.271651e+01  1.510000e+00
   endloop
 endfacet
 facet normal -7.933533e-01  6.087614e-01  0.000000e+00
   outer loop
     vertex  1.350065e+02 -6.262500e+01  0.000000e+00
     vertex  1.349668e+02 -6.267678e+01  1.510000e+00
     vertex  1.350065e+02 -6.262500e+01  1.510000e+00
   endloop
 endfacet
 facet normal -7.933533e-01  6.087614e-01  0.000000e+00
   outer loop
     vertex  1.350065e+02 -6.262500e+01  0.000000e+00
     vertex  1.349668e+02 -6.267678e+01  0.000000e+00
     vertex  1.349668e+02 -6.267678e+01  1.510000e+00
   endloop
 endfacet
 facet normal -9.238795e-01  3.826834e-01  0.000000e+00
   outer loop
     vertex  1.350315e+02 -6.256470e+01  0.000000e+00
     vertex  1.350065e+02 -6.262500e+01  1.510000e+00
     vertex  1.350315e+02 -6.256470e+01  1.510000e+00
   endloop
 endfacet
 facet normal -9.238795e-01  3.826834e-01  0.000000e+00
   outer loop
     vertex  1.350315e+02 -6.256470e+01  0.000000e+00
     vertex  1.350065e+02 -6.262500e+01  0.000000e+00
     vertex  1.350065e+02 -6.262500e+01  1.510000e+00
   endloop
 endfacet
 facet normal -9.914449e-01  1.305262e-01  0.000000e+00
   outer loop
     vertex  1.350400e+02 -6.250000e+01  0.000000e+00
     vertex  1.350315e+02 -6.256470e+01  1.510000e+00
     vertex  1.350400e+02 -6.250000e+01  1.510000e+00
   endloop
 endfacet
 facet normal -9.914449e-01  1.305262e-01  0.000000e+00
   outer loop
     vertex  1.350400e+02 -6.250000e+01  0.000000e+00
     vertex  1.350315e+02 -6.256470e+01  0.000000e+00
     vertex  1.350315e+02 -6.256470e+01  1.510000e+00
   endloop
 endfacet
 facet normal -9.914449e-01 -1.305262e-01  0.000000e+00
   outer loop
     vertex  1.350315e+02 -6.243530e+01  0.000000e+00
     vertex  1.350400e+02 -6.250000e+01  1.510000e+00
     vertex  1.350315e+02 -6.243530e+01  1.510000e+00
   endloop
 endfacet
 facet normal -9.914449e-01 -1.305262e-01  0.000000e+00
   outer loop
     vertex  1.350315e+02 -6.243530e+01  0.000000e+00
     vertex  1.350400e+02 -6.250000e+01  0.000000e+00
     vertex  1.350400e+02 -6.250000e+01  1.510000e+00
   endloop
 endfacet
 facet normal -9.238795e-01 -3.826834e-01  0.000000e+00
   outer loop
     vertex  1.350065e+02 -6.237500e+01  0.000000e+00
     vertex  1.350315e+02 -6.243530e+01  1.510000e+00
     vertex  1.350065e+02 -6.237500e+01  1.510000e+00
   endloop
 endfacet
 facet normal -9.238795e-01 -3.826834e-01  0.000000e+00
   outer loop
     vertex  1.350065e+02 -6.237500e+01  0.000000e+00
     vertex  1.350315e+02 -6.243530e+01  0.000000e+00
     vertex  1.350315e+02 -6.243530e+01  1.510000e+00
   endloop
 endfacet
 facet normal -7.933533e-01 -6.087614e-01  0.000000e+00
   outer loop
     vertex  1.349668e+02 -6.232322e+01  0.000000e+00
     vertex  1.350065e+02 -6.237500e+01  1.510000e+00
     vertex  1.349668e+02 -6.232322e+01  1.510000e+00
   endloop
 endfacet
 facet normal -7.933533e-01 -6.087614e-01  0.000000e+00
   outer loop
     vertex  1.349668e+02 -6.232322e+01  0.000000e+00
     vertex  1.350065e+02 -6.237500e+01  0.000000e+00
     vertex  1.350065e+02 -6.237500e+01  1.510000e+00
   endloop
 endfacet
 facet normal -6.087614e-01 -7.933533e-01  0.000000e+00
   outer loop
     vertex  1.349150e+02 -6.228349e+01  0.000000e+00
     vertex  1.349668e+02 -6.232322e+01  1.510000e+00
     vertex  1.349150e+02 -6.228349e+01  1.510000e+00
   endloop
 endfacet
 facet normal -6.087614e-01 -7.933533e-01  0.000000e+00
   outer loop
     vertex  1.349150e+02 -6.228349e+01  0.000000e+00
     vertex  1.349668e+02 -6.232322e+01  0.000000e+00
     vertex  1.349668e+02 -6.232322e+01  1.510000e+00
   endloop
 endfacet
 facet normal -3.826834e-01 -9.238795e-01  0.000000e+00
   outer loop
     vertex  1.348547e+02 -6.225852e+01  0.000000e+00
     vertex  1.349150e+02 -6.228349e+01  1.510000e+00
     vertex  1.348547e+02 -6.225852e+01  1.510000e+00
   endloop
 endfacet
 facet normal -3.826834e-01 -9.238795e-01  0.000000e+00
   outer loop
     vertex  1.348547e+02 -6.225852e+01  0.000000e+00
     vertex  1.349150e+02 -6.228349e+01  0.000000e+00
     vertex  1.349150e+02 -6.228349e+01  1.510000e+00
   endloop
 endfacet
 facet normal -1.305262e-01 -9.914449e-01  0.000000e+00
   outer loop
     vertex  1.347900e+02 -6.225000e+01  0.000000e+00
     vertex  1.348547e+02 -6.225852e+01  0.000000e+00
     vertex  1.348547e+02 -6.225852e+01  1.510000e+00
   endloop
 endfacet
 facet normal -1.305262e-01 -9.914449e-01  0.000000e+00
   outer loop
     vertex  1.347900e+02 -6.225000e+01  0.000000e+00
     vertex  1.348547e+02 -6.225852e+01  1.510000e+00
     vertex  1.347900e+02 -6.225000e+01  1.510000e+00
   endloop
 endfacet
 facet normal  1.305262e-01 -9.914449e-01  0.000000e+00
   outer loop
     vertex  1.347253e+02 -6.225852e+01  0.000000e+00
     vertex  1.347900e+02 -6.225000e+01  0.000000e+00
     vertex  1.347900e+02 -6.225000e+01  1.510000e+00
   endloop
 endfacet
 facet normal  1.305262e-01 -9.914449e-01  0.000000e+00
   outer loop
     vertex  1.347253e+02 -6.225852e+01  0.000000e+00
     vertex  1.347900e+02 -6.225000e+01  1.510000e+00
     vertex  1.347253e+02 -6.225852e+01  1.510000e+00
   endloop
 endfacet
 facet normal  3.826834e-01 -9.238795e-01  0.000000e+00
   outer loop
     vertex  1.346650e+02 -6.228349e+01  0.000000e+00
     vertex  1.347253e+02 -6.225852e+01  0.000000e+00
     vertex  1.347253e+02 -6.225852e+01  1.510000e+00
   endloop
 endfacet
 facet normal  3.826834e-01 -9.238795e-01  0.000000e+00
   outer loop
     vertex  1.346650e+02 -6.228349e+01  0.000000e+00
     vertex  1.347253e+02 -6.225852e+01  1.510000e+00
     vertex  1.346650e+02 -6.228349e+01  1.510000e+00
   endloop
 endfacet
 facet normal  6.087614e-01 -7.933533e-01  0.000000e+00
   outer loop
     vertex  1.346132e+02 -6.232322e+01  0.000000e+00
     vertex  1.346650e+02 -6.228349e+01  0.000000e+00
     vertex  1.346650e+02 -6.228349e+01  1.510000e+00
   endloop
 endfacet
 facet normal  7.933533e-01 -6.087614e-01  0.000000e+00
   outer loop
     vertex  1.346132e+02 -6.232322e+01  0.000000e+00
     vertex  1.346132e+02 -6.232322e+01  1.510000e+00
     vertex  1.345735e+02 -6.237500e+01  1.510000e+00
   endloop
 endfacet
 facet normal  6.087614e-01 -7.933533e-01  0.000000e+00
   outer loop
     vertex  1.346132e+02 -6.232322e+01  0.000000e+00
     vertex  1.346650e+02 -6.228349e+01  1.510000e+00
     vertex  1.346132e+02 -6.232322e+01  1.510000e+00
   endloop
 endfacet
 facet normal  7.933533e-01 -6.087614e-01  0.000000e+00
   outer loop
     vertex  1.345735e+02 -6.237500e+01  0.000000e+00
     vertex  1.346132e+02 -6.232322e+01  0.000000e+00
     vertex  1.345735e+02 -6.237500e+01  1.510000e+00
   endloop
 endfacet
 facet normal  9.238795e-01 -3.826834e-01  0.000000e+00
   outer loop
     vertex  1.345735e+02 -6.237500e+01  0.000000e+00
     vertex  1.345735e+02 -6.237500e+01  1.510000e+00
     vertex  1.345485e+02 -6.243530e+01  1.510000e+00
   endloop
 endfacet
 facet normal  9.238795e-01 -3.826834e-01  0.000000e+00
   outer loop
     vertex  1.345485e+02 -6.243530e+01  0.000000e+00
     vertex  1.345735e+02 -6.237500e+01  0.000000e+00
     vertex  1.345485e+02 -6.243530e+01  1.510000e+00
   endloop
 endfacet
 facet normal  9.914449e-01 -1.305262e-01  0.000000e+00
   outer loop
     vertex  1.345400e+02 -6.250000e+01  0.000000e+00
     vertex  1.345485e+02 -6.243530e+01  0.000000e+00
     vertex  1.345485e+02 -6.243530e+01  1.510000e+00
   endloop
 endfacet
 facet normal  9.914449e-01 -1.305262e-01  0.000000e+00
   outer loop
     vertex  1.345400e+02 -6.250000e+01  0.000000e+00
     vertex  1.345485e+02 -6.243530e+01  1.510000e+00
     vertex  1.345400e+02 -6.250000e+01  1.510000e+00
   endloop
 endfacet
 facet normal  9.914449e-01  1.305262e-01 -0.000000e+00
   outer loop
     vertex  1.345485e+02 -6.256470e+01  0.000000e+00
     vertex  1.345400e+02 -6.250000e+01  1.510000e+00
     vertex  1.345485e+02 -6.256470e+01  1.510000e+00
   endloop
 endfacet
 facet normal  9.914449e-01  1.305262e-01  0.000000e+00
   outer loop
     vertex  1.345485e+02 -6.256470e+01  0.000000e+00
     vertex  1.345400e+02 -6.250000e+01  0.000000e+00
     vertex  1.345400e+02 -6.250000e+01  1.510000e+00
   endloop
 endfacet
 facet normal  9.238795e-01  3.826834e-01 -0.000000e+00
   outer loop
     vertex  1.345735e+02 -6.262500e+01  0.000000e+00
     vertex  1.345485e+02 -6.256470e+01  1.510000e+00
     vertex  1.345735e+02 -6.262500e+01  1.510000e+00
   endloop
 endfacet
 facet normal  9.238795e-01  3.826834e-01  0.000000e+00
   outer loop
     vertex  1.345735e+02 -6.262500e+01  0.000000e+00
     vertex  1.345485e+02 -6.256470e+01  0.000000e+00
     vertex  1.345485e+02 -6.256470e+01  1.510000e+00
   endloop
 endfacet
 facet normal  6.087614e-01  7.933533e-01 -0.000000e+00
   outer loop
     vertex  1.346132e+02 -6.267678e+01  0.000000e+00
     vertex  1.346132e+02 -6.267678e+01  1.510000e+00
     vertex  1.346650e+02 -6.271651e+01  1.510000e+00
   endloop
 endfacet
 facet normal  7.933533e-01  6.087614e-01 -0.000000e+00
   outer loop
     vertex  1.346132e+02 -6.267678e+01  0.000000e+00
     vertex  1.345735e+02 -6.262500e+01  1.510000e+00
     vertex  1.346132e+02 -6.267678e+01  1.510000e+00
   endloop
 endfacet
 facet normal  7.933533e-01  6.087614e-01  0.000000e+00
   outer loop
     vertex  1.346132e+02 -6.267678e+01  0.000000e+00
     vertex  1.345735e+02 -6.262500e+01  0.000000e+00
     vertex  1.345735e+02 -6.262500e+01  1.510000e+00
   endloop
 endfacet
 facet normal  6.087614e-01  7.933533e-01 -0.000000e+00
   outer loop
     vertex  1.346650e+02 -6.271651e+01  0.000000e+00
     vertex  1.346132e+02 -6.267678e+01  0.000000e+00
     vertex  1.346650e+02 -6.271651e+01  1.510000e+00
   endloop
 endfacet
 facet normal  3.826834e-01  9.238795e-01 -0.000000e+00
   outer loop
     vertex  1.347253e+02 -6.274148e+01  0.000000e+00
     vertex  1.346650e+02 -6.271651e+01  1.510000e+00
     vertex  1.347253e+02 -6.274148e+01  1.510000e+00
   endloop
 endfacet
 facet normal  3.826834e-01  9.238795e-01  0.000000e+00
   outer loop
     vertex  1.347253e+02 -6.274148e+01  0.000000e+00
     vertex  1.346650e+02 -6.271651e+01  0.000000e+00
     vertex  1.346650e+02 -6.271651e+01  1.510000e+00
   endloop
 endfacet
 facet normal  1.305262e-01  9.914449e-01 -0.000000e+00
   outer loop
     vertex  1.347900e+02 -6.275000e+01  0.000000e+00
     vertex  1.347253e+02 -6.274148e+01  1.510000e+00
     vertex  1.347900e+02 -6.275000e+01  1.510000e+00
   endloop
 endfacet
 facet normal  1.305262e-01  9.914449e-01  0.000000e+00
   outer loop
     vertex  1.347900e+02 -6.275000e+01  0.000000e+00
     vertex  1.347253e+02 -6.274148e+01  0.000000e+00
     vertex  1.347253e+02 -6.274148e+01  1.510000e+00
   endloop
 endfacet
endsolid
