ISO-10303-21;
HEADER;
FILE_DESCRIPTION(('KiCad electronic assembly'),'2;1');
FILE_NAME('sensor_unit.step','2026-02-11T14:20:25',('Pcbnew'),('Kicad'),
  'Open CASCADE STEP processor 7.8','KiCad to STEP converter','Unknown'
  );
FILE_SCHEMA(('AUTOMOTIVE_DESIGN { 1 0 10303 214 1 1 1 1 }'));
ENDSEC;
DATA;
#1 = APPLICATION_PROTOCOL_DEFINITION('international standard',
  'automotive_design',2000,#2);
#2 = APPLICATION_CONTEXT(
  'core data for automotive mechanical design processes');
#3 = SHAPE_DEFINITION_REPRESENTATION(#4,#10);
#4 = PRODUCT_DEFINITION_SHAPE('','',#5);
#5 = PRODUCT_DEFINITION('design','',#6,#9);
#6 = PRODUCT_DEFINITION_FORMATION('','',#7);
#7 = PRODUCT('sensor_unit 1','sensor_unit 1','',(#8));
#8 = PRODUCT_CONTEXT('',#2,'mechanical');
#9 = PRODUCT_DEFINITION_CONTEXT('part definition',#2,'design');
#10 = SHAPE_REPRESENTATION('',(#11,#15,#19,#23,#27,#31,#35,#39),#43);
#11 = AXIS2_PLACEMENT_3D('',#12,#13,#14);
#12 = CARTESIAN_POINT('',(0.,0.,0.));
#13 = DIRECTION('',(0.,0.,1.));
#14 = DIRECTION('',(1.,0.,-0.));
#15 = AXIS2_PLACEMENT_3D('',#16,#17,#18);
#16 = CARTESIAN_POINT('',(135.5,-62.5,1.595));
#17 = DIRECTION('',(-0.,0.,1.));
#18 = DIRECTION('',(1.110223024625E-16,-1.,0.));
#19 = AXIS2_PLACEMENT_3D('',#20,#21,#22);
#20 = CARTESIAN_POINT('',(158.25,-82.5,1.595));
#21 = DIRECTION('',(0.,0.,1.));
#22 = DIRECTION('',(-1.,1.224646799147E-16,0.));
#23 = AXIS2_PLACEMENT_3D('',#24,#25,#26);
#24 = CARTESIAN_POINT('',(158.25,-80.,1.595));
#25 = DIRECTION('',(0.,0.,1.));
#26 = DIRECTION('',(-1.,1.224646799147E-16,0.));
#27 = AXIS2_PLACEMENT_3D('',#28,#29,#30);
#28 = CARTESIAN_POINT('',(158.5,-69.52,1.595));
#29 = DIRECTION('',(0.,0.,1.));
#30 = DIRECTION('',(1.,0.,0.));
#31 = AXIS2_PLACEMENT_3D('',#32,#33,#34);
#32 = CARTESIAN_POINT('',(158.5,-66.51,1.595));
#33 = DIRECTION('',(0.,0.,1.));
#34 = DIRECTION('',(1.,0.,0.));
#35 = AXIS2_PLACEMENT_3D('',#36,#37,#38);
#36 = CARTESIAN_POINT('',(158.5,-63.5,1.595));
#37 = DIRECTION('',(0.,0.,1.));
#38 = DIRECTION('',(1.,0.,0.));
#39 = AXIS2_PLACEMENT_3D('',#40,#41,#42);
#40 = CARTESIAN_POINT('',(0.,0.,0.));
#41 = DIRECTION('',(0.,0.,1.));
#42 = DIRECTION('',(1.,0.,-0.));
#43 = ( GEOMETRIC_REPRESENTATION_CONTEXT(3) 
GLOBAL_UNCERTAINTY_ASSIGNED_CONTEXT((#47)) GLOBAL_UNIT_ASSIGNED_CONTEXT(
(#44,#45,#46)) REPRESENTATION_CONTEXT('Context #1',
  '3D Context with UNIT and UNCERTAINTY') );
#44 = ( LENGTH_UNIT() NAMED_UNIT(*) SI_UNIT(.MILLI.,.METRE.) );
#45 = ( NAMED_UNIT(*) PLANE_ANGLE_UNIT() SI_UNIT($,.RADIAN.) );
#46 = ( NAMED_UNIT(*) SI_UNIT($,.STERADIAN.) SOLID_ANGLE_UNIT() );
#47 = UNCERTAINTY_MEASURE_WITH_UNIT(LENGTH_MEASURE(1.E-07),#44,
  'distance_accuracy_value','confusion accuracy');
#48 = PRODUCT_RELATED_PRODUCT_CATEGORY('part',$,(#7));
#49 = SHAPE_DEFINITION_REPRESENTATION(#50,#56);
#50 = PRODUCT_DEFINITION_SHAPE('','',#51);
#51 = PRODUCT_DEFINITION('design','',#52,#55);
#52 = PRODUCT_DEFINITION_FORMATION('','',#53);
#53 = PRODUCT('Knowles_SPH0645LM4H-6_3.5x2.65mm',
  'Knowles_SPH0645LM4H-6_3.5x2.65mm','',(#54));
#54 = PRODUCT_CONTEXT('',#2,'mechanical');
#55 = PRODUCT_DEFINITION_CONTEXT('part definition',#2,'design');
#56 = SHAPE_REPRESENTATION('',(#11,#57,#246),#1027);
#57 = MANIFOLD_SOLID_BREP('',#58);
#58 = CLOSED_SHELL('',(#59,#99,#130,#161,#189,#217,#229));
#59 = ADVANCED_FACE('',(#60),#94,.T.);
#60 = FACE_BOUND('',#61,.T.);
#61 = EDGE_LOOP('',(#62,#72,#80,#88));
#62 = ORIENTED_EDGE('',*,*,#63,.T.);
#63 = EDGE_CURVE('',#64,#66,#68,.T.);
#64 = VERTEX_POINT('',#65);
#65 = CARTESIAN_POINT('',(-1.325,1.75,0.));
#66 = VERTEX_POINT('',#67);
#67 = CARTESIAN_POINT('',(-1.325,1.75,0.28));
#68 = LINE('',#69,#70);
#69 = CARTESIAN_POINT('',(-1.325,1.75,0.));
#70 = VECTOR('',#71,1.);
#71 = DIRECTION('',(0.,0.,1.));
#72 = ORIENTED_EDGE('',*,*,#73,.T.);
#73 = EDGE_CURVE('',#66,#74,#76,.T.);
#74 = VERTEX_POINT('',#75);
#75 = CARTESIAN_POINT('',(1.325,1.75,0.28));
#76 = LINE('',#77,#78);
#77 = CARTESIAN_POINT('',(-1.325,1.75,0.28));
#78 = VECTOR('',#79,1.);
#79 = DIRECTION('',(1.,0.,0.));
#80 = ORIENTED_EDGE('',*,*,#81,.F.);
#81 = EDGE_CURVE('',#82,#74,#84,.T.);
#82 = VERTEX_POINT('',#83);
#83 = CARTESIAN_POINT('',(1.325,1.75,0.));
#84 = LINE('',#85,#86);
#85 = CARTESIAN_POINT('',(1.325,1.75,0.));
#86 = VECTOR('',#87,1.);
#87 = DIRECTION('',(0.,0.,1.));
#88 = ORIENTED_EDGE('',*,*,#89,.F.);
#89 = EDGE_CURVE('',#64,#82,#90,.T.);
#90 = LINE('',#91,#92);
#91 = CARTESIAN_POINT('',(-1.325,1.75,0.));
#92 = VECTOR('',#93,1.);
#93 = DIRECTION('',(1.,0.,0.));
#94 = PLANE('',#95);
#95 = AXIS2_PLACEMENT_3D('',#96,#97,#98);
#96 = CARTESIAN_POINT('',(-1.325,1.75,0.));
#97 = DIRECTION('',(0.,1.,0.));
#98 = DIRECTION('',(1.,0.,0.));
#99 = ADVANCED_FACE('',(#100),#125,.T.);
#100 = FACE_BOUND('',#101,.T.);
#101 = EDGE_LOOP('',(#102,#112,#118,#119));
#102 = ORIENTED_EDGE('',*,*,#103,.T.);
#103 = EDGE_CURVE('',#104,#106,#108,.T.);
#104 = VERTEX_POINT('',#105);
#105 = CARTESIAN_POINT('',(-1.325,-1.75,0.));
#106 = VERTEX_POINT('',#107);
#107 = CARTESIAN_POINT('',(-1.325,-1.75,0.28));
#108 = LINE('',#109,#110);
#109 = CARTESIAN_POINT('',(-1.325,-1.75,0.));
#110 = VECTOR('',#111,1.);
#111 = DIRECTION('',(0.,0.,1.));
#112 = ORIENTED_EDGE('',*,*,#113,.T.);
#113 = EDGE_CURVE('',#106,#66,#114,.T.);
#114 = LINE('',#115,#116);
#115 = CARTESIAN_POINT('',(-1.325,-1.75,0.28));
#116 = VECTOR('',#117,1.);
#117 = DIRECTION('',(0.,1.,0.));
#118 = ORIENTED_EDGE('',*,*,#63,.F.);
#119 = ORIENTED_EDGE('',*,*,#120,.F.);
#120 = EDGE_CURVE('',#104,#64,#121,.T.);
#121 = LINE('',#122,#123);
#122 = CARTESIAN_POINT('',(-1.325,-1.75,0.));
#123 = VECTOR('',#124,1.);
#124 = DIRECTION('',(0.,1.,0.));
#125 = PLANE('',#126);
#126 = AXIS2_PLACEMENT_3D('',#127,#128,#129);
#127 = CARTESIAN_POINT('',(-1.325,-1.75,0.));
#128 = DIRECTION('',(-1.,0.,0.));
#129 = DIRECTION('',(0.,1.,0.));
#130 = ADVANCED_FACE('',(#131),#156,.T.);
#131 = FACE_BOUND('',#132,.T.);
#132 = EDGE_LOOP('',(#133,#134,#142,#150));
#133 = ORIENTED_EDGE('',*,*,#81,.T.);
#134 = ORIENTED_EDGE('',*,*,#135,.T.);
#135 = EDGE_CURVE('',#74,#136,#138,.T.);
#136 = VERTEX_POINT('',#137);
#137 = CARTESIAN_POINT('',(1.325,-1.75,0.28));
#138 = LINE('',#139,#140);
#139 = CARTESIAN_POINT('',(1.325,1.75,0.28));
#140 = VECTOR('',#141,1.);
#141 = DIRECTION('',(0.,-1.,0.));
#142 = ORIENTED_EDGE('',*,*,#143,.F.);
#143 = EDGE_CURVE('',#144,#136,#146,.T.);
#144 = VERTEX_POINT('',#145);
#145 = CARTESIAN_POINT('',(1.325,-1.75,0.));
#146 = LINE('',#147,#148);
#147 = CARTESIAN_POINT('',(1.325,-1.75,0.));
#148 = VECTOR('',#149,1.);
#149 = DIRECTION('',(0.,0.,1.));
#150 = ORIENTED_EDGE('',*,*,#151,.F.);
#151 = EDGE_CURVE('',#82,#144,#152,.T.);
#152 = LINE('',#153,#154);
#153 = CARTESIAN_POINT('',(1.325,1.75,0.));
#154 = VECTOR('',#155,1.);
#155 = DIRECTION('',(0.,-1.,0.));
#156 = PLANE('',#157);
#157 = AXIS2_PLACEMENT_3D('',#158,#159,#160);
#158 = CARTESIAN_POINT('',(1.325,1.75,0.));
#159 = DIRECTION('',(1.,0.,0.));
#160 = DIRECTION('',(0.,-1.,0.));
#161 = ADVANCED_FACE('',(#162,#173),#184,.F.);
#162 = FACE_BOUND('',#163,.F.);
#163 = EDGE_LOOP('',(#164,#165,#166,#172));
#164 = ORIENTED_EDGE('',*,*,#89,.F.);
#165 = ORIENTED_EDGE('',*,*,#120,.F.);
#166 = ORIENTED_EDGE('',*,*,#167,.F.);
#167 = EDGE_CURVE('',#144,#104,#168,.T.);
#168 = LINE('',#169,#170);
#169 = CARTESIAN_POINT('',(1.325,-1.75,0.));
#170 = VECTOR('',#171,1.);
#171 = DIRECTION('',(-1.,0.,0.));
#172 = ORIENTED_EDGE('',*,*,#151,.F.);
#173 = FACE_BOUND('',#174,.F.);
#174 = EDGE_LOOP('',(#175));
#175 = ORIENTED_EDGE('',*,*,#176,.F.);
#176 = EDGE_CURVE('',#177,#177,#179,.T.);
#177 = VERTEX_POINT('',#178);
#178 = CARTESIAN_POINT('',(0.1625,-0.71,0.));
#179 = CIRCLE('',#180,0.1625);
#180 = AXIS2_PLACEMENT_3D('',#181,#182,#183);
#181 = CARTESIAN_POINT('',(0.,-0.71,0.));
#182 = DIRECTION('',(0.,0.,1.));
#183 = DIRECTION('',(1.,0.,-0.));
#184 = PLANE('',#185);
#185 = AXIS2_PLACEMENT_3D('',#186,#187,#188);
#186 = CARTESIAN_POINT('',(2.9E-16,2.2E-16,0.));
#187 = DIRECTION('',(0.,0.,1.));
#188 = DIRECTION('',(1.,0.,-0.));
#189 = ADVANCED_FACE('',(#190,#201),#212,.T.);
#190 = FACE_BOUND('',#191,.T.);
#191 = EDGE_LOOP('',(#192,#193,#194,#200));
#192 = ORIENTED_EDGE('',*,*,#73,.F.);
#193 = ORIENTED_EDGE('',*,*,#113,.F.);
#194 = ORIENTED_EDGE('',*,*,#195,.F.);
#195 = EDGE_CURVE('',#136,#106,#196,.T.);
#196 = LINE('',#197,#198);
#197 = CARTESIAN_POINT('',(1.325,-1.75,0.28));
#198 = VECTOR('',#199,1.);
#199 = DIRECTION('',(-1.,0.,0.));
#200 = ORIENTED_EDGE('',*,*,#135,.F.);
#201 = FACE_BOUND('',#202,.T.);
#202 = EDGE_LOOP('',(#203));
#203 = ORIENTED_EDGE('',*,*,#204,.F.);
#204 = EDGE_CURVE('',#205,#205,#207,.T.);
#205 = VERTEX_POINT('',#206);
#206 = CARTESIAN_POINT('',(0.1625,-0.71,0.28));
#207 = CIRCLE('',#208,0.1625);
#208 = AXIS2_PLACEMENT_3D('',#209,#210,#211);
#209 = CARTESIAN_POINT('',(0.,-0.71,0.28));
#210 = DIRECTION('',(0.,0.,1.));
#211 = DIRECTION('',(1.,0.,-0.));
#212 = PLANE('',#213);
#213 = AXIS2_PLACEMENT_3D('',#214,#215,#216);
#214 = CARTESIAN_POINT('',(2.9E-16,2.2E-16,0.28));
#215 = DIRECTION('',(0.,0.,1.));
#216 = DIRECTION('',(1.,0.,-0.));
#217 = ADVANCED_FACE('',(#218),#224,.T.);
#218 = FACE_BOUND('',#219,.T.);
#219 = EDGE_LOOP('',(#220,#221,#222,#223));
#220 = ORIENTED_EDGE('',*,*,#143,.T.);
#221 = ORIENTED_EDGE('',*,*,#195,.T.);
#222 = ORIENTED_EDGE('',*,*,#103,.F.);
#223 = ORIENTED_EDGE('',*,*,#167,.F.);
#224 = PLANE('',#225);
#225 = AXIS2_PLACEMENT_3D('',#226,#227,#228);
#226 = CARTESIAN_POINT('',(1.325,-1.75,0.));
#227 = DIRECTION('',(0.,-1.,0.));
#228 = DIRECTION('',(-1.,0.,0.));
#229 = ADVANCED_FACE('',(#230),#241,.F.);
#230 = FACE_BOUND('',#231,.F.);
#231 = EDGE_LOOP('',(#232,#233,#239,#240));
#232 = ORIENTED_EDGE('',*,*,#204,.F.);
#233 = ORIENTED_EDGE('',*,*,#234,.T.);
#234 = EDGE_CURVE('',#205,#177,#235,.T.);
#235 = LINE('',#236,#237);
#236 = CARTESIAN_POINT('',(0.1625,-0.71,0.28));
#237 = VECTOR('',#238,1.);
#238 = DIRECTION('',(-0.,-0.,-1.));
#239 = ORIENTED_EDGE('',*,*,#176,.T.);
#240 = ORIENTED_EDGE('',*,*,#234,.F.);
#241 = CYLINDRICAL_SURFACE('',#242,0.1625);
#242 = AXIS2_PLACEMENT_3D('',#243,#244,#245);
#243 = CARTESIAN_POINT('',(0.,-0.71,0.28));
#244 = DIRECTION('',(0.,0.,1.));
#245 = DIRECTION('',(1.,0.,-0.));
#246 = MANIFOLD_SOLID_BREP('',#247);
#247 = CLOSED_SHELL('',(#248,#288,#355,#380,#405,#526,#543,#560,#577,
    #594,#606,#637,#662,#687,#711,#735,#760,#785,#802,#835,#852,#869,
    #894,#919,#936,#953,#970,#993,#1018));
#248 = ADVANCED_FACE('',(#249),#283,.T.);
#249 = FACE_BOUND('',#250,.T.);
#250 = EDGE_LOOP('',(#251,#261,#269,#277));
#251 = ORIENTED_EDGE('',*,*,#252,.F.);
#252 = EDGE_CURVE('',#253,#255,#257,.T.);
#253 = VERTEX_POINT('',#254);
#254 = CARTESIAN_POINT('',(-0.95,1.6,0.28));
#255 = VERTEX_POINT('',#256);
#256 = CARTESIAN_POINT('',(0.95,1.6,0.28));
#257 = LINE('',#258,#259);
#258 = CARTESIAN_POINT('',(-1.2,1.6,0.28));
#259 = VECTOR('',#260,1.);
#260 = DIRECTION('',(1.,0.,0.));
#261 = ORIENTED_EDGE('',*,*,#262,.T.);
#262 = EDGE_CURVE('',#253,#263,#265,.T.);
#263 = VERTEX_POINT('',#264);
#264 = CARTESIAN_POINT('',(-0.95,1.6,0.38));
#265 = LINE('',#266,#267);
#266 = CARTESIAN_POINT('',(-0.95,1.6,0.28));
#267 = VECTOR('',#268,1.);
#268 = DIRECTION('',(0.,0.,1.));
#269 = ORIENTED_EDGE('',*,*,#270,.T.);
#270 = EDGE_CURVE('',#263,#271,#273,.T.);
#271 = VERTEX_POINT('',#272);
#272 = CARTESIAN_POINT('',(0.95,1.6,0.38));
#273 = LINE('',#274,#275);
#274 = CARTESIAN_POINT('',(-1.2,1.6,0.38));
#275 = VECTOR('',#276,1.);
#276 = DIRECTION('',(1.,0.,0.));
#277 = ORIENTED_EDGE('',*,*,#278,.F.);
#278 = EDGE_CURVE('',#255,#271,#279,.T.);
#279 = LINE('',#280,#281);
#280 = CARTESIAN_POINT('',(0.95,1.6,0.28));
#281 = VECTOR('',#282,1.);
#282 = DIRECTION('',(0.,0.,1.));
#283 = PLANE('',#284);
#284 = AXIS2_PLACEMENT_3D('',#285,#286,#287);
#285 = CARTESIAN_POINT('',(-1.2,1.6,0.28));
#286 = DIRECTION('',(0.,1.,0.));
#287 = DIRECTION('',(1.,0.,0.));
#288 = ADVANCED_FACE('',(#289),#350,.F.);
#289 = FACE_BOUND('',#290,.F.);
#290 = EDGE_LOOP('',(#291,#292,#301,#309,#318,#326,#335,#343));
#291 = ORIENTED_EDGE('',*,*,#252,.F.);
#292 = ORIENTED_EDGE('',*,*,#293,.T.);
#293 = EDGE_CURVE('',#253,#294,#296,.T.);
#294 = VERTEX_POINT('',#295);
#295 = CARTESIAN_POINT('',(-1.2,1.35,0.28));
#296 = CIRCLE('',#297,0.25);
#297 = AXIS2_PLACEMENT_3D('',#298,#299,#300);
#298 = CARTESIAN_POINT('',(-0.95,1.35,0.28));
#299 = DIRECTION('',(-0.,0.,1.));
#300 = DIRECTION('',(0.,-1.,0.));
#301 = ORIENTED_EDGE('',*,*,#302,.F.);
#302 = EDGE_CURVE('',#303,#294,#305,.T.);
#303 = VERTEX_POINT('',#304);
#304 = CARTESIAN_POINT('',(-1.2,-1.35,0.28));
#305 = LINE('',#306,#307);
#306 = CARTESIAN_POINT('',(-1.2,-1.6,0.28));
#307 = VECTOR('',#308,1.);
#308 = DIRECTION('',(0.,1.,0.));
#309 = ORIENTED_EDGE('',*,*,#310,.T.);
#310 = EDGE_CURVE('',#303,#311,#313,.T.);
#311 = VERTEX_POINT('',#312);
#312 = CARTESIAN_POINT('',(-0.95,-1.6,0.28));
#313 = CIRCLE('',#314,0.25);
#314 = AXIS2_PLACEMENT_3D('',#315,#316,#317);
#315 = CARTESIAN_POINT('',(-0.95,-1.35,0.28));
#316 = DIRECTION('',(-0.,0.,1.));
#317 = DIRECTION('',(0.,-1.,0.));
#318 = ORIENTED_EDGE('',*,*,#319,.F.);
#319 = EDGE_CURVE('',#320,#311,#322,.T.);
#320 = VERTEX_POINT('',#321);
#321 = CARTESIAN_POINT('',(0.95,-1.6,0.28));
#322 = LINE('',#323,#324);
#323 = CARTESIAN_POINT('',(1.2,-1.6,0.28));
#324 = VECTOR('',#325,1.);
#325 = DIRECTION('',(-1.,0.,0.));
#326 = ORIENTED_EDGE('',*,*,#327,.F.);
#327 = EDGE_CURVE('',#328,#320,#330,.T.);
#328 = VERTEX_POINT('',#329);
#329 = CARTESIAN_POINT('',(1.2,-1.35,0.28));
#330 = CIRCLE('',#331,0.25);
#331 = AXIS2_PLACEMENT_3D('',#332,#333,#334);
#332 = CARTESIAN_POINT('',(0.95,-1.35,0.28));
#333 = DIRECTION('',(-0.,-0.,-1.));
#334 = DIRECTION('',(0.,-1.,0.));
#335 = ORIENTED_EDGE('',*,*,#336,.F.);
#336 = EDGE_CURVE('',#337,#328,#339,.T.);
#337 = VERTEX_POINT('',#338);
#338 = CARTESIAN_POINT('',(1.2,1.35,0.28));
#339 = LINE('',#340,#341);
#340 = CARTESIAN_POINT('',(1.2,1.6,0.28));
#341 = VECTOR('',#342,1.);
#342 = DIRECTION('',(0.,-1.,0.));
#343 = ORIENTED_EDGE('',*,*,#344,.F.);
#344 = EDGE_CURVE('',#255,#337,#345,.T.);
#345 = CIRCLE('',#346,0.25);
#346 = AXIS2_PLACEMENT_3D('',#347,#348,#349);
#347 = CARTESIAN_POINT('',(0.95,1.35,0.28));
#348 = DIRECTION('',(-0.,-0.,-1.));
#349 = DIRECTION('',(0.,-1.,0.));
#350 = PLANE('',#351);
#351 = AXIS2_PLACEMENT_3D('',#352,#353,#354);
#352 = CARTESIAN_POINT('',(-4.E-17,0.,0.28));
#353 = DIRECTION('',(0.,0.,1.));
#354 = DIRECTION('',(1.,0.,-0.));
#355 = ADVANCED_FACE('',(#356),#375,.T.);
#356 = FACE_BOUND('',#357,.T.);
#357 = EDGE_LOOP('',(#358,#359,#367,#374));
#358 = ORIENTED_EDGE('',*,*,#293,.T.);
#359 = ORIENTED_EDGE('',*,*,#360,.T.);
#360 = EDGE_CURVE('',#294,#361,#363,.T.);
#361 = VERTEX_POINT('',#362);
#362 = CARTESIAN_POINT('',(-1.2,1.35,0.38));
#363 = LINE('',#364,#365);
#364 = CARTESIAN_POINT('',(-1.2,1.35,0.28));
#365 = VECTOR('',#366,1.);
#366 = DIRECTION('',(0.,0.,1.));
#367 = ORIENTED_EDGE('',*,*,#368,.F.);
#368 = EDGE_CURVE('',#263,#361,#369,.T.);
#369 = CIRCLE('',#370,0.25);
#370 = AXIS2_PLACEMENT_3D('',#371,#372,#373);
#371 = CARTESIAN_POINT('',(-0.95,1.35,0.38));
#372 = DIRECTION('',(-0.,0.,1.));
#373 = DIRECTION('',(0.,-1.,0.));
#374 = ORIENTED_EDGE('',*,*,#262,.F.);
#375 = CYLINDRICAL_SURFACE('',#376,0.25);
#376 = AXIS2_PLACEMENT_3D('',#377,#378,#379);
#377 = CARTESIAN_POINT('',(-0.95,1.35,0.28));
#378 = DIRECTION('',(0.,0.,1.));
#379 = DIRECTION('',(0.,1.,0.));
#380 = ADVANCED_FACE('',(#381),#400,.T.);
#381 = FACE_BOUND('',#382,.T.);
#382 = EDGE_LOOP('',(#383,#384,#393,#399));
#383 = ORIENTED_EDGE('',*,*,#278,.T.);
#384 = ORIENTED_EDGE('',*,*,#385,.T.);
#385 = EDGE_CURVE('',#271,#386,#388,.T.);
#386 = VERTEX_POINT('',#387);
#387 = CARTESIAN_POINT('',(1.2,1.35,0.38));
#388 = CIRCLE('',#389,0.25);
#389 = AXIS2_PLACEMENT_3D('',#390,#391,#392);
#390 = CARTESIAN_POINT('',(0.95,1.35,0.38));
#391 = DIRECTION('',(-0.,-0.,-1.));
#392 = DIRECTION('',(0.,-1.,0.));
#393 = ORIENTED_EDGE('',*,*,#394,.F.);
#394 = EDGE_CURVE('',#337,#386,#395,.T.);
#395 = LINE('',#396,#397);
#396 = CARTESIAN_POINT('',(1.2,1.35,0.28));
#397 = VECTOR('',#398,1.);
#398 = DIRECTION('',(0.,0.,1.));
#399 = ORIENTED_EDGE('',*,*,#344,.F.);
#400 = CYLINDRICAL_SURFACE('',#401,0.25);
#401 = AXIS2_PLACEMENT_3D('',#402,#403,#404);
#402 = CARTESIAN_POINT('',(0.95,1.35,0.28));
#403 = DIRECTION('',(0.,0.,1.));
#404 = DIRECTION('',(0.,1.,0.));
#405 = ADVANCED_FACE('',(#406,#451),#521,.T.);
#406 = FACE_BOUND('',#407,.T.);
#407 = EDGE_LOOP('',(#408,#409,#410,#418,#427,#435,#444,#450));
#408 = ORIENTED_EDGE('',*,*,#270,.F.);
#409 = ORIENTED_EDGE('',*,*,#368,.T.);
#410 = ORIENTED_EDGE('',*,*,#411,.F.);
#411 = EDGE_CURVE('',#412,#361,#414,.T.);
#412 = VERTEX_POINT('',#413);
#413 = CARTESIAN_POINT('',(-1.2,-1.35,0.38));
#414 = LINE('',#415,#416);
#415 = CARTESIAN_POINT('',(-1.2,-1.6,0.38));
#416 = VECTOR('',#417,1.);
#417 = DIRECTION('',(0.,1.,0.));
#418 = ORIENTED_EDGE('',*,*,#419,.T.);
#419 = EDGE_CURVE('',#412,#420,#422,.T.);
#420 = VERTEX_POINT('',#421);
#421 = CARTESIAN_POINT('',(-0.95,-1.6,0.38));
#422 = CIRCLE('',#423,0.25);
#423 = AXIS2_PLACEMENT_3D('',#424,#425,#426);
#424 = CARTESIAN_POINT('',(-0.95,-1.35,0.38));
#425 = DIRECTION('',(-0.,0.,1.));
#426 = DIRECTION('',(0.,-1.,0.));
#427 = ORIENTED_EDGE('',*,*,#428,.F.);
#428 = EDGE_CURVE('',#429,#420,#431,.T.);
#429 = VERTEX_POINT('',#430);
#430 = CARTESIAN_POINT('',(0.95,-1.6,0.38));
#431 = LINE('',#432,#433);
#432 = CARTESIAN_POINT('',(1.2,-1.6,0.38));
#433 = VECTOR('',#434,1.);
#434 = DIRECTION('',(-1.,0.,0.));
#435 = ORIENTED_EDGE('',*,*,#436,.F.);
#436 = EDGE_CURVE('',#437,#429,#439,.T.);
#437 = VERTEX_POINT('',#438);
#438 = CARTESIAN_POINT('',(1.2,-1.35,0.38));
#439 = CIRCLE('',#440,0.25);
#440 = AXIS2_PLACEMENT_3D('',#441,#442,#443);
#441 = CARTESIAN_POINT('',(0.95,-1.35,0.38));
#442 = DIRECTION('',(-0.,-0.,-1.));
#443 = DIRECTION('',(0.,-1.,0.));
#444 = ORIENTED_EDGE('',*,*,#445,.F.);
#445 = EDGE_CURVE('',#386,#437,#446,.T.);
#446 = LINE('',#447,#448);
#447 = CARTESIAN_POINT('',(1.2,1.6,0.38));
#448 = VECTOR('',#449,1.);
#449 = DIRECTION('',(0.,-1.,0.));
#450 = ORIENTED_EDGE('',*,*,#385,.F.);
#451 = FACE_BOUND('',#452,.T.);
#452 = EDGE_LOOP('',(#453,#463,#472,#480,#489,#497,#506,#514));
#453 = ORIENTED_EDGE('',*,*,#454,.T.);
#454 = EDGE_CURVE('',#455,#457,#459,.T.);
#455 = VERTEX_POINT('',#456);
#456 = CARTESIAN_POINT('',(-1.15,-1.3,0.38));
#457 = VERTEX_POINT('',#458);
#458 = CARTESIAN_POINT('',(-1.15,1.3,0.38));
#459 = LINE('',#460,#461);
#460 = CARTESIAN_POINT('',(-1.15,-1.55,0.38));
#461 = VECTOR('',#462,1.);
#462 = DIRECTION('',(0.,1.,0.));
#463 = ORIENTED_EDGE('',*,*,#464,.T.);
#464 = EDGE_CURVE('',#457,#465,#467,.T.);
#465 = VERTEX_POINT('',#466);
#466 = CARTESIAN_POINT('',(-0.9,1.55,0.38));
#467 = CIRCLE('',#468,0.25);
#468 = AXIS2_PLACEMENT_3D('',#469,#470,#471);
#469 = CARTESIAN_POINT('',(-0.9,1.3,0.38));
#470 = DIRECTION('',(-0.,-0.,-1.));
#471 = DIRECTION('',(0.,-1.,0.));
#472 = ORIENTED_EDGE('',*,*,#473,.T.);
#473 = EDGE_CURVE('',#465,#474,#476,.T.);
#474 = VERTEX_POINT('',#475);
#475 = CARTESIAN_POINT('',(0.9,1.55,0.38));
#476 = LINE('',#477,#478);
#477 = CARTESIAN_POINT('',(-1.15,1.55,0.38));
#478 = VECTOR('',#479,1.);
#479 = DIRECTION('',(1.,0.,0.));
#480 = ORIENTED_EDGE('',*,*,#481,.F.);
#481 = EDGE_CURVE('',#482,#474,#484,.T.);
#482 = VERTEX_POINT('',#483);
#483 = CARTESIAN_POINT('',(1.15,1.3,0.38));
#484 = CIRCLE('',#485,0.25);
#485 = AXIS2_PLACEMENT_3D('',#486,#487,#488);
#486 = CARTESIAN_POINT('',(0.9,1.3,0.38));
#487 = DIRECTION('',(-0.,0.,1.));
#488 = DIRECTION('',(0.,-1.,0.));
#489 = ORIENTED_EDGE('',*,*,#490,.T.);
#490 = EDGE_CURVE('',#482,#491,#493,.T.);
#491 = VERTEX_POINT('',#492);
#492 = CARTESIAN_POINT('',(1.15,-1.3,0.38));
#493 = LINE('',#494,#495);
#494 = CARTESIAN_POINT('',(1.15,1.55,0.38));
#495 = VECTOR('',#496,1.);
#496 = DIRECTION('',(0.,-1.,0.));
#497 = ORIENTED_EDGE('',*,*,#498,.F.);
#498 = EDGE_CURVE('',#499,#491,#501,.T.);
#499 = VERTEX_POINT('',#500);
#500 = CARTESIAN_POINT('',(0.9,-1.55,0.38));
#501 = CIRCLE('',#502,0.25);
#502 = AXIS2_PLACEMENT_3D('',#503,#504,#505);
#503 = CARTESIAN_POINT('',(0.9,-1.3,0.38));
#504 = DIRECTION('',(-0.,0.,1.));
#505 = DIRECTION('',(0.,-1.,0.));
#506 = ORIENTED_EDGE('',*,*,#507,.T.);
#507 = EDGE_CURVE('',#499,#508,#510,.T.);
#508 = VERTEX_POINT('',#509);
#509 = CARTESIAN_POINT('',(-0.9,-1.55,0.38));
#510 = LINE('',#511,#512);
#511 = CARTESIAN_POINT('',(1.15,-1.55,0.38));
#512 = VECTOR('',#513,1.);
#513 = DIRECTION('',(-1.,0.,0.));
#514 = ORIENTED_EDGE('',*,*,#515,.F.);
#515 = EDGE_CURVE('',#455,#508,#516,.T.);
#516 = CIRCLE('',#517,0.25);
#517 = AXIS2_PLACEMENT_3D('',#518,#519,#520);
#518 = CARTESIAN_POINT('',(-0.9,-1.3,0.38));
#519 = DIRECTION('',(-0.,0.,1.));
#520 = DIRECTION('',(0.,-1.,0.));
#521 = PLANE('',#522);
#522 = AXIS2_PLACEMENT_3D('',#523,#524,#525);
#523 = CARTESIAN_POINT('',(-4.E-17,0.,0.38));
#524 = DIRECTION('',(0.,0.,1.));
#525 = DIRECTION('',(1.,0.,-0.));
#526 = ADVANCED_FACE('',(#527),#538,.T.);
#527 = FACE_BOUND('',#528,.T.);
#528 = EDGE_LOOP('',(#529,#530,#536,#537));
#529 = ORIENTED_EDGE('',*,*,#302,.F.);
#530 = ORIENTED_EDGE('',*,*,#531,.T.);
#531 = EDGE_CURVE('',#303,#412,#532,.T.);
#532 = LINE('',#533,#534);
#533 = CARTESIAN_POINT('',(-1.2,-1.35,0.28));
#534 = VECTOR('',#535,1.);
#535 = DIRECTION('',(0.,0.,1.));
#536 = ORIENTED_EDGE('',*,*,#411,.T.);
#537 = ORIENTED_EDGE('',*,*,#360,.F.);
#538 = PLANE('',#539);
#539 = AXIS2_PLACEMENT_3D('',#540,#541,#542);
#540 = CARTESIAN_POINT('',(-1.2,-1.6,0.28));
#541 = DIRECTION('',(-1.,0.,0.));
#542 = DIRECTION('',(0.,1.,0.));
#543 = ADVANCED_FACE('',(#544),#555,.T.);
#544 = FACE_BOUND('',#545,.T.);
#545 = EDGE_LOOP('',(#546,#547,#548,#549));
#546 = ORIENTED_EDGE('',*,*,#336,.F.);
#547 = ORIENTED_EDGE('',*,*,#394,.T.);
#548 = ORIENTED_EDGE('',*,*,#445,.T.);
#549 = ORIENTED_EDGE('',*,*,#550,.F.);
#550 = EDGE_CURVE('',#328,#437,#551,.T.);
#551 = LINE('',#552,#553);
#552 = CARTESIAN_POINT('',(1.2,-1.35,0.28));
#553 = VECTOR('',#554,1.);
#554 = DIRECTION('',(0.,0.,1.));
#555 = PLANE('',#556);
#556 = AXIS2_PLACEMENT_3D('',#557,#558,#559);
#557 = CARTESIAN_POINT('',(1.2,1.6,0.28));
#558 = DIRECTION('',(1.,0.,0.));
#559 = DIRECTION('',(0.,-1.,0.));
#560 = ADVANCED_FACE('',(#561),#572,.T.);
#561 = FACE_BOUND('',#562,.T.);
#562 = EDGE_LOOP('',(#563,#564,#570,#571));
#563 = ORIENTED_EDGE('',*,*,#310,.T.);
#564 = ORIENTED_EDGE('',*,*,#565,.T.);
#565 = EDGE_CURVE('',#311,#420,#566,.T.);
#566 = LINE('',#567,#568);
#567 = CARTESIAN_POINT('',(-0.95,-1.6,0.28));
#568 = VECTOR('',#569,1.);
#569 = DIRECTION('',(0.,0.,1.));
#570 = ORIENTED_EDGE('',*,*,#419,.F.);
#571 = ORIENTED_EDGE('',*,*,#531,.F.);
#572 = CYLINDRICAL_SURFACE('',#573,0.25);
#573 = AXIS2_PLACEMENT_3D('',#574,#575,#576);
#574 = CARTESIAN_POINT('',(-0.95,-1.35,0.28));
#575 = DIRECTION('',(0.,0.,1.));
#576 = DIRECTION('',(-1.,0.,0.));
#577 = ADVANCED_FACE('',(#578),#589,.T.);
#578 = FACE_BOUND('',#579,.T.);
#579 = EDGE_LOOP('',(#580,#581,#582,#588));
#580 = ORIENTED_EDGE('',*,*,#550,.T.);
#581 = ORIENTED_EDGE('',*,*,#436,.T.);
#582 = ORIENTED_EDGE('',*,*,#583,.F.);
#583 = EDGE_CURVE('',#320,#429,#584,.T.);
#584 = LINE('',#585,#586);
#585 = CARTESIAN_POINT('',(0.95,-1.6,0.28));
#586 = VECTOR('',#587,1.);
#587 = DIRECTION('',(0.,0.,1.));
#588 = ORIENTED_EDGE('',*,*,#327,.F.);
#589 = CYLINDRICAL_SURFACE('',#590,0.25);
#590 = AXIS2_PLACEMENT_3D('',#591,#592,#593);
#591 = CARTESIAN_POINT('',(0.95,-1.35,0.28));
#592 = DIRECTION('',(0.,0.,1.));
#593 = DIRECTION('',(1.,0.,-0.));
#594 = ADVANCED_FACE('',(#595),#601,.T.);
#595 = FACE_BOUND('',#596,.T.);
#596 = EDGE_LOOP('',(#597,#598,#599,#600));
#597 = ORIENTED_EDGE('',*,*,#319,.F.);
#598 = ORIENTED_EDGE('',*,*,#583,.T.);
#599 = ORIENTED_EDGE('',*,*,#428,.T.);
#600 = ORIENTED_EDGE('',*,*,#565,.F.);
#601 = PLANE('',#602);
#602 = AXIS2_PLACEMENT_3D('',#603,#604,#605);
#603 = CARTESIAN_POINT('',(1.2,-1.6,0.28));
#604 = DIRECTION('',(0.,-1.,0.));
#605 = DIRECTION('',(-1.,0.,0.));
#606 = ADVANCED_FACE('',(#607),#632,.T.);
#607 = FACE_BOUND('',#608,.T.);
#608 = EDGE_LOOP('',(#609,#610,#618,#626));
#609 = ORIENTED_EDGE('',*,*,#454,.F.);
#610 = ORIENTED_EDGE('',*,*,#611,.T.);
#611 = EDGE_CURVE('',#455,#612,#614,.T.);
#612 = VERTEX_POINT('',#613);
#613 = CARTESIAN_POINT('',(-1.15,-1.3,0.73));
#614 = LINE('',#615,#616);
#615 = CARTESIAN_POINT('',(-1.15,-1.3,0.38));
#616 = VECTOR('',#617,1.);
#617 = DIRECTION('',(0.,0.,1.));
#618 = ORIENTED_EDGE('',*,*,#619,.T.);
#619 = EDGE_CURVE('',#612,#620,#622,.T.);
#620 = VERTEX_POINT('',#621);
#621 = CARTESIAN_POINT('',(-1.15,1.3,0.73));
#622 = LINE('',#623,#624);
#623 = CARTESIAN_POINT('',(-1.15,-1.55,0.73));
#624 = VECTOR('',#625,1.);
#625 = DIRECTION('',(0.,1.,0.));
#626 = ORIENTED_EDGE('',*,*,#627,.F.);
#627 = EDGE_CURVE('',#457,#620,#628,.T.);
#628 = LINE('',#629,#630);
#629 = CARTESIAN_POINT('',(-1.15,1.3,0.38));
#630 = VECTOR('',#631,1.);
#631 = DIRECTION('',(0.,0.,1.));
#632 = PLANE('',#633);
#633 = AXIS2_PLACEMENT_3D('',#634,#635,#636);
#634 = CARTESIAN_POINT('',(-1.15,-1.55,0.38));
#635 = DIRECTION('',(-1.,0.,0.));
#636 = DIRECTION('',(0.,1.,0.));
#637 = ADVANCED_FACE('',(#638),#657,.T.);
#638 = FACE_BOUND('',#639,.T.);
#639 = EDGE_LOOP('',(#640,#641,#649,#656));
#640 = ORIENTED_EDGE('',*,*,#515,.T.);
#641 = ORIENTED_EDGE('',*,*,#642,.T.);
#642 = EDGE_CURVE('',#508,#643,#645,.T.);
#643 = VERTEX_POINT('',#644);
#644 = CARTESIAN_POINT('',(-0.9,-1.55,0.73));
#645 = LINE('',#646,#647);
#646 = CARTESIAN_POINT('',(-0.9,-1.55,0.38));
#647 = VECTOR('',#648,1.);
#648 = DIRECTION('',(0.,0.,1.));
#649 = ORIENTED_EDGE('',*,*,#650,.F.);
#650 = EDGE_CURVE('',#612,#643,#651,.T.);
#651 = CIRCLE('',#652,0.25);
#652 = AXIS2_PLACEMENT_3D('',#653,#654,#655);
#653 = CARTESIAN_POINT('',(-0.9,-1.3,0.73));
#654 = DIRECTION('',(-0.,2.2E-16,1.));
#655 = DIRECTION('',(0.,-1.,2.2E-16));
#656 = ORIENTED_EDGE('',*,*,#611,.F.);
#657 = CYLINDRICAL_SURFACE('',#658,0.25);
#658 = AXIS2_PLACEMENT_3D('',#659,#660,#661);
#659 = CARTESIAN_POINT('',(-0.9,-1.3,0.38));
#660 = DIRECTION('',(0.,0.,1.));
#661 = DIRECTION('',(-1.,0.,0.));
#662 = ADVANCED_FACE('',(#663),#682,.T.);
#663 = FACE_BOUND('',#664,.T.);
#664 = EDGE_LOOP('',(#665,#666,#675,#681));
#665 = ORIENTED_EDGE('',*,*,#627,.T.);
#666 = ORIENTED_EDGE('',*,*,#667,.F.);
#667 = EDGE_CURVE('',#668,#620,#670,.T.);
#668 = VERTEX_POINT('',#669);
#669 = CARTESIAN_POINT('',(-0.9,1.55,0.73));
#670 = CIRCLE('',#671,0.25);
#671 = AXIS2_PLACEMENT_3D('',#672,#673,#674);
#672 = CARTESIAN_POINT('',(-0.9,1.3,0.73));
#673 = DIRECTION('',(0.,-0.,1.));
#674 = DIRECTION('',(0.,1.,0.));
#675 = ORIENTED_EDGE('',*,*,#676,.F.);
#676 = EDGE_CURVE('',#465,#668,#677,.T.);
#677 = LINE('',#678,#679);
#678 = CARTESIAN_POINT('',(-0.9,1.55,0.38));
#679 = VECTOR('',#680,1.);
#680 = DIRECTION('',(0.,0.,1.));
#681 = ORIENTED_EDGE('',*,*,#464,.F.);
#682 = CYLINDRICAL_SURFACE('',#683,0.25);
#683 = AXIS2_PLACEMENT_3D('',#684,#685,#686);
#684 = CARTESIAN_POINT('',(-0.9,1.3,0.38));
#685 = DIRECTION('',(0.,0.,1.));
#686 = DIRECTION('',(-1.,0.,0.));
#687 = ADVANCED_FACE('',(#688),#706,.T.);
#688 = FACE_BOUND('',#689,.T.);
#689 = EDGE_LOOP('',(#690,#691,#699,#705));
#690 = ORIENTED_EDGE('',*,*,#507,.F.);
#691 = ORIENTED_EDGE('',*,*,#692,.T.);
#692 = EDGE_CURVE('',#499,#693,#695,.T.);
#693 = VERTEX_POINT('',#694);
#694 = CARTESIAN_POINT('',(0.9,-1.55,0.73));
#695 = LINE('',#696,#697);
#696 = CARTESIAN_POINT('',(0.9,-1.55,0.38));
#697 = VECTOR('',#698,1.);
#698 = DIRECTION('',(0.,0.,1.));
#699 = ORIENTED_EDGE('',*,*,#700,.T.);
#700 = EDGE_CURVE('',#693,#643,#701,.T.);
#701 = LINE('',#702,#703);
#702 = CARTESIAN_POINT('',(1.15,-1.55,0.73));
#703 = VECTOR('',#704,1.);
#704 = DIRECTION('',(-1.,0.,0.));
#705 = ORIENTED_EDGE('',*,*,#642,.F.);
#706 = PLANE('',#707);
#707 = AXIS2_PLACEMENT_3D('',#708,#709,#710);
#708 = CARTESIAN_POINT('',(1.15,-1.55,0.38));
#709 = DIRECTION('',(0.,-1.,0.));
#710 = DIRECTION('',(-1.,0.,0.));
#711 = ADVANCED_FACE('',(#712),#730,.T.);
#712 = FACE_BOUND('',#713,.T.);
#713 = EDGE_LOOP('',(#714,#715,#716,#724));
#714 = ORIENTED_EDGE('',*,*,#473,.F.);
#715 = ORIENTED_EDGE('',*,*,#676,.T.);
#716 = ORIENTED_EDGE('',*,*,#717,.T.);
#717 = EDGE_CURVE('',#668,#718,#720,.T.);
#718 = VERTEX_POINT('',#719);
#719 = CARTESIAN_POINT('',(0.9,1.55,0.73));
#720 = LINE('',#721,#722);
#721 = CARTESIAN_POINT('',(-1.15,1.55,0.73));
#722 = VECTOR('',#723,1.);
#723 = DIRECTION('',(1.,0.,0.));
#724 = ORIENTED_EDGE('',*,*,#725,.F.);
#725 = EDGE_CURVE('',#474,#718,#726,.T.);
#726 = LINE('',#727,#728);
#727 = CARTESIAN_POINT('',(0.9,1.55,0.38));
#728 = VECTOR('',#729,1.);
#729 = DIRECTION('',(0.,0.,1.));
#730 = PLANE('',#731);
#731 = AXIS2_PLACEMENT_3D('',#732,#733,#734);
#732 = CARTESIAN_POINT('',(-1.15,1.55,0.38));
#733 = DIRECTION('',(0.,1.,0.));
#734 = DIRECTION('',(1.,0.,0.));
#735 = ADVANCED_FACE('',(#736),#755,.T.);
#736 = FACE_BOUND('',#737,.T.);
#737 = EDGE_LOOP('',(#738,#739,#747,#754));
#738 = ORIENTED_EDGE('',*,*,#498,.T.);
#739 = ORIENTED_EDGE('',*,*,#740,.T.);
#740 = EDGE_CURVE('',#491,#741,#743,.T.);
#741 = VERTEX_POINT('',#742);
#742 = CARTESIAN_POINT('',(1.15,-1.3,0.73));
#743 = LINE('',#744,#745);
#744 = CARTESIAN_POINT('',(1.15,-1.3,0.38));
#745 = VECTOR('',#746,1.);
#746 = DIRECTION('',(0.,0.,1.));
#747 = ORIENTED_EDGE('',*,*,#748,.T.);
#748 = EDGE_CURVE('',#741,#693,#749,.T.);
#749 = CIRCLE('',#750,0.25);
#750 = AXIS2_PLACEMENT_3D('',#751,#752,#753);
#751 = CARTESIAN_POINT('',(0.9,-1.3,0.73));
#752 = DIRECTION('',(0.,0.,-1.));
#753 = DIRECTION('',(1.,0.,0.));
#754 = ORIENTED_EDGE('',*,*,#692,.F.);
#755 = CYLINDRICAL_SURFACE('',#756,0.25);
#756 = AXIS2_PLACEMENT_3D('',#757,#758,#759);
#757 = CARTESIAN_POINT('',(0.9,-1.3,0.38));
#758 = DIRECTION('',(0.,0.,1.));
#759 = DIRECTION('',(0.,-1.,0.));
#760 = ADVANCED_FACE('',(#761),#780,.T.);
#761 = FACE_BOUND('',#762,.T.);
#762 = EDGE_LOOP('',(#763,#764,#765,#774));
#763 = ORIENTED_EDGE('',*,*,#481,.T.);
#764 = ORIENTED_EDGE('',*,*,#725,.T.);
#765 = ORIENTED_EDGE('',*,*,#766,.T.);
#766 = EDGE_CURVE('',#718,#767,#769,.T.);
#767 = VERTEX_POINT('',#768);
#768 = CARTESIAN_POINT('',(1.15,1.3,0.73));
#769 = CIRCLE('',#770,0.25);
#770 = AXIS2_PLACEMENT_3D('',#771,#772,#773);
#771 = CARTESIAN_POINT('',(0.9,1.3,0.73));
#772 = DIRECTION('',(2.2E-16,0.,-1.));
#773 = DIRECTION('',(1.,0.,2.2E-16));
#774 = ORIENTED_EDGE('',*,*,#775,.F.);
#775 = EDGE_CURVE('',#482,#767,#776,.T.);
#776 = LINE('',#777,#778);
#777 = CARTESIAN_POINT('',(1.15,1.3,0.38));
#778 = VECTOR('',#779,1.);
#779 = DIRECTION('',(0.,0.,1.));
#780 = CYLINDRICAL_SURFACE('',#781,0.25);
#781 = AXIS2_PLACEMENT_3D('',#782,#783,#784);
#782 = CARTESIAN_POINT('',(0.9,1.3,0.38));
#783 = DIRECTION('',(0.,0.,1.));
#784 = DIRECTION('',(1.,0.,-0.));
#785 = ADVANCED_FACE('',(#786),#797,.T.);
#786 = FACE_BOUND('',#787,.T.);
#787 = EDGE_LOOP('',(#788,#789,#790,#796));
#788 = ORIENTED_EDGE('',*,*,#490,.F.);
#789 = ORIENTED_EDGE('',*,*,#775,.T.);
#790 = ORIENTED_EDGE('',*,*,#791,.T.);
#791 = EDGE_CURVE('',#767,#741,#792,.T.);
#792 = LINE('',#793,#794);
#793 = CARTESIAN_POINT('',(1.15,1.55,0.73));
#794 = VECTOR('',#795,1.);
#795 = DIRECTION('',(0.,-1.,0.));
#796 = ORIENTED_EDGE('',*,*,#740,.F.);
#797 = PLANE('',#798);
#798 = AXIS2_PLACEMENT_3D('',#799,#800,#801);
#799 = CARTESIAN_POINT('',(1.15,1.55,0.38));
#800 = DIRECTION('',(1.,0.,0.));
#801 = DIRECTION('',(0.,-1.,0.));
#802 = ADVANCED_FACE('',(#803),#830,.T.);
#803 = FACE_BOUND('',#804,.T.);
#804 = EDGE_LOOP('',(#805,#814,#822,#829));
#805 = ORIENTED_EDGE('',*,*,#806,.T.);
#806 = EDGE_CURVE('',#612,#807,#809,.T.);
#807 = VERTEX_POINT('',#808);
#808 = CARTESIAN_POINT('',(-0.9,-1.3,0.98));
#809 = CIRCLE('',#810,0.25);
#810 = AXIS2_PLACEMENT_3D('',#811,#812,#813);
#811 = CARTESIAN_POINT('',(-0.9,-1.3,0.73));
#812 = DIRECTION('',(-0.,1.,6.E-17));
#813 = DIRECTION('',(0.,-6.E-17,1.));
#814 = ORIENTED_EDGE('',*,*,#815,.T.);
#815 = EDGE_CURVE('',#807,#816,#818,.T.);
#816 = VERTEX_POINT('',#817);
#817 = CARTESIAN_POINT('',(-0.9,1.3,0.98));
#818 = LINE('',#819,#820);
#819 = CARTESIAN_POINT('',(-0.9,-1.55,0.98));
#820 = VECTOR('',#821,1.);
#821 = DIRECTION('',(0.,1.,0.));
#822 = ORIENTED_EDGE('',*,*,#823,.T.);
#823 = EDGE_CURVE('',#816,#620,#824,.T.);
#824 = CIRCLE('',#825,0.25);
#825 = AXIS2_PLACEMENT_3D('',#826,#827,#828);
#826 = CARTESIAN_POINT('',(-0.9,1.3,0.73));
#827 = DIRECTION('',(-6.E-17,-1.,-0.));
#828 = DIRECTION('',(-1.,6.E-17,0.));
#829 = ORIENTED_EDGE('',*,*,#619,.F.);
#830 = CYLINDRICAL_SURFACE('',#831,0.25);
#831 = AXIS2_PLACEMENT_3D('',#832,#833,#834);
#832 = CARTESIAN_POINT('',(-0.9,-1.55,0.73));
#833 = DIRECTION('',(0.,1.,0.));
#834 = DIRECTION('',(-1.,0.,0.));
#835 = ADVANCED_FACE('',(#836),#847,.T.);
#836 = FACE_BOUND('',#837,.T.);
#837 = EDGE_LOOP('',(#838,#845,#846));
#838 = ORIENTED_EDGE('',*,*,#839,.T.);
#839 = EDGE_CURVE('',#643,#807,#840,.T.);
#840 = CIRCLE('',#841,0.25);
#841 = AXIS2_PLACEMENT_3D('',#842,#843,#844);
#842 = CARTESIAN_POINT('',(-0.9,-1.3,0.73));
#843 = DIRECTION('',(-1.,0.,0.));
#844 = DIRECTION('',(0.,-1.,2.2E-16));
#845 = ORIENTED_EDGE('',*,*,#806,.F.);
#846 = ORIENTED_EDGE('',*,*,#650,.T.);
#847 = SPHERICAL_SURFACE('',#848,0.25);
#848 = AXIS2_PLACEMENT_3D('',#849,#850,#851);
#849 = CARTESIAN_POINT('',(-0.9,-1.3,0.73));
#850 = DIRECTION('',(1.,0.,0.));
#851 = DIRECTION('',(0.,-1.,2.2E-16));
#852 = ADVANCED_FACE('',(#853),#864,.T.);
#853 = FACE_BOUND('',#854,.T.);
#854 = EDGE_LOOP('',(#855,#856,#857));
#855 = ORIENTED_EDGE('',*,*,#667,.T.);
#856 = ORIENTED_EDGE('',*,*,#823,.F.);
#857 = ORIENTED_EDGE('',*,*,#858,.T.);
#858 = EDGE_CURVE('',#816,#668,#859,.T.);
#859 = CIRCLE('',#860,0.25);
#860 = AXIS2_PLACEMENT_3D('',#861,#862,#863);
#861 = CARTESIAN_POINT('',(-0.9,1.3,0.73));
#862 = DIRECTION('',(-1.,0.,0.));
#863 = DIRECTION('',(0.,1.,0.));
#864 = SPHERICAL_SURFACE('',#865,0.25);
#865 = AXIS2_PLACEMENT_3D('',#866,#867,#868);
#866 = CARTESIAN_POINT('',(-0.9,1.3,0.73));
#867 = DIRECTION('',(-0.,-0.,-1.));
#868 = DIRECTION('',(0.,1.,-0.));
#869 = ADVANCED_FACE('',(#870),#889,.T.);
#870 = FACE_BOUND('',#871,.T.);
#871 = EDGE_LOOP('',(#872,#881,#887,#888));
#872 = ORIENTED_EDGE('',*,*,#873,.F.);
#873 = EDGE_CURVE('',#874,#693,#876,.T.);
#874 = VERTEX_POINT('',#875);
#875 = CARTESIAN_POINT('',(0.9,-1.3,0.98));
#876 = CIRCLE('',#877,0.25);
#877 = AXIS2_PLACEMENT_3D('',#878,#879,#880);
#878 = CARTESIAN_POINT('',(0.9,-1.3,0.73));
#879 = DIRECTION('',(1.,6.E-17,0.));
#880 = DIRECTION('',(6.E-17,-1.,0.));
#881 = ORIENTED_EDGE('',*,*,#882,.T.);
#882 = EDGE_CURVE('',#874,#807,#883,.T.);
#883 = LINE('',#884,#885);
#884 = CARTESIAN_POINT('',(1.15,-1.3,0.98));
#885 = VECTOR('',#886,1.);
#886 = DIRECTION('',(-1.,0.,0.));
#887 = ORIENTED_EDGE('',*,*,#839,.F.);
#888 = ORIENTED_EDGE('',*,*,#700,.F.);
#889 = CYLINDRICAL_SURFACE('',#890,0.25);
#890 = AXIS2_PLACEMENT_3D('',#891,#892,#893);
#891 = CARTESIAN_POINT('',(1.15,-1.3,0.73));
#892 = DIRECTION('',(-1.,0.,0.));
#893 = DIRECTION('',(0.,-1.,0.));
#894 = ADVANCED_FACE('',(#895),#914,.T.);
#895 = FACE_BOUND('',#896,.T.);
#896 = EDGE_LOOP('',(#897,#898,#906,#913));
#897 = ORIENTED_EDGE('',*,*,#858,.F.);
#898 = ORIENTED_EDGE('',*,*,#899,.T.);
#899 = EDGE_CURVE('',#816,#900,#902,.T.);
#900 = VERTEX_POINT('',#901);
#901 = CARTESIAN_POINT('',(0.9,1.3,0.98));
#902 = LINE('',#903,#904);
#903 = CARTESIAN_POINT('',(-1.15,1.3,0.98));
#904 = VECTOR('',#905,1.);
#905 = DIRECTION('',(1.,0.,0.));
#906 = ORIENTED_EDGE('',*,*,#907,.F.);
#907 = EDGE_CURVE('',#718,#900,#908,.T.);
#908 = CIRCLE('',#909,0.25);
#909 = AXIS2_PLACEMENT_3D('',#910,#911,#912);
#910 = CARTESIAN_POINT('',(0.9,1.3,0.73));
#911 = DIRECTION('',(1.,0.,-6.E-17));
#912 = DIRECTION('',(6.E-17,0.,1.));
#913 = ORIENTED_EDGE('',*,*,#717,.F.);
#914 = CYLINDRICAL_SURFACE('',#915,0.25);
#915 = AXIS2_PLACEMENT_3D('',#916,#917,#918);
#916 = CARTESIAN_POINT('',(-1.15,1.3,0.73));
#917 = DIRECTION('',(1.,0.,0.));
#918 = DIRECTION('',(-0.,1.,0.));
#919 = ADVANCED_FACE('',(#920),#931,.T.);
#920 = FACE_BOUND('',#921,.T.);
#921 = EDGE_LOOP('',(#922,#929,#930));
#922 = ORIENTED_EDGE('',*,*,#923,.F.);
#923 = EDGE_CURVE('',#874,#741,#924,.T.);
#924 = CIRCLE('',#925,0.25);
#925 = AXIS2_PLACEMENT_3D('',#926,#927,#928);
#926 = CARTESIAN_POINT('',(0.9,-1.3,0.73));
#927 = DIRECTION('',(-0.,1.,0.));
#928 = DIRECTION('',(1.,0.,0.));
#929 = ORIENTED_EDGE('',*,*,#873,.T.);
#930 = ORIENTED_EDGE('',*,*,#748,.F.);
#931 = SPHERICAL_SURFACE('',#932,0.25);
#932 = AXIS2_PLACEMENT_3D('',#933,#934,#935);
#933 = CARTESIAN_POINT('',(0.9,-1.3,0.73));
#934 = DIRECTION('',(-0.,-0.,-1.));
#935 = DIRECTION('',(1.,0.,0.));
#936 = ADVANCED_FACE('',(#937),#948,.T.);
#937 = FACE_BOUND('',#938,.T.);
#938 = EDGE_LOOP('',(#939,#940,#941));
#939 = ORIENTED_EDGE('',*,*,#766,.F.);
#940 = ORIENTED_EDGE('',*,*,#907,.T.);
#941 = ORIENTED_EDGE('',*,*,#942,.F.);
#942 = EDGE_CURVE('',#767,#900,#943,.T.);
#943 = CIRCLE('',#944,0.25);
#944 = AXIS2_PLACEMENT_3D('',#945,#946,#947);
#945 = CARTESIAN_POINT('',(0.9,1.3,0.73));
#946 = DIRECTION('',(0.,-1.,0.));
#947 = DIRECTION('',(1.,0.,2.2E-16));
#948 = SPHERICAL_SURFACE('',#949,0.25);
#949 = AXIS2_PLACEMENT_3D('',#950,#951,#952);
#950 = CARTESIAN_POINT('',(0.9,1.3,0.73));
#951 = DIRECTION('',(0.,-1.,0.));
#952 = DIRECTION('',(1.,0.,2.2E-16));
#953 = ADVANCED_FACE('',(#954),#965,.T.);
#954 = FACE_BOUND('',#955,.T.);
#955 = EDGE_LOOP('',(#956,#957,#958,#964));
#956 = ORIENTED_EDGE('',*,*,#791,.F.);
#957 = ORIENTED_EDGE('',*,*,#942,.T.);
#958 = ORIENTED_EDGE('',*,*,#959,.T.);
#959 = EDGE_CURVE('',#900,#874,#960,.T.);
#960 = LINE('',#961,#962);
#961 = CARTESIAN_POINT('',(0.9,1.55,0.98));
#962 = VECTOR('',#963,1.);
#963 = DIRECTION('',(0.,-1.,0.));
#964 = ORIENTED_EDGE('',*,*,#923,.T.);
#965 = CYLINDRICAL_SURFACE('',#966,0.25);
#966 = AXIS2_PLACEMENT_3D('',#967,#968,#969);
#967 = CARTESIAN_POINT('',(0.9,1.55,0.73));
#968 = DIRECTION('',(0.,-1.,0.));
#969 = DIRECTION('',(1.,0.,0.));
#970 = ADVANCED_FACE('',(#971,#977),#988,.T.);
#971 = FACE_BOUND('',#972,.T.);
#972 = EDGE_LOOP('',(#973,#974,#975,#976));
#973 = ORIENTED_EDGE('',*,*,#959,.F.);
#974 = ORIENTED_EDGE('',*,*,#899,.F.);
#975 = ORIENTED_EDGE('',*,*,#815,.F.);
#976 = ORIENTED_EDGE('',*,*,#882,.F.);
#977 = FACE_BOUND('',#978,.T.);
#978 = EDGE_LOOP('',(#979));
#979 = ORIENTED_EDGE('',*,*,#980,.F.);
#980 = EDGE_CURVE('',#981,#981,#983,.T.);
#981 = VERTEX_POINT('',#982);
#982 = CARTESIAN_POINT('',(-0.4,0.9,0.98));
#983 = CIRCLE('',#984,0.1);
#984 = AXIS2_PLACEMENT_3D('',#985,#986,#987);
#985 = CARTESIAN_POINT('',(-0.5,0.9,0.98));
#986 = DIRECTION('',(0.,0.,1.));
#987 = DIRECTION('',(1.,0.,-0.));
#988 = PLANE('',#989);
#989 = AXIS2_PLACEMENT_3D('',#990,#991,#992);
#990 = CARTESIAN_POINT('',(-4.E-17,0.,0.98));
#991 = DIRECTION('',(0.,0.,1.));
#992 = DIRECTION('',(1.,0.,-0.));
#993 = ADVANCED_FACE('',(#994),#1013,.F.);
#994 = FACE_BOUND('',#995,.F.);
#995 = EDGE_LOOP('',(#996,#1004,#1011,#1012));
#996 = ORIENTED_EDGE('',*,*,#997,.T.);
#997 = EDGE_CURVE('',#981,#998,#1000,.T.);
#998 = VERTEX_POINT('',#999);
#999 = CARTESIAN_POINT('',(-0.4,0.9,0.93));
#1000 = LINE('',#1001,#1002);
#1001 = CARTESIAN_POINT('',(-0.4,0.9,0.98));
#1002 = VECTOR('',#1003,1.);
#1003 = DIRECTION('',(-0.,-0.,-1.));
#1004 = ORIENTED_EDGE('',*,*,#1005,.T.);
#1005 = EDGE_CURVE('',#998,#998,#1006,.T.);
#1006 = CIRCLE('',#1007,0.1);
#1007 = AXIS2_PLACEMENT_3D('',#1008,#1009,#1010);
#1008 = CARTESIAN_POINT('',(-0.5,0.9,0.93));
#1009 = DIRECTION('',(0.,0.,1.));
#1010 = DIRECTION('',(1.,0.,-0.));
#1011 = ORIENTED_EDGE('',*,*,#997,.F.);
#1012 = ORIENTED_EDGE('',*,*,#980,.F.);
#1013 = CYLINDRICAL_SURFACE('',#1014,0.1);
#1014 = AXIS2_PLACEMENT_3D('',#1015,#1016,#1017);
#1015 = CARTESIAN_POINT('',(-0.5,0.9,0.98));
#1016 = DIRECTION('',(0.,0.,1.));
#1017 = DIRECTION('',(1.,0.,-0.));
#1018 = ADVANCED_FACE('',(#1019),#1022,.T.);
#1019 = FACE_BOUND('',#1020,.T.);
#1020 = EDGE_LOOP('',(#1021));
#1021 = ORIENTED_EDGE('',*,*,#1005,.T.);
#1022 = PLANE('',#1023);
#1023 = AXIS2_PLACEMENT_3D('',#1024,#1025,#1026);
#1024 = CARTESIAN_POINT('',(-0.5,0.9,0.93));
#1025 = DIRECTION('',(5.135813185033E-32,-1.027162637007E-31,1.));
#1026 = DIRECTION('',(0.,1.,1.027162637007E-31));
#1027 = ( GEOMETRIC_REPRESENTATION_CONTEXT(3) 
GLOBAL_UNCERTAINTY_ASSIGNED_CONTEXT((#1031)) 
GLOBAL_UNIT_ASSIGNED_CONTEXT((#1028,#1029,#1030)) REPRESENTATION_CONTEXT
('Context #1','3D Context with UNIT and UNCERTAINTY') );
#1028 = ( LENGTH_UNIT() NAMED_UNIT(*) SI_UNIT(.MILLI.,.METRE.) );
#1029 = ( NAMED_UNIT(*) PLANE_ANGLE_UNIT() SI_UNIT($,.RADIAN.) );
#1030 = ( NAMED_UNIT(*) SI_UNIT($,.STERADIAN.) SOLID_ANGLE_UNIT() );
#1031 = UNCERTAINTY_MEASURE_WITH_UNIT(LENGTH_MEASURE(1.E-07),#1028,
  'distance_accuracy_value','confusion accuracy');
#1032 = CONTEXT_DEPENDENT_SHAPE_REPRESENTATION(#1033,#1035);
#1033 = ( REPRESENTATION_RELATIONSHIP('','',#56,#10) 
REPRESENTATION_RELATIONSHIP_WITH_TRANSFORMATION(#1034) 
SHAPE_REPRESENTATION_RELATIONSHIP() );
#1034 = ITEM_DEFINED_TRANSFORMATION('','',#11,#15);
#1035 = PRODUCT_DEFINITION_SHAPE('Placement','Placement of an item',
  #1036);
#1036 = NEXT_ASSEMBLY_USAGE_OCCURRENCE('1','MK1','',#5,#51,$);
#1037 = PRODUCT_RELATED_PRODUCT_CATEGORY('part',$,(#53));
#1038 = SHAPE_DEFINITION_REPRESENTATION(#1039,#1045);
#1039 = PRODUCT_DEFINITION_SHAPE('','',#1040);
#1040 = PRODUCT_DEFINITION('design','',#1041,#1044);
#1041 = PRODUCT_DEFINITION_FORMATION('','',#1042);
#1042 = PRODUCT('R_0805_2012Metric','R_0805_2012Metric','',(#1043));
#1043 = PRODUCT_CONTEXT('',#2,'mechanical');
#1044 = PRODUCT_DEFINITION_CONTEXT('part definition',#2,'design');
#1045 = ADVANCED_BREP_SHAPE_REPRESENTATION('',(#11,#1046),#1836);
#1046 = MANIFOLD_SOLID_BREP('',#1047);
#1047 = CLOSED_SHELL('',(#1048,#1088,#1171,#1196,#1221,#1288,#1305,#1322
    ,#1371,#1388,#1405,#1454,#1471,#1540,#1571,#1595,#1664,#1688,#1705,
    #1722,#1739,#1756,#1773,#1790,#1807,#1824));
#1048 = ADVANCED_FACE('',(#1049),#1083,.F.);
#1049 = FACE_BOUND('',#1050,.F.);
#1050 = EDGE_LOOP('',(#1051,#1061,#1069,#1077));
#1051 = ORIENTED_EDGE('',*,*,#1052,.F.);
#1052 = EDGE_CURVE('',#1053,#1055,#1057,.T.);
#1053 = VERTEX_POINT('',#1054);
#1054 = CARTESIAN_POINT('',(-1.,-0.6,4.5E-02));
#1055 = VERTEX_POINT('',#1056);
#1056 = CARTESIAN_POINT('',(-1.,-0.6,0.405));
#1057 = LINE('',#1058,#1059);
#1058 = CARTESIAN_POINT('',(-1.,-0.6,0.));
#1059 = VECTOR('',#1060,1.);
#1060 = DIRECTION('',(0.,0.,1.));
#1061 = ORIENTED_EDGE('',*,*,#1062,.T.);
#1062 = EDGE_CURVE('',#1053,#1063,#1065,.T.);
#1063 = VERTEX_POINT('',#1064);
#1064 = CARTESIAN_POINT('',(-1.,0.6,4.5E-02));
#1065 = LINE('',#1066,#1067);
#1066 = CARTESIAN_POINT('',(-1.,-0.6,4.5E-02));
#1067 = VECTOR('',#1068,1.);
#1068 = DIRECTION('',(0.,1.,0.));
#1069 = ORIENTED_EDGE('',*,*,#1070,.T.);
#1070 = EDGE_CURVE('',#1063,#1071,#1073,.T.);
#1071 = VERTEX_POINT('',#1072);
#1072 = CARTESIAN_POINT('',(-1.,0.6,0.405));
#1073 = LINE('',#1074,#1075);
#1074 = CARTESIAN_POINT('',(-1.,0.6,0.));
#1075 = VECTOR('',#1076,1.);
#1076 = DIRECTION('',(0.,0.,1.));
#1077 = ORIENTED_EDGE('',*,*,#1078,.F.);
#1078 = EDGE_CURVE('',#1055,#1071,#1079,.T.);
#1079 = LINE('',#1080,#1081);
#1080 = CARTESIAN_POINT('',(-1.,-0.6,0.405));
#1081 = VECTOR('',#1082,1.);
#1082 = DIRECTION('',(0.,1.,0.));
#1083 = PLANE('',#1084);
#1084 = AXIS2_PLACEMENT_3D('',#1085,#1086,#1087);
#1085 = CARTESIAN_POINT('',(-1.,-0.6,0.));
#1086 = DIRECTION('',(1.,0.,0.));
#1087 = DIRECTION('',(0.,0.,1.));
#1088 = ADVANCED_FACE('',(#1089),#1166,.F.);
#1089 = FACE_BOUND('',#1090,.F.);
#1090 = EDGE_LOOP('',(#1091,#1101,#1108,#1109,#1118,#1126,#1135,#1143,
    #1151,#1159));
#1091 = ORIENTED_EDGE('',*,*,#1092,.F.);
#1092 = EDGE_CURVE('',#1093,#1095,#1097,.T.);
#1093 = VERTEX_POINT('',#1094);
#1094 = CARTESIAN_POINT('',(-0.955,-0.6,-2.775557561563E-17));
#1095 = VERTEX_POINT('',#1096);
#1096 = CARTESIAN_POINT('',(-0.745,-0.6,-2.775557561563E-17));
#1097 = LINE('',#1098,#1099);
#1098 = CARTESIAN_POINT('',(-1.,-0.6,0.));
#1099 = VECTOR('',#1100,1.);
#1100 = DIRECTION('',(1.,0.,0.));
#1101 = ORIENTED_EDGE('',*,*,#1102,.F.);
#1102 = EDGE_CURVE('',#1053,#1093,#1103,.T.);
#1103 = CIRCLE('',#1104,4.5E-02);
#1104 = AXIS2_PLACEMENT_3D('',#1105,#1106,#1107);
#1105 = CARTESIAN_POINT('',(-0.955,-0.6,4.5E-02));
#1106 = DIRECTION('',(0.,-1.,0.));
#1107 = DIRECTION('',(0.,0.,1.));
#1108 = ORIENTED_EDGE('',*,*,#1052,.T.);
#1109 = ORIENTED_EDGE('',*,*,#1110,.T.);
#1110 = EDGE_CURVE('',#1055,#1111,#1113,.T.);
#1111 = VERTEX_POINT('',#1112);
#1112 = CARTESIAN_POINT('',(-0.955,-0.6,0.45));
#1113 = CIRCLE('',#1114,4.5E-02);
#1114 = AXIS2_PLACEMENT_3D('',#1115,#1116,#1117);
#1115 = CARTESIAN_POINT('',(-0.955,-0.6,0.405));
#1116 = DIRECTION('',(0.,1.,0.));
#1117 = DIRECTION('',(0.,-0.,1.));
#1118 = ORIENTED_EDGE('',*,*,#1119,.T.);
#1119 = EDGE_CURVE('',#1111,#1120,#1122,.T.);
#1120 = VERTEX_POINT('',#1121);
#1121 = CARTESIAN_POINT('',(-0.745,-0.6,0.45));
#1122 = LINE('',#1123,#1124);
#1123 = CARTESIAN_POINT('',(-1.,-0.6,0.45));
#1124 = VECTOR('',#1125,1.);
#1125 = DIRECTION('',(1.,0.,0.));
#1126 = ORIENTED_EDGE('',*,*,#1127,.F.);
#1127 = EDGE_CURVE('',#1128,#1120,#1130,.T.);
#1128 = VERTEX_POINT('',#1129);
#1129 = CARTESIAN_POINT('',(-0.7,-0.6,0.405));
#1130 = CIRCLE('',#1131,4.5E-02);
#1131 = AXIS2_PLACEMENT_3D('',#1132,#1133,#1134);
#1132 = CARTESIAN_POINT('',(-0.745,-0.6,0.405));
#1133 = DIRECTION('',(0.,-1.,0.));
#1134 = DIRECTION('',(0.,0.,1.));
#1135 = ORIENTED_EDGE('',*,*,#1136,.F.);
#1136 = EDGE_CURVE('',#1137,#1128,#1139,.T.);
#1137 = VERTEX_POINT('',#1138);
#1138 = CARTESIAN_POINT('',(-0.955,-0.6,0.405));
#1139 = LINE('',#1140,#1141);
#1140 = CARTESIAN_POINT('',(-0.955,-0.6,0.405));
#1141 = VECTOR('',#1142,1.);
#1142 = DIRECTION('',(1.,0.,0.));
#1143 = ORIENTED_EDGE('',*,*,#1144,.F.);
#1144 = EDGE_CURVE('',#1145,#1137,#1147,.T.);
#1145 = VERTEX_POINT('',#1146);
#1146 = CARTESIAN_POINT('',(-0.955,-0.6,4.5E-02));
#1147 = LINE('',#1148,#1149);
#1148 = CARTESIAN_POINT('',(-0.955,-0.6,4.5E-02));
#1149 = VECTOR('',#1150,1.);
#1150 = DIRECTION('',(0.,0.,1.));
#1151 = ORIENTED_EDGE('',*,*,#1152,.T.);
#1152 = EDGE_CURVE('',#1145,#1153,#1155,.T.);
#1153 = VERTEX_POINT('',#1154);
#1154 = CARTESIAN_POINT('',(-0.7,-0.6,4.5E-02));
#1155 = LINE('',#1156,#1157);
#1156 = CARTESIAN_POINT('',(-0.955,-0.6,4.5E-02));
#1157 = VECTOR('',#1158,1.);
#1158 = DIRECTION('',(1.,0.,0.));
#1159 = ORIENTED_EDGE('',*,*,#1160,.T.);
#1160 = EDGE_CURVE('',#1153,#1095,#1161,.T.);
#1161 = CIRCLE('',#1162,4.5E-02);
#1162 = AXIS2_PLACEMENT_3D('',#1163,#1164,#1165);
#1163 = CARTESIAN_POINT('',(-0.745,-0.6,4.5E-02));
#1164 = DIRECTION('',(0.,1.,0.));
#1165 = DIRECTION('',(0.,-0.,1.));
#1166 = PLANE('',#1167);
#1167 = AXIS2_PLACEMENT_3D('',#1168,#1169,#1170);
#1168 = CARTESIAN_POINT('',(-1.,-0.6,0.));
#1169 = DIRECTION('',(0.,1.,0.));
#1170 = DIRECTION('',(0.,-0.,1.));
#1171 = ADVANCED_FACE('',(#1172),#1191,.T.);
#1172 = FACE_BOUND('',#1173,.T.);
#1173 = EDGE_LOOP('',(#1174,#1175,#1184,#1190));
#1174 = ORIENTED_EDGE('',*,*,#1062,.T.);
#1175 = ORIENTED_EDGE('',*,*,#1176,.T.);
#1176 = EDGE_CURVE('',#1063,#1177,#1179,.T.);
#1177 = VERTEX_POINT('',#1178);
#1178 = CARTESIAN_POINT('',(-0.955,0.6,-2.775557561563E-17));
#1179 = CIRCLE('',#1180,4.5E-02);
#1180 = AXIS2_PLACEMENT_3D('',#1181,#1182,#1183);
#1181 = CARTESIAN_POINT('',(-0.955,0.6,4.5E-02));
#1182 = DIRECTION('',(0.,-1.,0.));
#1183 = DIRECTION('',(0.,0.,1.));
#1184 = ORIENTED_EDGE('',*,*,#1185,.F.);
#1185 = EDGE_CURVE('',#1093,#1177,#1186,.T.);
#1186 = LINE('',#1187,#1188);
#1187 = CARTESIAN_POINT('',(-0.955,-0.6,-2.775557561563E-17));
#1188 = VECTOR('',#1189,1.);
#1189 = DIRECTION('',(0.,1.,0.));
#1190 = ORIENTED_EDGE('',*,*,#1102,.F.);
#1191 = CYLINDRICAL_SURFACE('',#1192,4.5E-02);
#1192 = AXIS2_PLACEMENT_3D('',#1193,#1194,#1195);
#1193 = CARTESIAN_POINT('',(-0.955,-0.6,4.5E-02));
#1194 = DIRECTION('',(0.,1.,0.));
#1195 = DIRECTION('',(-1.,0.,0.));
#1196 = ADVANCED_FACE('',(#1197),#1216,.T.);
#1197 = FACE_BOUND('',#1198,.T.);
#1198 = EDGE_LOOP('',(#1199,#1200,#1208,#1215));
#1199 = ORIENTED_EDGE('',*,*,#1110,.T.);
#1200 = ORIENTED_EDGE('',*,*,#1201,.T.);
#1201 = EDGE_CURVE('',#1111,#1202,#1204,.T.);
#1202 = VERTEX_POINT('',#1203);
#1203 = CARTESIAN_POINT('',(-0.955,0.6,0.45));
#1204 = LINE('',#1205,#1206);
#1205 = CARTESIAN_POINT('',(-0.955,-0.6,0.45));
#1206 = VECTOR('',#1207,1.);
#1207 = DIRECTION('',(0.,1.,0.));
#1208 = ORIENTED_EDGE('',*,*,#1209,.F.);
#1209 = EDGE_CURVE('',#1071,#1202,#1210,.T.);
#1210 = CIRCLE('',#1211,4.5E-02);
#1211 = AXIS2_PLACEMENT_3D('',#1212,#1213,#1214);
#1212 = CARTESIAN_POINT('',(-0.955,0.6,0.405));
#1213 = DIRECTION('',(0.,1.,0.));
#1214 = DIRECTION('',(0.,-0.,1.));
#1215 = ORIENTED_EDGE('',*,*,#1078,.F.);
#1216 = CYLINDRICAL_SURFACE('',#1217,4.5E-02);
#1217 = AXIS2_PLACEMENT_3D('',#1218,#1219,#1220);
#1218 = CARTESIAN_POINT('',(-0.955,-0.6,0.405));
#1219 = DIRECTION('',(0.,1.,0.));
#1220 = DIRECTION('',(-1.,0.,0.));
#1221 = ADVANCED_FACE('',(#1222),#1283,.T.);
#1222 = FACE_BOUND('',#1223,.T.);
#1223 = EDGE_LOOP('',(#1224,#1232,#1233,#1234,#1235,#1243,#1252,#1260,
    #1268,#1276));
#1224 = ORIENTED_EDGE('',*,*,#1225,.F.);
#1225 = EDGE_CURVE('',#1177,#1226,#1228,.T.);
#1226 = VERTEX_POINT('',#1227);
#1227 = CARTESIAN_POINT('',(-0.745,0.6,-2.775557561563E-17));
#1228 = LINE('',#1229,#1230);
#1229 = CARTESIAN_POINT('',(-1.,0.6,0.));
#1230 = VECTOR('',#1231,1.);
#1231 = DIRECTION('',(1.,0.,0.));
#1232 = ORIENTED_EDGE('',*,*,#1176,.F.);
#1233 = ORIENTED_EDGE('',*,*,#1070,.T.);
#1234 = ORIENTED_EDGE('',*,*,#1209,.T.);
#1235 = ORIENTED_EDGE('',*,*,#1236,.T.);
#1236 = EDGE_CURVE('',#1202,#1237,#1239,.T.);
#1237 = VERTEX_POINT('',#1238);
#1238 = CARTESIAN_POINT('',(-0.745,0.6,0.45));
#1239 = LINE('',#1240,#1241);
#1240 = CARTESIAN_POINT('',(-1.,0.6,0.45));
#1241 = VECTOR('',#1242,1.);
#1242 = DIRECTION('',(1.,0.,0.));
#1243 = ORIENTED_EDGE('',*,*,#1244,.F.);
#1244 = EDGE_CURVE('',#1245,#1237,#1247,.T.);
#1245 = VERTEX_POINT('',#1246);
#1246 = CARTESIAN_POINT('',(-0.7,0.6,0.405));
#1247 = CIRCLE('',#1248,4.5E-02);
#1248 = AXIS2_PLACEMENT_3D('',#1249,#1250,#1251);
#1249 = CARTESIAN_POINT('',(-0.745,0.6,0.405));
#1250 = DIRECTION('',(0.,-1.,0.));
#1251 = DIRECTION('',(0.,0.,1.));
#1252 = ORIENTED_EDGE('',*,*,#1253,.F.);
#1253 = EDGE_CURVE('',#1254,#1245,#1256,.T.);
#1254 = VERTEX_POINT('',#1255);
#1255 = CARTESIAN_POINT('',(-0.955,0.6,0.405));
#1256 = LINE('',#1257,#1258);
#1257 = CARTESIAN_POINT('',(-0.955,0.6,0.405));
#1258 = VECTOR('',#1259,1.);
#1259 = DIRECTION('',(1.,0.,0.));
#1260 = ORIENTED_EDGE('',*,*,#1261,.F.);
#1261 = EDGE_CURVE('',#1262,#1254,#1264,.T.);
#1262 = VERTEX_POINT('',#1263);
#1263 = CARTESIAN_POINT('',(-0.955,0.6,4.5E-02));
#1264 = LINE('',#1265,#1266);
#1265 = CARTESIAN_POINT('',(-0.955,0.6,4.5E-02));
#1266 = VECTOR('',#1267,1.);
#1267 = DIRECTION('',(0.,0.,1.));
#1268 = ORIENTED_EDGE('',*,*,#1269,.T.);
#1269 = EDGE_CURVE('',#1262,#1270,#1272,.T.);
#1270 = VERTEX_POINT('',#1271);
#1271 = CARTESIAN_POINT('',(-0.7,0.6,4.5E-02));
#1272 = LINE('',#1273,#1274);
#1273 = CARTESIAN_POINT('',(-0.955,0.6,4.5E-02));
#1274 = VECTOR('',#1275,1.);
#1275 = DIRECTION('',(1.,0.,0.));
#1276 = ORIENTED_EDGE('',*,*,#1277,.T.);
#1277 = EDGE_CURVE('',#1270,#1226,#1278,.T.);
#1278 = CIRCLE('',#1279,4.5E-02);
#1279 = AXIS2_PLACEMENT_3D('',#1280,#1281,#1282);
#1280 = CARTESIAN_POINT('',(-0.745,0.6,4.5E-02));
#1281 = DIRECTION('',(0.,1.,0.));
#1282 = DIRECTION('',(0.,-0.,1.));
#1283 = PLANE('',#1284);
#1284 = AXIS2_PLACEMENT_3D('',#1285,#1286,#1287);
#1285 = CARTESIAN_POINT('',(-1.,0.6,0.));
#1286 = DIRECTION('',(0.,1.,0.));
#1287 = DIRECTION('',(0.,-0.,1.));
#1288 = ADVANCED_FACE('',(#1289),#1300,.F.);
#1289 = FACE_BOUND('',#1290,.F.);
#1290 = EDGE_LOOP('',(#1291,#1292,#1293,#1294));
#1291 = ORIENTED_EDGE('',*,*,#1225,.F.);
#1292 = ORIENTED_EDGE('',*,*,#1185,.F.);
#1293 = ORIENTED_EDGE('',*,*,#1092,.T.);
#1294 = ORIENTED_EDGE('',*,*,#1295,.T.);
#1295 = EDGE_CURVE('',#1095,#1226,#1296,.T.);
#1296 = LINE('',#1297,#1298);
#1297 = CARTESIAN_POINT('',(-0.745,-0.6,-2.775557561563E-17));
#1298 = VECTOR('',#1299,1.);
#1299 = DIRECTION('',(0.,1.,0.));
#1300 = PLANE('',#1301);
#1301 = AXIS2_PLACEMENT_3D('',#1302,#1303,#1304);
#1302 = CARTESIAN_POINT('',(-1.,-0.6,0.));
#1303 = DIRECTION('',(0.,0.,1.));
#1304 = DIRECTION('',(1.,0.,-0.));
#1305 = ADVANCED_FACE('',(#1306),#1317,.T.);
#1306 = FACE_BOUND('',#1307,.T.);
#1307 = EDGE_LOOP('',(#1308,#1309,#1310,#1311));
#1308 = ORIENTED_EDGE('',*,*,#1160,.T.);
#1309 = ORIENTED_EDGE('',*,*,#1295,.T.);
#1310 = ORIENTED_EDGE('',*,*,#1277,.F.);
#1311 = ORIENTED_EDGE('',*,*,#1312,.F.);
#1312 = EDGE_CURVE('',#1153,#1270,#1313,.T.);
#1313 = LINE('',#1314,#1315);
#1314 = CARTESIAN_POINT('',(-0.7,-0.6,4.5E-02));
#1315 = VECTOR('',#1316,1.);
#1316 = DIRECTION('',(0.,1.,0.));
#1317 = CYLINDRICAL_SURFACE('',#1318,4.5E-02);
#1318 = AXIS2_PLACEMENT_3D('',#1319,#1320,#1321);
#1319 = CARTESIAN_POINT('',(-0.745,-0.6,4.5E-02));
#1320 = DIRECTION('',(0.,1.,0.));
#1321 = DIRECTION('',(1.,0.,0.));
#1322 = ADVANCED_FACE('',(#1323),#1366,.F.);
#1323 = FACE_BOUND('',#1324,.F.);
#1324 = EDGE_LOOP('',(#1325,#1326,#1327,#1328,#1336,#1344,#1352,#1360));
#1325 = ORIENTED_EDGE('',*,*,#1152,.F.);
#1326 = ORIENTED_EDGE('',*,*,#1144,.T.);
#1327 = ORIENTED_EDGE('',*,*,#1136,.T.);
#1328 = ORIENTED_EDGE('',*,*,#1329,.T.);
#1329 = EDGE_CURVE('',#1128,#1330,#1332,.T.);
#1330 = VERTEX_POINT('',#1331);
#1331 = CARTESIAN_POINT('',(0.7,-0.6,0.405));
#1332 = LINE('',#1333,#1334);
#1333 = CARTESIAN_POINT('',(-0.7,-0.6,0.405));
#1334 = VECTOR('',#1335,1.);
#1335 = DIRECTION('',(1.,0.,0.));
#1336 = ORIENTED_EDGE('',*,*,#1337,.T.);
#1337 = EDGE_CURVE('',#1330,#1338,#1340,.T.);
#1338 = VERTEX_POINT('',#1339);
#1339 = CARTESIAN_POINT('',(0.955,-0.6,0.405));
#1340 = LINE('',#1341,#1342);
#1341 = CARTESIAN_POINT('',(-0.955,-0.6,0.405));
#1342 = VECTOR('',#1343,1.);
#1343 = DIRECTION('',(1.,0.,0.));
#1344 = ORIENTED_EDGE('',*,*,#1345,.F.);
#1345 = EDGE_CURVE('',#1346,#1338,#1348,.T.);
#1346 = VERTEX_POINT('',#1347);
#1347 = CARTESIAN_POINT('',(0.955,-0.6,4.5E-02));
#1348 = LINE('',#1349,#1350);
#1349 = CARTESIAN_POINT('',(0.955,-0.6,4.5E-02));
#1350 = VECTOR('',#1351,1.);
#1351 = DIRECTION('',(0.,0.,1.));
#1352 = ORIENTED_EDGE('',*,*,#1353,.F.);
#1353 = EDGE_CURVE('',#1354,#1346,#1356,.T.);
#1354 = VERTEX_POINT('',#1355);
#1355 = CARTESIAN_POINT('',(0.7,-0.6,4.5E-02));
#1356 = LINE('',#1357,#1358);
#1357 = CARTESIAN_POINT('',(-0.955,-0.6,4.5E-02));
#1358 = VECTOR('',#1359,1.);
#1359 = DIRECTION('',(1.,0.,0.));
#1360 = ORIENTED_EDGE('',*,*,#1361,.F.);
#1361 = EDGE_CURVE('',#1153,#1354,#1362,.T.);
#1362 = LINE('',#1363,#1364);
#1363 = CARTESIAN_POINT('',(-0.955,-0.6,4.5E-02));
#1364 = VECTOR('',#1365,1.);
#1365 = DIRECTION('',(1.,0.,0.));
#1366 = PLANE('',#1367);
#1367 = AXIS2_PLACEMENT_3D('',#1368,#1369,#1370);
#1368 = CARTESIAN_POINT('',(-0.955,-0.6,4.5E-02));
#1369 = DIRECTION('',(0.,1.,0.));
#1370 = DIRECTION('',(0.,-0.,1.));
#1371 = ADVANCED_FACE('',(#1372),#1383,.T.);
#1372 = FACE_BOUND('',#1373,.T.);
#1373 = EDGE_LOOP('',(#1374,#1375,#1376,#1377));
#1374 = ORIENTED_EDGE('',*,*,#1236,.F.);
#1375 = ORIENTED_EDGE('',*,*,#1201,.F.);
#1376 = ORIENTED_EDGE('',*,*,#1119,.T.);
#1377 = ORIENTED_EDGE('',*,*,#1378,.T.);
#1378 = EDGE_CURVE('',#1120,#1237,#1379,.T.);
#1379 = LINE('',#1380,#1381);
#1380 = CARTESIAN_POINT('',(-0.745,-0.6,0.45));
#1381 = VECTOR('',#1382,1.);
#1382 = DIRECTION('',(0.,1.,0.));
#1383 = PLANE('',#1384);
#1384 = AXIS2_PLACEMENT_3D('',#1385,#1386,#1387);
#1385 = CARTESIAN_POINT('',(-1.,-0.6,0.45));
#1386 = DIRECTION('',(0.,0.,1.));
#1387 = DIRECTION('',(1.,0.,-0.));
#1388 = ADVANCED_FACE('',(#1389),#1400,.T.);
#1389 = FACE_BOUND('',#1390,.T.);
#1390 = EDGE_LOOP('',(#1391,#1397,#1398,#1399));
#1391 = ORIENTED_EDGE('',*,*,#1392,.T.);
#1392 = EDGE_CURVE('',#1128,#1245,#1393,.T.);
#1393 = LINE('',#1394,#1395);
#1394 = CARTESIAN_POINT('',(-0.7,-0.6,0.405));
#1395 = VECTOR('',#1396,1.);
#1396 = DIRECTION('',(0.,1.,0.));
#1397 = ORIENTED_EDGE('',*,*,#1244,.T.);
#1398 = ORIENTED_EDGE('',*,*,#1378,.F.);
#1399 = ORIENTED_EDGE('',*,*,#1127,.F.);
#1400 = CYLINDRICAL_SURFACE('',#1401,4.5E-02);
#1401 = AXIS2_PLACEMENT_3D('',#1402,#1403,#1404);
#1402 = CARTESIAN_POINT('',(-0.745,-0.6,0.405));
#1403 = DIRECTION('',(0.,1.,0.));
#1404 = DIRECTION('',(1.,0.,0.));
#1405 = ADVANCED_FACE('',(#1406),#1449,.T.);
#1406 = FACE_BOUND('',#1407,.T.);
#1407 = EDGE_LOOP('',(#1408,#1409,#1410,#1411,#1419,#1427,#1435,#1443));
#1408 = ORIENTED_EDGE('',*,*,#1269,.F.);
#1409 = ORIENTED_EDGE('',*,*,#1261,.T.);
#1410 = ORIENTED_EDGE('',*,*,#1253,.T.);
#1411 = ORIENTED_EDGE('',*,*,#1412,.T.);
#1412 = EDGE_CURVE('',#1245,#1413,#1415,.T.);
#1413 = VERTEX_POINT('',#1414);
#1414 = CARTESIAN_POINT('',(0.7,0.6,0.405));
#1415 = LINE('',#1416,#1417);
#1416 = CARTESIAN_POINT('',(-0.7,0.6,0.405));
#1417 = VECTOR('',#1418,1.);
#1418 = DIRECTION('',(1.,0.,0.));
#1419 = ORIENTED_EDGE('',*,*,#1420,.T.);
#1420 = EDGE_CURVE('',#1413,#1421,#1423,.T.);
#1421 = VERTEX_POINT('',#1422);
#1422 = CARTESIAN_POINT('',(0.955,0.6,0.405));
#1423 = LINE('',#1424,#1425);
#1424 = CARTESIAN_POINT('',(-0.955,0.6,0.405));
#1425 = VECTOR('',#1426,1.);
#1426 = DIRECTION('',(1.,0.,0.));
#1427 = ORIENTED_EDGE('',*,*,#1428,.F.);
#1428 = EDGE_CURVE('',#1429,#1421,#1431,.T.);
#1429 = VERTEX_POINT('',#1430);
#1430 = CARTESIAN_POINT('',(0.955,0.6,4.5E-02));
#1431 = LINE('',#1432,#1433);
#1432 = CARTESIAN_POINT('',(0.955,0.6,4.5E-02));
#1433 = VECTOR('',#1434,1.);
#1434 = DIRECTION('',(0.,0.,1.));
#1435 = ORIENTED_EDGE('',*,*,#1436,.F.);
#1436 = EDGE_CURVE('',#1437,#1429,#1439,.T.);
#1437 = VERTEX_POINT('',#1438);
#1438 = CARTESIAN_POINT('',(0.7,0.6,4.5E-02));
#1439 = LINE('',#1440,#1441);
#1440 = CARTESIAN_POINT('',(-0.955,0.6,4.5E-02));
#1441 = VECTOR('',#1442,1.);
#1442 = DIRECTION('',(1.,0.,0.));
#1443 = ORIENTED_EDGE('',*,*,#1444,.F.);
#1444 = EDGE_CURVE('',#1270,#1437,#1445,.T.);
#1445 = LINE('',#1446,#1447);
#1446 = CARTESIAN_POINT('',(-0.955,0.6,4.5E-02));
#1447 = VECTOR('',#1448,1.);
#1448 = DIRECTION('',(1.,0.,0.));
#1449 = PLANE('',#1450);
#1450 = AXIS2_PLACEMENT_3D('',#1451,#1452,#1453);
#1451 = CARTESIAN_POINT('',(-0.955,0.6,4.5E-02));
#1452 = DIRECTION('',(0.,1.,0.));
#1453 = DIRECTION('',(0.,-0.,1.));
#1454 = ADVANCED_FACE('',(#1455),#1466,.F.);
#1455 = FACE_BOUND('',#1456,.F.);
#1456 = EDGE_LOOP('',(#1457,#1458,#1459,#1465));
#1457 = ORIENTED_EDGE('',*,*,#1312,.F.);
#1458 = ORIENTED_EDGE('',*,*,#1361,.T.);
#1459 = ORIENTED_EDGE('',*,*,#1460,.T.);
#1460 = EDGE_CURVE('',#1354,#1437,#1461,.T.);
#1461 = LINE('',#1462,#1463);
#1462 = CARTESIAN_POINT('',(0.7,-0.6,4.5E-02));
#1463 = VECTOR('',#1464,1.);
#1464 = DIRECTION('',(0.,1.,0.));
#1465 = ORIENTED_EDGE('',*,*,#1444,.F.);
#1466 = PLANE('',#1467);
#1467 = AXIS2_PLACEMENT_3D('',#1468,#1469,#1470);
#1468 = CARTESIAN_POINT('',(-0.955,-0.6,4.5E-02));
#1469 = DIRECTION('',(0.,0.,1.));
#1470 = DIRECTION('',(1.,0.,-0.));
#1471 = ADVANCED_FACE('',(#1472),#1535,.F.);
#1472 = FACE_BOUND('',#1473,.F.);
#1473 = EDGE_LOOP('',(#1474,#1484,#1491,#1492,#1493,#1494,#1503,#1511,
    #1520,#1528));
#1474 = ORIENTED_EDGE('',*,*,#1475,.F.);
#1475 = EDGE_CURVE('',#1476,#1478,#1480,.T.);
#1476 = VERTEX_POINT('',#1477);
#1477 = CARTESIAN_POINT('',(0.745,-0.6,-2.775557561563E-17));
#1478 = VERTEX_POINT('',#1479);
#1479 = CARTESIAN_POINT('',(0.955,-0.6,-2.775557561563E-17));
#1480 = LINE('',#1481,#1482);
#1481 = CARTESIAN_POINT('',(0.7,-0.6,0.));
#1482 = VECTOR('',#1483,1.);
#1483 = DIRECTION('',(1.,0.,0.));
#1484 = ORIENTED_EDGE('',*,*,#1485,.F.);
#1485 = EDGE_CURVE('',#1354,#1476,#1486,.T.);
#1486 = CIRCLE('',#1487,4.5E-02);
#1487 = AXIS2_PLACEMENT_3D('',#1488,#1489,#1490);
#1488 = CARTESIAN_POINT('',(0.745,-0.6,4.5E-02));
#1489 = DIRECTION('',(0.,-1.,0.));
#1490 = DIRECTION('',(0.,0.,1.));
#1491 = ORIENTED_EDGE('',*,*,#1353,.T.);
#1492 = ORIENTED_EDGE('',*,*,#1345,.T.);
#1493 = ORIENTED_EDGE('',*,*,#1337,.F.);
#1494 = ORIENTED_EDGE('',*,*,#1495,.T.);
#1495 = EDGE_CURVE('',#1330,#1496,#1498,.T.);
#1496 = VERTEX_POINT('',#1497);
#1497 = CARTESIAN_POINT('',(0.745,-0.6,0.45));
#1498 = CIRCLE('',#1499,4.5E-02);
#1499 = AXIS2_PLACEMENT_3D('',#1500,#1501,#1502);
#1500 = CARTESIAN_POINT('',(0.745,-0.6,0.405));
#1501 = DIRECTION('',(0.,1.,0.));
#1502 = DIRECTION('',(0.,-0.,1.));
#1503 = ORIENTED_EDGE('',*,*,#1504,.T.);
#1504 = EDGE_CURVE('',#1496,#1505,#1507,.T.);
#1505 = VERTEX_POINT('',#1506);
#1506 = CARTESIAN_POINT('',(0.955,-0.6,0.45));
#1507 = LINE('',#1508,#1509);
#1508 = CARTESIAN_POINT('',(0.7,-0.6,0.45));
#1509 = VECTOR('',#1510,1.);
#1510 = DIRECTION('',(1.,0.,0.));
#1511 = ORIENTED_EDGE('',*,*,#1512,.F.);
#1512 = EDGE_CURVE('',#1513,#1505,#1515,.T.);
#1513 = VERTEX_POINT('',#1514);
#1514 = CARTESIAN_POINT('',(1.,-0.6,0.405));
#1515 = CIRCLE('',#1516,4.5E-02);
#1516 = AXIS2_PLACEMENT_3D('',#1517,#1518,#1519);
#1517 = CARTESIAN_POINT('',(0.955,-0.6,0.405));
#1518 = DIRECTION('',(0.,-1.,0.));
#1519 = DIRECTION('',(0.,0.,1.));
#1520 = ORIENTED_EDGE('',*,*,#1521,.F.);
#1521 = EDGE_CURVE('',#1522,#1513,#1524,.T.);
#1522 = VERTEX_POINT('',#1523);
#1523 = CARTESIAN_POINT('',(1.,-0.6,4.5E-02));
#1524 = LINE('',#1525,#1526);
#1525 = CARTESIAN_POINT('',(1.,-0.6,0.));
#1526 = VECTOR('',#1527,1.);
#1527 = DIRECTION('',(0.,0.,1.));
#1528 = ORIENTED_EDGE('',*,*,#1529,.T.);
#1529 = EDGE_CURVE('',#1522,#1478,#1530,.T.);
#1530 = CIRCLE('',#1531,4.5E-02);
#1531 = AXIS2_PLACEMENT_3D('',#1532,#1533,#1534);
#1532 = CARTESIAN_POINT('',(0.955,-0.6,4.5E-02));
#1533 = DIRECTION('',(0.,1.,0.));
#1534 = DIRECTION('',(0.,-0.,1.));
#1535 = PLANE('',#1536);
#1536 = AXIS2_PLACEMENT_3D('',#1537,#1538,#1539);
#1537 = CARTESIAN_POINT('',(0.7,-0.6,0.));
#1538 = DIRECTION('',(0.,1.,0.));
#1539 = DIRECTION('',(0.,-0.,1.));
#1540 = ADVANCED_FACE('',(#1541),#1566,.F.);
#1541 = FACE_BOUND('',#1542,.F.);
#1542 = EDGE_LOOP('',(#1543,#1544,#1552,#1560));
#1543 = ORIENTED_EDGE('',*,*,#1329,.F.);
#1544 = ORIENTED_EDGE('',*,*,#1545,.T.);
#1545 = EDGE_CURVE('',#1128,#1546,#1548,.T.);
#1546 = VERTEX_POINT('',#1547);
#1547 = CARTESIAN_POINT('',(-0.7,-0.6,0.45));
#1548 = LINE('',#1549,#1550);
#1549 = CARTESIAN_POINT('',(-0.7,-0.6,0.405));
#1550 = VECTOR('',#1551,1.);
#1551 = DIRECTION('',(0.,0.,1.));
#1552 = ORIENTED_EDGE('',*,*,#1553,.T.);
#1553 = EDGE_CURVE('',#1546,#1554,#1556,.T.);
#1554 = VERTEX_POINT('',#1555);
#1555 = CARTESIAN_POINT('',(0.7,-0.6,0.45));
#1556 = LINE('',#1557,#1558);
#1557 = CARTESIAN_POINT('',(-0.7,-0.6,0.45));
#1558 = VECTOR('',#1559,1.);
#1559 = DIRECTION('',(1.,0.,0.));
#1560 = ORIENTED_EDGE('',*,*,#1561,.F.);
#1561 = EDGE_CURVE('',#1330,#1554,#1562,.T.);
#1562 = LINE('',#1563,#1564);
#1563 = CARTESIAN_POINT('',(0.7,-0.6,0.405));
#1564 = VECTOR('',#1565,1.);
#1565 = DIRECTION('',(0.,0.,1.));
#1566 = PLANE('',#1567);
#1567 = AXIS2_PLACEMENT_3D('',#1568,#1569,#1570);
#1568 = CARTESIAN_POINT('',(-0.7,-0.6,0.405));
#1569 = DIRECTION('',(0.,1.,0.));
#1570 = DIRECTION('',(0.,-0.,1.));
#1571 = ADVANCED_FACE('',(#1572),#1590,.F.);
#1572 = FACE_BOUND('',#1573,.F.);
#1573 = EDGE_LOOP('',(#1574,#1575,#1576,#1584));
#1574 = ORIENTED_EDGE('',*,*,#1545,.F.);
#1575 = ORIENTED_EDGE('',*,*,#1392,.T.);
#1576 = ORIENTED_EDGE('',*,*,#1577,.T.);
#1577 = EDGE_CURVE('',#1245,#1578,#1580,.T.);
#1578 = VERTEX_POINT('',#1579);
#1579 = CARTESIAN_POINT('',(-0.7,0.6,0.45));
#1580 = LINE('',#1581,#1582);
#1581 = CARTESIAN_POINT('',(-0.7,0.6,0.405));
#1582 = VECTOR('',#1583,1.);
#1583 = DIRECTION('',(0.,0.,1.));
#1584 = ORIENTED_EDGE('',*,*,#1585,.F.);
#1585 = EDGE_CURVE('',#1546,#1578,#1586,.T.);
#1586 = LINE('',#1587,#1588);
#1587 = CARTESIAN_POINT('',(-0.7,-0.6,0.45));
#1588 = VECTOR('',#1589,1.);
#1589 = DIRECTION('',(0.,1.,0.));
#1590 = PLANE('',#1591);
#1591 = AXIS2_PLACEMENT_3D('',#1592,#1593,#1594);
#1592 = CARTESIAN_POINT('',(-0.7,-0.6,0.405));
#1593 = DIRECTION('',(1.,0.,0.));
#1594 = DIRECTION('',(0.,0.,1.));
#1595 = ADVANCED_FACE('',(#1596),#1659,.T.);
#1596 = FACE_BOUND('',#1597,.T.);
#1597 = EDGE_LOOP('',(#1598,#1608,#1615,#1616,#1617,#1618,#1627,#1635,
    #1644,#1652));
#1598 = ORIENTED_EDGE('',*,*,#1599,.F.);
#1599 = EDGE_CURVE('',#1600,#1602,#1604,.T.);
#1600 = VERTEX_POINT('',#1601);
#1601 = CARTESIAN_POINT('',(0.745,0.6,-2.775557561563E-17));
#1602 = VERTEX_POINT('',#1603);
#1603 = CARTESIAN_POINT('',(0.955,0.6,-2.775557561563E-17));
#1604 = LINE('',#1605,#1606);
#1605 = CARTESIAN_POINT('',(0.7,0.6,0.));
#1606 = VECTOR('',#1607,1.);
#1607 = DIRECTION('',(1.,0.,0.));
#1608 = ORIENTED_EDGE('',*,*,#1609,.F.);
#1609 = EDGE_CURVE('',#1437,#1600,#1610,.T.);
#1610 = CIRCLE('',#1611,4.5E-02);
#1611 = AXIS2_PLACEMENT_3D('',#1612,#1613,#1614);
#1612 = CARTESIAN_POINT('',(0.745,0.6,4.5E-02));
#1613 = DIRECTION('',(0.,-1.,0.));
#1614 = DIRECTION('',(0.,0.,1.));
#1615 = ORIENTED_EDGE('',*,*,#1436,.T.);
#1616 = ORIENTED_EDGE('',*,*,#1428,.T.);
#1617 = ORIENTED_EDGE('',*,*,#1420,.F.);
#1618 = ORIENTED_EDGE('',*,*,#1619,.T.);
#1619 = EDGE_CURVE('',#1413,#1620,#1622,.T.);
#1620 = VERTEX_POINT('',#1621);
#1621 = CARTESIAN_POINT('',(0.745,0.6,0.45));
#1622 = CIRCLE('',#1623,4.5E-02);
#1623 = AXIS2_PLACEMENT_3D('',#1624,#1625,#1626);
#1624 = CARTESIAN_POINT('',(0.745,0.6,0.405));
#1625 = DIRECTION('',(0.,1.,0.));
#1626 = DIRECTION('',(0.,-0.,1.));
#1627 = ORIENTED_EDGE('',*,*,#1628,.T.);
#1628 = EDGE_CURVE('',#1620,#1629,#1631,.T.);
#1629 = VERTEX_POINT('',#1630);
#1630 = CARTESIAN_POINT('',(0.955,0.6,0.45));
#1631 = LINE('',#1632,#1633);
#1632 = CARTESIAN_POINT('',(0.7,0.6,0.45));
#1633 = VECTOR('',#1634,1.);
#1634 = DIRECTION('',(1.,0.,0.));
#1635 = ORIENTED_EDGE('',*,*,#1636,.F.);
#1636 = EDGE_CURVE('',#1637,#1629,#1639,.T.);
#1637 = VERTEX_POINT('',#1638);
#1638 = CARTESIAN_POINT('',(1.,0.6,0.405));
#1639 = CIRCLE('',#1640,4.5E-02);
#1640 = AXIS2_PLACEMENT_3D('',#1641,#1642,#1643);
#1641 = CARTESIAN_POINT('',(0.955,0.6,0.405));
#1642 = DIRECTION('',(0.,-1.,0.));
#1643 = DIRECTION('',(0.,0.,1.));
#1644 = ORIENTED_EDGE('',*,*,#1645,.F.);
#1645 = EDGE_CURVE('',#1646,#1637,#1648,.T.);
#1646 = VERTEX_POINT('',#1647);
#1647 = CARTESIAN_POINT('',(1.,0.6,4.5E-02));
#1648 = LINE('',#1649,#1650);
#1649 = CARTESIAN_POINT('',(1.,0.6,0.));
#1650 = VECTOR('',#1651,1.);
#1651 = DIRECTION('',(0.,0.,1.));
#1652 = ORIENTED_EDGE('',*,*,#1653,.T.);
#1653 = EDGE_CURVE('',#1646,#1602,#1654,.T.);
#1654 = CIRCLE('',#1655,4.5E-02);
#1655 = AXIS2_PLACEMENT_3D('',#1656,#1657,#1658);
#1656 = CARTESIAN_POINT('',(0.955,0.6,4.5E-02));
#1657 = DIRECTION('',(0.,1.,0.));
#1658 = DIRECTION('',(0.,-0.,1.));
#1659 = PLANE('',#1660);
#1660 = AXIS2_PLACEMENT_3D('',#1661,#1662,#1663);
#1661 = CARTESIAN_POINT('',(0.7,0.6,0.));
#1662 = DIRECTION('',(0.,1.,0.));
#1663 = DIRECTION('',(0.,-0.,1.));
#1664 = ADVANCED_FACE('',(#1665),#1683,.T.);
#1665 = FACE_BOUND('',#1666,.T.);
#1666 = EDGE_LOOP('',(#1667,#1668,#1669,#1677));
#1667 = ORIENTED_EDGE('',*,*,#1412,.F.);
#1668 = ORIENTED_EDGE('',*,*,#1577,.T.);
#1669 = ORIENTED_EDGE('',*,*,#1670,.T.);
#1670 = EDGE_CURVE('',#1578,#1671,#1673,.T.);
#1671 = VERTEX_POINT('',#1672);
#1672 = CARTESIAN_POINT('',(0.7,0.6,0.45));
#1673 = LINE('',#1674,#1675);
#1674 = CARTESIAN_POINT('',(-0.7,0.6,0.45));
#1675 = VECTOR('',#1676,1.);
#1676 = DIRECTION('',(1.,0.,0.));
#1677 = ORIENTED_EDGE('',*,*,#1678,.F.);
#1678 = EDGE_CURVE('',#1413,#1671,#1679,.T.);
#1679 = LINE('',#1680,#1681);
#1680 = CARTESIAN_POINT('',(0.7,0.6,0.405));
#1681 = VECTOR('',#1682,1.);
#1682 = DIRECTION('',(0.,0.,1.));
#1683 = PLANE('',#1684);
#1684 = AXIS2_PLACEMENT_3D('',#1685,#1686,#1687);
#1685 = CARTESIAN_POINT('',(-0.7,0.6,0.405));
#1686 = DIRECTION('',(0.,1.,0.));
#1687 = DIRECTION('',(0.,-0.,1.));
#1688 = ADVANCED_FACE('',(#1689),#1700,.T.);
#1689 = FACE_BOUND('',#1690,.T.);
#1690 = EDGE_LOOP('',(#1691,#1692,#1693,#1699));
#1691 = ORIENTED_EDGE('',*,*,#1460,.T.);
#1692 = ORIENTED_EDGE('',*,*,#1609,.T.);
#1693 = ORIENTED_EDGE('',*,*,#1694,.F.);
#1694 = EDGE_CURVE('',#1476,#1600,#1695,.T.);
#1695 = LINE('',#1696,#1697);
#1696 = CARTESIAN_POINT('',(0.745,-0.6,-2.775557561563E-17));
#1697 = VECTOR('',#1698,1.);
#1698 = DIRECTION('',(0.,1.,0.));
#1699 = ORIENTED_EDGE('',*,*,#1485,.F.);
#1700 = CYLINDRICAL_SURFACE('',#1701,4.5E-02);
#1701 = AXIS2_PLACEMENT_3D('',#1702,#1703,#1704);
#1702 = CARTESIAN_POINT('',(0.745,-0.6,4.5E-02));
#1703 = DIRECTION('',(0.,1.,0.));
#1704 = DIRECTION('',(-1.,0.,0.));
#1705 = ADVANCED_FACE('',(#1706),#1717,.F.);
#1706 = FACE_BOUND('',#1707,.F.);
#1707 = EDGE_LOOP('',(#1708,#1709,#1710,#1711));
#1708 = ORIENTED_EDGE('',*,*,#1599,.F.);
#1709 = ORIENTED_EDGE('',*,*,#1694,.F.);
#1710 = ORIENTED_EDGE('',*,*,#1475,.T.);
#1711 = ORIENTED_EDGE('',*,*,#1712,.T.);
#1712 = EDGE_CURVE('',#1478,#1602,#1713,.T.);
#1713 = LINE('',#1714,#1715);
#1714 = CARTESIAN_POINT('',(0.955,-0.6,-2.775557561563E-17));
#1715 = VECTOR('',#1716,1.);
#1716 = DIRECTION('',(0.,1.,0.));
#1717 = PLANE('',#1718);
#1718 = AXIS2_PLACEMENT_3D('',#1719,#1720,#1721);
#1719 = CARTESIAN_POINT('',(0.7,-0.6,0.));
#1720 = DIRECTION('',(0.,0.,1.));
#1721 = DIRECTION('',(1.,0.,-0.));
#1722 = ADVANCED_FACE('',(#1723),#1734,.T.);
#1723 = FACE_BOUND('',#1724,.T.);
#1724 = EDGE_LOOP('',(#1725,#1726,#1727,#1728));
#1725 = ORIENTED_EDGE('',*,*,#1529,.T.);
#1726 = ORIENTED_EDGE('',*,*,#1712,.T.);
#1727 = ORIENTED_EDGE('',*,*,#1653,.F.);
#1728 = ORIENTED_EDGE('',*,*,#1729,.F.);
#1729 = EDGE_CURVE('',#1522,#1646,#1730,.T.);
#1730 = LINE('',#1731,#1732);
#1731 = CARTESIAN_POINT('',(1.,-0.6,4.5E-02));
#1732 = VECTOR('',#1733,1.);
#1733 = DIRECTION('',(0.,1.,0.));
#1734 = CYLINDRICAL_SURFACE('',#1735,4.5E-02);
#1735 = AXIS2_PLACEMENT_3D('',#1736,#1737,#1738);
#1736 = CARTESIAN_POINT('',(0.955,-0.6,4.5E-02));
#1737 = DIRECTION('',(0.,1.,0.));
#1738 = DIRECTION('',(1.,0.,0.));
#1739 = ADVANCED_FACE('',(#1740),#1751,.T.);
#1740 = FACE_BOUND('',#1741,.T.);
#1741 = EDGE_LOOP('',(#1742,#1743,#1744,#1745));
#1742 = ORIENTED_EDGE('',*,*,#1521,.F.);
#1743 = ORIENTED_EDGE('',*,*,#1729,.T.);
#1744 = ORIENTED_EDGE('',*,*,#1645,.T.);
#1745 = ORIENTED_EDGE('',*,*,#1746,.F.);
#1746 = EDGE_CURVE('',#1513,#1637,#1747,.T.);
#1747 = LINE('',#1748,#1749);
#1748 = CARTESIAN_POINT('',(1.,-0.6,0.405));
#1749 = VECTOR('',#1750,1.);
#1750 = DIRECTION('',(0.,1.,0.));
#1751 = PLANE('',#1752);
#1752 = AXIS2_PLACEMENT_3D('',#1753,#1754,#1755);
#1753 = CARTESIAN_POINT('',(1.,-0.6,0.));
#1754 = DIRECTION('',(1.,0.,0.));
#1755 = DIRECTION('',(0.,0.,1.));
#1756 = ADVANCED_FACE('',(#1757),#1768,.T.);
#1757 = FACE_BOUND('',#1758,.T.);
#1758 = EDGE_LOOP('',(#1759,#1760,#1761,#1767));
#1759 = ORIENTED_EDGE('',*,*,#1746,.T.);
#1760 = ORIENTED_EDGE('',*,*,#1636,.T.);
#1761 = ORIENTED_EDGE('',*,*,#1762,.F.);
#1762 = EDGE_CURVE('',#1505,#1629,#1763,.T.);
#1763 = LINE('',#1764,#1765);
#1764 = CARTESIAN_POINT('',(0.955,-0.6,0.45));
#1765 = VECTOR('',#1766,1.);
#1766 = DIRECTION('',(0.,1.,0.));
#1767 = ORIENTED_EDGE('',*,*,#1512,.F.);
#1768 = CYLINDRICAL_SURFACE('',#1769,4.5E-02);
#1769 = AXIS2_PLACEMENT_3D('',#1770,#1771,#1772);
#1770 = CARTESIAN_POINT('',(0.955,-0.6,0.405));
#1771 = DIRECTION('',(0.,1.,0.));
#1772 = DIRECTION('',(1.,0.,0.));
#1773 = ADVANCED_FACE('',(#1774),#1785,.T.);
#1774 = FACE_BOUND('',#1775,.T.);
#1775 = EDGE_LOOP('',(#1776,#1777,#1783,#1784));
#1776 = ORIENTED_EDGE('',*,*,#1628,.F.);
#1777 = ORIENTED_EDGE('',*,*,#1778,.F.);
#1778 = EDGE_CURVE('',#1496,#1620,#1779,.T.);
#1779 = LINE('',#1780,#1781);
#1780 = CARTESIAN_POINT('',(0.745,-0.6,0.45));
#1781 = VECTOR('',#1782,1.);
#1782 = DIRECTION('',(0.,1.,0.));
#1783 = ORIENTED_EDGE('',*,*,#1504,.T.);
#1784 = ORIENTED_EDGE('',*,*,#1762,.T.);
#1785 = PLANE('',#1786);
#1786 = AXIS2_PLACEMENT_3D('',#1787,#1788,#1789);
#1787 = CARTESIAN_POINT('',(0.7,-0.6,0.45));
#1788 = DIRECTION('',(0.,0.,1.));
#1789 = DIRECTION('',(1.,0.,-0.));
#1790 = ADVANCED_FACE('',(#1791),#1802,.T.);
#1791 = FACE_BOUND('',#1792,.T.);
#1792 = EDGE_LOOP('',(#1793,#1794,#1795,#1796));
#1793 = ORIENTED_EDGE('',*,*,#1495,.T.);
#1794 = ORIENTED_EDGE('',*,*,#1778,.T.);
#1795 = ORIENTED_EDGE('',*,*,#1619,.F.);
#1796 = ORIENTED_EDGE('',*,*,#1797,.F.);
#1797 = EDGE_CURVE('',#1330,#1413,#1798,.T.);
#1798 = LINE('',#1799,#1800);
#1799 = CARTESIAN_POINT('',(0.7,-0.6,0.405));
#1800 = VECTOR('',#1801,1.);
#1801 = DIRECTION('',(0.,1.,0.));
#1802 = CYLINDRICAL_SURFACE('',#1803,4.5E-02);
#1803 = AXIS2_PLACEMENT_3D('',#1804,#1805,#1806);
#1804 = CARTESIAN_POINT('',(0.745,-0.6,0.405));
#1805 = DIRECTION('',(0.,1.,0.));
#1806 = DIRECTION('',(-1.,0.,0.));
#1807 = ADVANCED_FACE('',(#1808),#1819,.T.);
#1808 = FACE_BOUND('',#1809,.T.);
#1809 = EDGE_LOOP('',(#1810,#1811,#1812,#1813));
#1810 = ORIENTED_EDGE('',*,*,#1561,.F.);
#1811 = ORIENTED_EDGE('',*,*,#1797,.T.);
#1812 = ORIENTED_EDGE('',*,*,#1678,.T.);
#1813 = ORIENTED_EDGE('',*,*,#1814,.F.);
#1814 = EDGE_CURVE('',#1554,#1671,#1815,.T.);
#1815 = LINE('',#1816,#1817);
#1816 = CARTESIAN_POINT('',(0.7,-0.6,0.45));
#1817 = VECTOR('',#1818,1.);
#1818 = DIRECTION('',(0.,1.,0.));
#1819 = PLANE('',#1820);
#1820 = AXIS2_PLACEMENT_3D('',#1821,#1822,#1823);
#1821 = CARTESIAN_POINT('',(0.7,-0.6,0.405));
#1822 = DIRECTION('',(1.,0.,0.));
#1823 = DIRECTION('',(0.,0.,1.));
#1824 = ADVANCED_FACE('',(#1825),#1831,.T.);
#1825 = FACE_BOUND('',#1826,.T.);
#1826 = EDGE_LOOP('',(#1827,#1828,#1829,#1830));
#1827 = ORIENTED_EDGE('',*,*,#1585,.F.);
#1828 = ORIENTED_EDGE('',*,*,#1553,.T.);
#1829 = ORIENTED_EDGE('',*,*,#1814,.T.);
#1830 = ORIENTED_EDGE('',*,*,#1670,.F.);
#1831 = PLANE('',#1832);
#1832 = AXIS2_PLACEMENT_3D('',#1833,#1834,#1835);
#1833 = CARTESIAN_POINT('',(-0.7,-0.6,0.45));
#1834 = DIRECTION('',(0.,0.,1.));
#1835 = DIRECTION('',(1.,0.,-0.));
#1836 = ( GEOMETRIC_REPRESENTATION_CONTEXT(3) 
GLOBAL_UNCERTAINTY_ASSIGNED_CONTEXT((#1840)) 
GLOBAL_UNIT_ASSIGNED_CONTEXT((#1837,#1838,#1839)) REPRESENTATION_CONTEXT
('Context #1','3D Context with UNIT and UNCERTAINTY') );
#1837 = ( LENGTH_UNIT() NAMED_UNIT(*) SI_UNIT(.MILLI.,.METRE.) );
#1838 = ( NAMED_UNIT(*) PLANE_ANGLE_UNIT() SI_UNIT($,.RADIAN.) );
#1839 = ( NAMED_UNIT(*) SI_UNIT($,.STERADIAN.) SOLID_ANGLE_UNIT() );
#1840 = UNCERTAINTY_MEASURE_WITH_UNIT(LENGTH_MEASURE(1.E-07),#1837,
  'distance_accuracy_value','confusion accuracy');
#1841 = CONTEXT_DEPENDENT_SHAPE_REPRESENTATION(#1842,#1844);
#1842 = ( REPRESENTATION_RELATIONSHIP('','',#1045,#10) 
REPRESENTATION_RELATIONSHIP_WITH_TRANSFORMATION(#1843) 
SHAPE_REPRESENTATION_RELATIONSHIP() );
#1843 = ITEM_DEFINED_TRANSFORMATION('','',#11,#19);
#1844 = PRODUCT_DEFINITION_SHAPE('Placement','Placement of an item',
  #1845);
#1845 = NEXT_ASSEMBLY_USAGE_OCCURRENCE('2','R4','',#5,#1040,$);
#1846 = PRODUCT_RELATED_PRODUCT_CATEGORY('part',$,(#1042));
#1847 = CONTEXT_DEPENDENT_SHAPE_REPRESENTATION(#1848,#1850);
#1848 = ( REPRESENTATION_RELATIONSHIP('','',#1045,#10) 
REPRESENTATION_RELATIONSHIP_WITH_TRANSFORMATION(#1849) 
SHAPE_REPRESENTATION_RELATIONSHIP() );
#1849 = ITEM_DEFINED_TRANSFORMATION('','',#11,#23);
#1850 = PRODUCT_DEFINITION_SHAPE('Placement','Placement of an item',
  #1851);
#1851 = NEXT_ASSEMBLY_USAGE_OCCURRENCE('3','R5','',#5,#1040,$);
#1852 = SHAPE_DEFINITION_REPRESENTATION(#1853,#1859);
#1853 = PRODUCT_DEFINITION_SHAPE('','',#1854);
#1854 = PRODUCT_DEFINITION('design','',#1855,#1858);
#1855 = PRODUCT_DEFINITION_FORMATION('','',#1856);
#1856 = PRODUCT('C_0805_2012Metric','C_0805_2012Metric','',(#1857));
#1857 = PRODUCT_CONTEXT('',#2,'mechanical');
#1858 = PRODUCT_DEFINITION_CONTEXT('part definition',#2,'design');
#1859 = ADVANCED_BREP_SHAPE_REPRESENTATION('',(#11,#1860),#2714);
#1860 = MANIFOLD_SOLID_BREP('',#1861);
#1861 = CLOSED_SHELL('',(#1862,#1938,#1969,#1994,#2019,#2043,#2067,#2092
    ,#2117,#2134,#2220,#2252,#2276,#2301,#2325,#2350,#2374,#2399,#2416,
    #2502,#2533,#2558,#2583,#2607,#2631,#2656,#2681,#2698));
#1862 = ADVANCED_FACE('',(#1863),#1933,.F.);
#1863 = FACE_BOUND('',#1864,.F.);
#1864 = EDGE_LOOP('',(#1865,#1875,#1884,#1892,#1901,#1909,#1918,#1926));
#1865 = ORIENTED_EDGE('',*,*,#1866,.F.);
#1866 = EDGE_CURVE('',#1867,#1869,#1871,.T.);
#1867 = VERTEX_POINT('',#1868);
#1868 = CARTESIAN_POINT('',(-1.,-0.625,4.E-02));
#1869 = VERTEX_POINT('',#1870);
#1870 = CARTESIAN_POINT('',(-1.,-0.625,1.21));
#1871 = LINE('',#1872,#1873);
#1872 = CARTESIAN_POINT('',(-1.,-0.625,0.));
#1873 = VECTOR('',#1874,1.);
#1874 = DIRECTION('',(0.,0.,1.));
#1875 = ORIENTED_EDGE('',*,*,#1876,.T.);
#1876 = EDGE_CURVE('',#1867,#1877,#1879,.T.);
#1877 = VERTEX_POINT('',#1878);
#1878 = CARTESIAN_POINT('',(-1.,-0.585,0.));
#1879 = CIRCLE('',#1880,4.E-02);
#1880 = AXIS2_PLACEMENT_3D('',#1881,#1882,#1883);
#1881 = CARTESIAN_POINT('',(-1.,-0.585,4.E-02));
#1882 = DIRECTION('',(1.,0.,-0.));
#1883 = DIRECTION('',(0.,0.,1.));
#1884 = ORIENTED_EDGE('',*,*,#1885,.T.);
#1885 = EDGE_CURVE('',#1877,#1886,#1888,.T.);
#1886 = VERTEX_POINT('',#1887);
#1887 = CARTESIAN_POINT('',(-1.,0.585,0.));
#1888 = LINE('',#1889,#1890);
#1889 = CARTESIAN_POINT('',(-1.,-0.625,0.));
#1890 = VECTOR('',#1891,1.);
#1891 = DIRECTION('',(0.,1.,0.));
#1892 = ORIENTED_EDGE('',*,*,#1893,.F.);
#1893 = EDGE_CURVE('',#1894,#1886,#1896,.T.);
#1894 = VERTEX_POINT('',#1895);
#1895 = CARTESIAN_POINT('',(-1.,0.625,4.E-02));
#1896 = CIRCLE('',#1897,4.E-02);
#1897 = AXIS2_PLACEMENT_3D('',#1898,#1899,#1900);
#1898 = CARTESIAN_POINT('',(-1.,0.585,4.E-02));
#1899 = DIRECTION('',(-1.,0.,0.));
#1900 = DIRECTION('',(0.,0.,1.));
#1901 = ORIENTED_EDGE('',*,*,#1902,.T.);
#1902 = EDGE_CURVE('',#1894,#1903,#1905,.T.);
#1903 = VERTEX_POINT('',#1904);
#1904 = CARTESIAN_POINT('',(-1.,0.625,1.21));
#1905 = LINE('',#1906,#1907);
#1906 = CARTESIAN_POINT('',(-1.,0.625,0.));
#1907 = VECTOR('',#1908,1.);
#1908 = DIRECTION('',(0.,0.,1.));
#1909 = ORIENTED_EDGE('',*,*,#1910,.T.);
#1910 = EDGE_CURVE('',#1903,#1911,#1913,.T.);
#1911 = VERTEX_POINT('',#1912);
#1912 = CARTESIAN_POINT('',(-1.,0.585,1.25));
#1913 = CIRCLE('',#1914,4.E-02);
#1914 = AXIS2_PLACEMENT_3D('',#1915,#1916,#1917);
#1915 = CARTESIAN_POINT('',(-1.,0.585,1.21));
#1916 = DIRECTION('',(1.,0.,-0.));
#1917 = DIRECTION('',(0.,0.,1.));
#1918 = ORIENTED_EDGE('',*,*,#1919,.F.);
#1919 = EDGE_CURVE('',#1920,#1911,#1922,.T.);
#1920 = VERTEX_POINT('',#1921);
#1921 = CARTESIAN_POINT('',(-1.,-0.585,1.25));
#1922 = LINE('',#1923,#1924);
#1923 = CARTESIAN_POINT('',(-1.,-0.625,1.25));
#1924 = VECTOR('',#1925,1.);
#1925 = DIRECTION('',(0.,1.,0.));
#1926 = ORIENTED_EDGE('',*,*,#1927,.F.);
#1927 = EDGE_CURVE('',#1869,#1920,#1928,.T.);
#1928 = CIRCLE('',#1929,4.E-02);
#1929 = AXIS2_PLACEMENT_3D('',#1930,#1931,#1932);
#1930 = CARTESIAN_POINT('',(-1.,-0.585,1.21));
#1931 = DIRECTION('',(-1.,0.,0.));
#1932 = DIRECTION('',(0.,0.,1.));
#1933 = PLANE('',#1934);
#1934 = AXIS2_PLACEMENT_3D('',#1935,#1936,#1937);
#1935 = CARTESIAN_POINT('',(-1.,-0.625,0.));
#1936 = DIRECTION('',(1.,0.,0.));
#1937 = DIRECTION('',(0.,0.,1.));
#1938 = ADVANCED_FACE('',(#1939),#1964,.F.);
#1939 = FACE_BOUND('',#1940,.F.);
#1940 = EDGE_LOOP('',(#1941,#1951,#1957,#1958));
#1941 = ORIENTED_EDGE('',*,*,#1942,.F.);
#1942 = EDGE_CURVE('',#1943,#1945,#1947,.T.);
#1943 = VERTEX_POINT('',#1944);
#1944 = CARTESIAN_POINT('',(-0.6,-0.625,4.E-02));
#1945 = VERTEX_POINT('',#1946);
#1946 = CARTESIAN_POINT('',(-0.6,-0.625,1.21));
#1947 = LINE('',#1948,#1949);
#1948 = CARTESIAN_POINT('',(-0.6,-0.625,0.));
#1949 = VECTOR('',#1950,1.);
#1950 = DIRECTION('',(0.,0.,1.));
#1951 = ORIENTED_EDGE('',*,*,#1952,.F.);
#1952 = EDGE_CURVE('',#1867,#1943,#1953,.T.);
#1953 = LINE('',#1954,#1955);
#1954 = CARTESIAN_POINT('',(-1.,-0.625,4.E-02));
#1955 = VECTOR('',#1956,1.);
#1956 = DIRECTION('',(1.,0.,0.));
#1957 = ORIENTED_EDGE('',*,*,#1866,.T.);
#1958 = ORIENTED_EDGE('',*,*,#1959,.T.);
#1959 = EDGE_CURVE('',#1869,#1945,#1960,.T.);
#1960 = LINE('',#1961,#1962);
#1961 = CARTESIAN_POINT('',(-1.,-0.625,1.21));
#1962 = VECTOR('',#1963,1.);
#1963 = DIRECTION('',(1.,0.,0.));
#1964 = PLANE('',#1965);
#1965 = AXIS2_PLACEMENT_3D('',#1966,#1967,#1968);
#1966 = CARTESIAN_POINT('',(-1.,-0.625,0.));
#1967 = DIRECTION('',(0.,1.,0.));
#1968 = DIRECTION('',(0.,-0.,1.));
#1969 = ADVANCED_FACE('',(#1970),#1989,.T.);
#1970 = FACE_BOUND('',#1971,.T.);
#1971 = EDGE_LOOP('',(#1972,#1973,#1981,#1988));
#1972 = ORIENTED_EDGE('',*,*,#1876,.T.);
#1973 = ORIENTED_EDGE('',*,*,#1974,.T.);
#1974 = EDGE_CURVE('',#1877,#1975,#1977,.T.);
#1975 = VERTEX_POINT('',#1976);
#1976 = CARTESIAN_POINT('',(-0.6,-0.585,0.));
#1977 = LINE('',#1978,#1979);
#1978 = CARTESIAN_POINT('',(-1.,-0.585,0.));
#1979 = VECTOR('',#1980,1.);
#1980 = DIRECTION('',(1.,0.,0.));
#1981 = ORIENTED_EDGE('',*,*,#1982,.F.);
#1982 = EDGE_CURVE('',#1943,#1975,#1983,.T.);
#1983 = CIRCLE('',#1984,4.E-02);
#1984 = AXIS2_PLACEMENT_3D('',#1985,#1986,#1987);
#1985 = CARTESIAN_POINT('',(-0.6,-0.585,4.E-02));
#1986 = DIRECTION('',(1.,0.,-0.));
#1987 = DIRECTION('',(0.,0.,1.));
#1988 = ORIENTED_EDGE('',*,*,#1952,.F.);
#1989 = CYLINDRICAL_SURFACE('',#1990,4.E-02);
#1990 = AXIS2_PLACEMENT_3D('',#1991,#1992,#1993);
#1991 = CARTESIAN_POINT('',(-1.,-0.585,4.E-02));
#1992 = DIRECTION('',(1.,0.,0.));
#1993 = DIRECTION('',(0.,-1.,0.));
#1994 = ADVANCED_FACE('',(#1995),#2014,.T.);
#1995 = FACE_BOUND('',#1996,.T.);
#1996 = EDGE_LOOP('',(#1997,#1998,#2007,#2013));
#1997 = ORIENTED_EDGE('',*,*,#1959,.T.);
#1998 = ORIENTED_EDGE('',*,*,#1999,.T.);
#1999 = EDGE_CURVE('',#1945,#2000,#2002,.T.);
#2000 = VERTEX_POINT('',#2001);
#2001 = CARTESIAN_POINT('',(-0.6,-0.585,1.25));
#2002 = CIRCLE('',#2003,4.E-02);
#2003 = AXIS2_PLACEMENT_3D('',#2004,#2005,#2006);
#2004 = CARTESIAN_POINT('',(-0.6,-0.585,1.21));
#2005 = DIRECTION('',(-1.,0.,0.));
#2006 = DIRECTION('',(0.,0.,1.));
#2007 = ORIENTED_EDGE('',*,*,#2008,.F.);
#2008 = EDGE_CURVE('',#1920,#2000,#2009,.T.);
#2009 = LINE('',#2010,#2011);
#2010 = CARTESIAN_POINT('',(-1.,-0.585,1.25));
#2011 = VECTOR('',#2012,1.);
#2012 = DIRECTION('',(1.,0.,0.));
#2013 = ORIENTED_EDGE('',*,*,#1927,.F.);
#2014 = CYLINDRICAL_SURFACE('',#2015,4.E-02);
#2015 = AXIS2_PLACEMENT_3D('',#2016,#2017,#2018);
#2016 = CARTESIAN_POINT('',(-1.,-0.585,1.21));
#2017 = DIRECTION('',(1.,0.,0.));
#2018 = DIRECTION('',(0.,-1.,0.));
#2019 = ADVANCED_FACE('',(#2020),#2038,.F.);
#2020 = FACE_BOUND('',#2021,.F.);
#2021 = EDGE_LOOP('',(#2022,#2023,#2024,#2032));
#2022 = ORIENTED_EDGE('',*,*,#1885,.F.);
#2023 = ORIENTED_EDGE('',*,*,#1974,.T.);
#2024 = ORIENTED_EDGE('',*,*,#2025,.T.);
#2025 = EDGE_CURVE('',#1975,#2026,#2028,.T.);
#2026 = VERTEX_POINT('',#2027);
#2027 = CARTESIAN_POINT('',(-0.6,0.585,0.));
#2028 = LINE('',#2029,#2030);
#2029 = CARTESIAN_POINT('',(-0.6,-0.625,0.));
#2030 = VECTOR('',#2031,1.);
#2031 = DIRECTION('',(0.,1.,0.));
#2032 = ORIENTED_EDGE('',*,*,#2033,.F.);
#2033 = EDGE_CURVE('',#1886,#2026,#2034,.T.);
#2034 = LINE('',#2035,#2036);
#2035 = CARTESIAN_POINT('',(-1.,0.585,0.));
#2036 = VECTOR('',#2037,1.);
#2037 = DIRECTION('',(1.,0.,0.));
#2038 = PLANE('',#2039);
#2039 = AXIS2_PLACEMENT_3D('',#2040,#2041,#2042);
#2040 = CARTESIAN_POINT('',(-1.,-0.625,0.));
#2041 = DIRECTION('',(0.,0.,1.));
#2042 = DIRECTION('',(1.,0.,-0.));
#2043 = ADVANCED_FACE('',(#2044),#2062,.T.);
#2044 = FACE_BOUND('',#2045,.T.);
#2045 = EDGE_LOOP('',(#2046,#2047,#2048,#2056));
#2046 = ORIENTED_EDGE('',*,*,#1919,.F.);
#2047 = ORIENTED_EDGE('',*,*,#2008,.T.);
#2048 = ORIENTED_EDGE('',*,*,#2049,.T.);
#2049 = EDGE_CURVE('',#2000,#2050,#2052,.T.);
#2050 = VERTEX_POINT('',#2051);
#2051 = CARTESIAN_POINT('',(-0.6,0.585,1.25));
#2052 = LINE('',#2053,#2054);
#2053 = CARTESIAN_POINT('',(-0.6,-0.625,1.25));
#2054 = VECTOR('',#2055,1.);
#2055 = DIRECTION('',(0.,1.,0.));
#2056 = ORIENTED_EDGE('',*,*,#2057,.F.);
#2057 = EDGE_CURVE('',#1911,#2050,#2058,.T.);
#2058 = LINE('',#2059,#2060);
#2059 = CARTESIAN_POINT('',(-1.,0.585,1.25));
#2060 = VECTOR('',#2061,1.);
#2061 = DIRECTION('',(1.,0.,0.));
#2062 = PLANE('',#2063);
#2063 = AXIS2_PLACEMENT_3D('',#2064,#2065,#2066);
#2064 = CARTESIAN_POINT('',(-1.,-0.625,1.25));
#2065 = DIRECTION('',(0.,0.,1.));
#2066 = DIRECTION('',(1.,0.,-0.));
#2067 = ADVANCED_FACE('',(#2068),#2087,.T.);
#2068 = FACE_BOUND('',#2069,.T.);
#2069 = EDGE_LOOP('',(#2070,#2078,#2085,#2086));
#2070 = ORIENTED_EDGE('',*,*,#2071,.T.);
#2071 = EDGE_CURVE('',#1894,#2072,#2074,.T.);
#2072 = VERTEX_POINT('',#2073);
#2073 = CARTESIAN_POINT('',(-0.6,0.625,4.E-02));
#2074 = LINE('',#2075,#2076);
#2075 = CARTESIAN_POINT('',(-1.,0.625,4.E-02));
#2076 = VECTOR('',#2077,1.);
#2077 = DIRECTION('',(1.,0.,0.));
#2078 = ORIENTED_EDGE('',*,*,#2079,.T.);
#2079 = EDGE_CURVE('',#2072,#2026,#2080,.T.);
#2080 = CIRCLE('',#2081,4.E-02);
#2081 = AXIS2_PLACEMENT_3D('',#2082,#2083,#2084);
#2082 = CARTESIAN_POINT('',(-0.6,0.585,4.E-02));
#2083 = DIRECTION('',(-1.,0.,0.));
#2084 = DIRECTION('',(0.,0.,1.));
#2085 = ORIENTED_EDGE('',*,*,#2033,.F.);
#2086 = ORIENTED_EDGE('',*,*,#1893,.F.);
#2087 = CYLINDRICAL_SURFACE('',#2088,4.E-02);
#2088 = AXIS2_PLACEMENT_3D('',#2089,#2090,#2091);
#2089 = CARTESIAN_POINT('',(-1.,0.585,4.E-02));
#2090 = DIRECTION('',(1.,0.,0.));
#2091 = DIRECTION('',(-0.,1.,0.));
#2092 = ADVANCED_FACE('',(#2093),#2112,.T.);
#2093 = FACE_BOUND('',#2094,.T.);
#2094 = EDGE_LOOP('',(#2095,#2096,#2097,#2106));
#2095 = ORIENTED_EDGE('',*,*,#1910,.T.);
#2096 = ORIENTED_EDGE('',*,*,#2057,.T.);
#2097 = ORIENTED_EDGE('',*,*,#2098,.F.);
#2098 = EDGE_CURVE('',#2099,#2050,#2101,.T.);
#2099 = VERTEX_POINT('',#2100);
#2100 = CARTESIAN_POINT('',(-0.6,0.625,1.21));
#2101 = CIRCLE('',#2102,4.E-02);
#2102 = AXIS2_PLACEMENT_3D('',#2103,#2104,#2105);
#2103 = CARTESIAN_POINT('',(-0.6,0.585,1.21));
#2104 = DIRECTION('',(1.,0.,-0.));
#2105 = DIRECTION('',(0.,0.,1.));
#2106 = ORIENTED_EDGE('',*,*,#2107,.F.);
#2107 = EDGE_CURVE('',#1903,#2099,#2108,.T.);
#2108 = LINE('',#2109,#2110);
#2109 = CARTESIAN_POINT('',(-1.,0.625,1.21));
#2110 = VECTOR('',#2111,1.);
#2111 = DIRECTION('',(1.,0.,0.));
#2112 = CYLINDRICAL_SURFACE('',#2113,4.E-02);
#2113 = AXIS2_PLACEMENT_3D('',#2114,#2115,#2116);
#2114 = CARTESIAN_POINT('',(-1.,0.585,1.21));
#2115 = DIRECTION('',(1.,0.,0.));
#2116 = DIRECTION('',(-0.,1.,0.));
#2117 = ADVANCED_FACE('',(#2118),#2129,.T.);
#2118 = FACE_BOUND('',#2119,.T.);
#2119 = EDGE_LOOP('',(#2120,#2126,#2127,#2128));
#2120 = ORIENTED_EDGE('',*,*,#2121,.F.);
#2121 = EDGE_CURVE('',#2072,#2099,#2122,.T.);
#2122 = LINE('',#2123,#2124);
#2123 = CARTESIAN_POINT('',(-0.6,0.625,0.));
#2124 = VECTOR('',#2125,1.);
#2125 = DIRECTION('',(0.,0.,1.));
#2126 = ORIENTED_EDGE('',*,*,#2071,.F.);
#2127 = ORIENTED_EDGE('',*,*,#1902,.T.);
#2128 = ORIENTED_EDGE('',*,*,#2107,.T.);
#2129 = PLANE('',#2130);
#2130 = AXIS2_PLACEMENT_3D('',#2131,#2132,#2133);
#2131 = CARTESIAN_POINT('',(-1.,0.625,0.));
#2132 = DIRECTION('',(0.,1.,0.));
#2133 = DIRECTION('',(0.,-0.,1.));
#2134 = ADVANCED_FACE('',(#2135,#2145),#2215,.T.);
#2135 = FACE_BOUND('',#2136,.T.);
#2136 = EDGE_LOOP('',(#2137,#2138,#2139,#2140,#2141,#2142,#2143,#2144));
#2137 = ORIENTED_EDGE('',*,*,#1942,.F.);
#2138 = ORIENTED_EDGE('',*,*,#1982,.T.);
#2139 = ORIENTED_EDGE('',*,*,#2025,.T.);
#2140 = ORIENTED_EDGE('',*,*,#2079,.F.);
#2141 = ORIENTED_EDGE('',*,*,#2121,.T.);
#2142 = ORIENTED_EDGE('',*,*,#2098,.T.);
#2143 = ORIENTED_EDGE('',*,*,#2049,.F.);
#2144 = ORIENTED_EDGE('',*,*,#1999,.F.);
#2145 = FACE_BOUND('',#2146,.T.);
#2146 = EDGE_LOOP('',(#2147,#2158,#2166,#2175,#2183,#2192,#2200,#2209));
#2147 = ORIENTED_EDGE('',*,*,#2148,.F.);
#2148 = EDGE_CURVE('',#2149,#2151,#2153,.T.);
#2149 = VERTEX_POINT('',#2150);
#2150 = CARTESIAN_POINT('',(-0.6,-0.585,8.E-02));
#2151 = VERTEX_POINT('',#2152);
#2152 = CARTESIAN_POINT('',(-0.6,-0.545,4.E-02));
#2153 = CIRCLE('',#2154,4.E-02);
#2154 = AXIS2_PLACEMENT_3D('',#2155,#2156,#2157);
#2155 = CARTESIAN_POINT('',(-0.6,-0.545,8.E-02));
#2156 = DIRECTION('',(1.,0.,-0.));
#2157 = DIRECTION('',(0.,0.,1.));
#2158 = ORIENTED_EDGE('',*,*,#2159,.T.);
#2159 = EDGE_CURVE('',#2149,#2160,#2162,.T.);
#2160 = VERTEX_POINT('',#2161);
#2161 = CARTESIAN_POINT('',(-0.6,-0.585,1.17));
#2162 = LINE('',#2163,#2164);
#2163 = CARTESIAN_POINT('',(-0.6,-0.585,4.E-02));
#2164 = VECTOR('',#2165,1.);
#2165 = DIRECTION('',(0.,0.,1.));
#2166 = ORIENTED_EDGE('',*,*,#2167,.T.);
#2167 = EDGE_CURVE('',#2160,#2168,#2170,.T.);
#2168 = VERTEX_POINT('',#2169);
#2169 = CARTESIAN_POINT('',(-0.6,-0.545,1.21));
#2170 = CIRCLE('',#2171,4.E-02);
#2171 = AXIS2_PLACEMENT_3D('',#2172,#2173,#2174);
#2172 = CARTESIAN_POINT('',(-0.6,-0.545,1.17));
#2173 = DIRECTION('',(-1.,0.,0.));
#2174 = DIRECTION('',(0.,0.,1.));
#2175 = ORIENTED_EDGE('',*,*,#2176,.T.);
#2176 = EDGE_CURVE('',#2168,#2177,#2179,.T.);
#2177 = VERTEX_POINT('',#2178);
#2178 = CARTESIAN_POINT('',(-0.6,0.545,1.21));
#2179 = LINE('',#2180,#2181);
#2180 = CARTESIAN_POINT('',(-0.6,-0.585,1.21));
#2181 = VECTOR('',#2182,1.);
#2182 = DIRECTION('',(0.,1.,0.));
#2183 = ORIENTED_EDGE('',*,*,#2184,.F.);
#2184 = EDGE_CURVE('',#2185,#2177,#2187,.T.);
#2185 = VERTEX_POINT('',#2186);
#2186 = CARTESIAN_POINT('',(-0.6,0.585,1.17));
#2187 = CIRCLE('',#2188,4.E-02);
#2188 = AXIS2_PLACEMENT_3D('',#2189,#2190,#2191);
#2189 = CARTESIAN_POINT('',(-0.6,0.545,1.17));
#2190 = DIRECTION('',(1.,0.,-0.));
#2191 = DIRECTION('',(0.,0.,1.));
#2192 = ORIENTED_EDGE('',*,*,#2193,.F.);
#2193 = EDGE_CURVE('',#2194,#2185,#2196,.T.);
#2194 = VERTEX_POINT('',#2195);
#2195 = CARTESIAN_POINT('',(-0.6,0.585,8.E-02));
#2196 = LINE('',#2197,#2198);
#2197 = CARTESIAN_POINT('',(-0.6,0.585,4.E-02));
#2198 = VECTOR('',#2199,1.);
#2199 = DIRECTION('',(0.,0.,1.));
#2200 = ORIENTED_EDGE('',*,*,#2201,.T.);
#2201 = EDGE_CURVE('',#2194,#2202,#2204,.T.);
#2202 = VERTEX_POINT('',#2203);
#2203 = CARTESIAN_POINT('',(-0.6,0.545,4.E-02));
#2204 = CIRCLE('',#2205,4.E-02);
#2205 = AXIS2_PLACEMENT_3D('',#2206,#2207,#2208);
#2206 = CARTESIAN_POINT('',(-0.6,0.545,8.E-02));
#2207 = DIRECTION('',(-1.,0.,0.));
#2208 = DIRECTION('',(0.,0.,1.));
#2209 = ORIENTED_EDGE('',*,*,#2210,.F.);
#2210 = EDGE_CURVE('',#2151,#2202,#2211,.T.);
#2211 = LINE('',#2212,#2213);
#2212 = CARTESIAN_POINT('',(-0.6,-0.585,4.E-02));
#2213 = VECTOR('',#2214,1.);
#2214 = DIRECTION('',(0.,1.,0.));
#2215 = PLANE('',#2216);
#2216 = AXIS2_PLACEMENT_3D('',#2217,#2218,#2219);
#2217 = CARTESIAN_POINT('',(-0.6,-0.625,0.));
#2218 = DIRECTION('',(1.,0.,0.));
#2219 = DIRECTION('',(0.,0.,1.));
#2220 = ADVANCED_FACE('',(#2221),#2247,.T.);
#2221 = FACE_BOUND('',#2222,.T.);
#2222 = EDGE_LOOP('',(#2223,#2224,#2232,#2241));
#2223 = ORIENTED_EDGE('',*,*,#2148,.T.);
#2224 = ORIENTED_EDGE('',*,*,#2225,.T.);
#2225 = EDGE_CURVE('',#2151,#2226,#2228,.T.);
#2226 = VERTEX_POINT('',#2227);
#2227 = CARTESIAN_POINT('',(0.6,-0.545,4.E-02));
#2228 = LINE('',#2229,#2230);
#2229 = CARTESIAN_POINT('',(-0.6,-0.545,4.E-02));
#2230 = VECTOR('',#2231,1.);
#2231 = DIRECTION('',(1.,0.,0.));
#2232 = ORIENTED_EDGE('',*,*,#2233,.F.);
#2233 = EDGE_CURVE('',#2234,#2226,#2236,.T.);
#2234 = VERTEX_POINT('',#2235);
#2235 = CARTESIAN_POINT('',(0.6,-0.585,8.E-02));
#2236 = CIRCLE('',#2237,4.E-02);
#2237 = AXIS2_PLACEMENT_3D('',#2238,#2239,#2240);
#2238 = CARTESIAN_POINT('',(0.6,-0.545,8.E-02));
#2239 = DIRECTION('',(1.,0.,-0.));
#2240 = DIRECTION('',(0.,0.,1.));
#2241 = ORIENTED_EDGE('',*,*,#2242,.F.);
#2242 = EDGE_CURVE('',#2149,#2234,#2243,.T.);
#2243 = LINE('',#2244,#2245);
#2244 = CARTESIAN_POINT('',(-0.6,-0.585,8.E-02));
#2245 = VECTOR('',#2246,1.);
#2246 = DIRECTION('',(1.,0.,0.));
#2247 = CYLINDRICAL_SURFACE('',#2248,4.E-02);
#2248 = AXIS2_PLACEMENT_3D('',#2249,#2250,#2251);
#2249 = CARTESIAN_POINT('',(-0.6,-0.545,8.E-02));
#2250 = DIRECTION('',(1.,0.,0.));
#2251 = DIRECTION('',(0.,-1.,0.));
#2252 = ADVANCED_FACE('',(#2253),#2271,.F.);
#2253 = FACE_BOUND('',#2254,.F.);
#2254 = EDGE_LOOP('',(#2255,#2256,#2257,#2265));
#2255 = ORIENTED_EDGE('',*,*,#2210,.F.);
#2256 = ORIENTED_EDGE('',*,*,#2225,.T.);
#2257 = ORIENTED_EDGE('',*,*,#2258,.T.);
#2258 = EDGE_CURVE('',#2226,#2259,#2261,.T.);
#2259 = VERTEX_POINT('',#2260);
#2260 = CARTESIAN_POINT('',(0.6,0.545,4.E-02));
#2261 = LINE('',#2262,#2263);
#2262 = CARTESIAN_POINT('',(0.6,-0.585,4.E-02));
#2263 = VECTOR('',#2264,1.);
#2264 = DIRECTION('',(0.,1.,0.));
#2265 = ORIENTED_EDGE('',*,*,#2266,.F.);
#2266 = EDGE_CURVE('',#2202,#2259,#2267,.T.);
#2267 = LINE('',#2268,#2269);
#2268 = CARTESIAN_POINT('',(-0.6,0.545,4.E-02));
#2269 = VECTOR('',#2270,1.);
#2270 = DIRECTION('',(1.,0.,0.));
#2271 = PLANE('',#2272);
#2272 = AXIS2_PLACEMENT_3D('',#2273,#2274,#2275);
#2273 = CARTESIAN_POINT('',(-0.6,-0.585,4.E-02));
#2274 = DIRECTION('',(0.,0.,1.));
#2275 = DIRECTION('',(1.,0.,-0.));
#2276 = ADVANCED_FACE('',(#2277),#2296,.T.);
#2277 = FACE_BOUND('',#2278,.T.);
#2278 = EDGE_LOOP('',(#2279,#2287,#2294,#2295));
#2279 = ORIENTED_EDGE('',*,*,#2280,.T.);
#2280 = EDGE_CURVE('',#2194,#2281,#2283,.T.);
#2281 = VERTEX_POINT('',#2282);
#2282 = CARTESIAN_POINT('',(0.6,0.585,8.E-02));
#2283 = LINE('',#2284,#2285);
#2284 = CARTESIAN_POINT('',(-0.6,0.585,8.E-02));
#2285 = VECTOR('',#2286,1.);
#2286 = DIRECTION('',(1.,0.,0.));
#2287 = ORIENTED_EDGE('',*,*,#2288,.T.);
#2288 = EDGE_CURVE('',#2281,#2259,#2289,.T.);
#2289 = CIRCLE('',#2290,4.E-02);
#2290 = AXIS2_PLACEMENT_3D('',#2291,#2292,#2293);
#2291 = CARTESIAN_POINT('',(0.6,0.545,8.E-02));
#2292 = DIRECTION('',(-1.,0.,0.));
#2293 = DIRECTION('',(0.,0.,1.));
#2294 = ORIENTED_EDGE('',*,*,#2266,.F.);
#2295 = ORIENTED_EDGE('',*,*,#2201,.F.);
#2296 = CYLINDRICAL_SURFACE('',#2297,4.E-02);
#2297 = AXIS2_PLACEMENT_3D('',#2298,#2299,#2300);
#2298 = CARTESIAN_POINT('',(-0.6,0.545,8.E-02));
#2299 = DIRECTION('',(1.,0.,0.));
#2300 = DIRECTION('',(-0.,1.,0.));
#2301 = ADVANCED_FACE('',(#2302),#2320,.T.);
#2302 = FACE_BOUND('',#2303,.T.);
#2303 = EDGE_LOOP('',(#2304,#2312,#2313,#2314));
#2304 = ORIENTED_EDGE('',*,*,#2305,.F.);
#2305 = EDGE_CURVE('',#2281,#2306,#2308,.T.);
#2306 = VERTEX_POINT('',#2307);
#2307 = CARTESIAN_POINT('',(0.6,0.585,1.17));
#2308 = LINE('',#2309,#2310);
#2309 = CARTESIAN_POINT('',(0.6,0.585,4.E-02));
#2310 = VECTOR('',#2311,1.);
#2311 = DIRECTION('',(0.,0.,1.));
#2312 = ORIENTED_EDGE('',*,*,#2280,.F.);
#2313 = ORIENTED_EDGE('',*,*,#2193,.T.);
#2314 = ORIENTED_EDGE('',*,*,#2315,.T.);
#2315 = EDGE_CURVE('',#2185,#2306,#2316,.T.);
#2316 = LINE('',#2317,#2318);
#2317 = CARTESIAN_POINT('',(-0.6,0.585,1.17));
#2318 = VECTOR('',#2319,1.);
#2319 = DIRECTION('',(1.,0.,0.));
#2320 = PLANE('',#2321);
#2321 = AXIS2_PLACEMENT_3D('',#2322,#2323,#2324);
#2322 = CARTESIAN_POINT('',(-0.6,0.585,4.E-02));
#2323 = DIRECTION('',(0.,1.,0.));
#2324 = DIRECTION('',(0.,-0.,1.));
#2325 = ADVANCED_FACE('',(#2326),#2345,.T.);
#2326 = FACE_BOUND('',#2327,.T.);
#2327 = EDGE_LOOP('',(#2328,#2329,#2337,#2344));
#2328 = ORIENTED_EDGE('',*,*,#2184,.T.);
#2329 = ORIENTED_EDGE('',*,*,#2330,.T.);
#2330 = EDGE_CURVE('',#2177,#2331,#2333,.T.);
#2331 = VERTEX_POINT('',#2332);
#2332 = CARTESIAN_POINT('',(0.6,0.545,1.21));
#2333 = LINE('',#2334,#2335);
#2334 = CARTESIAN_POINT('',(-0.6,0.545,1.21));
#2335 = VECTOR('',#2336,1.);
#2336 = DIRECTION('',(1.,0.,0.));
#2337 = ORIENTED_EDGE('',*,*,#2338,.F.);
#2338 = EDGE_CURVE('',#2306,#2331,#2339,.T.);
#2339 = CIRCLE('',#2340,4.E-02);
#2340 = AXIS2_PLACEMENT_3D('',#2341,#2342,#2343);
#2341 = CARTESIAN_POINT('',(0.6,0.545,1.17));
#2342 = DIRECTION('',(1.,0.,-0.));
#2343 = DIRECTION('',(0.,0.,1.));
#2344 = ORIENTED_EDGE('',*,*,#2315,.F.);
#2345 = CYLINDRICAL_SURFACE('',#2346,4.E-02);
#2346 = AXIS2_PLACEMENT_3D('',#2347,#2348,#2349);
#2347 = CARTESIAN_POINT('',(-0.6,0.545,1.17));
#2348 = DIRECTION('',(1.,0.,0.));
#2349 = DIRECTION('',(-0.,1.,0.));
#2350 = ADVANCED_FACE('',(#2351),#2369,.T.);
#2351 = FACE_BOUND('',#2352,.T.);
#2352 = EDGE_LOOP('',(#2353,#2354,#2362,#2368));
#2353 = ORIENTED_EDGE('',*,*,#2176,.F.);
#2354 = ORIENTED_EDGE('',*,*,#2355,.T.);
#2355 = EDGE_CURVE('',#2168,#2356,#2358,.T.);
#2356 = VERTEX_POINT('',#2357);
#2357 = CARTESIAN_POINT('',(0.6,-0.545,1.21));
#2358 = LINE('',#2359,#2360);
#2359 = CARTESIAN_POINT('',(-0.6,-0.545,1.21));
#2360 = VECTOR('',#2361,1.);
#2361 = DIRECTION('',(1.,0.,0.));
#2362 = ORIENTED_EDGE('',*,*,#2363,.T.);
#2363 = EDGE_CURVE('',#2356,#2331,#2364,.T.);
#2364 = LINE('',#2365,#2366);
#2365 = CARTESIAN_POINT('',(0.6,-0.585,1.21));
#2366 = VECTOR('',#2367,1.);
#2367 = DIRECTION('',(0.,1.,0.));
#2368 = ORIENTED_EDGE('',*,*,#2330,.F.);
#2369 = PLANE('',#2370);
#2370 = AXIS2_PLACEMENT_3D('',#2371,#2372,#2373);
#2371 = CARTESIAN_POINT('',(-0.6,-0.585,1.21));
#2372 = DIRECTION('',(0.,0.,1.));
#2373 = DIRECTION('',(1.,0.,-0.));
#2374 = ADVANCED_FACE('',(#2375),#2394,.T.);
#2375 = FACE_BOUND('',#2376,.T.);
#2376 = EDGE_LOOP('',(#2377,#2385,#2392,#2393));
#2377 = ORIENTED_EDGE('',*,*,#2378,.T.);
#2378 = EDGE_CURVE('',#2160,#2379,#2381,.T.);
#2379 = VERTEX_POINT('',#2380);
#2380 = CARTESIAN_POINT('',(0.6,-0.585,1.17));
#2381 = LINE('',#2382,#2383);
#2382 = CARTESIAN_POINT('',(-0.6,-0.585,1.17));
#2383 = VECTOR('',#2384,1.);
#2384 = DIRECTION('',(1.,0.,0.));
#2385 = ORIENTED_EDGE('',*,*,#2386,.T.);
#2386 = EDGE_CURVE('',#2379,#2356,#2387,.T.);
#2387 = CIRCLE('',#2388,4.E-02);
#2388 = AXIS2_PLACEMENT_3D('',#2389,#2390,#2391);
#2389 = CARTESIAN_POINT('',(0.6,-0.545,1.17));
#2390 = DIRECTION('',(-1.,0.,0.));
#2391 = DIRECTION('',(0.,0.,1.));
#2392 = ORIENTED_EDGE('',*,*,#2355,.F.);
#2393 = ORIENTED_EDGE('',*,*,#2167,.F.);
#2394 = CYLINDRICAL_SURFACE('',#2395,4.E-02);
#2395 = AXIS2_PLACEMENT_3D('',#2396,#2397,#2398);
#2396 = CARTESIAN_POINT('',(-0.6,-0.545,1.17));
#2397 = DIRECTION('',(1.,0.,0.));
#2398 = DIRECTION('',(0.,-1.,0.));
#2399 = ADVANCED_FACE('',(#2400),#2411,.F.);
#2400 = FACE_BOUND('',#2401,.F.);
#2401 = EDGE_LOOP('',(#2402,#2408,#2409,#2410));
#2402 = ORIENTED_EDGE('',*,*,#2403,.F.);
#2403 = EDGE_CURVE('',#2234,#2379,#2404,.T.);
#2404 = LINE('',#2405,#2406);
#2405 = CARTESIAN_POINT('',(0.6,-0.585,4.E-02));
#2406 = VECTOR('',#2407,1.);
#2407 = DIRECTION('',(0.,0.,1.));
#2408 = ORIENTED_EDGE('',*,*,#2242,.F.);
#2409 = ORIENTED_EDGE('',*,*,#2159,.T.);
#2410 = ORIENTED_EDGE('',*,*,#2378,.T.);
#2411 = PLANE('',#2412);
#2412 = AXIS2_PLACEMENT_3D('',#2413,#2414,#2415);
#2413 = CARTESIAN_POINT('',(-0.6,-0.585,4.E-02));
#2414 = DIRECTION('',(0.,1.,0.));
#2415 = DIRECTION('',(0.,-0.,1.));
#2416 = ADVANCED_FACE('',(#2417,#2487),#2497,.F.);
#2417 = FACE_BOUND('',#2418,.F.);
#2418 = EDGE_LOOP('',(#2419,#2429,#2438,#2446,#2455,#2463,#2472,#2480));
#2419 = ORIENTED_EDGE('',*,*,#2420,.F.);
#2420 = EDGE_CURVE('',#2421,#2423,#2425,.T.);
#2421 = VERTEX_POINT('',#2422);
#2422 = CARTESIAN_POINT('',(0.6,-0.625,4.E-02));
#2423 = VERTEX_POINT('',#2424);
#2424 = CARTESIAN_POINT('',(0.6,-0.625,1.21));
#2425 = LINE('',#2426,#2427);
#2426 = CARTESIAN_POINT('',(0.6,-0.625,0.));
#2427 = VECTOR('',#2428,1.);
#2428 = DIRECTION('',(0.,0.,1.));
#2429 = ORIENTED_EDGE('',*,*,#2430,.T.);
#2430 = EDGE_CURVE('',#2421,#2431,#2433,.T.);
#2431 = VERTEX_POINT('',#2432);
#2432 = CARTESIAN_POINT('',(0.6,-0.585,0.));
#2433 = CIRCLE('',#2434,4.E-02);
#2434 = AXIS2_PLACEMENT_3D('',#2435,#2436,#2437);
#2435 = CARTESIAN_POINT('',(0.6,-0.585,4.E-02));
#2436 = DIRECTION('',(1.,0.,-0.));
#2437 = DIRECTION('',(0.,0.,1.));
#2438 = ORIENTED_EDGE('',*,*,#2439,.T.);
#2439 = EDGE_CURVE('',#2431,#2440,#2442,.T.);
#2440 = VERTEX_POINT('',#2441);
#2441 = CARTESIAN_POINT('',(0.6,0.585,0.));
#2442 = LINE('',#2443,#2444);
#2443 = CARTESIAN_POINT('',(0.6,-0.625,0.));
#2444 = VECTOR('',#2445,1.);
#2445 = DIRECTION('',(0.,1.,0.));
#2446 = ORIENTED_EDGE('',*,*,#2447,.F.);
#2447 = EDGE_CURVE('',#2448,#2440,#2450,.T.);
#2448 = VERTEX_POINT('',#2449);
#2449 = CARTESIAN_POINT('',(0.6,0.625,4.E-02));
#2450 = CIRCLE('',#2451,4.E-02);
#2451 = AXIS2_PLACEMENT_3D('',#2452,#2453,#2454);
#2452 = CARTESIAN_POINT('',(0.6,0.585,4.E-02));
#2453 = DIRECTION('',(-1.,0.,0.));
#2454 = DIRECTION('',(0.,0.,1.));
#2455 = ORIENTED_EDGE('',*,*,#2456,.T.);
#2456 = EDGE_CURVE('',#2448,#2457,#2459,.T.);
#2457 = VERTEX_POINT('',#2458);
#2458 = CARTESIAN_POINT('',(0.6,0.625,1.21));
#2459 = LINE('',#2460,#2461);
#2460 = CARTESIAN_POINT('',(0.6,0.625,0.));
#2461 = VECTOR('',#2462,1.);
#2462 = DIRECTION('',(0.,0.,1.));
#2463 = ORIENTED_EDGE('',*,*,#2464,.T.);
#2464 = EDGE_CURVE('',#2457,#2465,#2467,.T.);
#2465 = VERTEX_POINT('',#2466);
#2466 = CARTESIAN_POINT('',(0.6,0.585,1.25));
#2467 = CIRCLE('',#2468,4.E-02);
#2468 = AXIS2_PLACEMENT_3D('',#2469,#2470,#2471);
#2469 = CARTESIAN_POINT('',(0.6,0.585,1.21));
#2470 = DIRECTION('',(1.,0.,-0.));
#2471 = DIRECTION('',(0.,0.,1.));
#2472 = ORIENTED_EDGE('',*,*,#2473,.F.);
#2473 = EDGE_CURVE('',#2474,#2465,#2476,.T.);
#2474 = VERTEX_POINT('',#2475);
#2475 = CARTESIAN_POINT('',(0.6,-0.585,1.25));
#2476 = LINE('',#2477,#2478);
#2477 = CARTESIAN_POINT('',(0.6,-0.625,1.25));
#2478 = VECTOR('',#2479,1.);
#2479 = DIRECTION('',(0.,1.,0.));
#2480 = ORIENTED_EDGE('',*,*,#2481,.F.);
#2481 = EDGE_CURVE('',#2423,#2474,#2482,.T.);
#2482 = CIRCLE('',#2483,4.E-02);
#2483 = AXIS2_PLACEMENT_3D('',#2484,#2485,#2486);
#2484 = CARTESIAN_POINT('',(0.6,-0.585,1.21));
#2485 = DIRECTION('',(-1.,0.,0.));
#2486 = DIRECTION('',(0.,0.,1.));
#2487 = FACE_BOUND('',#2488,.F.);
#2488 = EDGE_LOOP('',(#2489,#2490,#2491,#2492,#2493,#2494,#2495,#2496));
#2489 = ORIENTED_EDGE('',*,*,#2233,.F.);
#2490 = ORIENTED_EDGE('',*,*,#2403,.T.);
#2491 = ORIENTED_EDGE('',*,*,#2386,.T.);
#2492 = ORIENTED_EDGE('',*,*,#2363,.T.);
#2493 = ORIENTED_EDGE('',*,*,#2338,.F.);
#2494 = ORIENTED_EDGE('',*,*,#2305,.F.);
#2495 = ORIENTED_EDGE('',*,*,#2288,.T.);
#2496 = ORIENTED_EDGE('',*,*,#2258,.F.);
#2497 = PLANE('',#2498);
#2498 = AXIS2_PLACEMENT_3D('',#2499,#2500,#2501);
#2499 = CARTESIAN_POINT('',(0.6,-0.625,0.));
#2500 = DIRECTION('',(1.,0.,0.));
#2501 = DIRECTION('',(0.,0.,1.));
#2502 = ADVANCED_FACE('',(#2503),#2528,.F.);
#2503 = FACE_BOUND('',#2504,.F.);
#2504 = EDGE_LOOP('',(#2505,#2515,#2521,#2522));
#2505 = ORIENTED_EDGE('',*,*,#2506,.F.);
#2506 = EDGE_CURVE('',#2507,#2509,#2511,.T.);
#2507 = VERTEX_POINT('',#2508);
#2508 = CARTESIAN_POINT('',(1.,-0.625,4.E-02));
#2509 = VERTEX_POINT('',#2510);
#2510 = CARTESIAN_POINT('',(1.,-0.625,1.21));
#2511 = LINE('',#2512,#2513);
#2512 = CARTESIAN_POINT('',(1.,-0.625,0.));
#2513 = VECTOR('',#2514,1.);
#2514 = DIRECTION('',(0.,0.,1.));
#2515 = ORIENTED_EDGE('',*,*,#2516,.F.);
#2516 = EDGE_CURVE('',#2421,#2507,#2517,.T.);
#2517 = LINE('',#2518,#2519);
#2518 = CARTESIAN_POINT('',(0.6,-0.625,4.E-02));
#2519 = VECTOR('',#2520,1.);
#2520 = DIRECTION('',(1.,0.,0.));
#2521 = ORIENTED_EDGE('',*,*,#2420,.T.);
#2522 = ORIENTED_EDGE('',*,*,#2523,.T.);
#2523 = EDGE_CURVE('',#2423,#2509,#2524,.T.);
#2524 = LINE('',#2525,#2526);
#2525 = CARTESIAN_POINT('',(0.6,-0.625,1.21));
#2526 = VECTOR('',#2527,1.);
#2527 = DIRECTION('',(1.,0.,0.));
#2528 = PLANE('',#2529);
#2529 = AXIS2_PLACEMENT_3D('',#2530,#2531,#2532);
#2530 = CARTESIAN_POINT('',(0.6,-0.625,0.));
#2531 = DIRECTION('',(0.,1.,0.));
#2532 = DIRECTION('',(0.,-0.,1.));
#2533 = ADVANCED_FACE('',(#2534),#2553,.T.);
#2534 = FACE_BOUND('',#2535,.T.);
#2535 = EDGE_LOOP('',(#2536,#2537,#2545,#2552));
#2536 = ORIENTED_EDGE('',*,*,#2430,.T.);
#2537 = ORIENTED_EDGE('',*,*,#2538,.T.);
#2538 = EDGE_CURVE('',#2431,#2539,#2541,.T.);
#2539 = VERTEX_POINT('',#2540);
#2540 = CARTESIAN_POINT('',(1.,-0.585,0.));
#2541 = LINE('',#2542,#2543);
#2542 = CARTESIAN_POINT('',(0.6,-0.585,0.));
#2543 = VECTOR('',#2544,1.);
#2544 = DIRECTION('',(1.,0.,0.));
#2545 = ORIENTED_EDGE('',*,*,#2546,.F.);
#2546 = EDGE_CURVE('',#2507,#2539,#2547,.T.);
#2547 = CIRCLE('',#2548,4.E-02);
#2548 = AXIS2_PLACEMENT_3D('',#2549,#2550,#2551);
#2549 = CARTESIAN_POINT('',(1.,-0.585,4.E-02));
#2550 = DIRECTION('',(1.,0.,-0.));
#2551 = DIRECTION('',(0.,0.,1.));
#2552 = ORIENTED_EDGE('',*,*,#2516,.F.);
#2553 = CYLINDRICAL_SURFACE('',#2554,4.E-02);
#2554 = AXIS2_PLACEMENT_3D('',#2555,#2556,#2557);
#2555 = CARTESIAN_POINT('',(0.6,-0.585,4.E-02));
#2556 = DIRECTION('',(1.,0.,0.));
#2557 = DIRECTION('',(0.,-1.,0.));
#2558 = ADVANCED_FACE('',(#2559),#2578,.T.);
#2559 = FACE_BOUND('',#2560,.T.);
#2560 = EDGE_LOOP('',(#2561,#2562,#2571,#2577));
#2561 = ORIENTED_EDGE('',*,*,#2523,.T.);
#2562 = ORIENTED_EDGE('',*,*,#2563,.T.);
#2563 = EDGE_CURVE('',#2509,#2564,#2566,.T.);
#2564 = VERTEX_POINT('',#2565);
#2565 = CARTESIAN_POINT('',(1.,-0.585,1.25));
#2566 = CIRCLE('',#2567,4.E-02);
#2567 = AXIS2_PLACEMENT_3D('',#2568,#2569,#2570);
#2568 = CARTESIAN_POINT('',(1.,-0.585,1.21));
#2569 = DIRECTION('',(-1.,0.,0.));
#2570 = DIRECTION('',(0.,0.,1.));
#2571 = ORIENTED_EDGE('',*,*,#2572,.F.);
#2572 = EDGE_CURVE('',#2474,#2564,#2573,.T.);
#2573 = LINE('',#2574,#2575);
#2574 = CARTESIAN_POINT('',(0.6,-0.585,1.25));
#2575 = VECTOR('',#2576,1.);
#2576 = DIRECTION('',(1.,0.,0.));
#2577 = ORIENTED_EDGE('',*,*,#2481,.F.);
#2578 = CYLINDRICAL_SURFACE('',#2579,4.E-02);
#2579 = AXIS2_PLACEMENT_3D('',#2580,#2581,#2582);
#2580 = CARTESIAN_POINT('',(0.6,-0.585,1.21));
#2581 = DIRECTION('',(1.,0.,0.));
#2582 = DIRECTION('',(0.,-1.,0.));
#2583 = ADVANCED_FACE('',(#2584),#2602,.F.);
#2584 = FACE_BOUND('',#2585,.F.);
#2585 = EDGE_LOOP('',(#2586,#2587,#2588,#2596));
#2586 = ORIENTED_EDGE('',*,*,#2439,.F.);
#2587 = ORIENTED_EDGE('',*,*,#2538,.T.);
#2588 = ORIENTED_EDGE('',*,*,#2589,.T.);
#2589 = EDGE_CURVE('',#2539,#2590,#2592,.T.);
#2590 = VERTEX_POINT('',#2591);
#2591 = CARTESIAN_POINT('',(1.,0.585,0.));
#2592 = LINE('',#2593,#2594);
#2593 = CARTESIAN_POINT('',(1.,-0.625,0.));
#2594 = VECTOR('',#2595,1.);
#2595 = DIRECTION('',(0.,1.,0.));
#2596 = ORIENTED_EDGE('',*,*,#2597,.F.);
#2597 = EDGE_CURVE('',#2440,#2590,#2598,.T.);
#2598 = LINE('',#2599,#2600);
#2599 = CARTESIAN_POINT('',(0.6,0.585,0.));
#2600 = VECTOR('',#2601,1.);
#2601 = DIRECTION('',(1.,0.,0.));
#2602 = PLANE('',#2603);
#2603 = AXIS2_PLACEMENT_3D('',#2604,#2605,#2606);
#2604 = CARTESIAN_POINT('',(0.6,-0.625,0.));
#2605 = DIRECTION('',(0.,0.,1.));
#2606 = DIRECTION('',(1.,0.,-0.));
#2607 = ADVANCED_FACE('',(#2608),#2626,.T.);
#2608 = FACE_BOUND('',#2609,.T.);
#2609 = EDGE_LOOP('',(#2610,#2611,#2612,#2620));
#2610 = ORIENTED_EDGE('',*,*,#2473,.F.);
#2611 = ORIENTED_EDGE('',*,*,#2572,.T.);
#2612 = ORIENTED_EDGE('',*,*,#2613,.T.);
#2613 = EDGE_CURVE('',#2564,#2614,#2616,.T.);
#2614 = VERTEX_POINT('',#2615);
#2615 = CARTESIAN_POINT('',(1.,0.585,1.25));
#2616 = LINE('',#2617,#2618);
#2617 = CARTESIAN_POINT('',(1.,-0.625,1.25));
#2618 = VECTOR('',#2619,1.);
#2619 = DIRECTION('',(0.,1.,0.));
#2620 = ORIENTED_EDGE('',*,*,#2621,.F.);
#2621 = EDGE_CURVE('',#2465,#2614,#2622,.T.);
#2622 = LINE('',#2623,#2624);
#2623 = CARTESIAN_POINT('',(0.6,0.585,1.25));
#2624 = VECTOR('',#2625,1.);
#2625 = DIRECTION('',(1.,0.,0.));
#2626 = PLANE('',#2627);
#2627 = AXIS2_PLACEMENT_3D('',#2628,#2629,#2630);
#2628 = CARTESIAN_POINT('',(0.6,-0.625,1.25));
#2629 = DIRECTION('',(0.,0.,1.));
#2630 = DIRECTION('',(1.,0.,-0.));
#2631 = ADVANCED_FACE('',(#2632),#2651,.T.);
#2632 = FACE_BOUND('',#2633,.T.);
#2633 = EDGE_LOOP('',(#2634,#2642,#2649,#2650));
#2634 = ORIENTED_EDGE('',*,*,#2635,.T.);
#2635 = EDGE_CURVE('',#2448,#2636,#2638,.T.);
#2636 = VERTEX_POINT('',#2637);
#2637 = CARTESIAN_POINT('',(1.,0.625,4.E-02));
#2638 = LINE('',#2639,#2640);
#2639 = CARTESIAN_POINT('',(0.6,0.625,4.E-02));
#2640 = VECTOR('',#2641,1.);
#2641 = DIRECTION('',(1.,0.,0.));
#2642 = ORIENTED_EDGE('',*,*,#2643,.T.);
#2643 = EDGE_CURVE('',#2636,#2590,#2644,.T.);
#2644 = CIRCLE('',#2645,4.E-02);
#2645 = AXIS2_PLACEMENT_3D('',#2646,#2647,#2648);
#2646 = CARTESIAN_POINT('',(1.,0.585,4.E-02));
#2647 = DIRECTION('',(-1.,0.,0.));
#2648 = DIRECTION('',(0.,0.,1.));
#2649 = ORIENTED_EDGE('',*,*,#2597,.F.);
#2650 = ORIENTED_EDGE('',*,*,#2447,.F.);
#2651 = CYLINDRICAL_SURFACE('',#2652,4.E-02);
#2652 = AXIS2_PLACEMENT_3D('',#2653,#2654,#2655);
#2653 = CARTESIAN_POINT('',(0.6,0.585,4.E-02));
#2654 = DIRECTION('',(1.,0.,0.));
#2655 = DIRECTION('',(-0.,1.,0.));
#2656 = ADVANCED_FACE('',(#2657),#2676,.T.);
#2657 = FACE_BOUND('',#2658,.T.);
#2658 = EDGE_LOOP('',(#2659,#2660,#2661,#2670));
#2659 = ORIENTED_EDGE('',*,*,#2464,.T.);
#2660 = ORIENTED_EDGE('',*,*,#2621,.T.);
#2661 = ORIENTED_EDGE('',*,*,#2662,.F.);
#2662 = EDGE_CURVE('',#2663,#2614,#2665,.T.);
#2663 = VERTEX_POINT('',#2664);
#2664 = CARTESIAN_POINT('',(1.,0.625,1.21));
#2665 = CIRCLE('',#2666,4.E-02);
#2666 = AXIS2_PLACEMENT_3D('',#2667,#2668,#2669);
#2667 = CARTESIAN_POINT('',(1.,0.585,1.21));
#2668 = DIRECTION('',(1.,0.,-0.));
#2669 = DIRECTION('',(0.,0.,1.));
#2670 = ORIENTED_EDGE('',*,*,#2671,.F.);
#2671 = EDGE_CURVE('',#2457,#2663,#2672,.T.);
#2672 = LINE('',#2673,#2674);
#2673 = CARTESIAN_POINT('',(0.6,0.625,1.21));
#2674 = VECTOR('',#2675,1.);
#2675 = DIRECTION('',(1.,0.,0.));
#2676 = CYLINDRICAL_SURFACE('',#2677,4.E-02);
#2677 = AXIS2_PLACEMENT_3D('',#2678,#2679,#2680);
#2678 = CARTESIAN_POINT('',(0.6,0.585,1.21));
#2679 = DIRECTION('',(1.,0.,0.));
#2680 = DIRECTION('',(-0.,1.,0.));
#2681 = ADVANCED_FACE('',(#2682),#2693,.T.);
#2682 = FACE_BOUND('',#2683,.T.);
#2683 = EDGE_LOOP('',(#2684,#2690,#2691,#2692));
#2684 = ORIENTED_EDGE('',*,*,#2685,.F.);
#2685 = EDGE_CURVE('',#2636,#2663,#2686,.T.);
#2686 = LINE('',#2687,#2688);
#2687 = CARTESIAN_POINT('',(1.,0.625,0.));
#2688 = VECTOR('',#2689,1.);
#2689 = DIRECTION('',(0.,0.,1.));
#2690 = ORIENTED_EDGE('',*,*,#2635,.F.);
#2691 = ORIENTED_EDGE('',*,*,#2456,.T.);
#2692 = ORIENTED_EDGE('',*,*,#2671,.T.);
#2693 = PLANE('',#2694);
#2694 = AXIS2_PLACEMENT_3D('',#2695,#2696,#2697);
#2695 = CARTESIAN_POINT('',(0.6,0.625,0.));
#2696 = DIRECTION('',(0.,1.,0.));
#2697 = DIRECTION('',(0.,-0.,1.));
#2698 = ADVANCED_FACE('',(#2699),#2709,.T.);
#2699 = FACE_BOUND('',#2700,.T.);
#2700 = EDGE_LOOP('',(#2701,#2702,#2703,#2704,#2705,#2706,#2707,#2708));
#2701 = ORIENTED_EDGE('',*,*,#2506,.F.);
#2702 = ORIENTED_EDGE('',*,*,#2546,.T.);
#2703 = ORIENTED_EDGE('',*,*,#2589,.T.);
#2704 = ORIENTED_EDGE('',*,*,#2643,.F.);
#2705 = ORIENTED_EDGE('',*,*,#2685,.T.);
#2706 = ORIENTED_EDGE('',*,*,#2662,.T.);
#2707 = ORIENTED_EDGE('',*,*,#2613,.F.);
#2708 = ORIENTED_EDGE('',*,*,#2563,.F.);
#2709 = PLANE('',#2710);
#2710 = AXIS2_PLACEMENT_3D('',#2711,#2712,#2713);
#2711 = CARTESIAN_POINT('',(1.,-0.625,0.));
#2712 = DIRECTION('',(1.,0.,0.));
#2713 = DIRECTION('',(0.,0.,1.));
#2714 = ( GEOMETRIC_REPRESENTATION_CONTEXT(3) 
GLOBAL_UNCERTAINTY_ASSIGNED_CONTEXT((#2718)) 
GLOBAL_UNIT_ASSIGNED_CONTEXT((#2715,#2716,#2717)) REPRESENTATION_CONTEXT
('Context #1','3D Context with UNIT and UNCERTAINTY') );
#2715 = ( LENGTH_UNIT() NAMED_UNIT(*) SI_UNIT(.MILLI.,.METRE.) );
#2716 = ( NAMED_UNIT(*) PLANE_ANGLE_UNIT() SI_UNIT($,.RADIAN.) );
#2717 = ( NAMED_UNIT(*) SI_UNIT($,.STERADIAN.) SOLID_ANGLE_UNIT() );
#2718 = UNCERTAINTY_MEASURE_WITH_UNIT(LENGTH_MEASURE(1.E-07),#2715,
  'distance_accuracy_value','confusion accuracy');
#2719 = CONTEXT_DEPENDENT_SHAPE_REPRESENTATION(#2720,#2722);
#2720 = ( REPRESENTATION_RELATIONSHIP('','',#1859,#10) 
REPRESENTATION_RELATIONSHIP_WITH_TRANSFORMATION(#2721) 
SHAPE_REPRESENTATION_RELATIONSHIP() );
#2721 = ITEM_DEFINED_TRANSFORMATION('','',#11,#27);
#2722 = PRODUCT_DEFINITION_SHAPE('Placement','Placement of an item',
  #2723);
#2723 = NEXT_ASSEMBLY_USAGE_OCCURRENCE('4','C3','',#5,#1854,$);
#2724 = PRODUCT_RELATED_PRODUCT_CATEGORY('part',$,(#1856));
#2725 = CONTEXT_DEPENDENT_SHAPE_REPRESENTATION(#2726,#2728);
#2726 = ( REPRESENTATION_RELATIONSHIP('','',#1859,#10) 
REPRESENTATION_RELATIONSHIP_WITH_TRANSFORMATION(#2727) 
SHAPE_REPRESENTATION_RELATIONSHIP() );
#2727 = ITEM_DEFINED_TRANSFORMATION('','',#11,#31);
#2728 = PRODUCT_DEFINITION_SHAPE('Placement','Placement of an item',
  #2729);
#2729 = NEXT_ASSEMBLY_USAGE_OCCURRENCE('5','C2','',#5,#1854,$);
#2730 = CONTEXT_DEPENDENT_SHAPE_REPRESENTATION(#2731,#2733);
#2731 = ( REPRESENTATION_RELATIONSHIP('','',#1859,#10) 
REPRESENTATION_RELATIONSHIP_WITH_TRANSFORMATION(#2732) 
SHAPE_REPRESENTATION_RELATIONSHIP() );
#2732 = ITEM_DEFINED_TRANSFORMATION('','',#11,#35);
#2733 = PRODUCT_DEFINITION_SHAPE('Placement','Placement of an item',
  #2734);
#2734 = NEXT_ASSEMBLY_USAGE_OCCURRENCE('6','C1','',#5,#1854,$);
#2735 = SHAPE_DEFINITION_REPRESENTATION(#2736,#2742);
#2736 = PRODUCT_DEFINITION_SHAPE('','',#2737);
#2737 = PRODUCT_DEFINITION('design','',#2738,#2741);
#2738 = PRODUCT_DEFINITION_FORMATION('','',#2739);
#2739 = PRODUCT('sensor_unit_PCB','sensor_unit_PCB','',(#2740));
#2740 = PRODUCT_CONTEXT('',#2,'mechanical');
#2741 = PRODUCT_DEFINITION_CONTEXT('part definition',#2,'design');
#2742 = ADVANCED_BREP_SHAPE_REPRESENTATION('',(#11,#2743),#3072);
#2743 = MANIFOLD_SOLID_BREP('',#2744);
#2744 = CLOSED_SHELL('',(#2745,#2787,#2818,#2849,#2912,#2975,#2992,#3009
    ,#3026,#3043,#3055));
#2745 = ADVANCED_FACE('',(#2746),#2782,.T.);
#2746 = FACE_BOUND('',#2747,.T.);
#2747 = EDGE_LOOP('',(#2748,#2758,#2767,#2775));
#2748 = ORIENTED_EDGE('',*,*,#2749,.T.);
#2749 = EDGE_CURVE('',#2750,#2752,#2754,.T.);
#2750 = VERTEX_POINT('',#2751);
#2751 = CARTESIAN_POINT('',(162.75,-58.25,0.));
#2752 = VERTEX_POINT('',#2753);
#2753 = CARTESIAN_POINT('',(162.75,-58.25,1.51));
#2754 = LINE('',#2755,#2756);
#2755 = CARTESIAN_POINT('',(162.75,-58.25,0.));
#2756 = VECTOR('',#2757,1.);
#2757 = DIRECTION('',(0.,0.,1.));
#2758 = ORIENTED_EDGE('',*,*,#2759,.T.);
#2759 = EDGE_CURVE('',#2752,#2760,#2762,.T.);
#2760 = VERTEX_POINT('',#2761);
#2761 = CARTESIAN_POINT('',(164.75,-60.25,1.51));
#2762 = CIRCLE('',#2763,1.99999850585);
#2763 = AXIS2_PLACEMENT_3D('',#2764,#2765,#2766);
#2764 = CARTESIAN_POINT('',(162.75000149415,-60.24999850585,1.51));
#2765 = DIRECTION('',(0.,0.,-1.));
#2766 = DIRECTION('',(-7.470757349539E-07,1.,0.));
#2767 = ORIENTED_EDGE('',*,*,#2768,.F.);
#2768 = EDGE_CURVE('',#2769,#2760,#2771,.T.);
#2769 = VERTEX_POINT('',#2770);
#2770 = CARTESIAN_POINT('',(164.75,-60.25,0.));
#2771 = LINE('',#2772,#2773);
#2772 = CARTESIAN_POINT('',(164.75,-60.25,0.));
#2773 = VECTOR('',#2774,1.);
#2774 = DIRECTION('',(0.,0.,1.));
#2775 = ORIENTED_EDGE('',*,*,#2776,.F.);
#2776 = EDGE_CURVE('',#2750,#2769,#2777,.T.);
#2777 = CIRCLE('',#2778,1.99999850585);
#2778 = AXIS2_PLACEMENT_3D('',#2779,#2780,#2781);
#2779 = CARTESIAN_POINT('',(162.75000149415,-60.24999850585,0.));
#2780 = DIRECTION('',(0.,0.,-1.));
#2781 = DIRECTION('',(-7.470757349539E-07,1.,0.));
#2782 = CYLINDRICAL_SURFACE('',#2783,1.99999850585);
#2783 = AXIS2_PLACEMENT_3D('',#2784,#2785,#2786);
#2784 = CARTESIAN_POINT('',(162.75000149415,-60.24999850585,0.));
#2785 = DIRECTION('',(0.,0.,-1.));
#2786 = DIRECTION('',(-7.470757349539E-07,1.,0.));
#2787 = ADVANCED_FACE('',(#2788),#2813,.T.);
#2788 = FACE_BOUND('',#2789,.T.);
#2789 = EDGE_LOOP('',(#2790,#2800,#2806,#2807));
#2790 = ORIENTED_EDGE('',*,*,#2791,.T.);
#2791 = EDGE_CURVE('',#2792,#2794,#2796,.T.);
#2792 = VERTEX_POINT('',#2793);
#2793 = CARTESIAN_POINT('',(133.5,-58.25,0.));
#2794 = VERTEX_POINT('',#2795);
#2795 = CARTESIAN_POINT('',(133.5,-58.25,1.51));
#2796 = LINE('',#2797,#2798);
#2797 = CARTESIAN_POINT('',(133.5,-58.25,0.));
#2798 = VECTOR('',#2799,1.);
#2799 = DIRECTION('',(0.,0.,1.));
#2800 = ORIENTED_EDGE('',*,*,#2801,.T.);
#2801 = EDGE_CURVE('',#2794,#2752,#2802,.T.);
#2802 = LINE('',#2803,#2804);
#2803 = CARTESIAN_POINT('',(133.5,-58.25,1.51));
#2804 = VECTOR('',#2805,1.);
#2805 = DIRECTION('',(1.,0.,0.));
#2806 = ORIENTED_EDGE('',*,*,#2749,.F.);
#2807 = ORIENTED_EDGE('',*,*,#2808,.F.);
#2808 = EDGE_CURVE('',#2792,#2750,#2809,.T.);
#2809 = LINE('',#2810,#2811);
#2810 = CARTESIAN_POINT('',(133.5,-58.25,0.));
#2811 = VECTOR('',#2812,1.);
#2812 = DIRECTION('',(1.,0.,0.));
#2813 = PLANE('',#2814);
#2814 = AXIS2_PLACEMENT_3D('',#2815,#2816,#2817);
#2815 = CARTESIAN_POINT('',(133.5,-58.25,0.));
#2816 = DIRECTION('',(0.,1.,0.));
#2817 = DIRECTION('',(1.,0.,0.));
#2818 = ADVANCED_FACE('',(#2819),#2844,.T.);
#2819 = FACE_BOUND('',#2820,.T.);
#2820 = EDGE_LOOP('',(#2821,#2822,#2830,#2838));
#2821 = ORIENTED_EDGE('',*,*,#2768,.T.);
#2822 = ORIENTED_EDGE('',*,*,#2823,.T.);
#2823 = EDGE_CURVE('',#2760,#2824,#2826,.T.);
#2824 = VERTEX_POINT('',#2825);
#2825 = CARTESIAN_POINT('',(164.75,-89.75,1.51));
#2826 = LINE('',#2827,#2828);
#2827 = CARTESIAN_POINT('',(164.75,-60.25,1.51));
#2828 = VECTOR('',#2829,1.);
#2829 = DIRECTION('',(0.,-1.,0.));
#2830 = ORIENTED_EDGE('',*,*,#2831,.F.);
#2831 = EDGE_CURVE('',#2832,#2824,#2834,.T.);
#2832 = VERTEX_POINT('',#2833);
#2833 = CARTESIAN_POINT('',(164.75,-89.75,0.));
#2834 = LINE('',#2835,#2836);
#2835 = CARTESIAN_POINT('',(164.75,-89.75,0.));
#2836 = VECTOR('',#2837,1.);
#2837 = DIRECTION('',(0.,0.,1.));
#2838 = ORIENTED_EDGE('',*,*,#2839,.F.);
#2839 = EDGE_CURVE('',#2769,#2832,#2840,.T.);
#2840 = LINE('',#2841,#2842);
#2841 = CARTESIAN_POINT('',(164.75,-60.25,0.));
#2842 = VECTOR('',#2843,1.);
#2843 = DIRECTION('',(0.,-1.,0.));
#2844 = PLANE('',#2845);
#2845 = AXIS2_PLACEMENT_3D('',#2846,#2847,#2848);
#2846 = CARTESIAN_POINT('',(164.75,-60.25,0.));
#2847 = DIRECTION('',(1.,0.,-0.));
#2848 = DIRECTION('',(0.,-1.,0.));
#2849 = ADVANCED_FACE('',(#2850,#2896),#2907,.F.);
#2850 = FACE_BOUND('',#2851,.F.);
#2851 = EDGE_LOOP('',(#2852,#2853,#2854,#2863,#2871,#2880,#2888,#2895));
#2852 = ORIENTED_EDGE('',*,*,#2776,.F.);
#2853 = ORIENTED_EDGE('',*,*,#2808,.F.);
#2854 = ORIENTED_EDGE('',*,*,#2855,.F.);
#2855 = EDGE_CURVE('',#2856,#2792,#2858,.T.);
#2856 = VERTEX_POINT('',#2857);
#2857 = CARTESIAN_POINT('',(131.5,-60.25,0.));
#2858 = CIRCLE('',#2859,1.99999850585);
#2859 = AXIS2_PLACEMENT_3D('',#2860,#2861,#2862);
#2860 = CARTESIAN_POINT('',(133.49999850585,-60.24999850585,0.));
#2861 = DIRECTION('',(0.,0.,-1.));
#2862 = DIRECTION('',(-1.,-7.470757314012E-07,-0.));
#2863 = ORIENTED_EDGE('',*,*,#2864,.F.);
#2864 = EDGE_CURVE('',#2865,#2856,#2867,.T.);
#2865 = VERTEX_POINT('',#2866);
#2866 = CARTESIAN_POINT('',(131.5,-89.75,0.));
#2867 = LINE('',#2868,#2869);
#2868 = CARTESIAN_POINT('',(131.5,-89.75,0.));
#2869 = VECTOR('',#2870,1.);
#2870 = DIRECTION('',(0.,1.,0.));
#2871 = ORIENTED_EDGE('',*,*,#2872,.F.);
#2872 = EDGE_CURVE('',#2873,#2865,#2875,.T.);
#2873 = VERTEX_POINT('',#2874);
#2874 = CARTESIAN_POINT('',(133.5,-91.75,0.));
#2875 = CIRCLE('',#2876,1.99999850585);
#2876 = AXIS2_PLACEMENT_3D('',#2877,#2878,#2879);
#2877 = CARTESIAN_POINT('',(133.49999850585,-89.75000149415,0.));
#2878 = DIRECTION('',(0.,0.,-1.));
#2879 = DIRECTION('',(7.470757349539E-07,-1.,0.));
#2880 = ORIENTED_EDGE('',*,*,#2881,.F.);
#2881 = EDGE_CURVE('',#2882,#2873,#2884,.T.);
#2882 = VERTEX_POINT('',#2883);
#2883 = CARTESIAN_POINT('',(162.75,-91.75,0.));
#2884 = LINE('',#2885,#2886);
#2885 = CARTESIAN_POINT('',(162.75,-91.75,0.));
#2886 = VECTOR('',#2887,1.);
#2887 = DIRECTION('',(-1.,0.,0.));
#2888 = ORIENTED_EDGE('',*,*,#2889,.F.);
#2889 = EDGE_CURVE('',#2832,#2882,#2890,.T.);
#2890 = CIRCLE('',#2891,1.99999850585);
#2891 = AXIS2_PLACEMENT_3D('',#2892,#2893,#2894);
#2892 = CARTESIAN_POINT('',(162.75000149415,-89.75000149415,0.));
#2893 = DIRECTION('',(0.,0.,-1.));
#2894 = DIRECTION('',(1.,7.470757349539E-07,0.));
#2895 = ORIENTED_EDGE('',*,*,#2839,.F.);
#2896 = FACE_BOUND('',#2897,.F.);
#2897 = EDGE_LOOP('',(#2898));
#2898 = ORIENTED_EDGE('',*,*,#2899,.T.);
#2899 = EDGE_CURVE('',#2900,#2900,#2902,.T.);
#2900 = VERTEX_POINT('',#2901);
#2901 = CARTESIAN_POINT('',(134.79,-62.75,0.));
#2902 = CIRCLE('',#2903,0.25);
#2903 = AXIS2_PLACEMENT_3D('',#2904,#2905,#2906);
#2904 = CARTESIAN_POINT('',(134.79,-62.5,0.));
#2905 = DIRECTION('',(-0.,0.,-1.));
#2906 = DIRECTION('',(-0.,-1.,0.));
#2907 = PLANE('',#2908);
#2908 = AXIS2_PLACEMENT_3D('',#2909,#2910,#2911);
#2909 = CARTESIAN_POINT('',(0.,0.,0.));
#2910 = DIRECTION('',(0.,0.,1.));
#2911 = DIRECTION('',(1.,0.,-0.));
#2912 = ADVANCED_FACE('',(#2913,#2959),#2970,.T.);
#2913 = FACE_BOUND('',#2914,.T.);
#2914 = EDGE_LOOP('',(#2915,#2916,#2917,#2926,#2934,#2943,#2951,#2958));
#2915 = ORIENTED_EDGE('',*,*,#2759,.F.);
#2916 = ORIENTED_EDGE('',*,*,#2801,.F.);
#2917 = ORIENTED_EDGE('',*,*,#2918,.F.);
#2918 = EDGE_CURVE('',#2919,#2794,#2921,.T.);
#2919 = VERTEX_POINT('',#2920);
#2920 = CARTESIAN_POINT('',(131.5,-60.25,1.51));
#2921 = CIRCLE('',#2922,1.99999850585);
#2922 = AXIS2_PLACEMENT_3D('',#2923,#2924,#2925);
#2923 = CARTESIAN_POINT('',(133.49999850585,-60.24999850585,1.51));
#2924 = DIRECTION('',(0.,0.,-1.));
#2925 = DIRECTION('',(-1.,-7.470757314012E-07,-0.));
#2926 = ORIENTED_EDGE('',*,*,#2927,.F.);
#2927 = EDGE_CURVE('',#2928,#2919,#2930,.T.);
#2928 = VERTEX_POINT('',#2929);
#2929 = CARTESIAN_POINT('',(131.5,-89.75,1.51));
#2930 = LINE('',#2931,#2932);
#2931 = CARTESIAN_POINT('',(131.5,-89.75,1.51));
#2932 = VECTOR('',#2933,1.);
#2933 = DIRECTION('',(0.,1.,0.));
#2934 = ORIENTED_EDGE('',*,*,#2935,.F.);
#2935 = EDGE_CURVE('',#2936,#2928,#2938,.T.);
#2936 = VERTEX_POINT('',#2937);
#2937 = CARTESIAN_POINT('',(133.5,-91.75,1.51));
#2938 = CIRCLE('',#2939,1.99999850585);
#2939 = AXIS2_PLACEMENT_3D('',#2940,#2941,#2942);
#2940 = CARTESIAN_POINT('',(133.49999850585,-89.75000149415,1.51));
#2941 = DIRECTION('',(0.,0.,-1.));
#2942 = DIRECTION('',(7.470757349539E-07,-1.,0.));
#2943 = ORIENTED_EDGE('',*,*,#2944,.F.);
#2944 = EDGE_CURVE('',#2945,#2936,#2947,.T.);
#2945 = VERTEX_POINT('',#2946);
#2946 = CARTESIAN_POINT('',(162.75,-91.75,1.51));
#2947 = LINE('',#2948,#2949);
#2948 = CARTESIAN_POINT('',(162.75,-91.75,1.51));
#2949 = VECTOR('',#2950,1.);
#2950 = DIRECTION('',(-1.,0.,0.));
#2951 = ORIENTED_EDGE('',*,*,#2952,.F.);
#2952 = EDGE_CURVE('',#2824,#2945,#2953,.T.);
#2953 = CIRCLE('',#2954,1.99999850585);
#2954 = AXIS2_PLACEMENT_3D('',#2955,#2956,#2957);
#2955 = CARTESIAN_POINT('',(162.75000149415,-89.75000149415,1.51));
#2956 = DIRECTION('',(0.,0.,-1.));
#2957 = DIRECTION('',(1.,7.470757349539E-07,0.));
#2958 = ORIENTED_EDGE('',*,*,#2823,.F.);
#2959 = FACE_BOUND('',#2960,.T.);
#2960 = EDGE_LOOP('',(#2961));
#2961 = ORIENTED_EDGE('',*,*,#2962,.T.);
#2962 = EDGE_CURVE('',#2963,#2963,#2965,.T.);
#2963 = VERTEX_POINT('',#2964);
#2964 = CARTESIAN_POINT('',(134.79,-62.75,1.51));
#2965 = CIRCLE('',#2966,0.25);
#2966 = AXIS2_PLACEMENT_3D('',#2967,#2968,#2969);
#2967 = CARTESIAN_POINT('',(134.79,-62.5,1.51));
#2968 = DIRECTION('',(-0.,0.,-1.));
#2969 = DIRECTION('',(-0.,-1.,0.));
#2970 = PLANE('',#2971);
#2971 = AXIS2_PLACEMENT_3D('',#2972,#2973,#2974);
#2972 = CARTESIAN_POINT('',(0.,0.,1.51));
#2973 = DIRECTION('',(0.,0.,1.));
#2974 = DIRECTION('',(1.,0.,-0.));
#2975 = ADVANCED_FACE('',(#2976),#2987,.T.);
#2976 = FACE_BOUND('',#2977,.T.);
#2977 = EDGE_LOOP('',(#2978,#2984,#2985,#2986));
#2978 = ORIENTED_EDGE('',*,*,#2979,.T.);
#2979 = EDGE_CURVE('',#2856,#2919,#2980,.T.);
#2980 = LINE('',#2981,#2982);
#2981 = CARTESIAN_POINT('',(131.5,-60.25,0.));
#2982 = VECTOR('',#2983,1.);
#2983 = DIRECTION('',(0.,0.,1.));
#2984 = ORIENTED_EDGE('',*,*,#2918,.T.);
#2985 = ORIENTED_EDGE('',*,*,#2791,.F.);
#2986 = ORIENTED_EDGE('',*,*,#2855,.F.);
#2987 = CYLINDRICAL_SURFACE('',#2988,1.99999850585);
#2988 = AXIS2_PLACEMENT_3D('',#2989,#2990,#2991);
#2989 = CARTESIAN_POINT('',(133.49999850585,-60.24999850585,0.));
#2990 = DIRECTION('',(0.,0.,-1.));
#2991 = DIRECTION('',(-1.,-7.470757314012E-07,-0.));
#2992 = ADVANCED_FACE('',(#2993),#3004,.T.);
#2993 = FACE_BOUND('',#2994,.T.);
#2994 = EDGE_LOOP('',(#2995,#2996,#2997,#3003));
#2995 = ORIENTED_EDGE('',*,*,#2831,.T.);
#2996 = ORIENTED_EDGE('',*,*,#2952,.T.);
#2997 = ORIENTED_EDGE('',*,*,#2998,.F.);
#2998 = EDGE_CURVE('',#2882,#2945,#2999,.T.);
#2999 = LINE('',#3000,#3001);
#3000 = CARTESIAN_POINT('',(162.75,-91.75,0.));
#3001 = VECTOR('',#3002,1.);
#3002 = DIRECTION('',(0.,0.,1.));
#3003 = ORIENTED_EDGE('',*,*,#2889,.F.);
#3004 = CYLINDRICAL_SURFACE('',#3005,1.99999850585);
#3005 = AXIS2_PLACEMENT_3D('',#3006,#3007,#3008);
#3006 = CARTESIAN_POINT('',(162.75000149415,-89.75000149415,0.));
#3007 = DIRECTION('',(0.,0.,-1.));
#3008 = DIRECTION('',(1.,7.470757349539E-07,0.));
#3009 = ADVANCED_FACE('',(#3010),#3021,.T.);
#3010 = FACE_BOUND('',#3011,.T.);
#3011 = EDGE_LOOP('',(#3012,#3018,#3019,#3020));
#3012 = ORIENTED_EDGE('',*,*,#3013,.T.);
#3013 = EDGE_CURVE('',#2865,#2928,#3014,.T.);
#3014 = LINE('',#3015,#3016);
#3015 = CARTESIAN_POINT('',(131.5,-89.75,0.));
#3016 = VECTOR('',#3017,1.);
#3017 = DIRECTION('',(0.,0.,1.));
#3018 = ORIENTED_EDGE('',*,*,#2927,.T.);
#3019 = ORIENTED_EDGE('',*,*,#2979,.F.);
#3020 = ORIENTED_EDGE('',*,*,#2864,.F.);
#3021 = PLANE('',#3022);
#3022 = AXIS2_PLACEMENT_3D('',#3023,#3024,#3025);
#3023 = CARTESIAN_POINT('',(131.5,-89.75,0.));
#3024 = DIRECTION('',(-1.,0.,0.));
#3025 = DIRECTION('',(0.,1.,0.));
#3026 = ADVANCED_FACE('',(#3027),#3038,.T.);
#3027 = FACE_BOUND('',#3028,.T.);
#3028 = EDGE_LOOP('',(#3029,#3030,#3031,#3037));
#3029 = ORIENTED_EDGE('',*,*,#2998,.T.);
#3030 = ORIENTED_EDGE('',*,*,#2944,.T.);
#3031 = ORIENTED_EDGE('',*,*,#3032,.F.);
#3032 = EDGE_CURVE('',#2873,#2936,#3033,.T.);
#3033 = LINE('',#3034,#3035);
#3034 = CARTESIAN_POINT('',(133.5,-91.75,0.));
#3035 = VECTOR('',#3036,1.);
#3036 = DIRECTION('',(0.,0.,1.));
#3037 = ORIENTED_EDGE('',*,*,#2881,.F.);
#3038 = PLANE('',#3039);
#3039 = AXIS2_PLACEMENT_3D('',#3040,#3041,#3042);
#3040 = CARTESIAN_POINT('',(162.75,-91.75,0.));
#3041 = DIRECTION('',(0.,-1.,0.));
#3042 = DIRECTION('',(-1.,0.,0.));
#3043 = ADVANCED_FACE('',(#3044),#3050,.T.);
#3044 = FACE_BOUND('',#3045,.T.);
#3045 = EDGE_LOOP('',(#3046,#3047,#3048,#3049));
#3046 = ORIENTED_EDGE('',*,*,#3032,.T.);
#3047 = ORIENTED_EDGE('',*,*,#2935,.T.);
#3048 = ORIENTED_EDGE('',*,*,#3013,.F.);
#3049 = ORIENTED_EDGE('',*,*,#2872,.F.);
#3050 = CYLINDRICAL_SURFACE('',#3051,1.99999850585);
#3051 = AXIS2_PLACEMENT_3D('',#3052,#3053,#3054);
#3052 = CARTESIAN_POINT('',(133.49999850585,-89.75000149415,0.));
#3053 = DIRECTION('',(0.,0.,-1.));
#3054 = DIRECTION('',(7.470757349539E-07,-1.,0.));
#3055 = ADVANCED_FACE('',(#3056),#3067,.F.);
#3056 = FACE_BOUND('',#3057,.T.);
#3057 = EDGE_LOOP('',(#3058,#3059,#3065,#3066));
#3058 = ORIENTED_EDGE('',*,*,#2899,.T.);
#3059 = ORIENTED_EDGE('',*,*,#3060,.T.);
#3060 = EDGE_CURVE('',#2900,#2963,#3061,.T.);
#3061 = LINE('',#3062,#3063);
#3062 = CARTESIAN_POINT('',(134.79,-62.75,-4.6E-02));
#3063 = VECTOR('',#3064,1.);
#3064 = DIRECTION('',(0.,0.,1.));
#3065 = ORIENTED_EDGE('',*,*,#2962,.F.);
#3066 = ORIENTED_EDGE('',*,*,#3060,.F.);
#3067 = CYLINDRICAL_SURFACE('',#3068,0.25);
#3068 = AXIS2_PLACEMENT_3D('',#3069,#3070,#3071);
#3069 = CARTESIAN_POINT('',(134.79,-62.5,-4.6E-02));
#3070 = DIRECTION('',(-0.,-0.,-1.));
#3071 = DIRECTION('',(-0.,-1.,0.));
#3072 = ( GEOMETRIC_REPRESENTATION_CONTEXT(3) 
GLOBAL_UNCERTAINTY_ASSIGNED_CONTEXT((#3076)) 
GLOBAL_UNIT_ASSIGNED_CONTEXT((#3073,#3074,#3075)) REPRESENTATION_CONTEXT
('Context #1','3D Context with UNIT and UNCERTAINTY') );
#3073 = ( LENGTH_UNIT() NAMED_UNIT(*) SI_UNIT(.MILLI.,.METRE.) );
#3074 = ( NAMED_UNIT(*) PLANE_ANGLE_UNIT() SI_UNIT($,.RADIAN.) );
#3075 = ( NAMED_UNIT(*) SI_UNIT($,.STERADIAN.) SOLID_ANGLE_UNIT() );
#3076 = UNCERTAINTY_MEASURE_WITH_UNIT(LENGTH_MEASURE(1.E-07),#3073,
  'distance_accuracy_value','confusion accuracy');
#3077 = CONTEXT_DEPENDENT_SHAPE_REPRESENTATION(#3078,#3080);
#3078 = ( REPRESENTATION_RELATIONSHIP('','',#2742,#10) 
REPRESENTATION_RELATIONSHIP_WITH_TRANSFORMATION(#3079) 
SHAPE_REPRESENTATION_RELATIONSHIP() );
#3079 = ITEM_DEFINED_TRANSFORMATION('','',#11,#39);
#3080 = PRODUCT_DEFINITION_SHAPE('Placement','Placement of an item',
  #3081);
#3081 = NEXT_ASSEMBLY_USAGE_OCCURRENCE('7','=>[0:1:1:5]','',#5,#2737,$);
#3082 = PRODUCT_RELATED_PRODUCT_CATEGORY('part',$,(#2739));
#3083 = MECHANICAL_DESIGN_GEOMETRIC_PRESENTATION_REPRESENTATION('',(
    #3084,#3092,#3099,#3106,#3113,#3120,#3127,#3134,#3142,#3149,#3156,
    #3163,#3170,#3177,#3185,#3192,#3199,#3206,#3213,#3220,#3227,#3234,
    #3241,#3248,#3255,#3262),#1836);
#3084 = STYLED_ITEM('color',(#3085),#1048);
#3085 = PRESENTATION_STYLE_ASSIGNMENT((#3086));
#3086 = SURFACE_STYLE_USAGE(.BOTH.,#3087);
#3087 = SURFACE_SIDE_STYLE('',(#3088));
#3088 = SURFACE_STYLE_FILL_AREA(#3089);
#3089 = FILL_AREA_STYLE('',(#3090));
#3090 = FILL_AREA_STYLE_COLOUR('',#3091);
#3091 = COLOUR_RGB('',0.823999987314,0.819999987296,0.781000009244);
#3092 = STYLED_ITEM('color',(#3093),#1088);
#3093 = PRESENTATION_STYLE_ASSIGNMENT((#3094));
#3094 = SURFACE_STYLE_USAGE(.BOTH.,#3095);
#3095 = SURFACE_SIDE_STYLE('',(#3096));
#3096 = SURFACE_STYLE_FILL_AREA(#3097);
#3097 = FILL_AREA_STYLE('',(#3098));
#3098 = FILL_AREA_STYLE_COLOUR('',#3091);
#3099 = STYLED_ITEM('color',(#3100),#1171);
#3100 = PRESENTATION_STYLE_ASSIGNMENT((#3101));
#3101 = SURFACE_STYLE_USAGE(.BOTH.,#3102);
#3102 = SURFACE_SIDE_STYLE('',(#3103));
#3103 = SURFACE_STYLE_FILL_AREA(#3104);
#3104 = FILL_AREA_STYLE('',(#3105));
#3105 = FILL_AREA_STYLE_COLOUR('',#3091);
#3106 = STYLED_ITEM('color',(#3107),#1196);
#3107 = PRESENTATION_STYLE_ASSIGNMENT((#3108));
#3108 = SURFACE_STYLE_USAGE(.BOTH.,#3109);
#3109 = SURFACE_SIDE_STYLE('',(#3110));
#3110 = SURFACE_STYLE_FILL_AREA(#3111);
#3111 = FILL_AREA_STYLE('',(#3112));
#3112 = FILL_AREA_STYLE_COLOUR('',#3091);
#3113 = STYLED_ITEM('color',(#3114),#1221);
#3114 = PRESENTATION_STYLE_ASSIGNMENT((#3115));
#3115 = SURFACE_STYLE_USAGE(.BOTH.,#3116);
#3116 = SURFACE_SIDE_STYLE('',(#3117));
#3117 = SURFACE_STYLE_FILL_AREA(#3118);
#3118 = FILL_AREA_STYLE('',(#3119));
#3119 = FILL_AREA_STYLE_COLOUR('',#3091);
#3120 = STYLED_ITEM('color',(#3121),#1288);
#3121 = PRESENTATION_STYLE_ASSIGNMENT((#3122));
#3122 = SURFACE_STYLE_USAGE(.BOTH.,#3123);
#3123 = SURFACE_SIDE_STYLE('',(#3124));
#3124 = SURFACE_STYLE_FILL_AREA(#3125);
#3125 = FILL_AREA_STYLE('',(#3126));
#3126 = FILL_AREA_STYLE_COLOUR('',#3091);
#3127 = STYLED_ITEM('color',(#3128),#1305);
#3128 = PRESENTATION_STYLE_ASSIGNMENT((#3129));
#3129 = SURFACE_STYLE_USAGE(.BOTH.,#3130);
#3130 = SURFACE_SIDE_STYLE('',(#3131));
#3131 = SURFACE_STYLE_FILL_AREA(#3132);
#3132 = FILL_AREA_STYLE('',(#3133));
#3133 = FILL_AREA_STYLE_COLOUR('',#3091);
#3134 = STYLED_ITEM('color',(#3135),#1322);
#3135 = PRESENTATION_STYLE_ASSIGNMENT((#3136));
#3136 = SURFACE_STYLE_USAGE(.BOTH.,#3137);
#3137 = SURFACE_SIDE_STYLE('',(#3138));
#3138 = SURFACE_STYLE_FILL_AREA(#3139);
#3139 = FILL_AREA_STYLE('',(#3140));
#3140 = FILL_AREA_STYLE_COLOUR('',#3141);
#3141 = COLOUR_RGB('',0.894999966383,0.890999961016,0.813000030345);
#3142 = STYLED_ITEM('color',(#3143),#1371);
#3143 = PRESENTATION_STYLE_ASSIGNMENT((#3144));
#3144 = SURFACE_STYLE_USAGE(.BOTH.,#3145);
#3145 = SURFACE_SIDE_STYLE('',(#3146));
#3146 = SURFACE_STYLE_FILL_AREA(#3147);
#3147 = FILL_AREA_STYLE('',(#3148));
#3148 = FILL_AREA_STYLE_COLOUR('',#3091);
#3149 = STYLED_ITEM('color',(#3150),#1388);
#3150 = PRESENTATION_STYLE_ASSIGNMENT((#3151));
#3151 = SURFACE_STYLE_USAGE(.BOTH.,#3152);
#3152 = SURFACE_SIDE_STYLE('',(#3153));
#3153 = SURFACE_STYLE_FILL_AREA(#3154);
#3154 = FILL_AREA_STYLE('',(#3155));
#3155 = FILL_AREA_STYLE_COLOUR('',#3091);
#3156 = STYLED_ITEM('color',(#3157),#1405);
#3157 = PRESENTATION_STYLE_ASSIGNMENT((#3158));
#3158 = SURFACE_STYLE_USAGE(.BOTH.,#3159);
#3159 = SURFACE_SIDE_STYLE('',(#3160));
#3160 = SURFACE_STYLE_FILL_AREA(#3161);
#3161 = FILL_AREA_STYLE('',(#3162));
#3162 = FILL_AREA_STYLE_COLOUR('',#3141);
#3163 = STYLED_ITEM('color',(#3164),#1454);
#3164 = PRESENTATION_STYLE_ASSIGNMENT((#3165));
#3165 = SURFACE_STYLE_USAGE(.BOTH.,#3166);
#3166 = SURFACE_SIDE_STYLE('',(#3167));
#3167 = SURFACE_STYLE_FILL_AREA(#3168);
#3168 = FILL_AREA_STYLE('',(#3169));
#3169 = FILL_AREA_STYLE_COLOUR('',#3141);
#3170 = STYLED_ITEM('color',(#3171),#1471);
#3171 = PRESENTATION_STYLE_ASSIGNMENT((#3172));
#3172 = SURFACE_STYLE_USAGE(.BOTH.,#3173);
#3173 = SURFACE_SIDE_STYLE('',(#3174));
#3174 = SURFACE_STYLE_FILL_AREA(#3175);
#3175 = FILL_AREA_STYLE('',(#3176));
#3176 = FILL_AREA_STYLE_COLOUR('',#3091);
#3177 = STYLED_ITEM('color',(#3178),#1540);
#3178 = PRESENTATION_STYLE_ASSIGNMENT((#3179));
#3179 = SURFACE_STYLE_USAGE(.BOTH.,#3180);
#3180 = SURFACE_SIDE_STYLE('',(#3181));
#3181 = SURFACE_STYLE_FILL_AREA(#3182);
#3182 = FILL_AREA_STYLE('',(#3183));
#3183 = FILL_AREA_STYLE_COLOUR('',#3184);
#3184 = COLOUR_RGB('',8.200000279077E-02,8.600000121357E-02,
  9.399999706163E-02);
#3185 = STYLED_ITEM('color',(#3186),#1571);
#3186 = PRESENTATION_STYLE_ASSIGNMENT((#3187));
#3187 = SURFACE_STYLE_USAGE(.BOTH.,#3188);
#3188 = SURFACE_SIDE_STYLE('',(#3189));
#3189 = SURFACE_STYLE_FILL_AREA(#3190);
#3190 = FILL_AREA_STYLE('',(#3191));
#3191 = FILL_AREA_STYLE_COLOUR('',#3184);
#3192 = STYLED_ITEM('color',(#3193),#1595);
#3193 = PRESENTATION_STYLE_ASSIGNMENT((#3194));
#3194 = SURFACE_STYLE_USAGE(.BOTH.,#3195);
#3195 = SURFACE_SIDE_STYLE('',(#3196));
#3196 = SURFACE_STYLE_FILL_AREA(#3197);
#3197 = FILL_AREA_STYLE('',(#3198));
#3198 = FILL_AREA_STYLE_COLOUR('',#3091);
#3199 = STYLED_ITEM('color',(#3200),#1664);
#3200 = PRESENTATION_STYLE_ASSIGNMENT((#3201));
#3201 = SURFACE_STYLE_USAGE(.BOTH.,#3202);
#3202 = SURFACE_SIDE_STYLE('',(#3203));
#3203 = SURFACE_STYLE_FILL_AREA(#3204);
#3204 = FILL_AREA_STYLE('',(#3205));
#3205 = FILL_AREA_STYLE_COLOUR('',#3184);
#3206 = STYLED_ITEM('color',(#3207),#1688);
#3207 = PRESENTATION_STYLE_ASSIGNMENT((#3208));
#3208 = SURFACE_STYLE_USAGE(.BOTH.,#3209);
#3209 = SURFACE_SIDE_STYLE('',(#3210));
#3210 = SURFACE_STYLE_FILL_AREA(#3211);
#3211 = FILL_AREA_STYLE('',(#3212));
#3212 = FILL_AREA_STYLE_COLOUR('',#3091);
#3213 = STYLED_ITEM('color',(#3214),#1705);
#3214 = PRESENTATION_STYLE_ASSIGNMENT((#3215));
#3215 = SURFACE_STYLE_USAGE(.BOTH.,#3216);
#3216 = SURFACE_SIDE_STYLE('',(#3217));
#3217 = SURFACE_STYLE_FILL_AREA(#3218);
#3218 = FILL_AREA_STYLE('',(#3219));
#3219 = FILL_AREA_STYLE_COLOUR('',#3091);
#3220 = STYLED_ITEM('color',(#3221),#1722);
#3221 = PRESENTATION_STYLE_ASSIGNMENT((#3222));
#3222 = SURFACE_STYLE_USAGE(.BOTH.,#3223);
#3223 = SURFACE_SIDE_STYLE('',(#3224));
#3224 = SURFACE_STYLE_FILL_AREA(#3225);
#3225 = FILL_AREA_STYLE('',(#3226));
#3226 = FILL_AREA_STYLE_COLOUR('',#3091);
#3227 = STYLED_ITEM('color',(#3228),#1739);
#3228 = PRESENTATION_STYLE_ASSIGNMENT((#3229));
#3229 = SURFACE_STYLE_USAGE(.BOTH.,#3230);
#3230 = SURFACE_SIDE_STYLE('',(#3231));
#3231 = SURFACE_STYLE_FILL_AREA(#3232);
#3232 = FILL_AREA_STYLE('',(#3233));
#3233 = FILL_AREA_STYLE_COLOUR('',#3091);
#3234 = STYLED_ITEM('color',(#3235),#1756);
#3235 = PRESENTATION_STYLE_ASSIGNMENT((#3236));
#3236 = SURFACE_STYLE_USAGE(.BOTH.,#3237);
#3237 = SURFACE_SIDE_STYLE('',(#3238));
#3238 = SURFACE_STYLE_FILL_AREA(#3239);
#3239 = FILL_AREA_STYLE('',(#3240));
#3240 = FILL_AREA_STYLE_COLOUR('',#3091);
#3241 = STYLED_ITEM('color',(#3242),#1773);
#3242 = PRESENTATION_STYLE_ASSIGNMENT((#3243));
#3243 = SURFACE_STYLE_USAGE(.BOTH.,#3244);
#3244 = SURFACE_SIDE_STYLE('',(#3245));
#3245 = SURFACE_STYLE_FILL_AREA(#3246);
#3246 = FILL_AREA_STYLE('',(#3247));
#3247 = FILL_AREA_STYLE_COLOUR('',#3091);
#3248 = STYLED_ITEM('color',(#3249),#1790);
#3249 = PRESENTATION_STYLE_ASSIGNMENT((#3250));
#3250 = SURFACE_STYLE_USAGE(.BOTH.,#3251);
#3251 = SURFACE_SIDE_STYLE('',(#3252));
#3252 = SURFACE_STYLE_FILL_AREA(#3253);
#3253 = FILL_AREA_STYLE('',(#3254));
#3254 = FILL_AREA_STYLE_COLOUR('',#3091);
#3255 = STYLED_ITEM('color',(#3256),#1807);
#3256 = PRESENTATION_STYLE_ASSIGNMENT((#3257));
#3257 = SURFACE_STYLE_USAGE(.BOTH.,#3258);
#3258 = SURFACE_SIDE_STYLE('',(#3259));
#3259 = SURFACE_STYLE_FILL_AREA(#3260);
#3260 = FILL_AREA_STYLE('',(#3261));
#3261 = FILL_AREA_STYLE_COLOUR('',#3184);
#3262 = STYLED_ITEM('color',(#3263),#1824);
#3263 = PRESENTATION_STYLE_ASSIGNMENT((#3264));
#3264 = SURFACE_STYLE_USAGE(.BOTH.,#3265);
#3265 = SURFACE_SIDE_STYLE('',(#3266));
#3266 = SURFACE_STYLE_FILL_AREA(#3267);
#3267 = FILL_AREA_STYLE('',(#3268));
#3268 = FILL_AREA_STYLE_COLOUR('',#3184);
#3269 = MECHANICAL_DESIGN_GEOMETRIC_PRESENTATION_REPRESENTATION('',(
    #3270,#3281,#3289,#3296,#3303,#3310,#3317,#3324,#3331,#3340,#3348,
    #3355,#3362,#3369,#3376,#3383,#3390,#3397,#3404,#3411,#3418,#3425,
    #3432,#3439,#3446,#3453,#3460,#3467,#3474,#3481,#3488,#3495,#3502,
    #3509,#3516,#3523,#3530,#3537),#1027);
#3270 = STYLED_ITEM('color',(#3271),#57);
#3271 = PRESENTATION_STYLE_ASSIGNMENT((#3272,#3278));
#3272 = SURFACE_STYLE_USAGE(.BOTH.,#3273);
#3273 = SURFACE_SIDE_STYLE('',(#3274));
#3274 = SURFACE_STYLE_FILL_AREA(#3275);
#3275 = FILL_AREA_STYLE('',(#3276));
#3276 = FILL_AREA_STYLE_COLOUR('',#3277);
#3277 = COLOUR_RGB('',0.800000010877,0.800000010877,0.800000010877);
#3278 = CURVE_STYLE('',#3279,POSITIVE_LENGTH_MEASURE(0.1),#3280);
#3279 = DRAUGHTING_PRE_DEFINED_CURVE_FONT('continuous');
#3280 = COLOUR_RGB('',9.803921802644E-02,9.803921802644E-02,
  9.803921802644E-02);
#3281 = OVER_RIDING_STYLED_ITEM('overriding color',(#3282),#59,#3270);
#3282 = PRESENTATION_STYLE_ASSIGNMENT((#3283));
#3283 = SURFACE_STYLE_USAGE(.BOTH.,#3284);
#3284 = SURFACE_SIDE_STYLE('',(#3285));
#3285 = SURFACE_STYLE_FILL_AREA(#3286);
#3286 = FILL_AREA_STYLE('',(#3287));
#3287 = FILL_AREA_STYLE_COLOUR('',#3288);
#3288 = COLOUR_RGB('',0.1599999992,0.1599999992,0.1599999992);
#3289 = OVER_RIDING_STYLED_ITEM('overriding color',(#3290),#99,#3270);
#3290 = PRESENTATION_STYLE_ASSIGNMENT((#3291));
#3291 = SURFACE_STYLE_USAGE(.BOTH.,#3292);
#3292 = SURFACE_SIDE_STYLE('',(#3293));
#3293 = SURFACE_STYLE_FILL_AREA(#3294);
#3294 = FILL_AREA_STYLE('',(#3295));
#3295 = FILL_AREA_STYLE_COLOUR('',#3288);
#3296 = OVER_RIDING_STYLED_ITEM('overriding color',(#3297),#130,#3270);
#3297 = PRESENTATION_STYLE_ASSIGNMENT((#3298));
#3298 = SURFACE_STYLE_USAGE(.BOTH.,#3299);
#3299 = SURFACE_SIDE_STYLE('',(#3300));
#3300 = SURFACE_STYLE_FILL_AREA(#3301);
#3301 = FILL_AREA_STYLE('',(#3302));
#3302 = FILL_AREA_STYLE_COLOUR('',#3288);
#3303 = OVER_RIDING_STYLED_ITEM('overriding color',(#3304),#161,#3270);
#3304 = PRESENTATION_STYLE_ASSIGNMENT((#3305));
#3305 = SURFACE_STYLE_USAGE(.BOTH.,#3306);
#3306 = SURFACE_SIDE_STYLE('',(#3307));
#3307 = SURFACE_STYLE_FILL_AREA(#3308);
#3308 = FILL_AREA_STYLE('',(#3309));
#3309 = FILL_AREA_STYLE_COLOUR('',#3288);
#3310 = OVER_RIDING_STYLED_ITEM('overriding color',(#3311),#189,#3270);
#3311 = PRESENTATION_STYLE_ASSIGNMENT((#3312));
#3312 = SURFACE_STYLE_USAGE(.BOTH.,#3313);
#3313 = SURFACE_SIDE_STYLE('',(#3314));
#3314 = SURFACE_STYLE_FILL_AREA(#3315);
#3315 = FILL_AREA_STYLE('',(#3316));
#3316 = FILL_AREA_STYLE_COLOUR('',#3288);
#3317 = OVER_RIDING_STYLED_ITEM('overriding color',(#3318),#217,#3270);
#3318 = PRESENTATION_STYLE_ASSIGNMENT((#3319));
#3319 = SURFACE_STYLE_USAGE(.BOTH.,#3320);
#3320 = SURFACE_SIDE_STYLE('',(#3321));
#3321 = SURFACE_STYLE_FILL_AREA(#3322);
#3322 = FILL_AREA_STYLE('',(#3323));
#3323 = FILL_AREA_STYLE_COLOUR('',#3288);
#3324 = OVER_RIDING_STYLED_ITEM('overriding color',(#3325),#229,#3270);
#3325 = PRESENTATION_STYLE_ASSIGNMENT((#3326));
#3326 = SURFACE_STYLE_USAGE(.BOTH.,#3327);
#3327 = SURFACE_SIDE_STYLE('',(#3328));
#3328 = SURFACE_STYLE_FILL_AREA(#3329);
#3329 = FILL_AREA_STYLE('',(#3330));
#3330 = FILL_AREA_STYLE_COLOUR('',#3288);
#3331 = STYLED_ITEM('color',(#3332),#246);
#3332 = PRESENTATION_STYLE_ASSIGNMENT((#3333,#3338));
#3333 = SURFACE_STYLE_USAGE(.BOTH.,#3334);
#3334 = SURFACE_SIDE_STYLE('',(#3335));
#3335 = SURFACE_STYLE_FILL_AREA(#3336);
#3336 = FILL_AREA_STYLE('',(#3337));
#3337 = FILL_AREA_STYLE_COLOUR('',#3277);
#3338 = CURVE_STYLE('',#3339,POSITIVE_LENGTH_MEASURE(0.1),#3280);
#3339 = DRAUGHTING_PRE_DEFINED_CURVE_FONT('continuous');
#3340 = OVER_RIDING_STYLED_ITEM('overriding color',(#3341),#248,#3331);
#3341 = PRESENTATION_STYLE_ASSIGNMENT((#3342));
#3342 = SURFACE_STYLE_USAGE(.BOTH.,#3343);
#3343 = SURFACE_SIDE_STYLE('',(#3344));
#3344 = SURFACE_STYLE_FILL_AREA(#3345);
#3345 = FILL_AREA_STYLE('',(#3346));
#3346 = FILL_AREA_STYLE_COLOUR('',#3347);
#3347 = COLOUR_RGB('',0.372321987396,0.371574020205,0.373173001298);
#3348 = OVER_RIDING_STYLED_ITEM('overriding color',(#3349),#288,#3331);
#3349 = PRESENTATION_STYLE_ASSIGNMENT((#3350));
#3350 = SURFACE_STYLE_USAGE(.BOTH.,#3351);
#3351 = SURFACE_SIDE_STYLE('',(#3352));
#3352 = SURFACE_STYLE_FILL_AREA(#3353);
#3353 = FILL_AREA_STYLE('',(#3354));
#3354 = FILL_AREA_STYLE_COLOUR('',#3347);
#3355 = OVER_RIDING_STYLED_ITEM('overriding color',(#3356),#355,#3331);
#3356 = PRESENTATION_STYLE_ASSIGNMENT((#3357));
#3357 = SURFACE_STYLE_USAGE(.BOTH.,#3358);
#3358 = SURFACE_SIDE_STYLE('',(#3359));
#3359 = SURFACE_STYLE_FILL_AREA(#3360);
#3360 = FILL_AREA_STYLE('',(#3361));
#3361 = FILL_AREA_STYLE_COLOUR('',#3347);
#3362 = OVER_RIDING_STYLED_ITEM('overriding color',(#3363),#380,#3331);
#3363 = PRESENTATION_STYLE_ASSIGNMENT((#3364));
#3364 = SURFACE_STYLE_USAGE(.BOTH.,#3365);
#3365 = SURFACE_SIDE_STYLE('',(#3366));
#3366 = SURFACE_STYLE_FILL_AREA(#3367);
#3367 = FILL_AREA_STYLE('',(#3368));
#3368 = FILL_AREA_STYLE_COLOUR('',#3347);
#3369 = OVER_RIDING_STYLED_ITEM('overriding color',(#3370),#405,#3331);
#3370 = PRESENTATION_STYLE_ASSIGNMENT((#3371));
#3371 = SURFACE_STYLE_USAGE(.BOTH.,#3372);
#3372 = SURFACE_SIDE_STYLE('',(#3373));
#3373 = SURFACE_STYLE_FILL_AREA(#3374);
#3374 = FILL_AREA_STYLE('',(#3375));
#3375 = FILL_AREA_STYLE_COLOUR('',#3347);
#3376 = OVER_RIDING_STYLED_ITEM('overriding color',(#3377),#526,#3331);
#3377 = PRESENTATION_STYLE_ASSIGNMENT((#3378));
#3378 = SURFACE_STYLE_USAGE(.BOTH.,#3379);
#3379 = SURFACE_SIDE_STYLE('',(#3380));
#3380 = SURFACE_STYLE_FILL_AREA(#3381);
#3381 = FILL_AREA_STYLE('',(#3382));
#3382 = FILL_AREA_STYLE_COLOUR('',#3347);
#3383 = OVER_RIDING_STYLED_ITEM('overriding color',(#3384),#543,#3331);
#3384 = PRESENTATION_STYLE_ASSIGNMENT((#3385));
#3385 = SURFACE_STYLE_USAGE(.BOTH.,#3386);
#3386 = SURFACE_SIDE_STYLE('',(#3387));
#3387 = SURFACE_STYLE_FILL_AREA(#3388);
#3388 = FILL_AREA_STYLE('',(#3389));
#3389 = FILL_AREA_STYLE_COLOUR('',#3347);
#3390 = OVER_RIDING_STYLED_ITEM('overriding color',(#3391),#560,#3331);
#3391 = PRESENTATION_STYLE_ASSIGNMENT((#3392));
#3392 = SURFACE_STYLE_USAGE(.BOTH.,#3393);
#3393 = SURFACE_SIDE_STYLE('',(#3394));
#3394 = SURFACE_STYLE_FILL_AREA(#3395);
#3395 = FILL_AREA_STYLE('',(#3396));
#3396 = FILL_AREA_STYLE_COLOUR('',#3347);
#3397 = OVER_RIDING_STYLED_ITEM('overriding color',(#3398),#577,#3331);
#3398 = PRESENTATION_STYLE_ASSIGNMENT((#3399));
#3399 = SURFACE_STYLE_USAGE(.BOTH.,#3400);
#3400 = SURFACE_SIDE_STYLE('',(#3401));
#3401 = SURFACE_STYLE_FILL_AREA(#3402);
#3402 = FILL_AREA_STYLE('',(#3403));
#3403 = FILL_AREA_STYLE_COLOUR('',#3347);
#3404 = OVER_RIDING_STYLED_ITEM('overriding color',(#3405),#594,#3331);
#3405 = PRESENTATION_STYLE_ASSIGNMENT((#3406));
#3406 = SURFACE_STYLE_USAGE(.BOTH.,#3407);
#3407 = SURFACE_SIDE_STYLE('',(#3408));
#3408 = SURFACE_STYLE_FILL_AREA(#3409);
#3409 = FILL_AREA_STYLE('',(#3410));
#3410 = FILL_AREA_STYLE_COLOUR('',#3347);
#3411 = OVER_RIDING_STYLED_ITEM('overriding color',(#3412),#606,#3331);
#3412 = PRESENTATION_STYLE_ASSIGNMENT((#3413));
#3413 = SURFACE_STYLE_USAGE(.BOTH.,#3414);
#3414 = SURFACE_SIDE_STYLE('',(#3415));
#3415 = SURFACE_STYLE_FILL_AREA(#3416);
#3416 = FILL_AREA_STYLE('',(#3417));
#3417 = FILL_AREA_STYLE_COLOUR('',#3347);
#3418 = OVER_RIDING_STYLED_ITEM('overriding color',(#3419),#637,#3331);
#3419 = PRESENTATION_STYLE_ASSIGNMENT((#3420));
#3420 = SURFACE_STYLE_USAGE(.BOTH.,#3421);
#3421 = SURFACE_SIDE_STYLE('',(#3422));
#3422 = SURFACE_STYLE_FILL_AREA(#3423);
#3423 = FILL_AREA_STYLE('',(#3424));
#3424 = FILL_AREA_STYLE_COLOUR('',#3347);
#3425 = OVER_RIDING_STYLED_ITEM('overriding color',(#3426),#662,#3331);
#3426 = PRESENTATION_STYLE_ASSIGNMENT((#3427));
#3427 = SURFACE_STYLE_USAGE(.BOTH.,#3428);
#3428 = SURFACE_SIDE_STYLE('',(#3429));
#3429 = SURFACE_STYLE_FILL_AREA(#3430);
#3430 = FILL_AREA_STYLE('',(#3431));
#3431 = FILL_AREA_STYLE_COLOUR('',#3347);
#3432 = OVER_RIDING_STYLED_ITEM('overriding color',(#3433),#687,#3331);
#3433 = PRESENTATION_STYLE_ASSIGNMENT((#3434));
#3434 = SURFACE_STYLE_USAGE(.BOTH.,#3435);
#3435 = SURFACE_SIDE_STYLE('',(#3436));
#3436 = SURFACE_STYLE_FILL_AREA(#3437);
#3437 = FILL_AREA_STYLE('',(#3438));
#3438 = FILL_AREA_STYLE_COLOUR('',#3347);
#3439 = OVER_RIDING_STYLED_ITEM('overriding color',(#3440),#711,#3331);
#3440 = PRESENTATION_STYLE_ASSIGNMENT((#3441));
#3441 = SURFACE_STYLE_USAGE(.BOTH.,#3442);
#3442 = SURFACE_SIDE_STYLE('',(#3443));
#3443 = SURFACE_STYLE_FILL_AREA(#3444);
#3444 = FILL_AREA_STYLE('',(#3445));
#3445 = FILL_AREA_STYLE_COLOUR('',#3347);
#3446 = OVER_RIDING_STYLED_ITEM('overriding color',(#3447),#735,#3331);
#3447 = PRESENTATION_STYLE_ASSIGNMENT((#3448));
#3448 = SURFACE_STYLE_USAGE(.BOTH.,#3449);
#3449 = SURFACE_SIDE_STYLE('',(#3450));
#3450 = SURFACE_STYLE_FILL_AREA(#3451);
#3451 = FILL_AREA_STYLE('',(#3452));
#3452 = FILL_AREA_STYLE_COLOUR('',#3347);
#3453 = OVER_RIDING_STYLED_ITEM('overriding color',(#3454),#760,#3331);
#3454 = PRESENTATION_STYLE_ASSIGNMENT((#3455));
#3455 = SURFACE_STYLE_USAGE(.BOTH.,#3456);
#3456 = SURFACE_SIDE_STYLE('',(#3457));
#3457 = SURFACE_STYLE_FILL_AREA(#3458);
#3458 = FILL_AREA_STYLE('',(#3459));
#3459 = FILL_AREA_STYLE_COLOUR('',#3347);
#3460 = OVER_RIDING_STYLED_ITEM('overriding color',(#3461),#785,#3331);
#3461 = PRESENTATION_STYLE_ASSIGNMENT((#3462));
#3462 = SURFACE_STYLE_USAGE(.BOTH.,#3463);
#3463 = SURFACE_SIDE_STYLE('',(#3464));
#3464 = SURFACE_STYLE_FILL_AREA(#3465);
#3465 = FILL_AREA_STYLE('',(#3466));
#3466 = FILL_AREA_STYLE_COLOUR('',#3347);
#3467 = OVER_RIDING_STYLED_ITEM('overriding color',(#3468),#802,#3331);
#3468 = PRESENTATION_STYLE_ASSIGNMENT((#3469));
#3469 = SURFACE_STYLE_USAGE(.BOTH.,#3470);
#3470 = SURFACE_SIDE_STYLE('',(#3471));
#3471 = SURFACE_STYLE_FILL_AREA(#3472);
#3472 = FILL_AREA_STYLE('',(#3473));
#3473 = FILL_AREA_STYLE_COLOUR('',#3347);
#3474 = OVER_RIDING_STYLED_ITEM('overriding color',(#3475),#835,#3331);
#3475 = PRESENTATION_STYLE_ASSIGNMENT((#3476));
#3476 = SURFACE_STYLE_USAGE(.BOTH.,#3477);
#3477 = SURFACE_SIDE_STYLE('',(#3478));
#3478 = SURFACE_STYLE_FILL_AREA(#3479);
#3479 = FILL_AREA_STYLE('',(#3480));
#3480 = FILL_AREA_STYLE_COLOUR('',#3347);
#3481 = OVER_RIDING_STYLED_ITEM('overriding color',(#3482),#852,#3331);
#3482 = PRESENTATION_STYLE_ASSIGNMENT((#3483));
#3483 = SURFACE_STYLE_USAGE(.BOTH.,#3484);
#3484 = SURFACE_SIDE_STYLE('',(#3485));
#3485 = SURFACE_STYLE_FILL_AREA(#3486);
#3486 = FILL_AREA_STYLE('',(#3487));
#3487 = FILL_AREA_STYLE_COLOUR('',#3347);
#3488 = OVER_RIDING_STYLED_ITEM('overriding color',(#3489),#869,#3331);
#3489 = PRESENTATION_STYLE_ASSIGNMENT((#3490));
#3490 = SURFACE_STYLE_USAGE(.BOTH.,#3491);
#3491 = SURFACE_SIDE_STYLE('',(#3492));
#3492 = SURFACE_STYLE_FILL_AREA(#3493);
#3493 = FILL_AREA_STYLE('',(#3494));
#3494 = FILL_AREA_STYLE_COLOUR('',#3347);
#3495 = OVER_RIDING_STYLED_ITEM('overriding color',(#3496),#894,#3331);
#3496 = PRESENTATION_STYLE_ASSIGNMENT((#3497));
#3497 = SURFACE_STYLE_USAGE(.BOTH.,#3498);
#3498 = SURFACE_SIDE_STYLE('',(#3499));
#3499 = SURFACE_STYLE_FILL_AREA(#3500);
#3500 = FILL_AREA_STYLE('',(#3501));
#3501 = FILL_AREA_STYLE_COLOUR('',#3347);
#3502 = OVER_RIDING_STYLED_ITEM('overriding color',(#3503),#919,#3331);
#3503 = PRESENTATION_STYLE_ASSIGNMENT((#3504));
#3504 = SURFACE_STYLE_USAGE(.BOTH.,#3505);
#3505 = SURFACE_SIDE_STYLE('',(#3506));
#3506 = SURFACE_STYLE_FILL_AREA(#3507);
#3507 = FILL_AREA_STYLE('',(#3508));
#3508 = FILL_AREA_STYLE_COLOUR('',#3347);
#3509 = OVER_RIDING_STYLED_ITEM('overriding color',(#3510),#936,#3331);
#3510 = PRESENTATION_STYLE_ASSIGNMENT((#3511));
#3511 = SURFACE_STYLE_USAGE(.BOTH.,#3512);
#3512 = SURFACE_SIDE_STYLE('',(#3513));
#3513 = SURFACE_STYLE_FILL_AREA(#3514);
#3514 = FILL_AREA_STYLE('',(#3515));
#3515 = FILL_AREA_STYLE_COLOUR('',#3347);
#3516 = OVER_RIDING_STYLED_ITEM('overriding color',(#3517),#953,#3331);
#3517 = PRESENTATION_STYLE_ASSIGNMENT((#3518));
#3518 = SURFACE_STYLE_USAGE(.BOTH.,#3519);
#3519 = SURFACE_SIDE_STYLE('',(#3520));
#3520 = SURFACE_STYLE_FILL_AREA(#3521);
#3521 = FILL_AREA_STYLE('',(#3522));
#3522 = FILL_AREA_STYLE_COLOUR('',#3347);
#3523 = OVER_RIDING_STYLED_ITEM('overriding color',(#3524),#970,#3331);
#3524 = PRESENTATION_STYLE_ASSIGNMENT((#3525));
#3525 = SURFACE_STYLE_USAGE(.BOTH.,#3526);
#3526 = SURFACE_SIDE_STYLE('',(#3527));
#3527 = SURFACE_STYLE_FILL_AREA(#3528);
#3528 = FILL_AREA_STYLE('',(#3529));
#3529 = FILL_AREA_STYLE_COLOUR('',#3347);
#3530 = OVER_RIDING_STYLED_ITEM('overriding color',(#3531),#993,#3331);
#3531 = PRESENTATION_STYLE_ASSIGNMENT((#3532));
#3532 = SURFACE_STYLE_USAGE(.BOTH.,#3533);
#3533 = SURFACE_SIDE_STYLE('',(#3534));
#3534 = SURFACE_STYLE_FILL_AREA(#3535);
#3535 = FILL_AREA_STYLE('',(#3536));
#3536 = FILL_AREA_STYLE_COLOUR('',#3347);
#3537 = OVER_RIDING_STYLED_ITEM('overriding color',(#3538),#1018,#3331);
#3538 = PRESENTATION_STYLE_ASSIGNMENT((#3539));
#3539 = SURFACE_STYLE_USAGE(.BOTH.,#3540);
#3540 = SURFACE_SIDE_STYLE('',(#3541));
#3541 = SURFACE_STYLE_FILL_AREA(#3542);
#3542 = FILL_AREA_STYLE('',(#3543));
#3543 = FILL_AREA_STYLE_COLOUR('',#3544);
#3544 = COLOUR_RGB('',0.147999998088,0.144999993226,0.144999993226);
#3545 = MECHANICAL_DESIGN_GEOMETRIC_PRESENTATION_REPRESENTATION('',(
    #3546),#3072);
#3546 = STYLED_ITEM('color',(#3547),#2743);
#3547 = PRESENTATION_STYLE_ASSIGNMENT((#3548));
#3548 = SURFACE_STYLE_USAGE(.BOTH.,#3549);
#3549 = SURFACE_SIDE_STYLE('',(#3550));
#3550 = SURFACE_STYLE_FILL_AREA(#3551);
#3551 = FILL_AREA_STYLE('',(#3552));
#3552 = FILL_AREA_STYLE_COLOUR('',#3553);
#3553 = COLOUR_RGB('',0.313304153717,0.484529207832,0.410020903123);
#3554 = MECHANICAL_DESIGN_GEOMETRIC_PRESENTATION_REPRESENTATION('',(
    #3555,#3562,#3569,#3576,#3583,#3590,#3597,#3604,#3611,#3618,#3625,
    #3633,#3640,#3647,#3654,#3661,#3668,#3675,#3682,#3689,#3696,#3703,
    #3710,#3717,#3724,#3731,#3738,#3745),#2714);
#3555 = STYLED_ITEM('color',(#3556),#1862);
#3556 = PRESENTATION_STYLE_ASSIGNMENT((#3557));
#3557 = SURFACE_STYLE_USAGE(.BOTH.,#3558);
#3558 = SURFACE_SIDE_STYLE('',(#3559));
#3559 = SURFACE_STYLE_FILL_AREA(#3560);
#3560 = FILL_AREA_STYLE('',(#3561));
#3561 = FILL_AREA_STYLE_COLOUR('',#3091);
#3562 = STYLED_ITEM('color',(#3563),#1938);
#3563 = PRESENTATION_STYLE_ASSIGNMENT((#3564));
#3564 = SURFACE_STYLE_USAGE(.BOTH.,#3565);
#3565 = SURFACE_SIDE_STYLE('',(#3566));
#3566 = SURFACE_STYLE_FILL_AREA(#3567);
#3567 = FILL_AREA_STYLE('',(#3568));
#3568 = FILL_AREA_STYLE_COLOUR('',#3091);
#3569 = STYLED_ITEM('color',(#3570),#1969);
#3570 = PRESENTATION_STYLE_ASSIGNMENT((#3571));
#3571 = SURFACE_STYLE_USAGE(.BOTH.,#3572);
#3572 = SURFACE_SIDE_STYLE('',(#3573));
#3573 = SURFACE_STYLE_FILL_AREA(#3574);
#3574 = FILL_AREA_STYLE('',(#3575));
#3575 = FILL_AREA_STYLE_COLOUR('',#3091);
#3576 = STYLED_ITEM('color',(#3577),#1994);
#3577 = PRESENTATION_STYLE_ASSIGNMENT((#3578));
#3578 = SURFACE_STYLE_USAGE(.BOTH.,#3579);
#3579 = SURFACE_SIDE_STYLE('',(#3580));
#3580 = SURFACE_STYLE_FILL_AREA(#3581);
#3581 = FILL_AREA_STYLE('',(#3582));
#3582 = FILL_AREA_STYLE_COLOUR('',#3091);
#3583 = STYLED_ITEM('color',(#3584),#2019);
#3584 = PRESENTATION_STYLE_ASSIGNMENT((#3585));
#3585 = SURFACE_STYLE_USAGE(.BOTH.,#3586);
#3586 = SURFACE_SIDE_STYLE('',(#3587));
#3587 = SURFACE_STYLE_FILL_AREA(#3588);
#3588 = FILL_AREA_STYLE('',(#3589));
#3589 = FILL_AREA_STYLE_COLOUR('',#3091);
#3590 = STYLED_ITEM('color',(#3591),#2043);
#3591 = PRESENTATION_STYLE_ASSIGNMENT((#3592));
#3592 = SURFACE_STYLE_USAGE(.BOTH.,#3593);
#3593 = SURFACE_SIDE_STYLE('',(#3594));
#3594 = SURFACE_STYLE_FILL_AREA(#3595);
#3595 = FILL_AREA_STYLE('',(#3596));
#3596 = FILL_AREA_STYLE_COLOUR('',#3091);
#3597 = STYLED_ITEM('color',(#3598),#2067);
#3598 = PRESENTATION_STYLE_ASSIGNMENT((#3599));
#3599 = SURFACE_STYLE_USAGE(.BOTH.,#3600);
#3600 = SURFACE_SIDE_STYLE('',(#3601));
#3601 = SURFACE_STYLE_FILL_AREA(#3602);
#3602 = FILL_AREA_STYLE('',(#3603));
#3603 = FILL_AREA_STYLE_COLOUR('',#3091);
#3604 = STYLED_ITEM('color',(#3605),#2092);
#3605 = PRESENTATION_STYLE_ASSIGNMENT((#3606));
#3606 = SURFACE_STYLE_USAGE(.BOTH.,#3607);
#3607 = SURFACE_SIDE_STYLE('',(#3608));
#3608 = SURFACE_STYLE_FILL_AREA(#3609);
#3609 = FILL_AREA_STYLE('',(#3610));
#3610 = FILL_AREA_STYLE_COLOUR('',#3091);
#3611 = STYLED_ITEM('color',(#3612),#2117);
#3612 = PRESENTATION_STYLE_ASSIGNMENT((#3613));
#3613 = SURFACE_STYLE_USAGE(.BOTH.,#3614);
#3614 = SURFACE_SIDE_STYLE('',(#3615));
#3615 = SURFACE_STYLE_FILL_AREA(#3616);
#3616 = FILL_AREA_STYLE('',(#3617));
#3617 = FILL_AREA_STYLE_COLOUR('',#3091);
#3618 = STYLED_ITEM('color',(#3619),#2134);
#3619 = PRESENTATION_STYLE_ASSIGNMENT((#3620));
#3620 = SURFACE_STYLE_USAGE(.BOTH.,#3621);
#3621 = SURFACE_SIDE_STYLE('',(#3622));
#3622 = SURFACE_STYLE_FILL_AREA(#3623);
#3623 = FILL_AREA_STYLE('',(#3624));
#3624 = FILL_AREA_STYLE_COLOUR('',#3091);
#3625 = STYLED_ITEM('color',(#3626),#2220);
#3626 = PRESENTATION_STYLE_ASSIGNMENT((#3627));
#3627 = SURFACE_STYLE_USAGE(.BOTH.,#3628);
#3628 = SURFACE_SIDE_STYLE('',(#3629));
#3629 = SURFACE_STYLE_FILL_AREA(#3630);
#3630 = FILL_AREA_STYLE('',(#3631));
#3631 = FILL_AREA_STYLE_COLOUR('',#3632);
#3632 = COLOUR_RGB('',0.379000005575,0.270000008848,0.214999999939);
#3633 = STYLED_ITEM('color',(#3634),#2252);
#3634 = PRESENTATION_STYLE_ASSIGNMENT((#3635));
#3635 = SURFACE_STYLE_USAGE(.BOTH.,#3636);
#3636 = SURFACE_SIDE_STYLE('',(#3637));
#3637 = SURFACE_STYLE_FILL_AREA(#3638);
#3638 = FILL_AREA_STYLE('',(#3639));
#3639 = FILL_AREA_STYLE_COLOUR('',#3632);
#3640 = STYLED_ITEM('color',(#3641),#2276);
#3641 = PRESENTATION_STYLE_ASSIGNMENT((#3642));
#3642 = SURFACE_STYLE_USAGE(.BOTH.,#3643);
#3643 = SURFACE_SIDE_STYLE('',(#3644));
#3644 = SURFACE_STYLE_FILL_AREA(#3645);
#3645 = FILL_AREA_STYLE('',(#3646));
#3646 = FILL_AREA_STYLE_COLOUR('',#3632);
#3647 = STYLED_ITEM('color',(#3648),#2301);
#3648 = PRESENTATION_STYLE_ASSIGNMENT((#3649));
#3649 = SURFACE_STYLE_USAGE(.BOTH.,#3650);
#3650 = SURFACE_SIDE_STYLE('',(#3651));
#3651 = SURFACE_STYLE_FILL_AREA(#3652);
#3652 = FILL_AREA_STYLE('',(#3653));
#3653 = FILL_AREA_STYLE_COLOUR('',#3632);
#3654 = STYLED_ITEM('color',(#3655),#2325);
#3655 = PRESENTATION_STYLE_ASSIGNMENT((#3656));
#3656 = SURFACE_STYLE_USAGE(.BOTH.,#3657);
#3657 = SURFACE_SIDE_STYLE('',(#3658));
#3658 = SURFACE_STYLE_FILL_AREA(#3659);
#3659 = FILL_AREA_STYLE('',(#3660));
#3660 = FILL_AREA_STYLE_COLOUR('',#3632);
#3661 = STYLED_ITEM('color',(#3662),#2350);
#3662 = PRESENTATION_STYLE_ASSIGNMENT((#3663));
#3663 = SURFACE_STYLE_USAGE(.BOTH.,#3664);
#3664 = SURFACE_SIDE_STYLE('',(#3665));
#3665 = SURFACE_STYLE_FILL_AREA(#3666);
#3666 = FILL_AREA_STYLE('',(#3667));
#3667 = FILL_AREA_STYLE_COLOUR('',#3632);
#3668 = STYLED_ITEM('color',(#3669),#2374);
#3669 = PRESENTATION_STYLE_ASSIGNMENT((#3670));
#3670 = SURFACE_STYLE_USAGE(.BOTH.,#3671);
#3671 = SURFACE_SIDE_STYLE('',(#3672));
#3672 = SURFACE_STYLE_FILL_AREA(#3673);
#3673 = FILL_AREA_STYLE('',(#3674));
#3674 = FILL_AREA_STYLE_COLOUR('',#3632);
#3675 = STYLED_ITEM('color',(#3676),#2399);
#3676 = PRESENTATION_STYLE_ASSIGNMENT((#3677));
#3677 = SURFACE_STYLE_USAGE(.BOTH.,#3678);
#3678 = SURFACE_SIDE_STYLE('',(#3679));
#3679 = SURFACE_STYLE_FILL_AREA(#3680);
#3680 = FILL_AREA_STYLE('',(#3681));
#3681 = FILL_AREA_STYLE_COLOUR('',#3632);
#3682 = STYLED_ITEM('color',(#3683),#2416);
#3683 = PRESENTATION_STYLE_ASSIGNMENT((#3684));
#3684 = SURFACE_STYLE_USAGE(.BOTH.,#3685);
#3685 = SURFACE_SIDE_STYLE('',(#3686));
#3686 = SURFACE_STYLE_FILL_AREA(#3687);
#3687 = FILL_AREA_STYLE('',(#3688));
#3688 = FILL_AREA_STYLE_COLOUR('',#3091);
#3689 = STYLED_ITEM('color',(#3690),#2502);
#3690 = PRESENTATION_STYLE_ASSIGNMENT((#3691));
#3691 = SURFACE_STYLE_USAGE(.BOTH.,#3692);
#3692 = SURFACE_SIDE_STYLE('',(#3693));
#3693 = SURFACE_STYLE_FILL_AREA(#3694);
#3694 = FILL_AREA_STYLE('',(#3695));
#3695 = FILL_AREA_STYLE_COLOUR('',#3091);
#3696 = STYLED_ITEM('color',(#3697),#2533);
#3697 = PRESENTATION_STYLE_ASSIGNMENT((#3698));
#3698 = SURFACE_STYLE_USAGE(.BOTH.,#3699);
#3699 = SURFACE_SIDE_STYLE('',(#3700));
#3700 = SURFACE_STYLE_FILL_AREA(#3701);
#3701 = FILL_AREA_STYLE('',(#3702));
#3702 = FILL_AREA_STYLE_COLOUR('',#3091);
#3703 = STYLED_ITEM('color',(#3704),#2558);
#3704 = PRESENTATION_STYLE_ASSIGNMENT((#3705));
#3705 = SURFACE_STYLE_USAGE(.BOTH.,#3706);
#3706 = SURFACE_SIDE_STYLE('',(#3707));
#3707 = SURFACE_STYLE_FILL_AREA(#3708);
#3708 = FILL_AREA_STYLE('',(#3709));
#3709 = FILL_AREA_STYLE_COLOUR('',#3091);
#3710 = STYLED_ITEM('color',(#3711),#2583);
#3711 = PRESENTATION_STYLE_ASSIGNMENT((#3712));
#3712 = SURFACE_STYLE_USAGE(.BOTH.,#3713);
#3713 = SURFACE_SIDE_STYLE('',(#3714));
#3714 = SURFACE_STYLE_FILL_AREA(#3715);
#3715 = FILL_AREA_STYLE('',(#3716));
#3716 = FILL_AREA_STYLE_COLOUR('',#3091);
#3717 = STYLED_ITEM('color',(#3718),#2607);
#3718 = PRESENTATION_STYLE_ASSIGNMENT((#3719));
#3719 = SURFACE_STYLE_USAGE(.BOTH.,#3720);
#3720 = SURFACE_SIDE_STYLE('',(#3721));
#3721 = SURFACE_STYLE_FILL_AREA(#3722);
#3722 = FILL_AREA_STYLE('',(#3723));
#3723 = FILL_AREA_STYLE_COLOUR('',#3091);
#3724 = STYLED_ITEM('color',(#3725),#2631);
#3725 = PRESENTATION_STYLE_ASSIGNMENT((#3726));
#3726 = SURFACE_STYLE_USAGE(.BOTH.,#3727);
#3727 = SURFACE_SIDE_STYLE('',(#3728));
#3728 = SURFACE_STYLE_FILL_AREA(#3729);
#3729 = FILL_AREA_STYLE('',(#3730));
#3730 = FILL_AREA_STYLE_COLOUR('',#3091);
#3731 = STYLED_ITEM('color',(#3732),#2656);
#3732 = PRESENTATION_STYLE_ASSIGNMENT((#3733));
#3733 = SURFACE_STYLE_USAGE(.BOTH.,#3734);
#3734 = SURFACE_SIDE_STYLE('',(#3735));
#3735 = SURFACE_STYLE_FILL_AREA(#3736);
#3736 = FILL_AREA_STYLE('',(#3737));
#3737 = FILL_AREA_STYLE_COLOUR('',#3091);
#3738 = STYLED_ITEM('color',(#3739),#2681);
#3739 = PRESENTATION_STYLE_ASSIGNMENT((#3740));
#3740 = SURFACE_STYLE_USAGE(.BOTH.,#3741);
#3741 = SURFACE_SIDE_STYLE('',(#3742));
#3742 = SURFACE_STYLE_FILL_AREA(#3743);
#3743 = FILL_AREA_STYLE('',(#3744));
#3744 = FILL_AREA_STYLE_COLOUR('',#3091);
#3745 = STYLED_ITEM('color',(#3746),#2698);
#3746 = PRESENTATION_STYLE_ASSIGNMENT((#3747));
#3747 = SURFACE_STYLE_USAGE(.BOTH.,#3748);
#3748 = SURFACE_SIDE_STYLE('',(#3749));
#3749 = SURFACE_STYLE_FILL_AREA(#3750);
#3750 = FILL_AREA_STYLE('',(#3751));
#3751 = FILL_AREA_STYLE_COLOUR('',#3091);
ENDSEC;
END-ISO-10303-21;
